"Zone","URL","Sex","Cancer","Years","Counties","Places","AAIR","LCI","UCI","White_PopTot","White_AAIR","White_LCI","White_UCI","Black_PopTot","Black_AAIR","Black_LCI","Black_UCI","TotalPop","Pct100Pov","PctMinority","PctBlackNH","PctRural"
"B0004","https://nci-naaccr-zone-design.github.io/louisiana-2020/?address=B0004","Both","AllSite","05yrs","East Carroll, Union, Morehouse, West Carroll","Marion, Lake Providence, Farmerville, Bernice, Bastrop",492.024,467.423,516.625,202189,534.727,507.991,561.463,129062,454.558,431.831,477.286,70063,28.14,41.22,37.63,67.26
"B0004","https://nci-naaccr-zone-design.github.io/louisiana-2020/?address=B0004","Female","AllSite","05yrs","East Carroll, Union, Morehouse, West Carroll","Marion, Lake Providence, Farmerville, Bernice, Bastrop",449.257,426.794,471.72,102198,411.698,391.113,432.283,65366,427.192,405.832,448.552,70063,28.14,41.22,37.63,67.26
"B0004","https://nci-naaccr-zone-design.github.io/louisiana-2020/?address=B0004","Male","AllSite","05yrs","East Carroll, Union, Morehouse, West Carroll","Marion, Lake Providence, Farmerville, Bernice, Bastrop",535.838,509.046,562.629,99991,527.625,501.244,554.006,63696,581.019,551.968,610.07,70063,28.14,41.22,37.63,67.26
"B0004","https://nci-naaccr-zone-design.github.io/louisiana-2020/?address=B0004","Male","Prostate","05yrs","East Carroll, Union, Morehouse, West Carroll","Marion, Lake Providence, Farmerville, Bernice, Bastrop",183.843,174.65,193.035,99991,135.516,128.74,142.292,63696,169.151,160.693,177.609,70063,28.14,41.22,37.63,67.26
"B0004","https://nci-naaccr-zone-design.github.io/louisiana-2020/?address=B0004","Both","Lung","05yrs","East Carroll, Union, Morehouse, West Carroll","Marion, Lake Providence, Farmerville, Bernice, Bastrop",84.184,79.975,88.393,202189,49.661,47.178,52.144,129062,64.657,61.424,67.89,70063,28.14,41.22,37.63,67.26
"B0004","https://nci-naaccr-zone-design.github.io/louisiana-2020/?address=B0004","Female","Lung","05yrs","East Carroll, Union, Morehouse, West Carroll","Marion, Lake Providence, Farmerville, Bernice, Bastrop",67.324,63.958,70.691,102198,63.566,60.387,66.744,65366,69.424,65.953,72.895,70063,28.14,41.22,37.63,67.26
"B0004","https://nci-naaccr-zone-design.github.io/louisiana-2020/?address=B0004","Male","Lung","05yrs","East Carroll, Union, Morehouse, West Carroll","Marion, Lake Providence, Farmerville, Bernice, Bastrop",102.287,97.173,107.402,99991,54.573,51.845,57.302,63696,115.786,109.997,121.575,70063,28.14,41.22,37.63,67.26
"B0004","https://nci-naaccr-zone-design.github.io/louisiana-2020/?address=B0004","Female","Breast","05yrs","East Carroll, Union, Morehouse, West Carroll","Marion, Lake Providence, Farmerville, Bernice, Bastrop",118.039,112.137,123.941,102198,134.882,128.138,141.626,65366,104.654,99.421,109.887,70063,28.14,41.22,37.63,67.26
"B0004","https://nci-naaccr-zone-design.github.io/louisiana-2020/?address=B0004","Both","CRC","05yrs","East Carroll, Union, Morehouse, West Carroll","Marion, Lake Providence, Farmerville, Bernice, Bastrop",40.076,38.072,42.08,202189,59.071,56.118,62.025,129062,53.801,51.111,56.491,70063,28.14,41.22,37.63,67.26
"B0004","https://nci-naaccr-zone-design.github.io/louisiana-2020/?address=B0004","Female","CRC","05yrs","East Carroll, Union, Morehouse, West Carroll","Marion, Lake Providence, Farmerville, Bernice, Bastrop",41.72,39.634,43.806,102198,32.933,31.286,34.579,65366,43.885,41.69,46.079,70063,28.14,41.22,37.63,67.26
"B0004","https://nci-naaccr-zone-design.github.io/louisiana-2020/?address=B0004","Male","CRC","05yrs","East Carroll, Union, Morehouse, West Carroll","Marion, Lake Providence, Farmerville, Bernice, Bastrop",69.49,66.016,72.965,99991,68.949,65.501,72.396,63696,73.725,70.039,77.412,70063,28.14,41.22,37.63,67.26
"B0004","https://nci-naaccr-zone-design.github.io/louisiana-2020/?address=B0004","Both","Kidney","05yrs","East Carroll, Union, Morehouse, West Carroll","Marion, Lake Providence, Farmerville, Bernice, Bastrop",21.206,20.146,22.267,202189,19.684,18.699,20.668,129062,22.753,21.616,23.891,70063,28.14,41.22,37.63,67.26
"B0004","https://nci-naaccr-zone-design.github.io/louisiana-2020/?address=B0004","Female","Kidney","05yrs","East Carroll, Union, Morehouse, West Carroll","Marion, Lake Providence, Farmerville, Bernice, Bastrop",17.147,16.29,18.004,102198,14.697,13.963,15.432,65366,10.087,9.582,10.591,70063,28.14,41.22,37.63,67.26
"B0004","https://nci-naaccr-zone-design.github.io/louisiana-2020/?address=B0004","Male","Kidney","05yrs","East Carroll, Union, Morehouse, West Carroll","Marion, Lake Providence, Farmerville, Bernice, Bastrop",35.468,33.694,37.241,99991,28.955,27.508,30.403,63696,35.473,33.699,37.247,70063,28.14,41.22,37.63,67.26
"B0004","https://nci-naaccr-zone-design.github.io/louisiana-2020/?address=B0004","Both","NHL","05yrs","East Carroll, Union, Morehouse, West Carroll","Marion, Lake Providence, Farmerville, Bernice, Bastrop",17.452,16.579,18.324,202189,21.409,20.339,22.48,129062,15.738,14.952,16.525,70063,28.14,41.22,37.63,67.26
"B0004","https://nci-naaccr-zone-design.github.io/louisiana-2020/?address=B0004","Female","NHL","05yrs","East Carroll, Union, Morehouse, West Carroll","Marion, Lake Providence, Farmerville, Bernice, Bastrop",9.792,9.302,10.281,102198,18.92,17.974,19.866,65366,16.596,15.766,17.426,70063,28.14,41.22,37.63,67.26
"B0004","https://nci-naaccr-zone-design.github.io/louisiana-2020/?address=B0004","Male","NHL","05yrs","East Carroll, Union, Morehouse, West Carroll","Marion, Lake Providence, Farmerville, Bernice, Bastrop",15.653,14.871,16.436,99991,27.609,26.228,28.989,63696,15.683,14.899,16.467,70063,28.14,41.22,37.63,67.26
"B0004","https://nci-naaccr-zone-design.github.io/louisiana-2020/?address=B0004","Both","Urinary","05yrs","East Carroll, Union, Morehouse, West Carroll","Marion, Lake Providence, Farmerville, Bernice, Bastrop",24.016,22.815,25.217,202189,25.573,24.295,26.852,129062,18.901,17.956,19.846,70063,28.14,41.22,37.63,67.26
"B0004","https://nci-naaccr-zone-design.github.io/louisiana-2020/?address=B0004","Female","Urinary","05yrs","East Carroll, Union, Morehouse, West Carroll","Marion, Lake Providence, Farmerville, Bernice, Bastrop",10.573,10.045,11.102,102198,3.568,3.39,3.747,65366,6.622,6.291,6.954,70063,28.14,41.22,37.63,67.26
"B0004","https://nci-naaccr-zone-design.github.io/louisiana-2020/?address=B0004","Male","Urinary","05yrs","East Carroll, Union, Morehouse, West Carroll","Marion, Lake Providence, Farmerville, Bernice, Bastrop",37.27,35.407,39.134,99991,20.557,19.529,21.584,63696,46.663,44.33,48.996,70063,28.14,41.22,37.63,67.26
"B0004","https://nci-naaccr-zone-design.github.io/louisiana-2020/?address=B0004","Both","Mela","05yrs","East Carroll, Union, Morehouse, West Carroll","Marion, Lake Providence, Farmerville, Bernice, Bastrop",22.359,21.241,23.477,202189,3.766,3.578,3.954,129062,27.556,26.179,28.934,70063,28.14,41.22,37.63,67.26
"B0004","https://nci-naaccr-zone-design.github.io/louisiana-2020/?address=B0004","Female","Mela","05yrs","East Carroll, Union, Morehouse, West Carroll","Marion, Lake Providence, Farmerville, Bernice, Bastrop",21.051,19.998,22.103,102198,8.565,8.136,8.993,65366,22.004,20.904,23.104,70063,28.14,41.22,37.63,67.26
"B0004","https://nci-naaccr-zone-design.github.io/louisiana-2020/?address=B0004","Male","Mela","05yrs","East Carroll, Union, Morehouse, West Carroll","Marion, Lake Providence, Farmerville, Bernice, Bastrop",23.88,22.686,25.074,99991,29.048,27.596,30.5,63696,23.301,22.136,24.466,70063,28.14,41.22,37.63,67.26
"B0004","https://nci-naaccr-zone-design.github.io/louisiana-2020/?address=B0004","Both","Pancreas","05yrs","East Carroll, Union, Morehouse, West Carroll","Marion, Lake Providence, Farmerville, Bernice, Bastrop",11.383,10.814,11.952,202189,11.701,11.116,12.287,129062,12.599,11.969,13.229,70063,28.14,41.22,37.63,67.26
"B0004","https://nci-naaccr-zone-design.github.io/louisiana-2020/?address=B0004","Female","Pancreas","05yrs","East Carroll, Union, Morehouse, West Carroll","Marion, Lake Providence, Farmerville, Bernice, Bastrop",10.492,9.968,11.017,102198,15.719,14.933,16.505,65366,12.943,12.296,13.591,70063,28.14,41.22,37.63,67.26
"B0004","https://nci-naaccr-zone-design.github.io/louisiana-2020/?address=B0004","Male","Pancreas","05yrs","East Carroll, Union, Morehouse, West Carroll","Marion, Lake Providence, Farmerville, Bernice, Bastrop",17.067,16.214,17.92,99991,12.893,12.248,13.538,63696,12.999,12.349,13.649,70063,28.14,41.22,37.63,67.26
"B0004","https://nci-naaccr-zone-design.github.io/louisiana-2020/?address=B0004","Both","Leuks","05yrs","East Carroll, Union, Morehouse, West Carroll","Marion, Lake Providence, Farmerville, Bernice, Bastrop",15.595,14.815,16.375,202189,10.167,9.658,10.675,129062,14.721,13.985,15.457,70063,28.14,41.22,37.63,67.26
"B0004","https://nci-naaccr-zone-design.github.io/louisiana-2020/?address=B0004","Female","Leuks","05yrs","East Carroll, Union, Morehouse, West Carroll","Marion, Lake Providence, Farmerville, Bernice, Bastrop",12.275,11.661,12.888,102198,7.34,6.973,7.707,65366,7.133,6.776,7.49,70063,28.14,41.22,37.63,67.26
"B0004","https://nci-naaccr-zone-design.github.io/louisiana-2020/?address=B0004","Male","Leuks","05yrs","East Carroll, Union, Morehouse, West Carroll","Marion, Lake Providence, Farmerville, Bernice, Bastrop",18.613,17.682,19.543,99991,17.173,16.314,18.032,63696,15.776,14.987,16.564,70063,28.14,41.22,37.63,67.26
"B0004","https://nci-naaccr-zone-design.github.io/louisiana-2020/?address=B0004","Both","Oral","05yrs","East Carroll, Union, Morehouse, West Carroll","Marion, Lake Providence, Farmerville, Bernice, Bastrop",7.272,6.908,7.635,202189,10.225,9.713,10.736,129062,6.99,6.64,7.339,70063,28.14,41.22,37.63,67.26
"B0004","https://nci-naaccr-zone-design.github.io/louisiana-2020/?address=B0004","Female","Oral","05yrs","East Carroll, Union, Morehouse, West Carroll","Marion, Lake Providence, Farmerville, Bernice, Bastrop",5.341,5.074,5.608,102198,5.692,5.407,5.976,65366,6.259,5.946,6.572,70063,28.14,41.22,37.63,67.26
"B0004","https://nci-naaccr-zone-design.github.io/louisiana-2020/?address=B0004","Male","Oral","05yrs","East Carroll, Union, Morehouse, West Carroll","Marion, Lake Providence, Farmerville, Bernice, Bastrop",15.064,14.311,15.817,99991,12.032,11.43,12.634,63696,17.101,16.246,17.956,70063,28.14,41.22,37.63,67.26
"B0004","https://nci-naaccr-zone-design.github.io/louisiana-2020/?address=B0004","Both","Thyroid","05yrs","East Carroll, Union, Morehouse, West Carroll","Marion, Lake Providence, Farmerville, Bernice, Bastrop",11.989,11.39,12.589,202189,10.808,10.268,11.349,129062,8.153,7.746,8.561,70063,28.14,41.22,37.63,67.26
"B0004","https://nci-naaccr-zone-design.github.io/louisiana-2020/?address=B0004","Female","Thyroid","05yrs","East Carroll, Union, Morehouse, West Carroll","Marion, Lake Providence, Farmerville, Bernice, Bastrop",17.707,16.821,18.592,102198,19.903,18.908,20.899,65366,10.973,10.424,11.521,70063,28.14,41.22,37.63,67.26
"B0004","https://nci-naaccr-zone-design.github.io/louisiana-2020/?address=B0004","Male","Thyroid","05yrs","East Carroll, Union, Morehouse, West Carroll","Marion, Lake Providence, Farmerville, Bernice, Bastrop",8.072,7.669,8.476,99991,9.655,9.173,10.138,63696,5.769,5.48,6.057,70063,28.14,41.22,37.63,67.26
"B0004","https://nci-naaccr-zone-design.github.io/louisiana-2020/?address=B0004","Female","Uterine","05yrs","East Carroll, Union, Morehouse, West Carroll","Marion, Lake Providence, Farmerville, Bernice, Bastrop",20.872,19.829,21.916,102198,20.143,19.136,21.15,65366,20.173,19.164,21.181,70063,28.14,41.22,37.63,67.26
"B0004","https://nci-naaccr-zone-design.github.io/louisiana-2020/?address=B0004","Both","Liver","05yrs","East Carroll, Union, Morehouse, West Carroll","Marion, Lake Providence, Farmerville, Bernice, Bastrop",5.756,5.468,6.044,202189,9.68,9.196,10.164,129062,5.098,4.843,5.353,70063,28.14,41.22,37.63,67.26
"B0004","https://nci-naaccr-zone-design.github.io/louisiana-2020/?address=B0004","Female","Liver","05yrs","East Carroll, Union, Morehouse, West Carroll","Marion, Lake Providence, Farmerville, Bernice, Bastrop","","","",102198,3.164,3.005,3.322,65366,5.191,4.931,5.45,70063,28.14,41.22,37.63,67.26
"B0004","https://nci-naaccr-zone-design.github.io/louisiana-2020/?address=B0004","Male","Liver","05yrs","East Carroll, Union, Morehouse, West Carroll","Marion, Lake Providence, Farmerville, Bernice, Bastrop",10.877,10.333,11.421,99991,16.004,15.203,16.804,63696,12.314,11.698,12.93,70063,28.14,41.22,37.63,67.26
"B0004","https://nci-naaccr-zone-design.github.io/louisiana-2020/?address=B0004","Both","Stomach","05yrs","East Carroll, Union, Morehouse, West Carroll","Marion, Lake Providence, Farmerville, Bernice, Bastrop",9.32,8.854,9.786,202189,9.065,8.612,9.518,129062,9.057,8.604,9.51,70063,28.14,41.22,37.63,67.26
"B0004","https://nci-naaccr-zone-design.github.io/louisiana-2020/?address=B0004","Female","Stomach","05yrs","East Carroll, Union, Morehouse, West Carroll","Marion, Lake Providence, Farmerville, Bernice, Bastrop",4.087,3.883,4.291,102198,5.222,4.961,5.483,65366,7.182,6.823,7.541,70063,28.14,41.22,37.63,67.26
"B0004","https://nci-naaccr-zone-design.github.io/louisiana-2020/?address=B0004","Male","Stomach","05yrs","East Carroll, Union, Morehouse, West Carroll","Marion, Lake Providence, Farmerville, Bernice, Bastrop",14.162,13.454,14.87,99991,5.025,4.774,5.276,63696,9.87,9.377,10.364,70063,28.14,41.22,37.63,67.26
"B0004","https://nci-naaccr-zone-design.github.io/louisiana-2020/?address=B0004","Both","Myeloma","05yrs","East Carroll, Union, Morehouse, West Carroll","Marion, Lake Providence, Farmerville, Bernice, Bastrop",5.75,5.462,6.037,202189,6.599,6.269,6.929,129062,9.545,9.068,10.023,70063,28.14,41.22,37.63,67.26
"B0004","https://nci-naaccr-zone-design.github.io/louisiana-2020/?address=B0004","Female","Myeloma","05yrs","East Carroll, Union, Morehouse, West Carroll","Marion, Lake Providence, Farmerville, Bernice, Bastrop",12.579,11.95,13.208,102198,12.165,11.557,12.773,65366,5.855,5.562,6.148,70063,28.14,41.22,37.63,67.26
"B0004","https://nci-naaccr-zone-design.github.io/louisiana-2020/?address=B0004","Male","Myeloma","05yrs","East Carroll, Union, Morehouse, West Carroll","Marion, Lake Providence, Farmerville, Bernice, Bastrop",13.239,12.577,13.901,99991,6.056,5.754,6.359,63696,11.32,10.754,11.886,70063,28.14,41.22,37.63,67.26
"B0004","https://nci-naaccr-zone-design.github.io/louisiana-2020/?address=B0004","Both","Brain","05yrs","East Carroll, Union, Morehouse, West Carroll","Marion, Lake Providence, Farmerville, Bernice, Bastrop",6.416,6.095,6.737,202189,5.506,5.23,5.781,129062,8.095,7.69,8.5,70063,28.14,41.22,37.63,67.26
"B0004","https://nci-naaccr-zone-design.github.io/louisiana-2020/?address=B0004","Female","Brain","05yrs","East Carroll, Union, Morehouse, West Carroll","Marion, Lake Providence, Farmerville, Bernice, Bastrop",3.392,3.222,3.561,102198,6.549,6.221,6.876,65366,7.047,6.694,7.399,70063,28.14,41.22,37.63,67.26
"B0004","https://nci-naaccr-zone-design.github.io/louisiana-2020/?address=B0004","Male","Brain","05yrs","East Carroll, Union, Morehouse, West Carroll","Marion, Lake Providence, Farmerville, Bernice, Bastrop",4.303,4.088,4.518,99991,10.261,9.747,10.774,63696,5.174,4.915,5.433,70063,28.14,41.22,37.63,67.26
"B0004","https://nci-naaccr-zone-design.github.io/louisiana-2020/?address=B0004","Both","Larynx","05yrs","East Carroll, Union, Morehouse, West Carroll","Marion, Lake Providence, Farmerville, Bernice, Bastrop",5.636,5.354,5.918,202189,3.849,3.657,4.042,129062,4.84,4.598,5.082,70063,28.14,41.22,37.63,67.26
"B0004","https://nci-naaccr-zone-design.github.io/louisiana-2020/?address=B0004","Female","Larynx","05yrs","East Carroll, Union, Morehouse, West Carroll","Marion, Lake Providence, Farmerville, Bernice, Bastrop",2.579,2.45,2.708,102198,3.076,2.922,3.229,65366,"","","",70063,28.14,41.22,37.63,67.26
"B0004","https://nci-naaccr-zone-design.github.io/louisiana-2020/?address=B0004","Male","Larynx","05yrs","East Carroll, Union, Morehouse, West Carroll","Marion, Lake Providence, Farmerville, Bernice, Bastrop",15.14,14.383,15.897,99991,4.079,3.875,4.283,63696,12.67,12.037,13.304,70063,28.14,41.22,37.63,67.26
"B0004","https://nci-naaccr-zone-design.github.io/louisiana-2020/?address=B0004","Female","Ovary","05yrs","East Carroll, Union, Morehouse, West Carroll","Marion, Lake Providence, Farmerville, Bernice, Bastrop",9.171,8.713,9.63,102198,11.477,10.903,12.051,65366,13.319,12.653,13.985,70063,28.14,41.22,37.63,67.26
"B0004","https://nci-naaccr-zone-design.github.io/louisiana-2020/?address=B0004","Both","Esoph","05yrs","East Carroll, Union, Morehouse, West Carroll","Marion, Lake Providence, Farmerville, Bernice, Bastrop",4.501,4.276,4.726,202189,4.496,4.272,4.721,129062,6.886,6.542,7.231,70063,28.14,41.22,37.63,67.26
"B0004","https://nci-naaccr-zone-design.github.io/louisiana-2020/?address=B0004","Female","Esoph","05yrs","East Carroll, Union, Morehouse, West Carroll","Marion, Lake Providence, Farmerville, Bernice, Bastrop",3.639,3.457,3.821,102198,"","","",65366,"","","",70063,28.14,41.22,37.63,67.26
"B0004","https://nci-naaccr-zone-design.github.io/louisiana-2020/?address=B0004","Male","Esoph","05yrs","East Carroll, Union, Morehouse, West Carroll","Marion, Lake Providence, Farmerville, Bernice, Bastrop",6.726,6.39,7.062,99991,12.866,12.223,13.509,63696,8.529,8.102,8.955,70063,28.14,41.22,37.63,67.26
"B0004","https://nci-naaccr-zone-design.github.io/louisiana-2020/?address=B0004","Both","AllSite","10yrs","East Carroll, Union, Morehouse, West Carroll","Marion, Lake Providence, Farmerville, Bernice, Bastrop",436.504,414.679,458.329,412376,461.735,438.649,484.822,263442,523.244,497.082,549.406,70063,28.14,41.22,37.63,67.26
"B0004","https://nci-naaccr-zone-design.github.io/louisiana-2020/?address=B0004","Female","AllSite","10yrs","East Carroll, Union, Morehouse, West Carroll","Marion, Lake Providence, Farmerville, Bernice, Bastrop",420.276,399.262,441.289,208680,406.237,385.925,426.549,133889,357.878,339.984,375.771,70063,28.14,41.22,37.63,67.26
"B0004","https://nci-naaccr-zone-design.github.io/louisiana-2020/?address=B0004","Male","AllSite","10yrs","East Carroll, Union, Morehouse, West Carroll","Marion, Lake Providence, Farmerville, Bernice, Bastrop",583.473,554.299,612.646,203696,636.222,604.411,668.033,129553,625.861,594.568,657.154,70063,28.14,41.22,37.63,67.26
"B0004","https://nci-naaccr-zone-design.github.io/louisiana-2020/?address=B0004","Male","Prostate","10yrs","East Carroll, Union, Morehouse, West Carroll","Marion, Lake Providence, Farmerville, Bernice, Bastrop",142.33,135.214,149.447,203696,129.06,122.607,135.513,129553,133.303,126.638,139.968,70063,28.14,41.22,37.63,67.26
"B0004","https://nci-naaccr-zone-design.github.io/louisiana-2020/?address=B0004","Both","Lung","10yrs","East Carroll, Union, Morehouse, West Carroll","Marion, Lake Providence, Farmerville, Bernice, Bastrop",87.89,83.496,92.285,412376,64.147,60.94,67.354,263442,71.496,67.921,75.071,70063,28.14,41.22,37.63,67.26
"B0004","https://nci-naaccr-zone-design.github.io/louisiana-2020/?address=B0004","Female","Lung","10yrs","East Carroll, Union, Morehouse, West Carroll","Marion, Lake Providence, Farmerville, Bernice, Bastrop",44.32,42.104,46.536,208680,55.449,52.676,58.221,133889,73.663,69.98,77.347,70063,28.14,41.22,37.63,67.26
"B0004","https://nci-naaccr-zone-design.github.io/louisiana-2020/?address=B0004","Male","Lung","10yrs","East Carroll, Union, Morehouse, West Carroll","Marion, Lake Providence, Farmerville, Bernice, Bastrop",56.494,53.669,59.319,203696,63.153,59.995,66.311,129553,97.591,92.711,102.471,70063,28.14,41.22,37.63,67.26
"B0004","https://nci-naaccr-zone-design.github.io/louisiana-2020/?address=B0004","Female","Breast","10yrs","East Carroll, Union, Morehouse, West Carroll","Marion, Lake Providence, Farmerville, Bernice, Bastrop",106.965,101.617,112.313,208680,99.793,94.803,104.783,133889,107.498,102.123,112.873,70063,28.14,41.22,37.63,67.26
"B0004","https://nci-naaccr-zone-design.github.io/louisiana-2020/?address=B0004","Both","CRC","10yrs","East Carroll, Union, Morehouse, West Carroll","Marion, Lake Providence, Farmerville, Bernice, Bastrop",53.923,51.227,56.619,412376,42.595,40.465,44.725,263442,57.01,54.159,59.86,70063,28.14,41.22,37.63,67.26
"B0004","https://nci-naaccr-zone-design.github.io/louisiana-2020/?address=B0004","Female","CRC","10yrs","East Carroll, Union, Morehouse, West Carroll","Marion, Lake Providence, Farmerville, Bernice, Bastrop",48.104,45.699,50.51,208680,35.543,33.766,37.32,133889,31.178,29.619,32.737,70063,28.14,41.22,37.63,67.26
"B0004","https://nci-naaccr-zone-design.github.io/louisiana-2020/?address=B0004","Male","CRC","10yrs","East Carroll, Union, Morehouse, West Carroll","Marion, Lake Providence, Farmerville, Bernice, Bastrop",39.565,37.587,41.543,203696,50.293,47.779,52.808,129553,65.622,62.341,68.903,70063,28.14,41.22,37.63,67.26
"B0004","https://nci-naaccr-zone-design.github.io/louisiana-2020/?address=B0004","Both","Kidney","10yrs","East Carroll, Union, Morehouse, West Carroll","Marion, Lake Providence, Farmerville, Bernice, Bastrop",16.732,15.896,17.569,412376,19.093,18.138,20.047,263442,22.325,21.209,23.442,70063,28.14,41.22,37.63,67.26
"B0004","https://nci-naaccr-zone-design.github.io/louisiana-2020/?address=B0004","Female","Kidney","10yrs","East Carroll, Union, Morehouse, West Carroll","Marion, Lake Providence, Farmerville, Bernice, Bastrop",11.013,10.462,11.564,208680,17.734,16.847,18.621,133889,17.394,16.524,18.263,70063,28.14,41.22,37.63,67.26
"B0004","https://nci-naaccr-zone-design.github.io/louisiana-2020/?address=B0004","Male","Kidney","10yrs","East Carroll, Union, Morehouse, West Carroll","Marion, Lake Providence, Farmerville, Bernice, Bastrop",25.902,24.607,27.197,203696,28.053,26.65,29.456,129553,36.545,34.718,38.372,70063,28.14,41.22,37.63,67.26
"B0004","https://nci-naaccr-zone-design.github.io/louisiana-2020/?address=B0004","Both","NHL","10yrs","East Carroll, Union, Morehouse, West Carroll","Marion, Lake Providence, Farmerville, Bernice, Bastrop",22.631,21.499,23.762,412376,18.513,17.588,19.439,263442,22.914,21.768,24.059,70063,28.14,41.22,37.63,67.26
"B0004","https://nci-naaccr-zone-design.github.io/louisiana-2020/?address=B0004","Female","NHL","10yrs","East Carroll, Union, Morehouse, West Carroll","Marion, Lake Providence, Farmerville, Bernice, Bastrop",10.188,9.679,10.697,208680,12.541,11.914,13.168,133889,12.894,12.25,13.539,70063,28.14,41.22,37.63,67.26
"B0004","https://nci-naaccr-zone-design.github.io/louisiana-2020/?address=B0004","Male","NHL","10yrs","East Carroll, Union, Morehouse, West Carroll","Marion, Lake Providence, Farmerville, Bernice, Bastrop",30.804,29.264,32.345,203696,24.869,23.625,26.112,129553,20.245,19.233,21.257,70063,28.14,41.22,37.63,67.26
"B0004","https://nci-naaccr-zone-design.github.io/louisiana-2020/?address=B0004","Both","Urinary","10yrs","East Carroll, Union, Morehouse, West Carroll","Marion, Lake Providence, Farmerville, Bernice, Bastrop",25.951,24.654,27.249,412376,20.658,19.625,21.691,263442,20.416,19.396,21.437,70063,28.14,41.22,37.63,67.26
"B0004","https://nci-naaccr-zone-design.github.io/louisiana-2020/?address=B0004","Female","Urinary","10yrs","East Carroll, Union, Morehouse, West Carroll","Marion, Lake Providence, Farmerville, Bernice, Bastrop",10.527,10.001,11.054,208680,12.664,12.031,13.297,133889,5.456,5.183,5.729,70063,28.14,41.22,37.63,67.26
"B0004","https://nci-naaccr-zone-design.github.io/louisiana-2020/?address=B0004","Male","Urinary","10yrs","East Carroll, Union, Morehouse, West Carroll","Marion, Lake Providence, Farmerville, Bernice, Bastrop",37.944,36.047,39.841,203696,26.337,25.02,27.654,129553,49.153,46.696,51.611,70063,28.14,41.22,37.63,67.26
"B0004","https://nci-naaccr-zone-design.github.io/louisiana-2020/?address=B0004","Both","Mela","10yrs","East Carroll, Union, Morehouse, West Carroll","Marion, Lake Providence, Farmerville, Bernice, Bastrop",24.251,23.038,25.463,412376,7.399,7.029,7.769,263442,27.375,26.006,28.744,70063,28.14,41.22,37.63,67.26
"B0004","https://nci-naaccr-zone-design.github.io/louisiana-2020/?address=B0004","Female","Mela","10yrs","East Carroll, Union, Morehouse, West Carroll","Marion, Lake Providence, Farmerville, Bernice, Bastrop",20.437,19.415,21.459,208680,16.933,16.087,17.78,133889,11.333,10.767,11.9,70063,28.14,41.22,37.63,67.26
"B0004","https://nci-naaccr-zone-design.github.io/louisiana-2020/?address=B0004","Male","Mela","10yrs","East Carroll, Union, Morehouse, West Carroll","Marion, Lake Providence, Farmerville, Bernice, Bastrop",29.253,27.79,30.715,203696,23.422,22.251,24.593,129553,8.044,7.642,8.446,70063,28.14,41.22,37.63,67.26
"B0004","https://nci-naaccr-zone-design.github.io/louisiana-2020/?address=B0004","Both","Pancreas","10yrs","East Carroll, Union, Morehouse, West Carroll","Marion, Lake Providence, Farmerville, Bernice, Bastrop",17.024,16.173,17.875,412376,15.866,15.073,16.659,263442,14.865,14.122,15.609,70063,28.14,41.22,37.63,67.26
"B0004","https://nci-naaccr-zone-design.github.io/louisiana-2020/?address=B0004","Female","Pancreas","10yrs","East Carroll, Union, Morehouse, West Carroll","Marion, Lake Providence, Farmerville, Bernice, Bastrop",12.272,11.658,12.885,208680,12.447,11.825,13.07,133889,17.056,16.203,17.908,70063,28.14,41.22,37.63,67.26
"B0004","https://nci-naaccr-zone-design.github.io/louisiana-2020/?address=B0004","Male","Pancreas","10yrs","East Carroll, Union, Morehouse, West Carroll","Marion, Lake Providence, Farmerville, Bernice, Bastrop",16.782,15.943,17.621,203696,19.272,18.308,20.236,129553,19.133,18.177,20.09,70063,28.14,41.22,37.63,67.26
"B0004","https://nci-naaccr-zone-design.github.io/louisiana-2020/?address=B0004","Both","Leuks","10yrs","East Carroll, Union, Morehouse, West Carroll","Marion, Lake Providence, Farmerville, Bernice, Bastrop",15.585,14.805,16.364,412376,12.721,12.085,13.358,263442,16.186,15.377,16.995,70063,28.14,41.22,37.63,67.26
"B0004","https://nci-naaccr-zone-design.github.io/louisiana-2020/?address=B0004","Female","Leuks","10yrs","East Carroll, Union, Morehouse, West Carroll","Marion, Lake Providence, Farmerville, Bernice, Bastrop",12.563,11.935,13.192,208680,12.084,11.48,12.688,133889,11.879,11.285,12.472,70063,28.14,41.22,37.63,67.26
"B0004","https://nci-naaccr-zone-design.github.io/louisiana-2020/?address=B0004","Male","Leuks","10yrs","East Carroll, Union, Morehouse, West Carroll","Marion, Lake Providence, Farmerville, Bernice, Bastrop",24.787,23.548,26.026,203696,10.479,9.955,11.003,129553,20.641,19.609,21.673,70063,28.14,41.22,37.63,67.26
"B0004","https://nci-naaccr-zone-design.github.io/louisiana-2020/?address=B0004","Both","Oral","10yrs","East Carroll, Union, Morehouse, West Carroll","Marion, Lake Providence, Farmerville, Bernice, Bastrop",6.645,6.313,6.977,412376,7.695,7.31,8.08,263442,7.673,7.29,8.057,70063,28.14,41.22,37.63,67.26
"B0004","https://nci-naaccr-zone-design.github.io/louisiana-2020/?address=B0004","Female","Oral","10yrs","East Carroll, Union, Morehouse, West Carroll","Marion, Lake Providence, Farmerville, Bernice, Bastrop",4.913,4.667,5.159,208680,5.995,5.695,6.294,133889,4.094,3.89,4.299,70063,28.14,41.22,37.63,67.26
"B0004","https://nci-naaccr-zone-design.github.io/louisiana-2020/?address=B0004","Male","Oral","10yrs","East Carroll, Union, Morehouse, West Carroll","Marion, Lake Providence, Farmerville, Bernice, Bastrop",14.181,13.472,14.89,203696,19.633,18.652,20.615,129553,24.605,23.374,25.835,70063,28.14,41.22,37.63,67.26
"B0004","https://nci-naaccr-zone-design.github.io/louisiana-2020/?address=B0004","Both","Thyroid","10yrs","East Carroll, Union, Morehouse, West Carroll","Marion, Lake Providence, Farmerville, Bernice, Bastrop",16.467,15.644,17.29,412376,9.651,9.168,10.133,263442,9.92,9.424,10.416,70063,28.14,41.22,37.63,67.26
"B0004","https://nci-naaccr-zone-design.github.io/louisiana-2020/?address=B0004","Female","Thyroid","10yrs","East Carroll, Union, Morehouse, West Carroll","Marion, Lake Providence, Farmerville, Bernice, Bastrop",21.605,20.525,22.685,208680,14.966,14.217,15.714,133889,14.554,13.826,15.281,70063,28.14,41.22,37.63,67.26
"B0004","https://nci-naaccr-zone-design.github.io/louisiana-2020/?address=B0004","Male","Thyroid","10yrs","East Carroll, Union, Morehouse, West Carroll","Marion, Lake Providence, Farmerville, Bernice, Bastrop",9.546,9.069,10.024,203696,4.924,4.678,5.171,129553,5.113,4.857,5.369,70063,28.14,41.22,37.63,67.26
"B0004","https://nci-naaccr-zone-design.github.io/louisiana-2020/?address=B0004","Female","Uterine","10yrs","East Carroll, Union, Morehouse, West Carroll","Marion, Lake Providence, Farmerville, Bernice, Bastrop",13.967,13.269,14.666,208680,20.949,19.902,21.997,133889,19.861,18.868,20.854,70063,28.14,41.22,37.63,67.26
"B0004","https://nci-naaccr-zone-design.github.io/louisiana-2020/?address=B0004","Both","Liver","10yrs","East Carroll, Union, Morehouse, West Carroll","Marion, Lake Providence, Farmerville, Bernice, Bastrop",12.391,11.772,13.011,412376,8.848,8.405,9.29,263442,10.689,10.155,11.223,70063,28.14,41.22,37.63,67.26
"B0004","https://nci-naaccr-zone-design.github.io/louisiana-2020/?address=B0004","Female","Liver","10yrs","East Carroll, Union, Morehouse, West Carroll","Marion, Lake Providence, Farmerville, Bernice, Bastrop",5.934,5.637,6.231,208680,4.623,4.391,4.854,133889,6.736,6.4,7.073,70063,28.14,41.22,37.63,67.26
"B0004","https://nci-naaccr-zone-design.github.io/louisiana-2020/?address=B0004","Male","Liver","10yrs","East Carroll, Union, Morehouse, West Carroll","Marion, Lake Providence, Farmerville, Bernice, Bastrop",19.447,18.474,20.419,203696,23.842,22.65,25.034,129553,23.074,21.92,24.228,70063,28.14,41.22,37.63,67.26
"B0004","https://nci-naaccr-zone-design.github.io/louisiana-2020/?address=B0004","Both","Stomach","10yrs","East Carroll, Union, Morehouse, West Carroll","Marion, Lake Providence, Farmerville, Bernice, Bastrop",7.457,7.084,7.83,412376,6.623,6.292,6.954,263442,4.381,4.162,4.601,70063,28.14,41.22,37.63,67.26
"B0004","https://nci-naaccr-zone-design.github.io/louisiana-2020/?address=B0004","Female","Stomach","10yrs","East Carroll, Union, Morehouse, West Carroll","Marion, Lake Providence, Farmerville, Bernice, Bastrop",8.236,7.824,8.648,208680,7.704,7.319,8.089,133889,8.908,8.462,9.353,70063,28.14,41.22,37.63,67.26
"B0004","https://nci-naaccr-zone-design.github.io/louisiana-2020/?address=B0004","Male","Stomach","10yrs","East Carroll, Union, Morehouse, West Carroll","Marion, Lake Providence, Farmerville, Bernice, Bastrop",11.202,10.642,11.763,203696,14.567,13.839,15.295,129553,7.851,7.458,8.243,70063,28.14,41.22,37.63,67.26
"B0004","https://nci-naaccr-zone-design.github.io/louisiana-2020/?address=B0004","Both","Myeloma","10yrs","East Carroll, Union, Morehouse, West Carroll","Marion, Lake Providence, Farmerville, Bernice, Bastrop",4.987,4.737,5.236,412376,6.077,5.773,6.38,263442,11.33,10.764,11.897,70063,28.14,41.22,37.63,67.26
"B0004","https://nci-naaccr-zone-design.github.io/louisiana-2020/?address=B0004","Female","Myeloma","10yrs","East Carroll, Union, Morehouse, West Carroll","Marion, Lake Providence, Farmerville, Bernice, Bastrop",3.272,3.109,3.436,208680,5.004,4.754,5.254,133889,2.524,2.398,2.651,70063,28.14,41.22,37.63,67.26
"B0004","https://nci-naaccr-zone-design.github.io/louisiana-2020/?address=B0004","Male","Myeloma","10yrs","East Carroll, Union, Morehouse, West Carroll","Marion, Lake Providence, Farmerville, Bernice, Bastrop",10.934,10.387,11.481,203696,12.742,12.105,13.379,129553,10.249,9.737,10.762,70063,28.14,41.22,37.63,67.26
"B0004","https://nci-naaccr-zone-design.github.io/louisiana-2020/?address=B0004","Both","Brain","10yrs","East Carroll, Union, Morehouse, West Carroll","Marion, Lake Providence, Farmerville, Bernice, Bastrop",3.911,3.716,4.107,412376,8.311,7.895,8.727,263442,6.905,6.56,7.25,70063,28.14,41.22,37.63,67.26
"B0004","https://nci-naaccr-zone-design.github.io/louisiana-2020/?address=B0004","Female","Brain","10yrs","East Carroll, Union, Morehouse, West Carroll","Marion, Lake Providence, Farmerville, Bernice, Bastrop",4.887,4.643,5.131,208680,6.583,6.254,6.913,133889,8.03,7.628,8.431,70063,28.14,41.22,37.63,67.26
"B0004","https://nci-naaccr-zone-design.github.io/louisiana-2020/?address=B0004","Male","Brain","10yrs","East Carroll, Union, Morehouse, West Carroll","Marion, Lake Providence, Farmerville, Bernice, Bastrop",7.346,6.979,7.713,203696,9.151,8.693,9.608,129553,10.137,9.63,10.644,70063,28.14,41.22,37.63,67.26
"B0004","https://nci-naaccr-zone-design.github.io/louisiana-2020/?address=B0004","Both","Larynx","10yrs","East Carroll, Union, Morehouse, West Carroll","Marion, Lake Providence, Farmerville, Bernice, Bastrop",8.153,7.745,8.56,412376,2.947,2.8,3.094,263442,8.051,7.649,8.454,70063,28.14,41.22,37.63,67.26
"B0004","https://nci-naaccr-zone-design.github.io/louisiana-2020/?address=B0004","Female","Larynx","10yrs","East Carroll, Union, Morehouse, West Carroll","Marion, Lake Providence, Farmerville, Bernice, Bastrop",2.86,2.717,3.003,208680,3.651,3.469,3.834,133889,1.555,1.478,1.633,70063,28.14,41.22,37.63,67.26
"B0004","https://nci-naaccr-zone-design.github.io/louisiana-2020/?address=B0004","Male","Larynx","10yrs","East Carroll, Union, Morehouse, West Carroll","Marion, Lake Providence, Farmerville, Bernice, Bastrop",5.491,5.216,5.765,203696,5.164,4.905,5.422,129553,10.763,10.225,11.301,70063,28.14,41.22,37.63,67.26
"B0004","https://nci-naaccr-zone-design.github.io/louisiana-2020/?address=B0004","Female","Ovary","10yrs","East Carroll, Union, Morehouse, West Carroll","Marion, Lake Providence, Farmerville, Bernice, Bastrop",14.514,13.788,15.24,208680,6.118,5.812,6.424,133889,7.908,7.512,8.303,70063,28.14,41.22,37.63,67.26
"B0004","https://nci-naaccr-zone-design.github.io/louisiana-2020/?address=B0004","Both","Esoph","10yrs","East Carroll, Union, Morehouse, West Carroll","Marion, Lake Providence, Farmerville, Bernice, Bastrop",3.457,3.284,3.63,412376,2.776,2.637,2.915,263442,6.333,6.016,6.649,70063,28.14,41.22,37.63,67.26
"B0004","https://nci-naaccr-zone-design.github.io/louisiana-2020/?address=B0004","Female","Esoph","10yrs","East Carroll, Union, Morehouse, West Carroll","Marion, Lake Providence, Farmerville, Bernice, Bastrop",1.279,1.215,1.343,208680,3.887,3.693,4.081,133889,2.043,1.94,2.145,70063,28.14,41.22,37.63,67.26
"B0004","https://nci-naaccr-zone-design.github.io/louisiana-2020/?address=B0004","Male","Esoph","10yrs","East Carroll, Union, Morehouse, West Carroll","Marion, Lake Providence, Farmerville, Bernice, Bastrop",8.152,7.744,8.559,203696,13.771,13.083,14.46,129553,13.279,12.615,13.943,70063,28.14,41.22,37.63,67.26
