"Zone","URL","Sex","Cancer","Years","Counties","Places","AAIR","LCI","UCI","White_PopTot","White_AAIR","White_LCI","White_UCI","Black_PopTot","Black_AAIR","Black_LCI","Black_UCI","TotalPop","Pct100Pov","PctMinority","PctBlackNH","PctRural"
"B0066","https://nci-naaccr-zone-design.github.io/louisiana-2020/?address=B0066","Both","AllSite","05yrs","St. Landry","Opelousas, Sunset, Eunice, Lawtell",544.752,517.514,571.989,232492,489.599,465.119,514.079,174404,480.438,456.416,504.46,83384,28.02,44.8,41.13,48.17
"B0066","https://nci-naaccr-zone-design.github.io/louisiana-2020/?address=B0066","Female","AllSite","05yrs","St. Landry","Opelousas, Sunset, Eunice, Lawtell",362.372,344.253,380.49,119686,365.273,347.009,383.537,91928,428.024,406.623,449.426,83384,28.02,44.8,41.13,48.17
"B0066","https://nci-naaccr-zone-design.github.io/louisiana-2020/?address=B0066","Male","AllSite","05yrs","St. Landry","Opelousas, Sunset, Eunice, Lawtell",585.35,556.082,614.617,112806,624.101,592.896,655.306,82476,668.76,635.322,702.198,83384,28.02,44.8,41.13,48.17
"B0066","https://nci-naaccr-zone-design.github.io/louisiana-2020/?address=B0066","Male","Prostate","05yrs","St. Landry","Opelousas, Sunset, Eunice, Lawtell",173.74,165.053,182.427,112806,177.163,168.305,186.021,82476,147.005,139.655,154.355,83384,28.02,44.8,41.13,48.17
"B0066","https://nci-naaccr-zone-design.github.io/louisiana-2020/?address=B0066","Both","Lung","05yrs","St. Landry","Opelousas, Sunset, Eunice, Lawtell",46.88,44.536,49.224,232492,62.909,59.764,66.055,174404,57.076,54.223,59.93,83384,28.02,44.8,41.13,48.17
"B0066","https://nci-naaccr-zone-design.github.io/louisiana-2020/?address=B0066","Female","Lung","05yrs","St. Landry","Opelousas, Sunset, Eunice, Lawtell",39.736,37.75,41.723,119686,39.767,37.778,41.755,91928,49.22,46.759,51.681,83384,28.02,44.8,41.13,48.17
"B0066","https://nci-naaccr-zone-design.github.io/louisiana-2020/?address=B0066","Male","Lung","05yrs","St. Landry","Opelousas, Sunset, Eunice, Lawtell",53.808,51.118,56.499,112806,95.298,90.533,100.063,82476,111.942,106.344,117.539,83384,28.02,44.8,41.13,48.17
"B0066","https://nci-naaccr-zone-design.github.io/louisiana-2020/?address=B0066","Female","Breast","05yrs","St. Landry","Opelousas, Sunset, Eunice, Lawtell",143.713,136.527,150.898,119686,128.628,122.197,135.06,91928,135.864,129.071,142.658,83384,28.02,44.8,41.13,48.17
"B0066","https://nci-naaccr-zone-design.github.io/louisiana-2020/?address=B0066","Both","CRC","05yrs","St. Landry","Opelousas, Sunset, Eunice, Lawtell",47.185,44.826,49.545,232492,52.758,50.12,55.396,174404,54.801,52.061,57.541,83384,28.02,44.8,41.13,48.17
"B0066","https://nci-naaccr-zone-design.github.io/louisiana-2020/?address=B0066","Female","CRC","05yrs","St. Landry","Opelousas, Sunset, Eunice, Lawtell",41.458,39.385,43.531,119686,53.586,50.907,56.266,91928,48.25,45.838,50.663,83384,28.02,44.8,41.13,48.17
"B0066","https://nci-naaccr-zone-design.github.io/louisiana-2020/?address=B0066","Male","CRC","05yrs","St. Landry","Opelousas, Sunset, Eunice, Lawtell",37.98,36.081,39.879,112806,53.968,51.269,56.666,82476,71.842,68.25,75.434,83384,28.02,44.8,41.13,48.17
"B0066","https://nci-naaccr-zone-design.github.io/louisiana-2020/?address=B0066","Both","Kidney","05yrs","St. Landry","Opelousas, Sunset, Eunice, Lawtell",18.392,17.473,19.312,232492,23.331,22.165,24.498,174404,18.24,17.328,19.152,83384,28.02,44.8,41.13,48.17
"B0066","https://nci-naaccr-zone-design.github.io/louisiana-2020/?address=B0066","Female","Kidney","05yrs","St. Landry","Opelousas, Sunset, Eunice, Lawtell",11.989,11.389,12.588,119686,19.81,18.82,20.801,91928,20.978,19.929,22.027,83384,28.02,44.8,41.13,48.17
"B0066","https://nci-naaccr-zone-design.github.io/louisiana-2020/?address=B0066","Male","Kidney","05yrs","St. Landry","Opelousas, Sunset, Eunice, Lawtell",18.588,17.659,19.518,112806,29.7,28.215,31.185,82476,19.886,18.891,20.88,83384,28.02,44.8,41.13,48.17
"B0066","https://nci-naaccr-zone-design.github.io/louisiana-2020/?address=B0066","Both","NHL","05yrs","St. Landry","Opelousas, Sunset, Eunice, Lawtell",15.366,14.597,16.134,232492,17.321,16.455,18.187,174404,19.583,18.604,20.562,83384,28.02,44.8,41.13,48.17
"B0066","https://nci-naaccr-zone-design.github.io/louisiana-2020/?address=B0066","Female","NHL","05yrs","St. Landry","Opelousas, Sunset, Eunice, Lawtell",19.358,18.39,20.326,119686,19.785,18.796,20.774,91928,18.892,17.947,19.837,83384,28.02,44.8,41.13,48.17
"B0066","https://nci-naaccr-zone-design.github.io/louisiana-2020/?address=B0066","Male","NHL","05yrs","St. Landry","Opelousas, Sunset, Eunice, Lawtell",18.79,17.851,19.73,112806,29.727,28.24,31.213,82476,18.18,17.271,19.089,83384,28.02,44.8,41.13,48.17
"B0066","https://nci-naaccr-zone-design.github.io/louisiana-2020/?address=B0066","Both","Urinary","05yrs","St. Landry","Opelousas, Sunset, Eunice, Lawtell",15.859,15.066,16.652,232492,26.534,25.208,27.861,174404,22.25,21.137,23.362,83384,28.02,44.8,41.13,48.17
"B0066","https://nci-naaccr-zone-design.github.io/louisiana-2020/?address=B0066","Female","Urinary","05yrs","St. Landry","Opelousas, Sunset, Eunice, Lawtell",12.899,12.254,13.544,119686,7.428,7.056,7.799,91928,7.211,6.85,7.571,83384,28.02,44.8,41.13,48.17
"B0066","https://nci-naaccr-zone-design.github.io/louisiana-2020/?address=B0066","Male","Urinary","05yrs","St. Landry","Opelousas, Sunset, Eunice, Lawtell",40.559,38.531,42.587,112806,22.38,21.261,23.499,82476,48.695,46.261,51.13,83384,28.02,44.8,41.13,48.17
"B0066","https://nci-naaccr-zone-design.github.io/louisiana-2020/?address=B0066","Both","Mela","05yrs","St. Landry","Opelousas, Sunset, Eunice, Lawtell",21.8,20.71,22.89,232492,3.789,3.6,3.979,174404,16.357,15.539,17.175,83384,28.02,44.8,41.13,48.17
"B0066","https://nci-naaccr-zone-design.github.io/louisiana-2020/?address=B0066","Female","Mela","05yrs","St. Landry","Opelousas, Sunset, Eunice, Lawtell",3.405,3.234,3.575,119686,20.03,19.029,21.032,91928,18.494,17.57,19.419,83384,28.02,44.8,41.13,48.17
"B0066","https://nci-naaccr-zone-design.github.io/louisiana-2020/?address=B0066","Male","Mela","05yrs","St. Landry","Opelousas, Sunset, Eunice, Lawtell",8.3,7.885,8.715,112806,9.544,9.067,10.021,82476,36.139,34.332,37.946,83384,28.02,44.8,41.13,48.17
"B0066","https://nci-naaccr-zone-design.github.io/louisiana-2020/?address=B0066","Both","Pancreas","05yrs","St. Landry","Opelousas, Sunset, Eunice, Lawtell",16.592,15.762,17.421,232492,12.752,12.115,13.39,174404,15.192,14.433,15.952,83384,28.02,44.8,41.13,48.17
"B0066","https://nci-naaccr-zone-design.github.io/louisiana-2020/?address=B0066","Female","Pancreas","05yrs","St. Landry","Opelousas, Sunset, Eunice, Lawtell",15.78,14.991,16.569,119686,13.371,12.703,14.04,91928,12.921,12.275,13.567,83384,28.02,44.8,41.13,48.17
"B0066","https://nci-naaccr-zone-design.github.io/louisiana-2020/?address=B0066","Male","Pancreas","05yrs","St. Landry","Opelousas, Sunset, Eunice, Lawtell",17.906,17.011,18.802,112806,20.697,19.662,21.732,82476,13.801,13.111,14.491,83384,28.02,44.8,41.13,48.17
"B0066","https://nci-naaccr-zone-design.github.io/louisiana-2020/?address=B0066","Both","Leuks","05yrs","St. Landry","Opelousas, Sunset, Eunice, Lawtell",10.056,9.554,10.559,232492,18.011,17.111,18.912,174404,16.749,15.911,17.586,83384,28.02,44.8,41.13,48.17
"B0066","https://nci-naaccr-zone-design.github.io/louisiana-2020/?address=B0066","Female","Leuks","05yrs","St. Landry","Opelousas, Sunset, Eunice, Lawtell",6.9,6.555,7.245,119686,8.915,8.469,9.361,91928,7.915,7.519,8.31,83384,28.02,44.8,41.13,48.17
"B0066","https://nci-naaccr-zone-design.github.io/louisiana-2020/?address=B0066","Male","Leuks","05yrs","St. Landry","Opelousas, Sunset, Eunice, Lawtell",16.282,15.468,17.097,112806,10.825,10.284,11.366,82476,18.42,17.499,19.341,83384,28.02,44.8,41.13,48.17
"B0066","https://nci-naaccr-zone-design.github.io/louisiana-2020/?address=B0066","Both","Oral","05yrs","St. Landry","Opelousas, Sunset, Eunice, Lawtell",12.107,11.502,12.712,232492,7.983,7.584,8.382,174404,7.684,7.3,8.068,83384,28.02,44.8,41.13,48.17
"B0066","https://nci-naaccr-zone-design.github.io/louisiana-2020/?address=B0066","Female","Oral","05yrs","St. Landry","Opelousas, Sunset, Eunice, Lawtell",8.796,8.356,9.235,119686,4.875,4.631,5.118,91928,6.03,5.729,6.332,83384,28.02,44.8,41.13,48.17
"B0066","https://nci-naaccr-zone-design.github.io/louisiana-2020/?address=B0066","Male","Oral","05yrs","St. Landry","Opelousas, Sunset, Eunice, Lawtell",15.296,14.531,16.06,112806,18.329,17.413,19.246,82476,25.806,24.516,27.097,83384,28.02,44.8,41.13,48.17
"B0066","https://nci-naaccr-zone-design.github.io/louisiana-2020/?address=B0066","Both","Thyroid","05yrs","St. Landry","Opelousas, Sunset, Eunice, Lawtell",13.891,13.197,14.586,232492,11.506,10.931,12.081,174404,12.222,11.611,12.834,83384,28.02,44.8,41.13,48.17
"B0066","https://nci-naaccr-zone-design.github.io/louisiana-2020/?address=B0066","Female","Thyroid","05yrs","St. Landry","Opelousas, Sunset, Eunice, Lawtell",12.227,11.616,12.839,119686,25.404,24.134,26.674,91928,26.121,24.815,27.427,83384,28.02,44.8,41.13,48.17
"B0066","https://nci-naaccr-zone-design.github.io/louisiana-2020/?address=B0066","Male","Thyroid","05yrs","St. Landry","Opelousas, Sunset, Eunice, Lawtell",3.708,3.523,3.893,112806,"","","",82476,7.924,7.527,8.32,83384,28.02,44.8,41.13,48.17
"B0066","https://nci-naaccr-zone-design.github.io/louisiana-2020/?address=B0066","Female","Uterine","05yrs","St. Landry","Opelousas, Sunset, Eunice, Lawtell",20.176,19.167,21.185,119686,25.548,24.271,26.825,91928,18.224,17.313,19.135,83384,28.02,44.8,41.13,48.17
"B0066","https://nci-naaccr-zone-design.github.io/louisiana-2020/?address=B0066","Both","Liver","05yrs","St. Landry","Opelousas, Sunset, Eunice, Lawtell",6.087,5.783,6.391,232492,14.863,14.12,15.606,174404,9.459,8.986,9.932,83384,28.02,44.8,41.13,48.17
"B0066","https://nci-naaccr-zone-design.github.io/louisiana-2020/?address=B0066","Female","Liver","05yrs","St. Landry","Opelousas, Sunset, Eunice, Lawtell",6.667,6.334,7.001,119686,2.633,2.501,2.765,91928,5.59,5.31,5.869,83384,28.02,44.8,41.13,48.17
"B0066","https://nci-naaccr-zone-design.github.io/louisiana-2020/?address=B0066","Male","Liver","05yrs","St. Landry","Opelousas, Sunset, Eunice, Lawtell",17.128,16.272,17.984,112806,13.289,12.624,13.953,82476,23.943,22.746,25.14,83384,28.02,44.8,41.13,48.17
"B0066","https://nci-naaccr-zone-design.github.io/louisiana-2020/?address=B0066","Both","Stomach","05yrs","St. Landry","Opelousas, Sunset, Eunice, Lawtell",10.539,10.012,11.066,232492,5.696,5.411,5.981,174404,8.945,8.498,9.393,83384,28.02,44.8,41.13,48.17
"B0066","https://nci-naaccr-zone-design.github.io/louisiana-2020/?address=B0066","Female","Stomach","05yrs","St. Landry","Opelousas, Sunset, Eunice, Lawtell",8.938,8.491,9.385,119686,6.5,6.175,6.825,91928,5.677,5.393,5.96,83384,28.02,44.8,41.13,48.17
"B0066","https://nci-naaccr-zone-design.github.io/louisiana-2020/?address=B0066","Male","Stomach","05yrs","St. Landry","Opelousas, Sunset, Eunice, Lawtell",15.891,15.097,16.686,112806,8.186,7.777,8.596,82476,6.042,5.74,6.344,83384,28.02,44.8,41.13,48.17
"B0066","https://nci-naaccr-zone-design.github.io/louisiana-2020/?address=B0066","Both","Myeloma","05yrs","St. Landry","Opelousas, Sunset, Eunice, Lawtell",7.699,7.314,8.084,232492,4.277,4.063,4.491,174404,5.873,5.579,6.166,83384,28.02,44.8,41.13,48.17
"B0066","https://nci-naaccr-zone-design.github.io/louisiana-2020/?address=B0066","Female","Myeloma","05yrs","St. Landry","Opelousas, Sunset, Eunice, Lawtell",4.956,4.708,5.204,119686,3.179,3.02,3.338,91928,7.216,6.855,7.577,83384,28.02,44.8,41.13,48.17
"B0066","https://nci-naaccr-zone-design.github.io/louisiana-2020/?address=B0066","Male","Myeloma","05yrs","St. Landry","Opelousas, Sunset, Eunice, Lawtell",13.786,13.097,14.476,112806,6.317,6.001,6.632,82476,10.423,9.902,10.944,83384,28.02,44.8,41.13,48.17
"B0066","https://nci-naaccr-zone-design.github.io/louisiana-2020/?address=B0066","Both","Brain","05yrs","St. Landry","Opelousas, Sunset, Eunice, Lawtell",6.263,5.95,6.576,232492,3.363,3.195,3.532,174404,7.58,7.201,7.959,83384,28.02,44.8,41.13,48.17
"B0066","https://nci-naaccr-zone-design.github.io/louisiana-2020/?address=B0066","Female","Brain","05yrs","St. Landry","Opelousas, Sunset, Eunice, Lawtell",3.554,3.376,3.732,119686,2.974,2.825,3.123,91928,7.192,6.832,7.551,83384,28.02,44.8,41.13,48.17
"B0066","https://nci-naaccr-zone-design.github.io/louisiana-2020/?address=B0066","Male","Brain","05yrs","St. Landry","Opelousas, Sunset, Eunice, Lawtell",4.013,3.813,4.214,112806,10.862,10.319,11.405,82476,8.658,8.226,9.091,83384,28.02,44.8,41.13,48.17
"B0066","https://nci-naaccr-zone-design.github.io/louisiana-2020/?address=B0066","Both","Larynx","05yrs","St. Landry","Opelousas, Sunset, Eunice, Lawtell",6.238,5.926,6.549,232492,6.329,6.013,6.645,174404,3.647,3.465,3.829,83384,28.02,44.8,41.13,48.17
"B0066","https://nci-naaccr-zone-design.github.io/louisiana-2020/?address=B0066","Female","Larynx","05yrs","St. Landry","Opelousas, Sunset, Eunice, Lawtell",1.956,1.858,2.054,119686,2.801,2.661,2.941,91928,3.464,3.29,3.637,83384,28.02,44.8,41.13,48.17
"B0066","https://nci-naaccr-zone-design.github.io/louisiana-2020/?address=B0066","Male","Larynx","05yrs","St. Landry","Opelousas, Sunset, Eunice, Lawtell",10.503,9.978,11.028,112806,10.633,10.101,11.164,82476,14.482,13.758,15.206,83384,28.02,44.8,41.13,48.17
"B0066","https://nci-naaccr-zone-design.github.io/louisiana-2020/?address=B0066","Female","Ovary","05yrs","St. Landry","Opelousas, Sunset, Eunice, Lawtell",7.096,6.741,7.451,119686,9.045,8.593,9.497,91928,14.523,13.796,15.249,83384,28.02,44.8,41.13,48.17
"B0066","https://nci-naaccr-zone-design.github.io/louisiana-2020/?address=B0066","Both","Esoph","05yrs","St. Landry","Opelousas, Sunset, Eunice, Lawtell",6.754,6.416,7.092,232492,3.189,3.03,3.349,174404,3.933,3.736,4.129,83384,28.02,44.8,41.13,48.17
"B0066","https://nci-naaccr-zone-design.github.io/louisiana-2020/?address=B0066","Female","Esoph","05yrs","St. Landry","Opelousas, Sunset, Eunice, Lawtell",2.796,2.656,2.936,119686,3.304,3.139,3.47,91928,"","","",83384,28.02,44.8,41.13,48.17
"B0066","https://nci-naaccr-zone-design.github.io/louisiana-2020/?address=B0066","Male","Esoph","05yrs","St. Landry","Opelousas, Sunset, Eunice, Lawtell",6.456,6.133,6.779,112806,12.722,12.086,13.358,82476,6.833,6.491,7.174,83384,28.02,44.8,41.13,48.17
"B0066","https://nci-naaccr-zone-design.github.io/louisiana-2020/?address=B0066","Both","AllSite","10yrs","St. Landry","Opelousas, Sunset, Eunice, Lawtell",470.713,447.178,494.249,468162,462.584,439.455,485.713,351423,458.509,435.584,481.434,83384,28.02,44.8,41.13,48.17
"B0066","https://nci-naaccr-zone-design.github.io/louisiana-2020/?address=B0066","Female","AllSite","10yrs","St. Landry","Opelousas, Sunset, Eunice, Lawtell",417.205,396.345,438.066,241067,414.204,393.494,434.915,186232,431.425,409.854,452.996,83384,28.02,44.8,41.13,48.17
"B0066","https://nci-naaccr-zone-design.github.io/louisiana-2020/?address=B0066","Male","AllSite","10yrs","St. Landry","Opelousas, Sunset, Eunice, Lawtell",522.348,496.231,548.466,227095,538.729,511.792,565.665,165191,605.107,574.851,635.362,83384,28.02,44.8,41.13,48.17
"B0066","https://nci-naaccr-zone-design.github.io/louisiana-2020/?address=B0066","Male","Prostate","10yrs","St. Landry","Opelousas, Sunset, Eunice, Lawtell",179.113,170.158,188.069,227095,157.344,149.477,165.211,165191,185.322,176.056,194.588,83384,28.02,44.8,41.13,48.17
"B0066","https://nci-naaccr-zone-design.github.io/louisiana-2020/?address=B0066","Both","Lung","10yrs","St. Landry","Opelousas, Sunset, Eunice, Lawtell",50.984,48.435,53.533,468162,72.135,68.528,75.741,351423,70.508,66.982,74.033,83384,28.02,44.8,41.13,48.17
"B0066","https://nci-naaccr-zone-design.github.io/louisiana-2020/?address=B0066","Female","Lung","10yrs","St. Landry","Opelousas, Sunset, Eunice, Lawtell",56.762,53.924,59.6,241067,52.292,49.677,54.907,186232,41.967,39.868,44.065,83384,28.02,44.8,41.13,48.17
"B0066","https://nci-naaccr-zone-design.github.io/louisiana-2020/?address=B0066","Male","Lung","10yrs","St. Landry","Opelousas, Sunset, Eunice, Lawtell",112.702,107.067,118.337,227095,117.113,111.257,122.968,165191,105.006,99.755,110.256,83384,28.02,44.8,41.13,48.17
"B0066","https://nci-naaccr-zone-design.github.io/louisiana-2020/?address=B0066","Female","Breast","10yrs","St. Landry","Opelousas, Sunset, Eunice, Lawtell",110.236,104.724,115.748,241067,141.505,134.43,148.581,186232,131.427,124.856,137.998,83384,28.02,44.8,41.13,48.17
"B0066","https://nci-naaccr-zone-design.github.io/louisiana-2020/?address=B0066","Both","CRC","10yrs","St. Landry","Opelousas, Sunset, Eunice, Lawtell",47.842,45.45,50.235,468162,36.163,34.355,37.971,351423,60.091,57.086,63.095,83384,28.02,44.8,41.13,48.17
"B0066","https://nci-naaccr-zone-design.github.io/louisiana-2020/?address=B0066","Female","CRC","10yrs","St. Landry","Opelousas, Sunset, Eunice, Lawtell",53.232,50.57,55.893,241067,38.978,37.029,40.927,186232,40.6,38.57,42.629,83384,28.02,44.8,41.13,48.17
"B0066","https://nci-naaccr-zone-design.github.io/louisiana-2020/?address=B0066","Male","CRC","10yrs","St. Landry","Opelousas, Sunset, Eunice, Lawtell",66.138,62.831,69.445,227095,54.695,51.96,57.43,165191,50.154,47.646,52.662,83384,28.02,44.8,41.13,48.17
"B0066","https://nci-naaccr-zone-design.github.io/louisiana-2020/?address=B0066","Both","Kidney","10yrs","St. Landry","Opelousas, Sunset, Eunice, Lawtell",22.67,21.537,23.804,468162,25.439,24.167,26.711,351423,21.864,20.771,22.957,83384,28.02,44.8,41.13,48.17
"B0066","https://nci-naaccr-zone-design.github.io/louisiana-2020/?address=B0066","Female","Kidney","10yrs","St. Landry","Opelousas, Sunset, Eunice, Lawtell",13.072,12.418,13.725,241067,10.393,9.874,10.913,186232,12.641,12.009,13.273,83384,28.02,44.8,41.13,48.17
"B0066","https://nci-naaccr-zone-design.github.io/louisiana-2020/?address=B0066","Male","Kidney","10yrs","St. Landry","Opelousas, Sunset, Eunice, Lawtell",24.035,22.834,25.237,227095,24.912,23.666,26.158,165191,17.682,16.798,18.566,83384,28.02,44.8,41.13,48.17
"B0066","https://nci-naaccr-zone-design.github.io/louisiana-2020/?address=B0066","Both","NHL","10yrs","St. Landry","Opelousas, Sunset, Eunice, Lawtell",23.124,21.968,24.28,468162,23.827,22.636,25.018,351423,16.153,15.345,16.96,83384,28.02,44.8,41.13,48.17
"B0066","https://nci-naaccr-zone-design.github.io/louisiana-2020/?address=B0066","Female","NHL","10yrs","St. Landry","Opelousas, Sunset, Eunice, Lawtell",14.585,13.856,15.314,241067,19.924,18.928,20.92,186232,12.033,11.431,12.634,83384,28.02,44.8,41.13,48.17
"B0066","https://nci-naaccr-zone-design.github.io/louisiana-2020/?address=B0066","Male","NHL","10yrs","St. Landry","Opelousas, Sunset, Eunice, Lawtell",28.38,26.961,29.799,227095,18.905,17.96,19.85,165191,18.338,17.421,19.255,83384,28.02,44.8,41.13,48.17
"B0066","https://nci-naaccr-zone-design.github.io/louisiana-2020/?address=B0066","Both","Urinary","10yrs","St. Landry","Opelousas, Sunset, Eunice, Lawtell",14.922,14.176,15.668,468162,21.921,20.825,23.017,351423,25.621,24.34,26.902,83384,28.02,44.8,41.13,48.17
"B0066","https://nci-naaccr-zone-design.github.io/louisiana-2020/?address=B0066","Female","Urinary","10yrs","St. Landry","Opelousas, Sunset, Eunice, Lawtell",8.246,7.834,8.659,241067,8.244,7.832,8.656,186232,9.94,9.443,10.437,83384,28.02,44.8,41.13,48.17
"B0066","https://nci-naaccr-zone-design.github.io/louisiana-2020/?address=B0066","Male","Urinary","10yrs","St. Landry","Opelousas, Sunset, Eunice, Lawtell",28.402,26.982,29.822,227095,26.459,25.136,27.782,165191,20.302,19.286,21.317,83384,28.02,44.8,41.13,48.17
"B0066","https://nci-naaccr-zone-design.github.io/louisiana-2020/?address=B0066","Both","Mela","10yrs","St. Landry","Opelousas, Sunset, Eunice, Lawtell",4.688,4.454,4.923,468162,19.105,18.15,20.061,351423,16.718,15.882,17.554,83384,28.02,44.8,41.13,48.17
"B0066","https://nci-naaccr-zone-design.github.io/louisiana-2020/?address=B0066","Female","Mela","10yrs","St. Landry","Opelousas, Sunset, Eunice, Lawtell",4.051,3.849,4.254,241067,3.548,3.37,3.725,186232,13.547,12.87,14.224,83384,28.02,44.8,41.13,48.17
"B0066","https://nci-naaccr-zone-design.github.io/louisiana-2020/?address=B0066","Male","Mela","10yrs","St. Landry","Opelousas, Sunset, Eunice, Lawtell",11.215,10.654,11.775,227095,7.443,7.071,7.815,165191,33.113,31.457,34.768,83384,28.02,44.8,41.13,48.17
"B0066","https://nci-naaccr-zone-design.github.io/louisiana-2020/?address=B0066","Both","Pancreas","10yrs","St. Landry","Opelousas, Sunset, Eunice, Lawtell",14.202,13.492,14.913,468162,12.758,12.12,13.396,351423,14.283,13.569,14.997,83384,28.02,44.8,41.13,48.17
"B0066","https://nci-naaccr-zone-design.github.io/louisiana-2020/?address=B0066","Female","Pancreas","10yrs","St. Landry","Opelousas, Sunset, Eunice, Lawtell",16.688,15.854,17.523,241067,17.614,16.734,18.495,186232,10.275,9.761,10.789,83384,28.02,44.8,41.13,48.17
"B0066","https://nci-naaccr-zone-design.github.io/louisiana-2020/?address=B0066","Male","Pancreas","10yrs","St. Landry","Opelousas, Sunset, Eunice, Lawtell",16.605,15.775,17.435,227095,9.737,9.25,10.224,165191,18.195,17.285,19.105,83384,28.02,44.8,41.13,48.17
"B0066","https://nci-naaccr-zone-design.github.io/louisiana-2020/?address=B0066","Both","Leuks","10yrs","St. Landry","Opelousas, Sunset, Eunice, Lawtell",17.849,16.957,18.742,468162,9.289,8.825,9.754,351423,14.202,13.492,14.912,83384,28.02,44.8,41.13,48.17
"B0066","https://nci-naaccr-zone-design.github.io/louisiana-2020/?address=B0066","Female","Leuks","10yrs","St. Landry","Opelousas, Sunset, Eunice, Lawtell",15.129,14.372,15.885,241067,6.423,6.102,6.744,186232,14.353,13.635,15.07,83384,28.02,44.8,41.13,48.17
"B0066","https://nci-naaccr-zone-design.github.io/louisiana-2020/?address=B0066","Male","Leuks","10yrs","St. Landry","Opelousas, Sunset, Eunice, Lawtell",14.842,14.1,15.584,227095,23.104,21.949,24.259,165191,24.652,23.42,25.885,83384,28.02,44.8,41.13,48.17
"B0066","https://nci-naaccr-zone-design.github.io/louisiana-2020/?address=B0066","Both","Oral","10yrs","St. Landry","Opelousas, Sunset, Eunice, Lawtell",13.892,13.197,14.586,468162,15.891,15.096,16.686,351423,14.496,13.771,15.221,83384,28.02,44.8,41.13,48.17
"B0066","https://nci-naaccr-zone-design.github.io/louisiana-2020/?address=B0066","Female","Oral","10yrs","St. Landry","Opelousas, Sunset, Eunice, Lawtell",6.769,6.431,7.108,241067,9.024,8.573,9.476,186232,8.823,8.382,9.265,83384,28.02,44.8,41.13,48.17
"B0066","https://nci-naaccr-zone-design.github.io/louisiana-2020/?address=B0066","Male","Oral","10yrs","St. Landry","Opelousas, Sunset, Eunice, Lawtell",24.657,23.424,25.889,227095,20.581,19.552,21.61,165191,25.512,24.237,26.788,83384,28.02,44.8,41.13,48.17
"B0066","https://nci-naaccr-zone-design.github.io/louisiana-2020/?address=B0066","Both","Thyroid","10yrs","St. Landry","Opelousas, Sunset, Eunice, Lawtell",15.793,15.003,16.582,468162,12.388,11.768,13.007,351423,12.604,11.974,13.235,83384,28.02,44.8,41.13,48.17
"B0066","https://nci-naaccr-zone-design.github.io/louisiana-2020/?address=B0066","Female","Thyroid","10yrs","St. Landry","Opelousas, Sunset, Eunice, Lawtell",12.527,11.9,13.153,241067,22.471,21.348,23.595,186232,19.785,18.796,20.775,83384,28.02,44.8,41.13,48.17
"B0066","https://nci-naaccr-zone-design.github.io/louisiana-2020/?address=B0066","Male","Thyroid","10yrs","St. Landry","Opelousas, Sunset, Eunice, Lawtell",5.648,5.365,5.93,227095,7.852,7.459,8.244,165191,8.15,7.743,8.558,83384,28.02,44.8,41.13,48.17
"B0066","https://nci-naaccr-zone-design.github.io/louisiana-2020/?address=B0066","Female","Uterine","10yrs","St. Landry","Opelousas, Sunset, Eunice, Lawtell",14.213,13.502,14.923,241067,22.108,21.003,23.213,186232,25.682,24.397,26.966,83384,28.02,44.8,41.13,48.17
"B0066","https://nci-naaccr-zone-design.github.io/louisiana-2020/?address=B0066","Both","Liver","10yrs","St. Landry","Opelousas, Sunset, Eunice, Lawtell",14.588,13.859,15.318,468162,13.632,12.95,14.313,351423,6.367,6.049,6.686,83384,28.02,44.8,41.13,48.17
"B0066","https://nci-naaccr-zone-design.github.io/louisiana-2020/?address=B0066","Female","Liver","10yrs","St. Landry","Opelousas, Sunset, Eunice, Lawtell",3.603,3.423,3.784,241067,5.72,5.434,6.006,186232,2.018,1.917,2.118,83384,28.02,44.8,41.13,48.17
"B0066","https://nci-naaccr-zone-design.github.io/louisiana-2020/?address=B0066","Male","Liver","10yrs","St. Landry","Opelousas, Sunset, Eunice, Lawtell",13.657,12.974,14.339,227095,14.952,14.204,15.699,165191,17.138,16.281,17.995,83384,28.02,44.8,41.13,48.17
"B0066","https://nci-naaccr-zone-design.github.io/louisiana-2020/?address=B0066","Both","Stomach","10yrs","St. Landry","Opelousas, Sunset, Eunice, Lawtell",11.125,10.569,11.681,468162,7.536,7.159,7.913,351423,6.06,5.757,6.364,83384,28.02,44.8,41.13,48.17
"B0066","https://nci-naaccr-zone-design.github.io/louisiana-2020/?address=B0066","Female","Stomach","10yrs","St. Landry","Opelousas, Sunset, Eunice, Lawtell",8.987,8.538,9.437,241067,8.903,8.458,9.348,186232,4.45,4.228,4.673,83384,28.02,44.8,41.13,48.17
"B0066","https://nci-naaccr-zone-design.github.io/louisiana-2020/?address=B0066","Male","Stomach","10yrs","St. Landry","Opelousas, Sunset, Eunice, Lawtell",10.562,10.034,11.091,227095,14.267,13.554,14.98,165191,7.059,6.706,7.412,83384,28.02,44.8,41.13,48.17
"B0066","https://nci-naaccr-zone-design.github.io/louisiana-2020/?address=B0066","Both","Myeloma","10yrs","St. Landry","Opelousas, Sunset, Eunice, Lawtell",4.173,3.964,4.381,468162,6.685,6.351,7.019,351423,7.586,7.207,7.965,83384,28.02,44.8,41.13,48.17
"B0066","https://nci-naaccr-zone-design.github.io/louisiana-2020/?address=B0066","Female","Myeloma","10yrs","St. Landry","Opelousas, Sunset, Eunice, Lawtell",11.604,11.024,12.184,241067,7.716,7.331,8.102,186232,2.971,2.822,3.119,83384,28.02,44.8,41.13,48.17
"B0066","https://nci-naaccr-zone-design.github.io/louisiana-2020/?address=B0066","Male","Myeloma","10yrs","St. Landry","Opelousas, Sunset, Eunice, Lawtell",14.351,13.633,15.068,227095,12.357,11.739,12.975,165191,11.79,11.201,12.38,83384,28.02,44.8,41.13,48.17
"B0066","https://nci-naaccr-zone-design.github.io/louisiana-2020/?address=B0066","Both","Brain","10yrs","St. Landry","Opelousas, Sunset, Eunice, Lawtell",8.446,8.023,8.868,468162,5.526,5.25,5.803,351423,4.262,4.049,4.476,83384,28.02,44.8,41.13,48.17
"B0066","https://nci-naaccr-zone-design.github.io/louisiana-2020/?address=B0066","Female","Brain","10yrs","St. Landry","Opelousas, Sunset, Eunice, Lawtell",3.761,3.573,3.949,241067,2.741,2.604,2.878,186232,7.192,6.832,7.552,83384,28.02,44.8,41.13,48.17
"B0066","https://nci-naaccr-zone-design.github.io/louisiana-2020/?address=B0066","Male","Brain","10yrs","St. Landry","Opelousas, Sunset, Eunice, Lawtell",5.671,5.387,5.954,227095,8.556,8.129,8.984,165191,3.485,3.311,3.659,83384,28.02,44.8,41.13,48.17
"B0066","https://nci-naaccr-zone-design.github.io/louisiana-2020/?address=B0066","Both","Larynx","10yrs","St. Landry","Opelousas, Sunset, Eunice, Lawtell",2.868,2.725,3.012,468162,7.094,6.739,7.449,351423,7.237,6.875,7.599,83384,28.02,44.8,41.13,48.17
"B0066","https://nci-naaccr-zone-design.github.io/louisiana-2020/?address=B0066","Female","Larynx","10yrs","St. Landry","Opelousas, Sunset, Eunice, Lawtell",1.613,1.532,1.694,241067,1.415,1.345,1.486,186232,1.21,1.149,1.27,83384,28.02,44.8,41.13,48.17
"B0066","https://nci-naaccr-zone-design.github.io/louisiana-2020/?address=B0066","Male","Larynx","10yrs","St. Landry","Opelousas, Sunset, Eunice, Lawtell",8.98,8.531,9.429,227095,14.48,13.756,15.204,165191,11.484,10.91,12.059,83384,28.02,44.8,41.13,48.17
"B0066","https://nci-naaccr-zone-design.github.io/louisiana-2020/?address=B0066","Female","Ovary","10yrs","St. Landry","Opelousas, Sunset, Eunice, Lawtell",14.247,13.535,14.959,241067,13.611,12.93,14.292,186232,8.678,8.244,9.112,83384,28.02,44.8,41.13,48.17
"B0066","https://nci-naaccr-zone-design.github.io/louisiana-2020/?address=B0066","Both","Esoph","10yrs","St. Landry","Opelousas, Sunset, Eunice, Lawtell",5.007,4.757,5.257,468162,4.155,3.948,4.363,351423,3.971,3.772,4.17,83384,28.02,44.8,41.13,48.17
"B0066","https://nci-naaccr-zone-design.github.io/louisiana-2020/?address=B0066","Female","Esoph","10yrs","St. Landry","Opelousas, Sunset, Eunice, Lawtell",2.662,2.529,2.795,241067,2.893,2.748,3.038,186232,"","","",83384,28.02,44.8,41.13,48.17
"B0066","https://nci-naaccr-zone-design.github.io/louisiana-2020/?address=B0066","Male","Esoph","10yrs","St. Landry","Opelousas, Sunset, Eunice, Lawtell",10.437,9.915,10.959,227095,8.601,8.171,9.031,165191,11.184,10.625,11.743,83384,28.02,44.8,41.13,48.17
