"Zone","URL","Sex","Cancer","Years","Counties","Places","AAIR","LCI","UCI","White_PopTot","White_AAIR","White_LCI","White_UCI","Black_PopTot","Black_AAIR","Black_LCI","Black_UCI","TotalPop","Pct100Pov","PctMinority","PctBlackNH","PctRural"
"A9011","https://nci-naaccr-zone-design.github.io/louisiana-2020/?address=A9011","Both","AllSite","05yrs","St. Tammany","Abita Springs, Sun, Slidell, Pearl River",536.749,509.911,563.586,251341,477.612,453.731,501.492,35220,466.725,443.389,490.062,59683,14.69,19.07,10.68,32.05
"A9011","https://nci-naaccr-zone-design.github.io/louisiana-2020/?address=A9011","Female","AllSite","05yrs","St. Tammany","Abita Springs, Sun, Slidell, Pearl River",380.564,361.536,399.592,129017,429.094,407.64,450.549,18132,413.485,392.81,434.159,59683,14.69,19.07,10.68,32.05
"A9011","https://nci-naaccr-zone-design.github.io/louisiana-2020/?address=A9011","Male","AllSite","05yrs","St. Tammany","Abita Springs, Sun, Slidell, Pearl River",603.097,572.942,633.252,122324,632.59,600.961,664.22,17088,545.73,518.443,573.016,59683,14.69,19.07,10.68,32.05
"A9011","https://nci-naaccr-zone-design.github.io/louisiana-2020/?address=A9011","Male","Prostate","05yrs","St. Tammany","Abita Springs, Sun, Slidell, Pearl River",183.754,174.566,192.942,122324,208.934,198.488,219.381,17088,177.985,169.086,186.884,59683,14.69,19.07,10.68,32.05
"A9011","https://nci-naaccr-zone-design.github.io/louisiana-2020/?address=A9011","Both","Lung","05yrs","St. Tammany","Abita Springs, Sun, Slidell, Pearl River",54.648,51.916,57.381,251341,48.21,45.799,50.62,35220,57.5,54.625,60.375,59683,14.69,19.07,10.68,32.05
"A9011","https://nci-naaccr-zone-design.github.io/louisiana-2020/?address=A9011","Female","Lung","05yrs","St. Tammany","Abita Springs, Sun, Slidell, Pearl River",52.034,49.432,54.635,129017,62.874,59.73,66.018,18132,39.743,37.756,41.73,59683,14.69,19.07,10.68,32.05
"A9011","https://nci-naaccr-zone-design.github.io/louisiana-2020/?address=A9011","Male","Lung","05yrs","St. Tammany","Abita Springs, Sun, Slidell, Pearl River",93.482,88.808,98.156,122324,83.526,79.35,87.703,17088,101.09,96.036,106.145,59683,14.69,19.07,10.68,32.05
"A9011","https://nci-naaccr-zone-design.github.io/louisiana-2020/?address=A9011","Female","Breast","05yrs","St. Tammany","Abita Springs, Sun, Slidell, Pearl River",111.549,105.971,117.126,129017,116.308,110.493,122.124,18132,126.233,119.922,132.545,59683,14.69,19.07,10.68,32.05
"A9011","https://nci-naaccr-zone-design.github.io/louisiana-2020/?address=A9011","Both","CRC","05yrs","St. Tammany","Abita Springs, Sun, Slidell, Pearl River",50.583,48.054,53.113,251341,49.83,47.339,52.322,35220,42.611,40.48,44.741,59683,14.69,19.07,10.68,32.05
"A9011","https://nci-naaccr-zone-design.github.io/louisiana-2020/?address=A9011","Female","CRC","05yrs","St. Tammany","Abita Springs, Sun, Slidell, Pearl River",38.83,36.888,40.771,129017,43.748,41.56,45.935,18132,47.064,44.711,49.417,59683,14.69,19.07,10.68,32.05
"A9011","https://nci-naaccr-zone-design.github.io/louisiana-2020/?address=A9011","Male","CRC","05yrs","St. Tammany","Abita Springs, Sun, Slidell, Pearl River",57.13,54.273,59.986,122324,40.539,38.512,42.566,17088,65.198,61.938,68.457,59683,14.69,19.07,10.68,32.05
"A9011","https://nci-naaccr-zone-design.github.io/louisiana-2020/?address=A9011","Both","Kidney","05yrs","St. Tammany","Abita Springs, Sun, Slidell, Pearl River",18.26,17.347,19.173,251341,24.934,23.688,26.181,35220,21.548,20.47,22.625,59683,14.69,19.07,10.68,32.05
"A9011","https://nci-naaccr-zone-design.github.io/louisiana-2020/?address=A9011","Female","Kidney","05yrs","St. Tammany","Abita Springs, Sun, Slidell, Pearl River",15.263,14.499,16.026,129017,18.76,17.822,19.698,18132,"","","",59683,14.69,19.07,10.68,32.05
"A9011","https://nci-naaccr-zone-design.github.io/louisiana-2020/?address=A9011","Male","Kidney","05yrs","St. Tammany","Abita Springs, Sun, Slidell, Pearl River",27.683,26.298,29.067,122324,30.005,28.504,31.505,17088,18.19,17.281,19.1,59683,14.69,19.07,10.68,32.05
"A9011","https://nci-naaccr-zone-design.github.io/louisiana-2020/?address=A9011","Both","NHL","05yrs","St. Tammany","Abita Springs, Sun, Slidell, Pearl River",20.875,19.831,21.919,251341,14.754,14.016,15.491,35220,19.958,18.96,20.956,59683,14.69,19.07,10.68,32.05
"A9011","https://nci-naaccr-zone-design.github.io/louisiana-2020/?address=A9011","Female","NHL","05yrs","St. Tammany","Abita Springs, Sun, Slidell, Pearl River",9.848,9.356,10.341,129017,21.763,20.674,22.851,18132,"","","",59683,14.69,19.07,10.68,32.05
"A9011","https://nci-naaccr-zone-design.github.io/louisiana-2020/?address=A9011","Male","NHL","05yrs","St. Tammany","Abita Springs, Sun, Slidell, Pearl River",25.25,23.988,26.513,122324,26.85,25.507,28.192,17088,18.987,18.038,19.936,59683,14.69,19.07,10.68,32.05
"A9011","https://nci-naaccr-zone-design.github.io/louisiana-2020/?address=A9011","Both","Urinary","05yrs","St. Tammany","Abita Springs, Sun, Slidell, Pearl River",16.909,16.064,17.755,251341,22.081,20.977,23.185,35220,16.986,16.137,17.835,59683,14.69,19.07,10.68,32.05
"A9011","https://nci-naaccr-zone-design.github.io/louisiana-2020/?address=A9011","Female","Urinary","05yrs","St. Tammany","Abita Springs, Sun, Slidell, Pearl River",11.821,11.23,12.412,129017,12.552,11.924,13.179,18132,"","","",59683,14.69,19.07,10.68,32.05
"A9011","https://nci-naaccr-zone-design.github.io/louisiana-2020/?address=A9011","Male","Urinary","05yrs","St. Tammany","Abita Springs, Sun, Slidell, Pearl River",34.894,33.149,36.638,122324,36.387,34.568,38.206,17088,33.961,32.263,35.659,59683,14.69,19.07,10.68,32.05
"A9011","https://nci-naaccr-zone-design.github.io/louisiana-2020/?address=A9011","Both","Mela","05yrs","St. Tammany","Abita Springs, Sun, Slidell, Pearl River",21.579,20.5,22.658,251341,25.522,24.246,26.798,35220,"","","",59683,14.69,19.07,10.68,32.05
"A9011","https://nci-naaccr-zone-design.github.io/louisiana-2020/?address=A9011","Female","Mela","05yrs","St. Tammany","Abita Springs, Sun, Slidell, Pearl River",21.185,20.125,22.244,129017,16.345,15.528,17.162,18132,22.379,21.26,23.498,59683,14.69,19.07,10.68,32.05
"A9011","https://nci-naaccr-zone-design.github.io/louisiana-2020/?address=A9011","Male","Mela","05yrs","St. Tammany","Abita Springs, Sun, Slidell, Pearl River",14.405,13.685,15.125,122324,38.882,36.938,40.827,17088,36.105,34.3,37.91,59683,14.69,19.07,10.68,32.05
"A9011","https://nci-naaccr-zone-design.github.io/louisiana-2020/?address=A9011","Both","Pancreas","05yrs","St. Tammany","Abita Springs, Sun, Slidell, Pearl River",17.895,17.0,18.789,251341,14.916,14.17,15.662,35220,17.53,16.654,18.407,59683,14.69,19.07,10.68,32.05
"A9011","https://nci-naaccr-zone-design.github.io/louisiana-2020/?address=A9011","Female","Pancreas","05yrs","St. Tammany","Abita Springs, Sun, Slidell, Pearl River",9.87,9.377,10.364,129017,13.683,12.998,14.367,18132,"","","",59683,14.69,19.07,10.68,32.05
"A9011","https://nci-naaccr-zone-design.github.io/louisiana-2020/?address=A9011","Male","Pancreas","05yrs","St. Tammany","Abita Springs, Sun, Slidell, Pearl River",11.385,10.816,11.954,122324,14.299,13.584,15.014,17088,20.576,19.547,21.605,59683,14.69,19.07,10.68,32.05
"A9011","https://nci-naaccr-zone-design.github.io/louisiana-2020/?address=A9011","Both","Leuks","05yrs","St. Tammany","Abita Springs, Sun, Slidell, Pearl River",11.295,10.73,11.86,251341,17.596,16.716,18.475,35220,10.253,9.741,10.766,59683,14.69,19.07,10.68,32.05
"A9011","https://nci-naaccr-zone-design.github.io/louisiana-2020/?address=A9011","Female","Leuks","05yrs","St. Tammany","Abita Springs, Sun, Slidell, Pearl River",12.582,11.953,13.211,129017,11.24,10.678,11.802,18132,"","","",59683,14.69,19.07,10.68,32.05
"A9011","https://nci-naaccr-zone-design.github.io/louisiana-2020/?address=A9011","Male","Leuks","05yrs","St. Tammany","Abita Springs, Sun, Slidell, Pearl River",24.215,23.005,25.426,122324,25.726,24.44,27.012,17088,21.788,20.698,22.877,59683,14.69,19.07,10.68,32.05
"A9011","https://nci-naaccr-zone-design.github.io/louisiana-2020/?address=A9011","Both","Oral","05yrs","St. Tammany","Abita Springs, Sun, Slidell, Pearl River",15.329,14.563,16.095,251341,12.674,12.04,13.307,35220,10.524,9.997,11.05,59683,14.69,19.07,10.68,32.05
"A9011","https://nci-naaccr-zone-design.github.io/louisiana-2020/?address=A9011","Female","Oral","05yrs","St. Tammany","Abita Springs, Sun, Slidell, Pearl River",4.719,4.483,4.955,129017,8.576,8.148,9.005,18132,"","","",59683,14.69,19.07,10.68,32.05
"A9011","https://nci-naaccr-zone-design.github.io/louisiana-2020/?address=A9011","Male","Oral","05yrs","St. Tammany","Abita Springs, Sun, Slidell, Pearl River",13.898,13.203,14.593,122324,21.189,20.129,22.248,17088,27.285,25.921,28.649,59683,14.69,19.07,10.68,32.05
"A9011","https://nci-naaccr-zone-design.github.io/louisiana-2020/?address=A9011","Both","Thyroid","05yrs","St. Tammany","Abita Springs, Sun, Slidell, Pearl River",15.088,14.334,15.843,251341,17.331,16.464,18.197,35220,11.351,10.783,11.918,59683,14.69,19.07,10.68,32.05
"A9011","https://nci-naaccr-zone-design.github.io/louisiana-2020/?address=A9011","Female","Thyroid","05yrs","St. Tammany","Abita Springs, Sun, Slidell, Pearl River",25.336,24.07,26.603,129017,15.793,15.003,16.582,18132,22.873,21.729,24.017,59683,14.69,19.07,10.68,32.05
"A9011","https://nci-naaccr-zone-design.github.io/louisiana-2020/?address=A9011","Male","Thyroid","05yrs","St. Tammany","Abita Springs, Sun, Slidell, Pearl River",4.317,4.101,4.533,122324,2.651,2.519,2.784,17088,"","","",59683,14.69,19.07,10.68,32.05
"A9011","https://nci-naaccr-zone-design.github.io/louisiana-2020/?address=A9011","Female","Uterine","05yrs","St. Tammany","Abita Springs, Sun, Slidell, Pearl River",25.906,24.611,27.201,129017,17.346,16.478,18.213,18132,"","","",59683,14.69,19.07,10.68,32.05
"A9011","https://nci-naaccr-zone-design.github.io/louisiana-2020/?address=A9011","Both","Liver","05yrs","St. Tammany","Abita Springs, Sun, Slidell, Pearl River",9.616,9.135,10.097,251341,6.247,5.935,6.559,35220,13.707,13.021,14.392,59683,14.69,19.07,10.68,32.05
"A9011","https://nci-naaccr-zone-design.github.io/louisiana-2020/?address=A9011","Female","Liver","05yrs","St. Tammany","Abita Springs, Sun, Slidell, Pearl River",3.858,3.665,4.051,129017,"","","",18132,"","","",59683,14.69,19.07,10.68,32.05
"A9011","https://nci-naaccr-zone-design.github.io/louisiana-2020/?address=A9011","Male","Liver","05yrs","St. Tammany","Abita Springs, Sun, Slidell, Pearl River",13.571,12.892,14.249,122324,20.277,19.264,21.291,17088,"","","",59683,14.69,19.07,10.68,32.05
"A9011","https://nci-naaccr-zone-design.github.io/louisiana-2020/?address=A9011","Both","Stomach","05yrs","St. Tammany","Abita Springs, Sun, Slidell, Pearl River",6.443,6.121,6.765,251341,6.885,6.541,7.229,35220,"","","",59683,14.69,19.07,10.68,32.05
"A9011","https://nci-naaccr-zone-design.github.io/louisiana-2020/?address=A9011","Female","Stomach","05yrs","St. Tammany","Abita Springs, Sun, Slidell, Pearl River",6.298,5.983,6.613,129017,6.25,5.938,6.563,18132,"","","",59683,14.69,19.07,10.68,32.05
"A9011","https://nci-naaccr-zone-design.github.io/louisiana-2020/?address=A9011","Male","Stomach","05yrs","St. Tammany","Abita Springs, Sun, Slidell, Pearl River",10.37,9.851,10.888,122324,8.832,8.39,9.273,17088,"","","",59683,14.69,19.07,10.68,32.05
"A9011","https://nci-naaccr-zone-design.github.io/louisiana-2020/?address=A9011","Both","Myeloma","05yrs","St. Tammany","Abita Springs, Sun, Slidell, Pearl River",6.332,6.015,6.648,251341,12.434,11.812,13.056,35220,"","","",59683,14.69,19.07,10.68,32.05
"A9011","https://nci-naaccr-zone-design.github.io/louisiana-2020/?address=A9011","Female","Myeloma","05yrs","St. Tammany","Abita Springs, Sun, Slidell, Pearl River",10.164,9.656,10.672,129017,6.655,6.323,6.988,18132,"","","",59683,14.69,19.07,10.68,32.05
"A9011","https://nci-naaccr-zone-design.github.io/louisiana-2020/?address=A9011","Male","Myeloma","05yrs","St. Tammany","Abita Springs, Sun, Slidell, Pearl River",10.857,10.314,11.399,122324,10.247,9.735,10.76,17088,"","","",59683,14.69,19.07,10.68,32.05
"A9011","https://nci-naaccr-zone-design.github.io/louisiana-2020/?address=A9011","Both","Brain","05yrs","St. Tammany","Abita Springs, Sun, Slidell, Pearl River",8.263,7.85,8.676,251341,5.313,5.048,5.579,35220,"","","",59683,14.69,19.07,10.68,32.05
"A9011","https://nci-naaccr-zone-design.github.io/louisiana-2020/?address=A9011","Female","Brain","05yrs","St. Tammany","Abita Springs, Sun, Slidell, Pearl River",4.728,4.492,4.965,129017,3.264,3.101,3.427,18132,"","","",59683,14.69,19.07,10.68,32.05
"A9011","https://nci-naaccr-zone-design.github.io/louisiana-2020/?address=A9011","Male","Brain","05yrs","St. Tammany","Abita Springs, Sun, Slidell, Pearl River",10.989,10.44,11.538,122324,11.285,10.721,11.849,17088,"","","",59683,14.69,19.07,10.68,32.05
"A9011","https://nci-naaccr-zone-design.github.io/louisiana-2020/?address=A9011","Both","Larynx","05yrs","St. Tammany","Abita Springs, Sun, Slidell, Pearl River",9.204,8.744,9.664,251341,3.574,3.395,3.752,35220,"","","",59683,14.69,19.07,10.68,32.05
"A9011","https://nci-naaccr-zone-design.github.io/louisiana-2020/?address=A9011","Female","Larynx","05yrs","St. Tammany","Abita Springs, Sun, Slidell, Pearl River","","","",129017,"","","",18132,"","","",59683,14.69,19.07,10.68,32.05
"A9011","https://nci-naaccr-zone-design.github.io/louisiana-2020/?address=A9011","Male","Larynx","05yrs","St. Tammany","Abita Springs, Sun, Slidell, Pearl River",14.664,13.931,15.397,122324,8.365,7.947,8.783,17088,"","","",59683,14.69,19.07,10.68,32.05
"A9011","https://nci-naaccr-zone-design.github.io/louisiana-2020/?address=A9011","Female","Ovary","05yrs","St. Tammany","Abita Springs, Sun, Slidell, Pearl River",12.528,11.901,13.154,129017,14.485,13.76,15.209,18132,"","","",59683,14.69,19.07,10.68,32.05
"A9011","https://nci-naaccr-zone-design.github.io/louisiana-2020/?address=A9011","Both","Esoph","05yrs","St. Tammany","Abita Springs, Sun, Slidell, Pearl River",4.594,4.365,4.824,251341,3.11,2.954,3.265,35220,"","","",59683,14.69,19.07,10.68,32.05
"A9011","https://nci-naaccr-zone-design.github.io/louisiana-2020/?address=A9011","Female","Esoph","05yrs","St. Tammany","Abita Springs, Sun, Slidell, Pearl River",3.472,3.299,3.646,129017,3.762,3.574,3.95,18132,"","","",59683,14.69,19.07,10.68,32.05
"A9011","https://nci-naaccr-zone-design.github.io/louisiana-2020/?address=A9011","Male","Esoph","05yrs","St. Tammany","Abita Springs, Sun, Slidell, Pearl River",10.85,10.308,11.393,122324,7.989,7.589,8.388,17088,"","","",59683,14.69,19.07,10.68,32.05
"A9011","https://nci-naaccr-zone-design.github.io/louisiana-2020/?address=A9011","Both","AllSite","10yrs","St. Tammany","Abita Springs, Sun, Slidell, Pearl River",542.324,515.208,569.441,489286,444.497,422.272,466.722,67076,468.335,444.918,491.752,59683,14.69,19.07,10.68,32.05
"A9011","https://nci-naaccr-zone-design.github.io/louisiana-2020/?address=A9011","Female","AllSite","10yrs","St. Tammany","Abita Springs, Sun, Slidell, Pearl River",386.917,367.571,406.262,250437,391.066,371.513,410.619,34618,451.918,429.322,474.514,59683,14.69,19.07,10.68,32.05
"A9011","https://nci-naaccr-zone-design.github.io/louisiana-2020/?address=A9011","Male","AllSite","10yrs","St. Tammany","Abita Springs, Sun, Slidell, Pearl River",652.991,620.341,685.64,238848,648.531,616.104,680.958,32458,679.545,645.568,713.522,59683,14.69,19.07,10.68,32.05
"A9011","https://nci-naaccr-zone-design.github.io/louisiana-2020/?address=A9011","Male","Prostate","10yrs","St. Tammany","Abita Springs, Sun, Slidell, Pearl River",160.361,152.343,168.379,238848,213.414,202.743,224.085,32458,174.752,166.014,183.49,59683,14.69,19.07,10.68,32.05
"A9011","https://nci-naaccr-zone-design.github.io/louisiana-2020/?address=A9011","Both","Lung","10yrs","St. Tammany","Abita Springs, Sun, Slidell, Pearl River",56.554,53.727,59.382,489286,78.533,74.607,82.46,67076,73.933,70.237,77.63,59683,14.69,19.07,10.68,32.05
"A9011","https://nci-naaccr-zone-design.github.io/louisiana-2020/?address=A9011","Female","Lung","10yrs","St. Tammany","Abita Springs, Sun, Slidell, Pearl River",44.204,41.993,46.414,250437,61.454,58.382,64.527,34618,47.741,45.354,50.128,59683,14.69,19.07,10.68,32.05
"A9011","https://nci-naaccr-zone-design.github.io/louisiana-2020/?address=A9011","Male","Lung","10yrs","St. Tammany","Abita Springs, Sun, Slidell, Pearl River",59.403,56.433,62.373,238848,93.178,88.519,97.837,32458,66.32,63.004,69.636,59683,14.69,19.07,10.68,32.05
"A9011","https://nci-naaccr-zone-design.github.io/louisiana-2020/?address=A9011","Female","Breast","10yrs","St. Tammany","Abita Springs, Sun, Slidell, Pearl River",119.715,113.73,125.701,250437,113.85,108.157,119.542,34618,97.047,92.195,101.9,59683,14.69,19.07,10.68,32.05
"A9011","https://nci-naaccr-zone-design.github.io/louisiana-2020/?address=A9011","Both","CRC","10yrs","St. Tammany","Abita Springs, Sun, Slidell, Pearl River",57.399,54.529,60.269,489286,48.782,46.342,51.221,67076,35.004,33.254,36.754,59683,14.69,19.07,10.68,32.05
"A9011","https://nci-naaccr-zone-design.github.io/louisiana-2020/?address=A9011","Female","CRC","10yrs","St. Tammany","Abita Springs, Sun, Slidell, Pearl River",35.401,33.631,37.172,250437,38.899,36.954,40.843,34618,44.29,42.076,46.505,59683,14.69,19.07,10.68,32.05
"A9011","https://nci-naaccr-zone-design.github.io/louisiana-2020/?address=A9011","Male","CRC","10yrs","St. Tammany","Abita Springs, Sun, Slidell, Pearl River",63.632,60.45,66.814,238848,41.142,39.085,43.199,32458,57.446,54.574,60.319,59683,14.69,19.07,10.68,32.05
"A9011","https://nci-naaccr-zone-design.github.io/louisiana-2020/?address=A9011","Both","Kidney","10yrs","St. Tammany","Abita Springs, Sun, Slidell, Pearl River",16.854,16.011,17.696,489286,24.605,23.374,25.835,67076,17.211,16.35,18.071,59683,14.69,19.07,10.68,32.05
"A9011","https://nci-naaccr-zone-design.github.io/louisiana-2020/?address=A9011","Female","Kidney","10yrs","St. Tammany","Abita Springs, Sun, Slidell, Pearl River",19.147,18.19,20.105,250437,18.242,17.33,19.154,34618,12.104,11.499,12.709,59683,14.69,19.07,10.68,32.05
"A9011","https://nci-naaccr-zone-design.github.io/louisiana-2020/?address=A9011","Male","Kidney","10yrs","St. Tammany","Abita Springs, Sun, Slidell, Pearl River",34.389,32.67,36.108,238848,28.895,27.45,30.34,32458,17.969,17.071,18.868,59683,14.69,19.07,10.68,32.05
"A9011","https://nci-naaccr-zone-design.github.io/louisiana-2020/?address=A9011","Both","NHL","10yrs","St. Tammany","Abita Springs, Sun, Slidell, Pearl River",24.077,22.873,25.281,489286,19.986,18.987,20.986,67076,20.856,19.813,21.899,59683,14.69,19.07,10.68,32.05
"A9011","https://nci-naaccr-zone-design.github.io/louisiana-2020/?address=A9011","Female","NHL","10yrs","St. Tammany","Abita Springs, Sun, Slidell, Pearl River",15.476,14.703,16.25,250437,9.561,9.083,10.039,34618,16.056,15.253,16.859,59683,14.69,19.07,10.68,32.05
"A9011","https://nci-naaccr-zone-design.github.io/louisiana-2020/?address=A9011","Male","NHL","10yrs","St. Tammany","Abita Springs, Sun, Slidell, Pearl River",23.633,22.451,24.814,238848,33.248,31.585,34.91,32458,30.503,28.978,32.028,59683,14.69,19.07,10.68,32.05
"A9011","https://nci-naaccr-zone-design.github.io/louisiana-2020/?address=A9011","Both","Urinary","10yrs","St. Tammany","Abita Springs, Sun, Slidell, Pearl River",26.438,25.116,27.76,489286,26.644,25.312,27.976,67076,19.806,18.816,20.796,59683,14.69,19.07,10.68,32.05
"A9011","https://nci-naaccr-zone-design.github.io/louisiana-2020/?address=A9011","Female","Urinary","10yrs","St. Tammany","Abita Springs, Sun, Slidell, Pearl River",7.404,7.034,7.775,250437,11.636,11.055,12.218,34618,5.951,5.654,6.249,59683,14.69,19.07,10.68,32.05
"A9011","https://nci-naaccr-zone-design.github.io/louisiana-2020/?address=A9011","Male","Urinary","10yrs","St. Tammany","Abita Springs, Sun, Slidell, Pearl River",36.639,34.807,38.471,238848,36.703,34.868,38.538,32458,35.384,33.614,37.153,59683,14.69,19.07,10.68,32.05
"A9011","https://nci-naaccr-zone-design.github.io/louisiana-2020/?address=A9011","Both","Mela","10yrs","St. Tammany","Abita Springs, Sun, Slidell, Pearl River",24.31,23.094,25.525,489286,28.516,27.09,29.941,67076,10.263,9.75,10.776,59683,14.69,19.07,10.68,32.05
"A9011","https://nci-naaccr-zone-design.github.io/louisiana-2020/?address=A9011","Female","Mela","10yrs","St. Tammany","Abita Springs, Sun, Slidell, Pearl River",14.465,13.742,15.188,250437,20.987,19.938,22.036,34618,22.085,20.98,23.189,59683,14.69,19.07,10.68,32.05
"A9011","https://nci-naaccr-zone-design.github.io/louisiana-2020/?address=A9011","Male","Mela","10yrs","St. Tammany","Abita Springs, Sun, Slidell, Pearl River",8.99,8.54,9.439,238848,36.786,34.947,38.626,32458,30.172,28.663,31.68,59683,14.69,19.07,10.68,32.05
"A9011","https://nci-naaccr-zone-design.github.io/louisiana-2020/?address=A9011","Both","Pancreas","10yrs","St. Tammany","Abita Springs, Sun, Slidell, Pearl River",12.895,12.25,13.539,489286,12.933,12.286,13.579,67076,18.12,17.214,19.026,59683,14.69,19.07,10.68,32.05
"A9011","https://nci-naaccr-zone-design.github.io/louisiana-2020/?address=A9011","Female","Pancreas","10yrs","St. Tammany","Abita Springs, Sun, Slidell, Pearl River",12.048,11.445,12.65,250437,14.267,13.554,14.98,34618,12.256,11.643,12.869,59683,14.69,19.07,10.68,32.05
"A9011","https://nci-naaccr-zone-design.github.io/louisiana-2020/?address=A9011","Male","Pancreas","10yrs","St. Tammany","Abita Springs, Sun, Slidell, Pearl River",14.282,13.568,14.996,238848,14.812,14.071,15.552,32458,16.366,15.548,17.185,59683,14.69,19.07,10.68,32.05
"A9011","https://nci-naaccr-zone-design.github.io/louisiana-2020/?address=A9011","Both","Leuks","10yrs","St. Tammany","Abita Springs, Sun, Slidell, Pearl River",12.145,11.538,12.752,489286,9.726,9.24,10.212,67076,17.357,16.489,18.225,59683,14.69,19.07,10.68,32.05
"A9011","https://nci-naaccr-zone-design.github.io/louisiana-2020/?address=A9011","Female","Leuks","10yrs","St. Tammany","Abita Springs, Sun, Slidell, Pearl River",7.5,7.125,7.875,250437,10.856,10.313,11.399,34618,14.291,13.577,15.006,59683,14.69,19.07,10.68,32.05
"A9011","https://nci-naaccr-zone-design.github.io/louisiana-2020/?address=A9011","Male","Leuks","10yrs","St. Tammany","Abita Springs, Sun, Slidell, Pearl River",9.841,9.349,10.333,238848,18.175,17.266,19.084,32458,11.251,10.688,11.813,59683,14.69,19.07,10.68,32.05
"A9011","https://nci-naaccr-zone-design.github.io/louisiana-2020/?address=A9011","Both","Oral","10yrs","St. Tammany","Abita Springs, Sun, Slidell, Pearl River",9.698,9.214,10.183,489286,11.87,11.276,12.463,67076,15.722,14.936,16.508,59683,14.69,19.07,10.68,32.05
"A9011","https://nci-naaccr-zone-design.github.io/louisiana-2020/?address=A9011","Female","Oral","10yrs","St. Tammany","Abita Springs, Sun, Slidell, Pearl River",4.467,4.243,4.69,250437,4.873,4.63,5.117,34618,"","","",59683,14.69,19.07,10.68,32.05
"A9011","https://nci-naaccr-zone-design.github.io/louisiana-2020/?address=A9011","Male","Oral","10yrs","St. Tammany","Abita Springs, Sun, Slidell, Pearl River",26.761,25.423,28.099,238848,23.85,22.657,25.042,32458,27.472,26.098,28.845,59683,14.69,19.07,10.68,32.05
"A9011","https://nci-naaccr-zone-design.github.io/louisiana-2020/?address=A9011","Both","Thyroid","10yrs","St. Tammany","Abita Springs, Sun, Slidell, Pearl River",12.013,11.412,12.613,489286,16.006,15.206,16.806,67076,15.823,15.032,16.614,59683,14.69,19.07,10.68,32.05
"A9011","https://nci-naaccr-zone-design.github.io/louisiana-2020/?address=A9011","Female","Thyroid","10yrs","St. Tammany","Abita Springs, Sun, Slidell, Pearl River",18.566,17.637,19.494,250437,15.078,14.324,15.832,34618,15.665,14.882,16.448,59683,14.69,19.07,10.68,32.05
"A9011","https://nci-naaccr-zone-design.github.io/louisiana-2020/?address=A9011","Male","Thyroid","10yrs","St. Tammany","Abita Springs, Sun, Slidell, Pearl River",2.955,2.807,3.102,238848,9.072,8.618,9.526,32458,"","","",59683,14.69,19.07,10.68,32.05
"A9011","https://nci-naaccr-zone-design.github.io/louisiana-2020/?address=A9011","Female","Uterine","10yrs","St. Tammany","Abita Springs, Sun, Slidell, Pearl River",23.885,22.691,25.079,250437,14.186,13.476,14.895,34618,21.606,20.526,22.687,59683,14.69,19.07,10.68,32.05
"A9011","https://nci-naaccr-zone-design.github.io/louisiana-2020/?address=A9011","Both","Liver","10yrs","St. Tammany","Abita Springs, Sun, Slidell, Pearl River",5.712,5.426,5.997,489286,5.876,5.583,6.17,67076,12.019,11.418,12.62,59683,14.69,19.07,10.68,32.05
"A9011","https://nci-naaccr-zone-design.github.io/louisiana-2020/?address=A9011","Female","Liver","10yrs","St. Tammany","Abita Springs, Sun, Slidell, Pearl River",7.432,7.061,7.804,250437,7.518,7.142,7.894,34618,"","","",59683,14.69,19.07,10.68,32.05
"A9011","https://nci-naaccr-zone-design.github.io/louisiana-2020/?address=A9011","Male","Liver","10yrs","St. Tammany","Abita Springs, Sun, Slidell, Pearl River",9.692,9.208,10.177,238848,16.151,15.343,16.958,32458,23.446,22.274,24.618,59683,14.69,19.07,10.68,32.05
"A9011","https://nci-naaccr-zone-design.github.io/louisiana-2020/?address=A9011","Both","Stomach","10yrs","St. Tammany","Abita Springs, Sun, Slidell, Pearl River",7.952,7.554,8.35,489286,6.254,5.941,6.567,67076,5.876,5.582,6.17,59683,14.69,19.07,10.68,32.05
"A9011","https://nci-naaccr-zone-design.github.io/louisiana-2020/?address=A9011","Female","Stomach","10yrs","St. Tammany","Abita Springs, Sun, Slidell, Pearl River",6.037,5.735,6.338,250437,9.392,8.923,9.862,34618,"","","",59683,14.69,19.07,10.68,32.05
"A9011","https://nci-naaccr-zone-design.github.io/louisiana-2020/?address=A9011","Male","Stomach","10yrs","St. Tammany","Abita Springs, Sun, Slidell, Pearl River",15.112,14.356,15.868,238848,14.414,13.693,15.135,32458,8.054,7.652,8.457,59683,14.69,19.07,10.68,32.05
"A9011","https://nci-naaccr-zone-design.github.io/louisiana-2020/?address=A9011","Both","Myeloma","10yrs","St. Tammany","Abita Springs, Sun, Slidell, Pearl River",4.167,3.958,4.375,489286,8.422,8.001,8.843,67076,11.514,10.938,12.089,59683,14.69,19.07,10.68,32.05
"A9011","https://nci-naaccr-zone-design.github.io/louisiana-2020/?address=A9011","Female","Myeloma","10yrs","St. Tammany","Abita Springs, Sun, Slidell, Pearl River",9.688,9.203,10.172,250437,5.157,4.899,5.415,34618,5.527,5.251,5.803,59683,14.69,19.07,10.68,32.05
"A9011","https://nci-naaccr-zone-design.github.io/louisiana-2020/?address=A9011","Male","Myeloma","10yrs","St. Tammany","Abita Springs, Sun, Slidell, Pearl River",16.651,15.819,17.484,238848,10.915,10.37,11.461,32458,7.651,7.269,8.034,59683,14.69,19.07,10.68,32.05
"A9011","https://nci-naaccr-zone-design.github.io/louisiana-2020/?address=A9011","Both","Brain","10yrs","St. Tammany","Abita Springs, Sun, Slidell, Pearl River",3.457,3.284,3.63,489286,5.834,5.543,6.126,67076,8.238,7.826,8.65,59683,14.69,19.07,10.68,32.05
"A9011","https://nci-naaccr-zone-design.github.io/louisiana-2020/?address=A9011","Female","Brain","10yrs","St. Tammany","Abita Springs, Sun, Slidell, Pearl River",2.758,2.62,2.896,250437,3.032,2.88,3.183,34618,"","","",59683,14.69,19.07,10.68,32.05
"A9011","https://nci-naaccr-zone-design.github.io/louisiana-2020/?address=A9011","Male","Brain","10yrs","St. Tammany","Abita Springs, Sun, Slidell, Pearl River",10.782,10.243,11.321,238848,9.751,9.263,10.238,32458,9.136,8.679,9.593,59683,14.69,19.07,10.68,32.05
"A9011","https://nci-naaccr-zone-design.github.io/louisiana-2020/?address=A9011","Both","Larynx","10yrs","St. Tammany","Abita Springs, Sun, Slidell, Pearl River",3.017,2.866,3.168,489286,8.834,8.392,9.275,67076,9.226,8.764,9.687,59683,14.69,19.07,10.68,32.05
"A9011","https://nci-naaccr-zone-design.github.io/louisiana-2020/?address=A9011","Female","Larynx","10yrs","St. Tammany","Abita Springs, Sun, Slidell, Pearl River",1.799,1.709,1.889,250437,3.609,3.429,3.79,34618,"","","",59683,14.69,19.07,10.68,32.05
"A9011","https://nci-naaccr-zone-design.github.io/louisiana-2020/?address=A9011","Male","Larynx","10yrs","St. Tammany","Abita Springs, Sun, Slidell, Pearl River",6.192,5.882,6.502,238848,12.071,11.467,12.674,32458,7.074,6.72,7.427,59683,14.69,19.07,10.68,32.05
"A9011","https://nci-naaccr-zone-design.github.io/louisiana-2020/?address=A9011","Female","Ovary","10yrs","St. Tammany","Abita Springs, Sun, Slidell, Pearl River",10.339,9.822,10.856,250437,9.221,8.76,9.682,34618,8.058,7.655,8.461,59683,14.69,19.07,10.68,32.05
"A9011","https://nci-naaccr-zone-design.github.io/louisiana-2020/?address=A9011","Both","Esoph","10yrs","St. Tammany","Abita Springs, Sun, Slidell, Pearl River",7.223,6.862,7.584,489286,5.511,5.236,5.787,67076,6.687,6.352,7.021,59683,14.69,19.07,10.68,32.05
"A9011","https://nci-naaccr-zone-design.github.io/louisiana-2020/?address=A9011","Female","Esoph","10yrs","St. Tammany","Abita Springs, Sun, Slidell, Pearl River",3.43,3.259,3.602,250437,3.205,3.045,3.365,34618,"","","",59683,14.69,19.07,10.68,32.05
"A9011","https://nci-naaccr-zone-design.github.io/louisiana-2020/?address=A9011","Male","Esoph","10yrs","St. Tammany","Abita Springs, Sun, Slidell, Pearl River",14.026,13.325,14.727,238848,7.074,6.72,7.428,32458,13.534,12.857,14.21,59683,14.69,19.07,10.68,32.05
