"Zone","URL","Sex","Cancer","Years","Counties","Places","AAIR","LCI","UCI","White_PopTot","White_AAIR","White_LCI","White_UCI","Black_PopTot","Black_AAIR","Black_LCI","Black_UCI","TotalPop","Pct100Pov","PctMinority","PctBlackNH","PctRural"
"B0059","https://nci-naaccr-zone-design.github.io/louisiana-2020/?address=B0059","Both","AllSite","05yrs","St. Martin","Catahoula, Cade, St. Martinville, Breaux Bridge",536.876,510.032,563.719,173496,545.157,517.899,572.415,81954,521.683,495.599,547.767,52160,17.41,35.14,30.59,49.57
"B0059","https://nci-naaccr-zone-design.github.io/louisiana-2020/?address=B0059","Female","AllSite","05yrs","St. Martin","Catahoula, Cade, St. Martinville, Breaux Bridge",380.326,361.31,399.342,87054,405.614,385.333,425.895,42677,442.723,420.587,464.859,52160,17.41,35.14,30.59,49.57
"B0059","https://nci-naaccr-zone-design.github.io/louisiana-2020/?address=B0059","Male","AllSite","05yrs","St. Martin","Catahoula, Cade, St. Martinville, Breaux Bridge",583.111,553.955,612.266,86442,621.229,590.168,652.291,39277,586.114,556.808,615.42,52160,17.41,35.14,30.59,49.57
"B0059","https://nci-naaccr-zone-design.github.io/louisiana-2020/?address=B0059","Male","Prostate","05yrs","St. Martin","Catahoula, Cade, St. Martinville, Breaux Bridge",170.602,162.072,179.132,86442,198.213,188.303,208.124,39277,205.486,195.212,215.76,52160,17.41,35.14,30.59,49.57
"B0059","https://nci-naaccr-zone-design.github.io/louisiana-2020/?address=B0059","Both","Lung","05yrs","St. Martin","Catahoula, Cade, St. Martinville, Breaux Bridge",89.718,85.232,94.204,173496,85.663,81.38,89.946,81954,46.906,44.561,49.252,52160,17.41,35.14,30.59,49.57
"B0059","https://nci-naaccr-zone-design.github.io/louisiana-2020/?address=B0059","Female","Lung","05yrs","St. Martin","Catahoula, Cade, St. Martinville, Breaux Bridge",67.909,64.514,71.305,87054,72.048,68.445,75.65,42677,53.513,50.837,56.188,52160,17.41,35.14,30.59,49.57
"B0059","https://nci-naaccr-zone-design.github.io/louisiana-2020/?address=B0059","Male","Lung","05yrs","St. Martin","Catahoula, Cade, St. Martinville, Breaux Bridge",77.336,73.469,81.202,86442,109.761,104.273,115.249,39277,57.975,55.076,60.874,52160,17.41,35.14,30.59,49.57
"B0059","https://nci-naaccr-zone-design.github.io/louisiana-2020/?address=B0059","Female","Breast","05yrs","St. Martin","Catahoula, Cade, St. Martinville, Breaux Bridge",104.362,99.144,109.58,87054,136.824,129.983,143.665,42677,103.41,98.24,108.581,52160,17.41,35.14,30.59,49.57
"B0059","https://nci-naaccr-zone-design.github.io/louisiana-2020/?address=B0059","Both","CRC","05yrs","St. Martin","Catahoula, Cade, St. Martinville, Breaux Bridge",36.737,34.9,38.574,173496,60.126,57.12,63.132,81954,48.297,45.882,50.712,52160,17.41,35.14,30.59,49.57
"B0059","https://nci-naaccr-zone-design.github.io/louisiana-2020/?address=B0059","Female","CRC","05yrs","St. Martin","Catahoula, Cade, St. Martinville, Breaux Bridge",54.294,51.58,57.009,87054,46.047,43.744,48.349,42677,49.718,47.232,52.204,52160,17.41,35.14,30.59,49.57
"B0059","https://nci-naaccr-zone-design.github.io/louisiana-2020/?address=B0059","Male","CRC","05yrs","St. Martin","Catahoula, Cade, St. Martinville, Breaux Bridge",43.048,40.896,45.201,86442,65.241,61.979,68.503,39277,45.058,42.805,47.311,52160,17.41,35.14,30.59,49.57
"B0059","https://nci-naaccr-zone-design.github.io/louisiana-2020/?address=B0059","Both","Kidney","05yrs","St. Martin","Catahoula, Cade, St. Martinville, Breaux Bridge",25.876,24.582,27.17,173496,15.472,14.698,16.245,81954,22.731,21.595,23.868,52160,17.41,35.14,30.59,49.57
"B0059","https://nci-naaccr-zone-design.github.io/louisiana-2020/?address=B0059","Female","Kidney","05yrs","St. Martin","Catahoula, Cade, St. Martinville, Breaux Bridge",12.739,12.102,13.376,87054,16.644,15.812,17.477,42677,16.093,15.289,16.898,52160,17.41,35.14,30.59,49.57
"B0059","https://nci-naaccr-zone-design.github.io/louisiana-2020/?address=B0059","Male","Kidney","05yrs","St. Martin","Catahoula, Cade, St. Martinville, Breaux Bridge",35.661,33.878,37.444,86442,22.044,20.942,23.146,39277,25.875,24.582,27.169,52160,17.41,35.14,30.59,49.57
"B0059","https://nci-naaccr-zone-design.github.io/louisiana-2020/?address=B0059","Both","NHL","05yrs","St. Martin","Catahoula, Cade, St. Martinville, Breaux Bridge",24.101,22.896,25.306,173496,14.485,13.761,15.209,81954,23.892,22.697,25.086,52160,17.41,35.14,30.59,49.57
"B0059","https://nci-naaccr-zone-design.github.io/louisiana-2020/?address=B0059","Female","NHL","05yrs","St. Martin","Catahoula, Cade, St. Martinville, Breaux Bridge",20.057,19.054,21.06,87054,21.588,20.508,22.667,42677,18.894,17.949,19.838,52160,17.41,35.14,30.59,49.57
"B0059","https://nci-naaccr-zone-design.github.io/louisiana-2020/?address=B0059","Male","NHL","05yrs","St. Martin","Catahoula, Cade, St. Martinville, Breaux Bridge",28.172,26.763,29.58,86442,20.612,19.582,21.643,39277,22.807,21.667,23.948,52160,17.41,35.14,30.59,49.57
"B0059","https://nci-naaccr-zone-design.github.io/louisiana-2020/?address=B0059","Both","Urinary","05yrs","St. Martin","Catahoula, Cade, St. Martinville, Breaux Bridge",21.775,20.686,22.864,173496,23.405,22.235,24.575,81954,18.068,17.164,18.971,52160,17.41,35.14,30.59,49.57
"B0059","https://nci-naaccr-zone-design.github.io/louisiana-2020/?address=B0059","Female","Urinary","05yrs","St. Martin","Catahoula, Cade, St. Martinville, Breaux Bridge",4.367,4.148,4.585,87054,9.418,8.947,9.889,42677,13.369,12.7,14.037,52160,17.41,35.14,30.59,49.57
"B0059","https://nci-naaccr-zone-design.github.io/louisiana-2020/?address=B0059","Male","Urinary","05yrs","St. Martin","Catahoula, Cade, St. Martinville, Breaux Bridge",36.585,34.756,38.414,86442,38.573,36.644,40.502,39277,33.217,31.556,34.877,52160,17.41,35.14,30.59,49.57
"B0059","https://nci-naaccr-zone-design.github.io/louisiana-2020/?address=B0059","Both","Mela","05yrs","St. Martin","Catahoula, Cade, St. Martinville, Breaux Bridge",19.862,18.869,20.855,173496,13.327,12.661,13.994,81954,11.345,10.778,11.912,52160,17.41,35.14,30.59,49.57
"B0059","https://nci-naaccr-zone-design.github.io/louisiana-2020/?address=B0059","Female","Mela","05yrs","St. Martin","Catahoula, Cade, St. Martinville, Breaux Bridge",6.795,6.455,7.134,87054,12.57,11.942,13.199,42677,20.358,19.34,21.375,52160,17.41,35.14,30.59,49.57
"B0059","https://nci-naaccr-zone-design.github.io/louisiana-2020/?address=B0059","Male","Mela","05yrs","St. Martin","Catahoula, Cade, St. Martinville, Breaux Bridge",7.037,6.685,7.389,86442,13.776,13.087,14.465,39277,32.945,31.298,34.592,52160,17.41,35.14,30.59,49.57
"B0059","https://nci-naaccr-zone-design.github.io/louisiana-2020/?address=B0059","Both","Pancreas","05yrs","St. Martin","Catahoula, Cade, St. Martinville, Breaux Bridge",11.152,10.595,11.71,173496,11.899,11.304,12.494,81954,11.856,11.263,12.448,52160,17.41,35.14,30.59,49.57
"B0059","https://nci-naaccr-zone-design.github.io/louisiana-2020/?address=B0059","Female","Pancreas","05yrs","St. Martin","Catahoula, Cade, St. Martinville, Breaux Bridge",9.405,8.935,9.875,87054,12.815,12.174,13.456,42677,12.449,11.827,13.072,52160,17.41,35.14,30.59,49.57
"B0059","https://nci-naaccr-zone-design.github.io/louisiana-2020/?address=B0059","Male","Pancreas","05yrs","St. Martin","Catahoula, Cade, St. Martinville, Breaux Bridge",18.133,17.226,19.039,86442,14.385,13.666,15.104,39277,18.971,18.023,19.92,52160,17.41,35.14,30.59,49.57
"B0059","https://nci-naaccr-zone-design.github.io/louisiana-2020/?address=B0059","Both","Leuks","05yrs","St. Martin","Catahoula, Cade, St. Martinville, Breaux Bridge",11.332,10.765,11.898,173496,18.054,17.151,18.956,81954,17.218,16.357,18.079,52160,17.41,35.14,30.59,49.57
"B0059","https://nci-naaccr-zone-design.github.io/louisiana-2020/?address=B0059","Female","Leuks","05yrs","St. Martin","Catahoula, Cade, St. Martinville, Breaux Bridge",9.787,9.298,10.276,87054,14.626,13.894,15.357,42677,8.92,8.474,9.367,52160,17.41,35.14,30.59,49.57
"B0059","https://nci-naaccr-zone-design.github.io/louisiana-2020/?address=B0059","Male","Leuks","05yrs","St. Martin","Catahoula, Cade, St. Martinville, Breaux Bridge",11.362,10.794,11.931,86442,18.345,17.428,19.262,39277,18.118,17.212,19.024,52160,17.41,35.14,30.59,49.57
"B0059","https://nci-naaccr-zone-design.github.io/louisiana-2020/?address=B0059","Both","Oral","05yrs","St. Martin","Catahoula, Cade, St. Martinville, Breaux Bridge",13.103,12.448,13.758,173496,13.473,12.8,14.147,81954,9.135,8.678,9.591,52160,17.41,35.14,30.59,49.57
"B0059","https://nci-naaccr-zone-design.github.io/louisiana-2020/?address=B0059","Female","Oral","05yrs","St. Martin","Catahoula, Cade, St. Martinville, Breaux Bridge",6.955,6.607,7.303,87054,"","","",42677,"","","",52160,17.41,35.14,30.59,49.57
"B0059","https://nci-naaccr-zone-design.github.io/louisiana-2020/?address=B0059","Male","Oral","05yrs","St. Martin","Catahoula, Cade, St. Martinville, Breaux Bridge",17.046,16.194,17.899,86442,11.556,10.979,12.134,39277,18.667,17.733,19.6,52160,17.41,35.14,30.59,49.57
"B0059","https://nci-naaccr-zone-design.github.io/louisiana-2020/?address=B0059","Both","Thyroid","05yrs","St. Martin","Catahoula, Cade, St. Martinville, Breaux Bridge",10.189,9.679,10.698,173496,17.448,16.576,18.321,81954,10.557,10.029,11.085,52160,17.41,35.14,30.59,49.57
"B0059","https://nci-naaccr-zone-design.github.io/louisiana-2020/?address=B0059","Female","Thyroid","05yrs","St. Martin","Catahoula, Cade, St. Martinville, Breaux Bridge",10.495,9.97,11.019,87054,20.304,19.289,21.319,42677,23.129,21.972,24.285,52160,17.41,35.14,30.59,49.57
"B0059","https://nci-naaccr-zone-design.github.io/louisiana-2020/?address=B0059","Male","Thyroid","05yrs","St. Martin","Catahoula, Cade, St. Martinville, Breaux Bridge",3.61,3.43,3.791,86442,8.94,8.493,9.387,39277,"","","",52160,17.41,35.14,30.59,49.57
"B0059","https://nci-naaccr-zone-design.github.io/louisiana-2020/?address=B0059","Female","Uterine","05yrs","St. Martin","Catahoula, Cade, St. Martinville, Breaux Bridge",21.731,20.644,22.817,87054,14.951,14.204,15.699,42677,25.927,24.631,27.224,52160,17.41,35.14,30.59,49.57
"B0059","https://nci-naaccr-zone-design.github.io/louisiana-2020/?address=B0059","Both","Liver","05yrs","St. Martin","Catahoula, Cade, St. Martinville, Breaux Bridge",5.121,4.865,5.377,173496,15.354,14.587,16.122,81954,13.754,13.067,14.442,52160,17.41,35.14,30.59,49.57
"B0059","https://nci-naaccr-zone-design.github.io/louisiana-2020/?address=B0059","Female","Liver","05yrs","St. Martin","Catahoula, Cade, St. Martinville, Breaux Bridge","","","",87054,"","","",42677,"","","",52160,17.41,35.14,30.59,49.57
"B0059","https://nci-naaccr-zone-design.github.io/louisiana-2020/?address=B0059","Male","Liver","05yrs","St. Martin","Catahoula, Cade, St. Martinville, Breaux Bridge",9.109,8.653,9.564,86442,22.13,21.024,23.237,39277,22.612,21.482,23.743,52160,17.41,35.14,30.59,49.57
"B0059","https://nci-naaccr-zone-design.github.io/louisiana-2020/?address=B0059","Both","Stomach","05yrs","St. Martin","Catahoula, Cade, St. Martinville, Breaux Bridge",8.62,8.189,9.051,173496,7.668,7.284,8.051,81954,7.759,7.371,8.147,52160,17.41,35.14,30.59,49.57
"B0059","https://nci-naaccr-zone-design.github.io/louisiana-2020/?address=B0059","Female","Stomach","05yrs","St. Martin","Catahoula, Cade, St. Martinville, Breaux Bridge",8.624,8.193,9.055,87054,6.771,6.432,7.109,42677,8.742,8.305,9.179,52160,17.41,35.14,30.59,49.57
"B0059","https://nci-naaccr-zone-design.github.io/louisiana-2020/?address=B0059","Male","Stomach","05yrs","St. Martin","Catahoula, Cade, St. Martinville, Breaux Bridge",14.256,13.543,14.969,86442,13.678,12.994,14.362,39277,15.797,15.007,16.587,52160,17.41,35.14,30.59,49.57
"B0059","https://nci-naaccr-zone-design.github.io/louisiana-2020/?address=B0059","Both","Myeloma","05yrs","St. Martin","Catahoula, Cade, St. Martinville, Breaux Bridge",12.108,11.503,12.714,173496,7.892,7.497,8.287,81954,13.064,12.411,13.717,52160,17.41,35.14,30.59,49.57
"B0059","https://nci-naaccr-zone-design.github.io/louisiana-2020/?address=B0059","Female","Myeloma","05yrs","St. Martin","Catahoula, Cade, St. Martinville, Breaux Bridge",8.624,8.193,9.055,87054,5.693,5.408,5.978,42677,"","","",52160,17.41,35.14,30.59,49.57
"B0059","https://nci-naaccr-zone-design.github.io/louisiana-2020/?address=B0059","Male","Myeloma","05yrs","St. Martin","Catahoula, Cade, St. Martinville, Breaux Bridge",10.589,10.06,11.119,86442,14.637,13.905,15.369,39277,15.878,15.084,16.672,52160,17.41,35.14,30.59,49.57
"B0059","https://nci-naaccr-zone-design.github.io/louisiana-2020/?address=B0059","Both","Brain","05yrs","St. Martin","Catahoula, Cade, St. Martinville, Breaux Bridge",4.046,3.844,4.248,173496,7.719,7.333,8.105,81954,5.017,4.766,5.268,52160,17.41,35.14,30.59,49.57
"B0059","https://nci-naaccr-zone-design.github.io/louisiana-2020/?address=B0059","Female","Brain","05yrs","St. Martin","Catahoula, Cade, St. Martinville, Breaux Bridge",4.12,3.914,4.326,87054,6.453,6.13,6.776,42677,"","","",52160,17.41,35.14,30.59,49.57
"B0059","https://nci-naaccr-zone-design.github.io/louisiana-2020/?address=B0059","Male","Brain","05yrs","St. Martin","Catahoula, Cade, St. Martinville, Breaux Bridge",4.87,4.627,5.114,86442,5.554,5.276,5.831,39277,"","","",52160,17.41,35.14,30.59,49.57
"B0059","https://nci-naaccr-zone-design.github.io/louisiana-2020/?address=B0059","Both","Larynx","05yrs","St. Martin","Catahoula, Cade, St. Martinville, Breaux Bridge",3.498,3.323,3.673,173496,7.072,6.718,7.425,81954,6.537,6.21,6.864,52160,17.41,35.14,30.59,49.57
"B0059","https://nci-naaccr-zone-design.github.io/louisiana-2020/?address=B0059","Female","Larynx","05yrs","St. Martin","Catahoula, Cade, St. Martinville, Breaux Bridge",3.894,3.699,4.088,87054,"","","",42677,"","","",52160,17.41,35.14,30.59,49.57
"B0059","https://nci-naaccr-zone-design.github.io/louisiana-2020/?address=B0059","Male","Larynx","05yrs","St. Martin","Catahoula, Cade, St. Martinville, Breaux Bridge",9.652,9.169,10.135,86442,15.179,14.42,15.938,39277,8.126,7.72,8.532,52160,17.41,35.14,30.59,49.57
"B0059","https://nci-naaccr-zone-design.github.io/louisiana-2020/?address=B0059","Female","Ovary","05yrs","St. Martin","Catahoula, Cade, St. Martinville, Breaux Bridge",7.198,6.838,7.558,87054,12.718,12.082,13.354,42677,"","","",52160,17.41,35.14,30.59,49.57
"B0059","https://nci-naaccr-zone-design.github.io/louisiana-2020/?address=B0059","Both","Esoph","05yrs","St. Martin","Catahoula, Cade, St. Martinville, Breaux Bridge",4.485,4.26,4.709,173496,6.749,6.411,7.086,81954,"","","",52160,17.41,35.14,30.59,49.57
"B0059","https://nci-naaccr-zone-design.github.io/louisiana-2020/?address=B0059","Female","Esoph","05yrs","St. Martin","Catahoula, Cade, St. Martinville, Breaux Bridge",2.835,2.693,2.977,87054,3.685,3.501,3.869,42677,"","","",52160,17.41,35.14,30.59,49.57
"B0059","https://nci-naaccr-zone-design.github.io/louisiana-2020/?address=B0059","Male","Esoph","05yrs","St. Martin","Catahoula, Cade, St. Martinville, Breaux Bridge",13.651,12.969,14.334,86442,6.089,5.784,6.393,39277,12.279,11.665,12.893,52160,17.41,35.14,30.59,49.57
"B0059","https://nci-naaccr-zone-design.github.io/louisiana-2020/?address=B0059","Both","AllSite","10yrs","St. Martin","Catahoula, Cade, St. Martinville, Breaux Bridge",444.588,422.358,466.817,343049,528.814,502.374,555.255,163146,455.987,433.187,478.786,52160,17.41,35.14,30.59,49.57
"B0059","https://nci-naaccr-zone-design.github.io/louisiana-2020/?address=B0059","Female","AllSite","10yrs","St. Martin","Catahoula, Cade, St. Martinville, Breaux Bridge",400.354,380.337,420.372,171994,389.636,370.154,409.118,85255,357.749,339.861,375.636,52160,17.41,35.14,30.59,49.57
"B0059","https://nci-naaccr-zone-design.github.io/louisiana-2020/?address=B0059","Male","AllSite","10yrs","St. Martin","Catahoula, Cade, St. Martinville, Breaux Bridge",623.784,592.595,654.973,171055,674.615,640.884,708.346,77891,585.706,556.421,614.991,52160,17.41,35.14,30.59,49.57
"B0059","https://nci-naaccr-zone-design.github.io/louisiana-2020/?address=B0059","Male","Prostate","10yrs","St. Martin","Catahoula, Cade, St. Martinville, Breaux Bridge",141.535,134.459,148.612,171055,163.295,155.131,171.46,77891,157.102,149.247,164.957,52160,17.41,35.14,30.59,49.57
"B0059","https://nci-naaccr-zone-design.github.io/louisiana-2020/?address=B0059","Both","Lung","10yrs","St. Martin","Catahoula, Cade, St. Martinville, Breaux Bridge",69.211,65.75,72.672,343049,49.917,47.421,52.413,163146,73.806,70.116,77.496,52160,17.41,35.14,30.59,49.57
"B0059","https://nci-naaccr-zone-design.github.io/louisiana-2020/?address=B0059","Female","Lung","10yrs","St. Martin","Catahoula, Cade, St. Martinville, Breaux Bridge",58.93,55.984,61.877,171994,50.936,48.39,53.483,85255,54.678,51.944,57.412,52160,17.41,35.14,30.59,49.57
"B0059","https://nci-naaccr-zone-design.github.io/louisiana-2020/?address=B0059","Male","Lung","10yrs","St. Martin","Catahoula, Cade, St. Martinville, Breaux Bridge",66.27,62.956,69.583,171055,101.97,96.872,107.069,77891,65.992,62.692,69.292,52160,17.41,35.14,30.59,49.57
"B0059","https://nci-naaccr-zone-design.github.io/louisiana-2020/?address=B0059","Female","Breast","10yrs","St. Martin","Catahoula, Cade, St. Martinville, Breaux Bridge",142.146,135.038,149.253,171994,113.131,107.474,118.787,85255,118.818,112.877,124.759,52160,17.41,35.14,30.59,49.57
"B0059","https://nci-naaccr-zone-design.github.io/louisiana-2020/?address=B0059","Both","CRC","10yrs","St. Martin","Catahoula, Cade, St. Martinville, Breaux Bridge",53.095,50.44,55.749,343049,46.793,44.454,49.133,163146,36.01,34.21,37.811,52160,17.41,35.14,30.59,49.57
"B0059","https://nci-naaccr-zone-design.github.io/louisiana-2020/?address=B0059","Female","CRC","10yrs","St. Martin","Catahoula, Cade, St. Martinville, Breaux Bridge",41.112,39.056,43.168,171994,42.254,40.142,44.367,85255,36.111,34.305,37.916,52160,17.41,35.14,30.59,49.57
"B0059","https://nci-naaccr-zone-design.github.io/louisiana-2020/?address=B0059","Male","CRC","10yrs","St. Martin","Catahoula, Cade, St. Martinville, Breaux Bridge",66.602,63.272,69.932,171055,37.187,35.328,39.046,77891,38.728,36.792,40.665,52160,17.41,35.14,30.59,49.57
"B0059","https://nci-naaccr-zone-design.github.io/louisiana-2020/?address=B0059","Both","Kidney","10yrs","St. Martin","Catahoula, Cade, St. Martinville, Breaux Bridge",18.553,17.625,19.48,343049,25.172,23.913,26.43,163146,21.445,20.373,22.517,52160,17.41,35.14,30.59,49.57
"B0059","https://nci-naaccr-zone-design.github.io/louisiana-2020/?address=B0059","Female","Kidney","10yrs","St. Martin","Catahoula, Cade, St. Martinville, Breaux Bridge",10.778,10.239,11.317,171994,17.74,16.853,18.627,85255,18.375,17.456,19.293,52160,17.41,35.14,30.59,49.57
"B0059","https://nci-naaccr-zone-design.github.io/louisiana-2020/?address=B0059","Male","Kidney","10yrs","St. Martin","Catahoula, Cade, St. Martinville, Breaux Bridge",27.64,26.258,29.022,171055,24.48,23.256,25.704,77891,25.53,24.254,26.807,52160,17.41,35.14,30.59,49.57
"B0059","https://nci-naaccr-zone-design.github.io/louisiana-2020/?address=B0059","Both","NHL","10yrs","St. Martin","Catahoula, Cade, St. Martinville, Breaux Bridge",20.502,19.477,21.527,343049,19.71,18.725,20.696,163146,15.518,14.742,16.294,52160,17.41,35.14,30.59,49.57
"B0059","https://nci-naaccr-zone-design.github.io/louisiana-2020/?address=B0059","Female","NHL","10yrs","St. Martin","Catahoula, Cade, St. Martinville, Breaux Bridge",17.234,16.372,18.095,171994,20.435,19.414,21.457,85255,12.618,11.987,13.249,52160,17.41,35.14,30.59,49.57
"B0059","https://nci-naaccr-zone-design.github.io/louisiana-2020/?address=B0059","Male","NHL","10yrs","St. Martin","Catahoula, Cade, St. Martinville, Breaux Bridge",16.22,15.409,17.031,171055,28.293,26.878,29.707,77891,22.342,21.224,23.459,52160,17.41,35.14,30.59,49.57
"B0059","https://nci-naaccr-zone-design.github.io/louisiana-2020/?address=B0059","Both","Urinary","10yrs","St. Martin","Catahoula, Cade, St. Martinville, Breaux Bridge",15.726,14.94,16.512,343049,18.368,17.449,19.286,163146,22.145,21.038,23.253,52160,17.41,35.14,30.59,49.57
"B0059","https://nci-naaccr-zone-design.github.io/louisiana-2020/?address=B0059","Female","Urinary","10yrs","St. Martin","Catahoula, Cade, St. Martinville, Breaux Bridge",4.886,4.642,5.13,171994,5.629,5.348,5.911,85255,3.553,3.375,3.731,52160,17.41,35.14,30.59,49.57
"B0059","https://nci-naaccr-zone-design.github.io/louisiana-2020/?address=B0059","Male","Urinary","10yrs","St. Martin","Catahoula, Cade, St. Martinville, Breaux Bridge",23.012,21.862,24.163,171055,30.142,28.634,31.649,77891,29.978,28.479,31.477,52160,17.41,35.14,30.59,49.57
"B0059","https://nci-naaccr-zone-design.github.io/louisiana-2020/?address=B0059","Both","Mela","10yrs","St. Martin","Catahoula, Cade, St. Martinville, Breaux Bridge",9.137,8.68,9.594,343049,25.024,23.772,26.275,163146,19.558,18.58,20.536,52160,17.41,35.14,30.59,49.57
"B0059","https://nci-naaccr-zone-design.github.io/louisiana-2020/?address=B0059","Female","Mela","10yrs","St. Martin","Catahoula, Cade, St. Martinville, Breaux Bridge",6.442,6.12,6.764,171994,3.34,3.173,3.507,85255,19.228,18.266,20.189,52160,17.41,35.14,30.59,49.57
"B0059","https://nci-naaccr-zone-design.github.io/louisiana-2020/?address=B0059","Male","Mela","10yrs","St. Martin","Catahoula, Cade, St. Martinville, Breaux Bridge",18.97,18.022,19.919,171055,14.883,14.139,15.627,77891,18.686,17.752,19.62,52160,17.41,35.14,30.59,49.57
"B0059","https://nci-naaccr-zone-design.github.io/louisiana-2020/?address=B0059","Both","Pancreas","10yrs","St. Martin","Catahoula, Cade, St. Martinville, Breaux Bridge",17.074,16.22,17.928,343049,16.042,15.24,16.844,163146,12.807,12.167,13.447,52160,17.41,35.14,30.59,49.57
"B0059","https://nci-naaccr-zone-design.github.io/louisiana-2020/?address=B0059","Female","Pancreas","10yrs","St. Martin","Catahoula, Cade, St. Martinville, Breaux Bridge",17.277,16.413,18.141,171994,10.674,10.141,11.208,85255,9.815,9.324,10.305,52160,17.41,35.14,30.59,49.57
"B0059","https://nci-naaccr-zone-design.github.io/louisiana-2020/?address=B0059","Male","Pancreas","10yrs","St. Martin","Catahoula, Cade, St. Martinville, Breaux Bridge",10.786,10.247,11.326,171055,13.215,12.554,13.875,77891,19.75,18.763,20.738,52160,17.41,35.14,30.59,49.57
"B0059","https://nci-naaccr-zone-design.github.io/louisiana-2020/?address=B0059","Both","Leuks","10yrs","St. Martin","Catahoula, Cade, St. Martinville, Breaux Bridge",13.906,13.21,14.601,343049,17.497,16.622,18.371,163146,12.877,12.233,13.52,52160,17.41,35.14,30.59,49.57
"B0059","https://nci-naaccr-zone-design.github.io/louisiana-2020/?address=B0059","Female","Leuks","10yrs","St. Martin","Catahoula, Cade, St. Martinville, Breaux Bridge",7.269,6.906,7.632,171994,7.017,6.666,7.368,85255,15.647,14.865,16.43,52160,17.41,35.14,30.59,49.57
"B0059","https://nci-naaccr-zone-design.github.io/louisiana-2020/?address=B0059","Male","Leuks","10yrs","St. Martin","Catahoula, Cade, St. Martinville, Breaux Bridge",13.948,13.251,14.646,171055,18.153,17.245,19.06,77891,14.877,14.133,15.62,52160,17.41,35.14,30.59,49.57
"B0059","https://nci-naaccr-zone-design.github.io/louisiana-2020/?address=B0059","Both","Oral","10yrs","St. Martin","Catahoula, Cade, St. Martinville, Breaux Bridge",9.047,8.594,9.499,343049,11.758,11.17,12.346,163146,12.905,12.26,13.551,52160,17.41,35.14,30.59,49.57
"B0059","https://nci-naaccr-zone-design.github.io/louisiana-2020/?address=B0059","Female","Oral","10yrs","St. Martin","Catahoula, Cade, St. Martinville, Breaux Bridge",5.677,5.393,5.96,171994,5.745,5.458,6.032,85255,2.102,1.997,2.207,52160,17.41,35.14,30.59,49.57
"B0059","https://nci-naaccr-zone-design.github.io/louisiana-2020/?address=B0059","Male","Oral","10yrs","St. Martin","Catahoula, Cade, St. Martinville, Breaux Bridge",19.772,18.784,20.761,171055,25.407,24.137,26.677,77891,14.117,13.411,14.823,52160,17.41,35.14,30.59,49.57
"B0059","https://nci-naaccr-zone-design.github.io/louisiana-2020/?address=B0059","Both","Thyroid","10yrs","St. Martin","Catahoula, Cade, St. Martinville, Breaux Bridge",16.059,15.256,16.862,343049,9.943,9.446,10.44,163146,7.479,7.105,7.853,52160,17.41,35.14,30.59,49.57
"B0059","https://nci-naaccr-zone-design.github.io/louisiana-2020/?address=B0059","Female","Thyroid","10yrs","St. Martin","Catahoula, Cade, St. Martinville, Breaux Bridge",12.253,11.64,12.865,171994,19.141,18.184,20.098,85255,19.926,18.929,20.922,52160,17.41,35.14,30.59,49.57
"B0059","https://nci-naaccr-zone-design.github.io/louisiana-2020/?address=B0059","Male","Thyroid","10yrs","St. Martin","Catahoula, Cade, St. Martinville, Breaux Bridge",9.103,8.648,9.558,171055,2.798,2.659,2.938,77891,6.759,6.421,7.096,52160,17.41,35.14,30.59,49.57
"B0059","https://nci-naaccr-zone-design.github.io/louisiana-2020/?address=B0059","Female","Uterine","10yrs","St. Martin","Catahoula, Cade, St. Martinville, Breaux Bridge",23.908,22.712,25.103,171994,14.767,14.029,15.506,85255,14.369,13.65,15.087,52160,17.41,35.14,30.59,49.57
"B0059","https://nci-naaccr-zone-design.github.io/louisiana-2020/?address=B0059","Both","Liver","10yrs","St. Martin","Catahoula, Cade, St. Martinville, Breaux Bridge",11.79,11.201,12.38,343049,10.198,9.688,10.708,163146,10.363,9.844,10.881,52160,17.41,35.14,30.59,49.57
"B0059","https://nci-naaccr-zone-design.github.io/louisiana-2020/?address=B0059","Female","Liver","10yrs","St. Martin","Catahoula, Cade, St. Martinville, Breaux Bridge",7.621,7.24,8.002,171994,5.768,5.48,6.057,85255,6.325,6.008,6.641,52160,17.41,35.14,30.59,49.57
"B0059","https://nci-naaccr-zone-design.github.io/louisiana-2020/?address=B0059","Male","Liver","10yrs","St. Martin","Catahoula, Cade, St. Martinville, Breaux Bridge",10.808,10.268,11.349,171055,11.735,11.148,12.322,77891,20.751,19.714,21.789,52160,17.41,35.14,30.59,49.57
"B0059","https://nci-naaccr-zone-design.github.io/louisiana-2020/?address=B0059","Both","Stomach","10yrs","St. Martin","Catahoula, Cade, St. Martinville, Breaux Bridge",5.383,5.114,5.652,343049,8.613,8.183,9.044,163146,8.61,8.18,9.041,52160,17.41,35.14,30.59,49.57
"B0059","https://nci-naaccr-zone-design.github.io/louisiana-2020/?address=B0059","Female","Stomach","10yrs","St. Martin","Catahoula, Cade, St. Martinville, Breaux Bridge",10.08,9.576,10.584,171994,6.049,5.747,6.352,85255,2.716,2.58,2.851,52160,17.41,35.14,30.59,49.57
"B0059","https://nci-naaccr-zone-design.github.io/louisiana-2020/?address=B0059","Male","Stomach","10yrs","St. Martin","Catahoula, Cade, St. Martinville, Breaux Bridge",11.014,10.463,11.564,171055,12.978,12.329,13.627,77891,14.321,13.605,15.037,52160,17.41,35.14,30.59,49.57
"B0059","https://nci-naaccr-zone-design.github.io/louisiana-2020/?address=B0059","Both","Myeloma","10yrs","St. Martin","Catahoula, Cade, St. Martinville, Breaux Bridge",12.361,11.743,12.979,343049,7.292,6.927,7.656,163146,13.032,12.381,13.684,52160,17.41,35.14,30.59,49.57
"B0059","https://nci-naaccr-zone-design.github.io/louisiana-2020/?address=B0059","Female","Myeloma","10yrs","St. Martin","Catahoula, Cade, St. Martinville, Breaux Bridge",12.347,11.73,12.964,171994,11.171,10.612,11.729,85255,8.721,8.285,9.157,52160,17.41,35.14,30.59,49.57
"B0059","https://nci-naaccr-zone-design.github.io/louisiana-2020/?address=B0059","Male","Myeloma","10yrs","St. Martin","Catahoula, Cade, St. Martinville, Breaux Bridge",16.523,15.697,17.349,171055,6.637,6.306,6.969,77891,12.722,12.086,13.358,52160,17.41,35.14,30.59,49.57
"B0059","https://nci-naaccr-zone-design.github.io/louisiana-2020/?address=B0059","Both","Brain","10yrs","St. Martin","Catahoula, Cade, St. Martinville, Breaux Bridge",5.289,5.024,5.553,343049,5.036,4.784,5.288,163146,5.859,5.566,6.152,52160,17.41,35.14,30.59,49.57
"B0059","https://nci-naaccr-zone-design.github.io/louisiana-2020/?address=B0059","Female","Brain","10yrs","St. Martin","Catahoula, Cade, St. Martinville, Breaux Bridge",3.911,3.715,4.106,171994,3.861,3.668,4.054,85255,5.94,5.643,6.237,52160,17.41,35.14,30.59,49.57
"B0059","https://nci-naaccr-zone-design.github.io/louisiana-2020/?address=B0059","Male","Brain","10yrs","St. Martin","Catahoula, Cade, St. Martinville, Breaux Bridge",9.166,8.708,9.625,171055,6.689,6.354,7.023,77891,7.675,7.292,8.059,52160,17.41,35.14,30.59,49.57
"B0059","https://nci-naaccr-zone-design.github.io/louisiana-2020/?address=B0059","Both","Larynx","10yrs","St. Martin","Catahoula, Cade, St. Martinville, Breaux Bridge",3.708,3.523,3.893,343049,2.873,2.729,3.016,163146,5.313,5.048,5.579,52160,17.41,35.14,30.59,49.57
"B0059","https://nci-naaccr-zone-design.github.io/louisiana-2020/?address=B0059","Female","Larynx","10yrs","St. Martin","Catahoula, Cade, St. Martinville, Breaux Bridge",3.7,3.515,3.885,171994,3.092,2.938,3.247,85255,2.274,2.161,2.388,52160,17.41,35.14,30.59,49.57
"B0059","https://nci-naaccr-zone-design.github.io/louisiana-2020/?address=B0059","Male","Larynx","10yrs","St. Martin","Catahoula, Cade, St. Martinville, Breaux Bridge",12.738,12.101,13.375,171055,7.943,7.546,8.34,77891,4.491,4.267,4.716,52160,17.41,35.14,30.59,49.57
"B0059","https://nci-naaccr-zone-design.github.io/louisiana-2020/?address=B0059","Female","Ovary","10yrs","St. Martin","Catahoula, Cade, St. Martinville, Breaux Bridge",7.796,7.406,8.185,171994,8.863,8.419,9.306,85255,11.527,10.95,12.103,52160,17.41,35.14,30.59,49.57
"B0059","https://nci-naaccr-zone-design.github.io/louisiana-2020/?address=B0059","Both","Esoph","10yrs","St. Martin","Catahoula, Cade, St. Martinville, Breaux Bridge",5.378,5.109,5.647,343049,6.328,6.011,6.644,163146,4.795,4.556,5.035,52160,17.41,35.14,30.59,49.57
"B0059","https://nci-naaccr-zone-design.github.io/louisiana-2020/?address=B0059","Female","Esoph","10yrs","St. Martin","Catahoula, Cade, St. Martinville, Breaux Bridge",2.183,2.074,2.292,171994,4.248,4.035,4.46,85255,"","","",52160,17.41,35.14,30.59,49.57
"B0059","https://nci-naaccr-zone-design.github.io/louisiana-2020/?address=B0059","Male","Esoph","10yrs","St. Martin","Catahoula, Cade, St. Martinville, Breaux Bridge",12.047,11.444,12.649,171055,12.797,12.157,13.437,77891,12.855,12.212,13.497,52160,17.41,35.14,30.59,49.57
