"Zone","URL","Sex","Cancer","Years","Counties","Places","AAIR","LCI","UCI","White_PopTot","White_AAIR","White_LCI","White_UCI","Black_PopTot","Black_AAIR","Black_LCI","Black_UCI","TotalPop","Pct100Pov","PctMinority","PctBlackNH","PctRural"
"A9027","https://nci-naaccr-zone-design.github.io/louisiana-2020/?address=A9027","Both","AllSite","05yrs","Terrebonne","Gray, Montegut, Schriever, Dulac, Chauvin, Houma",521.934,495.837,548.03,198085,441.836,419.745,463.928,46476,539.462,512.489,566.435,55059,19.79,29.03,16.17,35.13
"A9027","https://nci-naaccr-zone-design.github.io/louisiana-2020/?address=A9027","Female","AllSite","05yrs","Terrebonne","Gray, Montegut, Schriever, Dulac, Chauvin, Houma",385.719,366.433,405.004,98855,423.292,402.128,444.457,23999,366.241,347.929,384.554,55059,19.79,29.03,16.17,35.13
"A9027","https://nci-naaccr-zone-design.github.io/louisiana-2020/?address=A9027","Male","AllSite","05yrs","Terrebonne","Gray, Montegut, Schriever, Dulac, Chauvin, Houma",621.901,590.806,652.996,99230,556.373,528.554,584.192,22476,624.56,593.332,655.788,55059,19.79,29.03,16.17,35.13
"A9027","https://nci-naaccr-zone-design.github.io/louisiana-2020/?address=A9027","Male","Prostate","05yrs","Terrebonne","Gray, Montegut, Schriever, Dulac, Chauvin, Houma",140.196,133.186,147.206,99230,153.34,145.673,161.007,22476,198.771,188.833,208.71,55059,19.79,29.03,16.17,35.13
"A9027","https://nci-naaccr-zone-design.github.io/louisiana-2020/?address=A9027","Both","Lung","05yrs","Terrebonne","Gray, Montegut, Schriever, Dulac, Chauvin, Houma",54.657,51.924,57.39,198085,78.739,74.802,82.676,46476,82.779,78.64,86.918,55059,19.79,29.03,16.17,35.13
"A9027","https://nci-naaccr-zone-design.github.io/louisiana-2020/?address=A9027","Female","Lung","05yrs","Terrebonne","Gray, Montegut, Schriever, Dulac, Chauvin, Houma",46.07,43.767,48.374,98855,47.878,45.484,50.272,23999,58.901,55.956,61.847,55059,19.79,29.03,16.17,35.13
"A9027","https://nci-naaccr-zone-design.github.io/louisiana-2020/?address=A9027","Male","Lung","05yrs","Terrebonne","Gray, Montegut, Schriever, Dulac, Chauvin, Houma",98.422,93.501,103.343,99230,71.17,67.612,74.729,22476,61.243,58.181,64.305,55059,19.79,29.03,16.17,35.13
"A9027","https://nci-naaccr-zone-design.github.io/louisiana-2020/?address=A9027","Female","Breast","05yrs","Terrebonne","Gray, Montegut, Schriever, Dulac, Chauvin, Houma",118.363,112.445,124.282,98855,130.759,124.221,137.297,23999,130.761,124.223,137.299,55059,19.79,29.03,16.17,35.13
"A9027","https://nci-naaccr-zone-design.github.io/louisiana-2020/?address=A9027","Both","CRC","05yrs","Terrebonne","Gray, Montegut, Schriever, Dulac, Chauvin, Houma",49.566,47.087,52.044,198085,43.337,41.17,45.503,46476,58.03,55.129,60.932,55059,19.79,29.03,16.17,35.13
"A9027","https://nci-naaccr-zone-design.github.io/louisiana-2020/?address=A9027","Female","CRC","05yrs","Terrebonne","Gray, Montegut, Schriever, Dulac, Chauvin, Houma",48.01,45.609,50.41,98855,34.087,32.383,35.792,23999,51.573,48.994,54.152,55059,19.79,29.03,16.17,35.13
"A9027","https://nci-naaccr-zone-design.github.io/louisiana-2020/?address=A9027","Male","CRC","05yrs","Terrebonne","Gray, Montegut, Schriever, Dulac, Chauvin, Houma",40.356,38.338,42.374,99230,53.794,51.105,56.484,22476,47.404,45.034,49.775,55059,19.79,29.03,16.17,35.13
"A9027","https://nci-naaccr-zone-design.github.io/louisiana-2020/?address=A9027","Both","Kidney","05yrs","Terrebonne","Gray, Montegut, Schriever, Dulac, Chauvin, Houma",22.497,21.372,23.622,198085,19.491,18.516,20.466,46476,24.029,22.827,25.23,55059,19.79,29.03,16.17,35.13
"A9027","https://nci-naaccr-zone-design.github.io/louisiana-2020/?address=A9027","Female","Kidney","05yrs","Terrebonne","Gray, Montegut, Schriever, Dulac, Chauvin, Houma",19.632,18.65,20.613,98855,16.116,15.311,16.922,23999,16.443,15.621,17.265,55059,19.79,29.03,16.17,35.13
"A9027","https://nci-naaccr-zone-design.github.io/louisiana-2020/?address=A9027","Male","Kidney","05yrs","Terrebonne","Gray, Montegut, Schriever, Dulac, Chauvin, Houma",20.9,19.855,21.945,99230,23.315,22.149,24.481,22476,35.667,33.884,37.45,55059,19.79,29.03,16.17,35.13
"A9027","https://nci-naaccr-zone-design.github.io/louisiana-2020/?address=A9027","Both","NHL","05yrs","Terrebonne","Gray, Montegut, Schriever, Dulac, Chauvin, Houma",22.416,21.295,23.537,198085,18.156,17.248,19.064,46476,24.781,23.542,26.02,55059,19.79,29.03,16.17,35.13
"A9027","https://nci-naaccr-zone-design.github.io/louisiana-2020/?address=A9027","Female","NHL","05yrs","Terrebonne","Gray, Montegut, Schriever, Dulac, Chauvin, Houma",17.126,16.27,17.982,98855,19.037,18.086,19.989,23999,19.833,18.841,20.825,55059,19.79,29.03,16.17,35.13
"A9027","https://nci-naaccr-zone-design.github.io/louisiana-2020/?address=A9027","Male","NHL","05yrs","Terrebonne","Gray, Montegut, Schriever, Dulac, Chauvin, Houma",29.705,28.22,31.19,99230,31.947,30.35,33.544,22476,22.501,21.376,23.626,55059,19.79,29.03,16.17,35.13
"A9027","https://nci-naaccr-zone-design.github.io/louisiana-2020/?address=A9027","Both","Urinary","05yrs","Terrebonne","Gray, Montegut, Schriever, Dulac, Chauvin, Houma",20.864,19.82,21.907,198085,25.009,23.758,26.259,46476,18.184,17.275,19.094,55059,19.79,29.03,16.17,35.13
"A9027","https://nci-naaccr-zone-design.github.io/louisiana-2020/?address=A9027","Female","Urinary","05yrs","Terrebonne","Gray, Montegut, Schriever, Dulac, Chauvin, Houma",10.677,10.143,11.211,98855,10.333,9.816,10.849,23999,"","","",55059,19.79,29.03,16.17,35.13
"A9027","https://nci-naaccr-zone-design.github.io/louisiana-2020/?address=A9027","Male","Urinary","05yrs","Terrebonne","Gray, Montegut, Schriever, Dulac, Chauvin, Houma",28.955,27.507,30.403,99230,20.408,19.387,21.428,22476,36.34,34.523,38.156,55059,19.79,29.03,16.17,35.13
"A9027","https://nci-naaccr-zone-design.github.io/louisiana-2020/?address=A9027","Both","Mela","05yrs","Terrebonne","Gray, Montegut, Schriever, Dulac, Chauvin, Houma",9.906,9.411,10.401,198085,25.483,24.209,26.757,46476,28.504,27.078,29.929,55059,19.79,29.03,16.17,35.13
"A9027","https://nci-naaccr-zone-design.github.io/louisiana-2020/?address=A9027","Female","Mela","05yrs","Terrebonne","Gray, Montegut, Schriever, Dulac, Chauvin, Houma",19.668,18.685,20.652,98855,"","","",23999,"","","",55059,19.79,29.03,16.17,35.13
"A9027","https://nci-naaccr-zone-design.github.io/louisiana-2020/?address=A9027","Male","Mela","05yrs","Terrebonne","Gray, Montegut, Schriever, Dulac, Chauvin, Houma",36.395,34.575,38.215,99230,7.676,7.292,8.06,22476,35.098,33.343,36.853,55059,19.79,29.03,16.17,35.13
"A9027","https://nci-naaccr-zone-design.github.io/louisiana-2020/?address=A9027","Both","Pancreas","05yrs","Terrebonne","Gray, Montegut, Schriever, Dulac, Chauvin, Houma",14.85,14.108,15.593,198085,12.404,11.784,13.024,46476,15.216,14.455,15.977,55059,19.79,29.03,16.17,35.13
"A9027","https://nci-naaccr-zone-design.github.io/louisiana-2020/?address=A9027","Female","Pancreas","05yrs","Terrebonne","Gray, Montegut, Schriever, Dulac, Chauvin, Houma",11.627,11.046,12.209,98855,12.331,11.715,12.948,23999,17.535,16.658,18.412,55059,19.79,29.03,16.17,35.13
"A9027","https://nci-naaccr-zone-design.github.io/louisiana-2020/?address=A9027","Male","Pancreas","05yrs","Terrebonne","Gray, Montegut, Schriever, Dulac, Chauvin, Houma",20.291,19.276,21.306,99230,12.905,12.26,13.551,22476,17.825,16.934,18.716,55059,19.79,29.03,16.17,35.13
"A9027","https://nci-naaccr-zone-design.github.io/louisiana-2020/?address=A9027","Both","Leuks","05yrs","Terrebonne","Gray, Montegut, Schriever, Dulac, Chauvin, Houma",11.064,10.511,11.617,198085,10.551,10.023,11.078,46476,15.277,14.513,16.04,55059,19.79,29.03,16.17,35.13
"A9027","https://nci-naaccr-zone-design.github.io/louisiana-2020/?address=A9027","Female","Leuks","05yrs","Terrebonne","Gray, Montegut, Schriever, Dulac, Chauvin, Houma",7.837,7.445,8.229,98855,6.78,6.441,7.119,23999,"","","",55059,19.79,29.03,16.17,35.13
"A9027","https://nci-naaccr-zone-design.github.io/louisiana-2020/?address=A9027","Male","Leuks","05yrs","Terrebonne","Gray, Montegut, Schriever, Dulac, Chauvin, Houma",16.486,15.662,17.31,99230,24.122,22.915,25.328,22476,22.364,21.246,23.482,55059,19.79,29.03,16.17,35.13
"A9027","https://nci-naaccr-zone-design.github.io/louisiana-2020/?address=A9027","Both","Oral","05yrs","Terrebonne","Gray, Montegut, Schriever, Dulac, Chauvin, Houma",11.945,11.348,12.543,198085,15.065,14.312,15.818,46476,9.848,9.356,10.341,55059,19.79,29.03,16.17,35.13
"A9027","https://nci-naaccr-zone-design.github.io/louisiana-2020/?address=A9027","Female","Oral","05yrs","Terrebonne","Gray, Montegut, Schriever, Dulac, Chauvin, Houma","","","",98855,"","","",23999,"","","",55059,19.79,29.03,16.17,35.13
"A9027","https://nci-naaccr-zone-design.github.io/louisiana-2020/?address=A9027","Male","Oral","05yrs","Terrebonne","Gray, Montegut, Schriever, Dulac, Chauvin, Houma",27.934,26.537,29.331,99230,14.238,13.526,14.949,22476,21.004,19.954,22.054,55059,19.79,29.03,16.17,35.13
"A9027","https://nci-naaccr-zone-design.github.io/louisiana-2020/?address=A9027","Both","Thyroid","05yrs","Terrebonne","Gray, Montegut, Schriever, Dulac, Chauvin, Houma",9.299,8.834,9.764,198085,12.4,11.78,13.019,46476,15.797,15.007,16.587,55059,19.79,29.03,16.17,35.13
"A9027","https://nci-naaccr-zone-design.github.io/louisiana-2020/?address=A9027","Female","Thyroid","05yrs","Terrebonne","Gray, Montegut, Schriever, Dulac, Chauvin, Houma",17.235,16.373,18.096,98855,12.269,11.656,12.882,23999,17.39,16.521,18.26,55059,19.79,29.03,16.17,35.13
"A9027","https://nci-naaccr-zone-design.github.io/louisiana-2020/?address=A9027","Male","Thyroid","05yrs","Terrebonne","Gray, Montegut, Schriever, Dulac, Chauvin, Houma",6.616,6.285,6.947,99230,4.477,4.253,4.701,22476,"","","",55059,19.79,29.03,16.17,35.13
"A9027","https://nci-naaccr-zone-design.github.io/louisiana-2020/?address=A9027","Female","Uterine","05yrs","Terrebonne","Gray, Montegut, Schriever, Dulac, Chauvin, Houma",15.069,14.315,15.822,98855,19.842,18.85,20.835,23999,18.525,17.598,19.451,55059,19.79,29.03,16.17,35.13
"A9027","https://nci-naaccr-zone-design.github.io/louisiana-2020/?address=A9027","Both","Liver","05yrs","Terrebonne","Gray, Montegut, Schriever, Dulac, Chauvin, Houma",13.8,13.11,14.49,198085,7.538,7.161,7.915,46476,7.682,7.297,8.066,55059,19.79,29.03,16.17,35.13
"A9027","https://nci-naaccr-zone-design.github.io/louisiana-2020/?address=A9027","Female","Liver","05yrs","Terrebonne","Gray, Montegut, Schriever, Dulac, Chauvin, Houma",2.798,2.658,2.938,98855,5.637,5.355,5.919,23999,"","","",55059,19.79,29.03,16.17,35.13
"A9027","https://nci-naaccr-zone-design.github.io/louisiana-2020/?address=A9027","Male","Liver","05yrs","Terrebonne","Gray, Montegut, Schriever, Dulac, Chauvin, Houma",19.041,18.089,19.993,99230,16.986,16.136,17.835,22476,14.752,14.015,15.49,55059,19.79,29.03,16.17,35.13
"A9027","https://nci-naaccr-zone-design.github.io/louisiana-2020/?address=A9027","Both","Stomach","05yrs","Terrebonne","Gray, Montegut, Schriever, Dulac, Chauvin, Houma",9.269,8.805,9.732,198085,7.182,6.823,7.541,46476,10.568,10.04,11.097,55059,19.79,29.03,16.17,35.13
"A9027","https://nci-naaccr-zone-design.github.io/louisiana-2020/?address=A9027","Female","Stomach","05yrs","Terrebonne","Gray, Montegut, Schriever, Dulac, Chauvin, Houma",7.661,7.278,8.044,98855,6.133,5.826,6.439,23999,"","","",55059,19.79,29.03,16.17,35.13
"A9027","https://nci-naaccr-zone-design.github.io/louisiana-2020/?address=A9027","Male","Stomach","05yrs","Terrebonne","Gray, Montegut, Schriever, Dulac, Chauvin, Houma",7.581,7.202,7.96,99230,6.577,6.248,6.906,22476,15.715,14.929,16.501,55059,19.79,29.03,16.17,35.13
"A9027","https://nci-naaccr-zone-design.github.io/louisiana-2020/?address=A9027","Both","Myeloma","05yrs","Terrebonne","Gray, Montegut, Schriever, Dulac, Chauvin, Houma",9.072,8.619,9.526,198085,13.716,13.031,14.402,46476,"","","",55059,19.79,29.03,16.17,35.13
"A9027","https://nci-naaccr-zone-design.github.io/louisiana-2020/?address=A9027","Female","Myeloma","05yrs","Terrebonne","Gray, Montegut, Schriever, Dulac, Chauvin, Houma",12.546,11.919,13.173,98855,11.365,10.797,11.933,23999,"","","",55059,19.79,29.03,16.17,35.13
"A9027","https://nci-naaccr-zone-design.github.io/louisiana-2020/?address=A9027","Male","Myeloma","05yrs","Terrebonne","Gray, Montegut, Schriever, Dulac, Chauvin, Houma",5.542,5.265,5.819,99230,9.748,9.26,10.235,22476,14.384,13.665,15.103,55059,19.79,29.03,16.17,35.13
"A9027","https://nci-naaccr-zone-design.github.io/louisiana-2020/?address=A9027","Both","Brain","05yrs","Terrebonne","Gray, Montegut, Schriever, Dulac, Chauvin, Houma",5.394,5.124,5.664,198085,4.459,4.236,4.682,46476,"","","",55059,19.79,29.03,16.17,35.13
"A9027","https://nci-naaccr-zone-design.github.io/louisiana-2020/?address=A9027","Female","Brain","05yrs","Terrebonne","Gray, Montegut, Schriever, Dulac, Chauvin, Houma",2.762,2.623,2.9,98855,7.434,7.062,7.806,23999,"","","",55059,19.79,29.03,16.17,35.13
"A9027","https://nci-naaccr-zone-design.github.io/louisiana-2020/?address=A9027","Male","Brain","05yrs","Terrebonne","Gray, Montegut, Schriever, Dulac, Chauvin, Houma",4.448,4.226,4.67,99230,8.34,7.923,8.757,22476,"","","",55059,19.79,29.03,16.17,35.13
"A9027","https://nci-naaccr-zone-design.github.io/louisiana-2020/?address=A9027","Both","Larynx","05yrs","Terrebonne","Gray, Montegut, Schriever, Dulac, Chauvin, Houma",2.884,2.74,3.028,198085,6.799,6.459,7.139,46476,"","","",55059,19.79,29.03,16.17,35.13
"A9027","https://nci-naaccr-zone-design.github.io/louisiana-2020/?address=A9027","Female","Larynx","05yrs","Terrebonne","Gray, Montegut, Schriever, Dulac, Chauvin, Houma",4.14,3.933,4.347,98855,"","","",23999,"","","",55059,19.79,29.03,16.17,35.13
"A9027","https://nci-naaccr-zone-design.github.io/louisiana-2020/?address=A9027","Male","Larynx","05yrs","Terrebonne","Gray, Montegut, Schriever, Dulac, Chauvin, Houma",15.349,14.581,16.116,99230,4.895,4.65,5.14,22476,"","","",55059,19.79,29.03,16.17,35.13
"A9027","https://nci-naaccr-zone-design.github.io/louisiana-2020/?address=A9027","Female","Ovary","05yrs","Terrebonne","Gray, Montegut, Schriever, Dulac, Chauvin, Houma",14.635,13.903,15.367,98855,5.032,4.78,5.283,23999,"","","",55059,19.79,29.03,16.17,35.13
"A9027","https://nci-naaccr-zone-design.github.io/louisiana-2020/?address=A9027","Both","Esoph","05yrs","Terrebonne","Gray, Montegut, Schriever, Dulac, Chauvin, Houma",4.846,4.604,5.088,198085,6.856,6.514,7.199,46476,"","","",55059,19.79,29.03,16.17,35.13
"A9027","https://nci-naaccr-zone-design.github.io/louisiana-2020/?address=A9027","Female","Esoph","05yrs","Terrebonne","Gray, Montegut, Schriever, Dulac, Chauvin, Houma","","","",98855,"","","",23999,"","","",55059,19.79,29.03,16.17,35.13
"A9027","https://nci-naaccr-zone-design.github.io/louisiana-2020/?address=A9027","Male","Esoph","05yrs","Terrebonne","Gray, Montegut, Schriever, Dulac, Chauvin, Houma",9.679,9.195,10.163,99230,10.044,9.541,10.546,22476,13.81,13.119,14.5,55059,19.79,29.03,16.17,35.13
"A9027","https://nci-naaccr-zone-design.github.io/louisiana-2020/?address=A9027","Both","AllSite","10yrs","Terrebonne","Gray, Montegut, Schriever, Dulac, Chauvin, Houma",455.772,432.984,478.561,395339,532.112,505.506,558.717,91803,454.937,432.19,477.684,55059,19.79,29.03,16.17,35.13
"A9027","https://nci-naaccr-zone-design.github.io/louisiana-2020/?address=A9027","Female","AllSite","10yrs","Terrebonne","Gray, Montegut, Schriever, Dulac, Chauvin, Houma",371.898,353.303,390.493,197350,438.923,416.977,460.869,47064,453.585,430.906,476.264,55059,19.79,29.03,16.17,35.13
"A9027","https://nci-naaccr-zone-design.github.io/louisiana-2020/?address=A9027","Male","AllSite","10yrs","Terrebonne","Gray, Montegut, Schriever, Dulac, Chauvin, Houma",617.164,586.306,648.022,197990,569.107,540.652,597.563,44740,560.476,532.452,588.499,55059,19.79,29.03,16.17,35.13
"A9027","https://nci-naaccr-zone-design.github.io/louisiana-2020/?address=A9027","Male","Prostate","10yrs","Terrebonne","Gray, Montegut, Schriever, Dulac, Chauvin, Houma",133.77,127.082,140.459,197990,165.987,157.688,174.286,44740,135.133,128.376,141.889,55059,19.79,29.03,16.17,35.13
"A9027","https://nci-naaccr-zone-design.github.io/louisiana-2020/?address=A9027","Both","Lung","10yrs","Terrebonne","Gray, Montegut, Schriever, Dulac, Chauvin, Houma",67.67,64.286,71.053,395339,55.298,52.534,58.063,91803,89.956,85.458,94.453,55059,19.79,29.03,16.17,35.13
"A9027","https://nci-naaccr-zone-design.github.io/louisiana-2020/?address=A9027","Female","Lung","10yrs","Terrebonne","Gray, Montegut, Schriever, Dulac, Chauvin, Houma",42.909,40.764,45.055,197350,51.811,49.22,54.401,47064,62.848,59.705,65.99,55059,19.79,29.03,16.17,35.13
"A9027","https://nci-naaccr-zone-design.github.io/louisiana-2020/?address=A9027","Male","Lung","10yrs","Terrebonne","Gray, Montegut, Schriever, Dulac, Chauvin, Houma",97.247,92.385,102.11,197990,79.407,75.437,83.378,44740,108.707,103.272,114.142,55059,19.79,29.03,16.17,35.13
"A9027","https://nci-naaccr-zone-design.github.io/louisiana-2020/?address=A9027","Female","Breast","10yrs","Terrebonne","Gray, Montegut, Schriever, Dulac, Chauvin, Houma",114.753,109.015,120.49,197350,110.479,104.955,116.003,47064,116.679,110.845,122.513,55059,19.79,29.03,16.17,35.13
"A9027","https://nci-naaccr-zone-design.github.io/louisiana-2020/?address=A9027","Both","CRC","10yrs","Terrebonne","Gray, Montegut, Schriever, Dulac, Chauvin, Houma",52.146,49.539,54.753,395339,59.218,56.258,62.179,91803,46.544,44.216,48.871,55059,19.79,29.03,16.17,35.13
"A9027","https://nci-naaccr-zone-design.github.io/louisiana-2020/?address=A9027","Female","CRC","10yrs","Terrebonne","Gray, Montegut, Schriever, Dulac, Chauvin, Houma",31.347,29.78,32.915,197350,31.269,29.706,32.832,47064,39.168,37.21,41.127,55059,19.79,29.03,16.17,35.13
"A9027","https://nci-naaccr-zone-design.github.io/louisiana-2020/?address=A9027","Male","CRC","10yrs","Terrebonne","Gray, Montegut, Schriever, Dulac, Chauvin, Houma",74.019,70.318,77.72,197990,60.769,57.731,63.807,44740,41.968,39.869,44.066,55059,19.79,29.03,16.17,35.13
"A9027","https://nci-naaccr-zone-design.github.io/louisiana-2020/?address=A9027","Both","Kidney","10yrs","Terrebonne","Gray, Montegut, Schriever, Dulac, Chauvin, Houma",24.918,23.672,26.164,395339,19.782,18.793,20.771,91803,18.182,17.273,19.091,55059,19.79,29.03,16.17,35.13
"A9027","https://nci-naaccr-zone-design.github.io/louisiana-2020/?address=A9027","Female","Kidney","10yrs","Terrebonne","Gray, Montegut, Schriever, Dulac, Chauvin, Houma",14.11,13.404,14.815,197350,13.661,12.978,14.344,47064,11.785,11.196,12.375,55059,19.79,29.03,16.17,35.13
"A9027","https://nci-naaccr-zone-design.github.io/louisiana-2020/?address=A9027","Male","Kidney","10yrs","Terrebonne","Gray, Montegut, Schriever, Dulac, Chauvin, Houma",35.552,33.774,37.33,197990,18.513,17.588,19.439,44740,30.958,29.411,32.506,55059,19.79,29.03,16.17,35.13
"A9027","https://nci-naaccr-zone-design.github.io/louisiana-2020/?address=A9027","Both","NHL","10yrs","Terrebonne","Gray, Montegut, Schriever, Dulac, Chauvin, Houma",14.114,13.408,14.819,395339,16.911,16.065,17.756,91803,22.386,21.267,23.506,55059,19.79,29.03,16.17,35.13
"A9027","https://nci-naaccr-zone-design.github.io/louisiana-2020/?address=A9027","Female","NHL","10yrs","Terrebonne","Gray, Montegut, Schriever, Dulac, Chauvin, Houma",14.446,13.723,15.168,197350,23.034,21.882,24.186,47064,10.229,9.718,10.74,55059,19.79,29.03,16.17,35.13
"A9027","https://nci-naaccr-zone-design.github.io/louisiana-2020/?address=A9027","Male","NHL","10yrs","Terrebonne","Gray, Montegut, Schriever, Dulac, Chauvin, Houma",23.607,22.427,24.787,197990,19.85,18.858,20.843,44740,26.461,25.138,27.784,55059,19.79,29.03,16.17,35.13
"A9027","https://nci-naaccr-zone-design.github.io/louisiana-2020/?address=A9027","Both","Urinary","10yrs","Terrebonne","Gray, Montegut, Schriever, Dulac, Chauvin, Houma",23.14,21.983,24.297,395339,21.096,20.042,22.151,91803,12.889,12.245,13.534,55059,19.79,29.03,16.17,35.13
"A9027","https://nci-naaccr-zone-design.github.io/louisiana-2020/?address=A9027","Female","Urinary","10yrs","Terrebonne","Gray, Montegut, Schriever, Dulac, Chauvin, Houma",4.157,3.949,4.365,197350,5.581,5.302,5.86,47064,8.8,8.36,9.24,55059,19.79,29.03,16.17,35.13
"A9027","https://nci-naaccr-zone-design.github.io/louisiana-2020/?address=A9027","Male","Urinary","10yrs","Terrebonne","Gray, Montegut, Schriever, Dulac, Chauvin, Houma",48.474,46.05,50.897,197990,23.023,21.872,24.174,44740,34.002,32.302,35.702,55059,19.79,29.03,16.17,35.13
"A9027","https://nci-naaccr-zone-design.github.io/louisiana-2020/?address=A9027","Both","Mela","10yrs","Terrebonne","Gray, Montegut, Schriever, Dulac, Chauvin, Houma",14.654,13.921,15.387,395339,3.27,3.106,3.433,91803,5.0,4.75,5.249,55059,19.79,29.03,16.17,35.13
"A9027","https://nci-naaccr-zone-design.github.io/louisiana-2020/?address=A9027","Female","Mela","10yrs","Terrebonne","Gray, Montegut, Schriever, Dulac, Chauvin, Houma",23.582,22.403,24.761,197350,19.46,18.487,20.433,47064,11.18,10.621,11.739,55059,19.79,29.03,16.17,35.13
"A9027","https://nci-naaccr-zone-design.github.io/louisiana-2020/?address=A9027","Male","Mela","10yrs","Terrebonne","Gray, Montegut, Schriever, Dulac, Chauvin, Houma",18.529,17.602,19.455,197990,28.667,27.234,30.1,44740,34.83,33.089,36.572,55059,19.79,29.03,16.17,35.13
"A9027","https://nci-naaccr-zone-design.github.io/louisiana-2020/?address=A9027","Both","Pancreas","10yrs","Terrebonne","Gray, Montegut, Schriever, Dulac, Chauvin, Houma",12.92,12.274,13.566,395339,16.727,15.89,17.563,91803,14.444,13.722,15.166,55059,19.79,29.03,16.17,35.13
"A9027","https://nci-naaccr-zone-design.github.io/louisiana-2020/?address=A9027","Female","Pancreas","10yrs","Terrebonne","Gray, Montegut, Schriever, Dulac, Chauvin, Houma",16.431,15.609,17.252,197350,13.577,12.898,14.256,47064,11.183,10.624,11.742,55059,19.79,29.03,16.17,35.13
"A9027","https://nci-naaccr-zone-design.github.io/louisiana-2020/?address=A9027","Male","Pancreas","10yrs","Terrebonne","Gray, Montegut, Schriever, Dulac, Chauvin, Houma",19.061,18.108,20.014,197990,20.018,19.017,21.019,44740,18.042,17.14,18.944,55059,19.79,29.03,16.17,35.13
"A9027","https://nci-naaccr-zone-design.github.io/louisiana-2020/?address=A9027","Both","Leuks","10yrs","Terrebonne","Gray, Montegut, Schriever, Dulac, Chauvin, Houma",9.844,9.351,10.336,395339,14.315,13.599,15.031,91803,11.558,10.98,12.136,55059,19.79,29.03,16.17,35.13
"A9027","https://nci-naaccr-zone-design.github.io/louisiana-2020/?address=A9027","Female","Leuks","10yrs","Terrebonne","Gray, Montegut, Schriever, Dulac, Chauvin, Houma",10.152,9.645,10.66,197350,10.206,9.696,10.717,47064,12.181,11.572,12.79,55059,19.79,29.03,16.17,35.13
"A9027","https://nci-naaccr-zone-design.github.io/louisiana-2020/?address=A9027","Male","Leuks","10yrs","Terrebonne","Gray, Montegut, Schriever, Dulac, Chauvin, Houma",25.048,23.796,26.301,197990,12.768,12.13,13.407,44740,19.908,18.912,20.903,55059,19.79,29.03,16.17,35.13
"A9027","https://nci-naaccr-zone-design.github.io/louisiana-2020/?address=A9027","Both","Oral","10yrs","Terrebonne","Gray, Montegut, Schriever, Dulac, Chauvin, Houma",9.475,9.001,9.948,395339,9.597,9.117,10.076,91803,6.736,6.4,7.073,55059,19.79,29.03,16.17,35.13
"A9027","https://nci-naaccr-zone-design.github.io/louisiana-2020/?address=A9027","Female","Oral","10yrs","Terrebonne","Gray, Montegut, Schriever, Dulac, Chauvin, Houma",4.759,4.521,4.996,197350,8.782,8.343,9.221,47064,3.371,3.203,3.54,55059,19.79,29.03,16.17,35.13
"A9027","https://nci-naaccr-zone-design.github.io/louisiana-2020/?address=A9027","Male","Oral","10yrs","Terrebonne","Gray, Montegut, Schriever, Dulac, Chauvin, Houma",23.808,22.617,24.998,197990,11.873,11.279,12.467,44740,12.611,11.98,13.241,55059,19.79,29.03,16.17,35.13
"A9027","https://nci-naaccr-zone-design.github.io/louisiana-2020/?address=A9027","Both","Thyroid","10yrs","Terrebonne","Gray, Montegut, Schriever, Dulac, Chauvin, Houma",16.335,15.518,17.151,395339,11.536,10.959,12.113,91803,14.86,14.117,15.603,55059,19.79,29.03,16.17,35.13
"A9027","https://nci-naaccr-zone-design.github.io/louisiana-2020/?address=A9027","Female","Thyroid","10yrs","Terrebonne","Gray, Montegut, Schriever, Dulac, Chauvin, Houma",17.488,16.614,18.363,197350,16.535,15.708,17.362,47064,25.001,23.751,26.251,55059,19.79,29.03,16.17,35.13
"A9027","https://nci-naaccr-zone-design.github.io/louisiana-2020/?address=A9027","Male","Thyroid","10yrs","Terrebonne","Gray, Montegut, Schriever, Dulac, Chauvin, Houma",9.429,8.958,9.901,197990,7.558,7.18,7.936,44740,4.39,4.171,4.61,55059,19.79,29.03,16.17,35.13
"A9027","https://nci-naaccr-zone-design.github.io/louisiana-2020/?address=A9027","Female","Uterine","10yrs","Terrebonne","Gray, Montegut, Schriever, Dulac, Chauvin, Houma",15.859,15.066,16.652,197350,23.322,22.156,24.488,47064,18.31,17.395,19.226,55059,19.79,29.03,16.17,35.13
"A9027","https://nci-naaccr-zone-design.github.io/louisiana-2020/?address=A9027","Both","Liver","10yrs","Terrebonne","Gray, Montegut, Schriever, Dulac, Chauvin, Houma",5.354,5.087,5.622,395339,10.16,9.652,10.668,91803,11.634,11.053,12.216,55059,19.79,29.03,16.17,35.13
"A9027","https://nci-naaccr-zone-design.github.io/louisiana-2020/?address=A9027","Female","Liver","10yrs","Terrebonne","Gray, Montegut, Schriever, Dulac, Chauvin, Houma",3.601,3.421,3.781,197350,6.646,6.314,6.978,47064,"","","",55059,19.79,29.03,16.17,35.13
"A9027","https://nci-naaccr-zone-design.github.io/louisiana-2020/?address=A9027","Male","Liver","10yrs","Terrebonne","Gray, Montegut, Schriever, Dulac, Chauvin, Houma",8.026,7.625,8.427,197990,21.245,20.183,22.307,44740,10.052,9.55,10.555,55059,19.79,29.03,16.17,35.13
"A9027","https://nci-naaccr-zone-design.github.io/louisiana-2020/?address=A9027","Both","Stomach","10yrs","Terrebonne","Gray, Montegut, Schriever, Dulac, Chauvin, Houma",8.737,8.3,9.174,395339,7.251,6.888,7.613,91803,11.507,10.931,12.082,55059,19.79,29.03,16.17,35.13
"A9027","https://nci-naaccr-zone-design.github.io/louisiana-2020/?address=A9027","Female","Stomach","10yrs","Terrebonne","Gray, Montegut, Schriever, Dulac, Chauvin, Houma",5.414,5.144,5.685,197350,5.838,5.546,6.13,47064,9.778,9.289,10.267,55059,19.79,29.03,16.17,35.13
"A9027","https://nci-naaccr-zone-design.github.io/louisiana-2020/?address=A9027","Male","Stomach","10yrs","Terrebonne","Gray, Montegut, Schriever, Dulac, Chauvin, Houma",6.98,6.631,7.329,197990,6.205,5.895,6.515,44740,5.313,5.048,5.579,55059,19.79,29.03,16.17,35.13
"A9027","https://nci-naaccr-zone-design.github.io/louisiana-2020/?address=A9027","Both","Myeloma","10yrs","Terrebonne","Gray, Montegut, Schriever, Dulac, Chauvin, Houma",8.432,8.011,8.854,395339,5.27,5.006,5.533,91803,4.369,4.151,4.588,55059,19.79,29.03,16.17,35.13
"A9027","https://nci-naaccr-zone-design.github.io/louisiana-2020/?address=A9027","Female","Myeloma","10yrs","Terrebonne","Gray, Montegut, Schriever, Dulac, Chauvin, Houma",5.45,5.177,5.722,197350,6.21,5.9,6.521,47064,"","","",55059,19.79,29.03,16.17,35.13
"A9027","https://nci-naaccr-zone-design.github.io/louisiana-2020/?address=A9027","Male","Myeloma","10yrs","Terrebonne","Gray, Montegut, Schriever, Dulac, Chauvin, Houma",12.407,11.786,13.027,197990,8.199,7.789,8.609,44740,13.931,13.235,14.628,55059,19.79,29.03,16.17,35.13
"A9027","https://nci-naaccr-zone-design.github.io/louisiana-2020/?address=A9027","Both","Brain","10yrs","Terrebonne","Gray, Montegut, Schriever, Dulac, Chauvin, Houma",7.132,6.775,7.489,395339,6.709,6.373,7.044,91803,7.679,7.295,8.063,55059,19.79,29.03,16.17,35.13
"A9027","https://nci-naaccr-zone-design.github.io/louisiana-2020/?address=A9027","Female","Brain","10yrs","Terrebonne","Gray, Montegut, Schriever, Dulac, Chauvin, Houma",8.001,7.601,8.401,197350,3.889,3.695,4.083,47064,3.883,3.689,4.077,55059,19.79,29.03,16.17,35.13
"A9027","https://nci-naaccr-zone-design.github.io/louisiana-2020/?address=A9027","Male","Brain","10yrs","Terrebonne","Gray, Montegut, Schriever, Dulac, Chauvin, Houma",11.265,10.702,11.828,197990,11.609,11.029,12.19,44740,4.327,4.11,4.543,55059,19.79,29.03,16.17,35.13
"A9027","https://nci-naaccr-zone-design.github.io/louisiana-2020/?address=A9027","Both","Larynx","10yrs","Terrebonne","Gray, Montegut, Schriever, Dulac, Chauvin, Houma",8.558,8.13,8.985,395339,8.915,8.469,9.361,91803,9.059,8.606,9.512,55059,19.79,29.03,16.17,35.13
"A9027","https://nci-naaccr-zone-design.github.io/louisiana-2020/?address=A9027","Female","Larynx","10yrs","Terrebonne","Gray, Montegut, Schriever, Dulac, Chauvin, Houma",3.592,3.413,3.772,197350,2.344,2.227,2.461,47064,"","","",55059,19.79,29.03,16.17,35.13
"A9027","https://nci-naaccr-zone-design.github.io/louisiana-2020/?address=A9027","Male","Larynx","10yrs","Terrebonne","Gray, Montegut, Schriever, Dulac, Chauvin, Houma",9.316,8.85,9.782,197990,13.739,13.052,14.426,44740,14.108,13.403,14.813,55059,19.79,29.03,16.17,35.13
"A9027","https://nci-naaccr-zone-design.github.io/louisiana-2020/?address=A9027","Female","Ovary","10yrs","Terrebonne","Gray, Montegut, Schriever, Dulac, Chauvin, Houma",15.537,14.76,16.314,197350,12.711,12.076,13.347,47064,12.085,11.481,12.689,55059,19.79,29.03,16.17,35.13
"A9027","https://nci-naaccr-zone-design.github.io/louisiana-2020/?address=A9027","Both","Esoph","10yrs","Terrebonne","Gray, Montegut, Schriever, Dulac, Chauvin, Houma",6.378,6.059,6.697,395339,2.798,2.658,2.938,91803,6.147,5.84,6.455,55059,19.79,29.03,16.17,35.13
"A9027","https://nci-naaccr-zone-design.github.io/louisiana-2020/?address=A9027","Female","Esoph","10yrs","Terrebonne","Gray, Montegut, Schriever, Dulac, Chauvin, Houma",1.022,0.971,1.073,197350,2.082,1.978,2.186,47064,3.853,3.66,4.045,55059,19.79,29.03,16.17,35.13
"A9027","https://nci-naaccr-zone-design.github.io/louisiana-2020/?address=A9027","Male","Esoph","10yrs","Terrebonne","Gray, Montegut, Schriever, Dulac, Chauvin, Houma",13.808,13.117,14.498,197990,7.668,7.284,8.051,44740,9.665,9.182,10.148,55059,19.79,29.03,16.17,35.13
