"Zone","URL","Sex","Cancer","Years","Counties","Places","AAIR","LCI","UCI","White_PopTot","White_AAIR","White_LCI","White_UCI","Black_PopTot","Black_AAIR","Black_LCI","Black_UCI","TotalPop","Pct100Pov","PctMinority","PctBlackNH","PctRural"
"A9039","https://nci-naaccr-zone-design.github.io/louisiana-2020/?address=A9039","Both","AllSite","05yrs","St. Tammany","Slidell, Eden Isle",522.869,496.725,549.012,234029,448.021,425.62,470.422,63086,485.84,461.548,510.131,62382,12.64,27.25,17.66,6.62
"A9039","https://nci-naaccr-zone-design.github.io/louisiana-2020/?address=A9039","Female","AllSite","05yrs","St. Tammany","Slidell, Eden Isle",438.366,416.447,460.284,119073,377.269,358.405,396.132,33186,378.761,359.823,397.699,62382,12.64,27.25,17.66,6.62
"A9039","https://nci-naaccr-zone-design.github.io/louisiana-2020/?address=A9039","Male","AllSite","05yrs","St. Tammany","Slidell, Eden Isle",569.948,541.451,598.446,114956,657.865,624.971,690.758,29899,679.336,645.369,713.303,62382,12.64,27.25,17.66,6.62
"A9039","https://nci-naaccr-zone-design.github.io/louisiana-2020/?address=A9039","Male","Prostate","05yrs","St. Tammany","Slidell, Eden Isle",205.476,195.203,215.75,114956,177.886,168.992,186.78,29899,194.144,184.437,203.851,62382,12.64,27.25,17.66,6.62
"A9039","https://nci-naaccr-zone-design.github.io/louisiana-2020/?address=A9039","Both","Lung","05yrs","St. Tammany","Slidell, Eden Isle",80.306,76.29,84.321,234029,70.158,66.65,73.666,63086,53.001,50.351,55.651,62382,12.64,27.25,17.66,6.62
"A9039","https://nci-naaccr-zone-design.github.io/louisiana-2020/?address=A9039","Female","Lung","05yrs","St. Tammany","Slidell, Eden Isle",41.328,39.262,43.394,119073,46.171,43.862,48.479,33186,45.474,43.2,47.748,62382,12.64,27.25,17.66,6.62
"A9039","https://nci-naaccr-zone-design.github.io/louisiana-2020/?address=A9039","Male","Lung","05yrs","St. Tammany","Slidell, Eden Isle",117.39,111.521,123.26,114956,87.297,82.932,91.662,29899,113.601,107.921,119.281,62382,12.64,27.25,17.66,6.62
"A9039","https://nci-naaccr-zone-design.github.io/louisiana-2020/?address=A9039","Female","Breast","05yrs","St. Tammany","Slidell, Eden Isle",132.438,125.817,139.06,119073,135.869,129.075,142.662,33186,141.232,134.17,148.293,62382,12.64,27.25,17.66,6.62
"A9039","https://nci-naaccr-zone-design.github.io/louisiana-2020/?address=A9039","Both","CRC","05yrs","St. Tammany","Slidell, Eden Isle",50.467,47.944,52.991,234029,52.197,49.587,54.807,63086,45.075,42.821,47.328,62382,12.64,27.25,17.66,6.62
"A9039","https://nci-naaccr-zone-design.github.io/louisiana-2020/?address=A9039","Female","CRC","05yrs","St. Tammany","Slidell, Eden Isle",43.098,40.943,45.253,119073,42.176,40.067,44.285,33186,35.158,33.4,36.916,62382,12.64,27.25,17.66,6.62
"A9039","https://nci-naaccr-zone-design.github.io/louisiana-2020/?address=A9039","Male","CRC","05yrs","St. Tammany","Slidell, Eden Isle",45.0,42.75,47.25,114956,63.782,60.593,66.971,29899,56.326,53.51,59.143,62382,12.64,27.25,17.66,6.62
"A9039","https://nci-naaccr-zone-design.github.io/louisiana-2020/?address=A9039","Both","Kidney","05yrs","St. Tammany","Slidell, Eden Isle",20.3,19.285,21.315,234029,23.601,22.421,24.781,63086,21.803,20.713,22.893,62382,12.64,27.25,17.66,6.62
"A9039","https://nci-naaccr-zone-design.github.io/louisiana-2020/?address=A9039","Female","Kidney","05yrs","St. Tammany","Slidell, Eden Isle",9.658,9.175,10.141,119073,19.767,18.778,20.755,33186,19.94,18.943,20.937,62382,12.64,27.25,17.66,6.62
"A9039","https://nci-naaccr-zone-design.github.io/louisiana-2020/?address=A9039","Male","Kidney","05yrs","St. Tammany","Slidell, Eden Isle",20.103,19.098,21.108,114956,27.321,25.955,28.687,29899,34.245,32.533,35.957,62382,12.64,27.25,17.66,6.62
"A9039","https://nci-naaccr-zone-design.github.io/louisiana-2020/?address=A9039","Both","NHL","05yrs","St. Tammany","Slidell, Eden Isle",20.607,19.577,21.637,234029,20.867,19.823,21.91,63086,17.192,16.332,18.051,62382,12.64,27.25,17.66,6.62
"A9039","https://nci-naaccr-zone-design.github.io/louisiana-2020/?address=A9039","Female","NHL","05yrs","St. Tammany","Slidell, Eden Isle",12.879,12.235,13.523,119073,21.273,20.209,22.336,33186,18.634,17.703,19.566,62382,12.64,27.25,17.66,6.62
"A9039","https://nci-naaccr-zone-design.github.io/louisiana-2020/?address=A9039","Male","NHL","05yrs","St. Tammany","Slidell, Eden Isle",22.923,21.777,24.069,114956,22.44,21.318,23.562,29899,20.872,19.828,21.916,62382,12.64,27.25,17.66,6.62
"A9039","https://nci-naaccr-zone-design.github.io/louisiana-2020/?address=A9039","Both","Urinary","05yrs","St. Tammany","Slidell, Eden Isle",23.031,21.879,24.182,234029,13.854,13.162,14.547,63086,18.397,17.477,19.317,62382,12.64,27.25,17.66,6.62
"A9039","https://nci-naaccr-zone-design.github.io/louisiana-2020/?address=A9039","Female","Urinary","05yrs","St. Tammany","Slidell, Eden Isle",6.828,6.487,7.17,119073,7.99,7.59,8.389,33186,9.414,8.943,9.884,62382,12.64,27.25,17.66,6.62
"A9039","https://nci-naaccr-zone-design.github.io/louisiana-2020/?address=A9039","Male","Urinary","05yrs","St. Tammany","Slidell, Eden Isle",31.736,30.15,33.323,114956,44.749,42.511,46.986,29899,21.973,20.874,23.072,62382,12.64,27.25,17.66,6.62
"A9039","https://nci-naaccr-zone-design.github.io/louisiana-2020/?address=A9039","Both","Mela","05yrs","St. Tammany","Slidell, Eden Isle",9.357,8.889,9.825,234029,27.838,26.446,29.23,63086,13.135,12.479,13.792,62382,12.64,27.25,17.66,6.62
"A9039","https://nci-naaccr-zone-design.github.io/louisiana-2020/?address=A9039","Female","Mela","05yrs","St. Tammany","Slidell, Eden Isle",17.962,17.064,18.86,119073,5.481,5.207,5.756,33186,"","","",62382,12.64,27.25,17.66,6.62
"A9039","https://nci-naaccr-zone-design.github.io/louisiana-2020/?address=A9039","Male","Mela","05yrs","St. Tammany","Slidell, Eden Isle",12.828,12.186,13.469,114956,11.733,11.146,12.32,29899,"","","",62382,12.64,27.25,17.66,6.62
"A9039","https://nci-naaccr-zone-design.github.io/louisiana-2020/?address=A9039","Both","Pancreas","05yrs","St. Tammany","Slidell, Eden Isle",11.257,10.694,11.819,234029,9.838,9.346,10.33,63086,16.792,15.953,17.632,62382,12.64,27.25,17.66,6.62
"A9039","https://nci-naaccr-zone-design.github.io/louisiana-2020/?address=A9039","Female","Pancreas","05yrs","St. Tammany","Slidell, Eden Isle",16.893,16.049,17.738,119073,9.973,9.475,10.472,33186,14.748,14.011,15.485,62382,12.64,27.25,17.66,6.62
"A9039","https://nci-naaccr-zone-design.github.io/louisiana-2020/?address=A9039","Male","Pancreas","05yrs","St. Tammany","Slidell, Eden Isle",20.507,19.482,21.533,114956,11.21,10.65,11.771,29899,"","","",62382,12.64,27.25,17.66,6.62
"A9039","https://nci-naaccr-zone-design.github.io/louisiana-2020/?address=A9039","Both","Leuks","05yrs","St. Tammany","Slidell, Eden Isle",16.961,16.113,17.809,234029,14.509,13.783,15.234,63086,12.442,11.82,13.064,62382,12.64,27.25,17.66,6.62
"A9039","https://nci-naaccr-zone-design.github.io/louisiana-2020/?address=A9039","Female","Leuks","05yrs","St. Tammany","Slidell, Eden Isle",8.571,8.142,8.999,119073,9.907,9.411,10.402,33186,"","","",62382,12.64,27.25,17.66,6.62
"A9039","https://nci-naaccr-zone-design.github.io/louisiana-2020/?address=A9039","Male","Leuks","05yrs","St. Tammany","Slidell, Eden Isle",19.382,18.413,20.351,114956,10.469,9.945,10.992,29899,"","","",62382,12.64,27.25,17.66,6.62
"A9039","https://nci-naaccr-zone-design.github.io/louisiana-2020/?address=A9039","Both","Oral","05yrs","St. Tammany","Slidell, Eden Isle",14.025,13.324,14.726,234029,9.5,9.025,9.975,63086,8.909,8.463,9.354,62382,12.64,27.25,17.66,6.62
"A9039","https://nci-naaccr-zone-design.github.io/louisiana-2020/?address=A9039","Female","Oral","05yrs","St. Tammany","Slidell, Eden Isle",8.042,7.64,8.444,119073,7.296,6.931,7.66,33186,"","","",62382,12.64,27.25,17.66,6.62
"A9039","https://nci-naaccr-zone-design.github.io/louisiana-2020/?address=A9039","Male","Oral","05yrs","St. Tammany","Slidell, Eden Isle",22.86,21.717,24.003,114956,20.958,19.91,22.006,29899,18.418,17.497,19.339,62382,12.64,27.25,17.66,6.62
"A9039","https://nci-naaccr-zone-design.github.io/louisiana-2020/?address=A9039","Both","Thyroid","05yrs","St. Tammany","Slidell, Eden Isle",15.689,14.905,16.474,234029,10.555,10.028,11.083,63086,10.453,9.93,10.976,62382,12.64,27.25,17.66,6.62
"A9039","https://nci-naaccr-zone-design.github.io/louisiana-2020/?address=A9039","Female","Thyroid","05yrs","St. Tammany","Slidell, Eden Isle",17.655,16.772,18.537,119073,23.915,22.72,25.111,33186,16.465,15.642,17.289,62382,12.64,27.25,17.66,6.62
"A9039","https://nci-naaccr-zone-design.github.io/louisiana-2020/?address=A9039","Male","Thyroid","05yrs","St. Tammany","Slidell, Eden Isle",2.903,2.758,3.048,114956,9.584,9.105,10.063,29899,"","","",62382,12.64,27.25,17.66,6.62
"A9039","https://nci-naaccr-zone-design.github.io/louisiana-2020/?address=A9039","Female","Uterine","05yrs","St. Tammany","Slidell, Eden Isle",17.034,16.183,17.886,119073,23.929,22.733,25.125,33186,22.388,21.269,23.508,62382,12.64,27.25,17.66,6.62
"A9039","https://nci-naaccr-zone-design.github.io/louisiana-2020/?address=A9039","Both","Liver","05yrs","St. Tammany","Slidell, Eden Isle",9.034,8.583,9.486,234029,15.285,14.52,16.049,63086,12.197,11.587,12.807,62382,12.64,27.25,17.66,6.62
"A9039","https://nci-naaccr-zone-design.github.io/louisiana-2020/?address=A9039","Female","Liver","05yrs","St. Tammany","Slidell, Eden Isle",5.751,5.463,6.038,119073,2.663,2.529,2.796,33186,"","","",62382,12.64,27.25,17.66,6.62
"A9039","https://nci-naaccr-zone-design.github.io/louisiana-2020/?address=A9039","Male","Liver","05yrs","St. Tammany","Slidell, Eden Isle",11.712,11.126,12.297,114956,8.69,8.255,9.124,29899,14.883,14.139,15.627,62382,12.64,27.25,17.66,6.62
"A9039","https://nci-naaccr-zone-design.github.io/louisiana-2020/?address=A9039","Both","Stomach","05yrs","St. Tammany","Slidell, Eden Isle",7.515,7.139,7.89,234029,6.218,5.907,6.529,63086,8.303,7.888,8.718,62382,12.64,27.25,17.66,6.62
"A9039","https://nci-naaccr-zone-design.github.io/louisiana-2020/?address=A9039","Female","Stomach","05yrs","St. Tammany","Slidell, Eden Isle",5.826,5.534,6.117,119073,5.844,5.552,6.137,33186,9.399,8.929,9.869,62382,12.64,27.25,17.66,6.62
"A9039","https://nci-naaccr-zone-design.github.io/louisiana-2020/?address=A9039","Male","Stomach","05yrs","St. Tammany","Slidell, Eden Isle",6.113,5.807,6.418,114956,15.446,14.674,16.218,29899,"","","",62382,12.64,27.25,17.66,6.62
"A9039","https://nci-naaccr-zone-design.github.io/louisiana-2020/?address=A9039","Both","Myeloma","05yrs","St. Tammany","Slidell, Eden Isle",8.097,7.693,8.502,234029,14.621,13.89,15.352,63086,"","","",62382,12.64,27.25,17.66,6.62
"A9039","https://nci-naaccr-zone-design.github.io/louisiana-2020/?address=A9039","Female","Myeloma","05yrs","St. Tammany","Slidell, Eden Isle",4.541,4.314,4.768,119073,9.565,9.086,10.043,33186,"","","",62382,12.64,27.25,17.66,6.62
"A9039","https://nci-naaccr-zone-design.github.io/louisiana-2020/?address=A9039","Male","Myeloma","05yrs","St. Tammany","Slidell, Eden Isle",7.946,7.549,8.344,114956,12.152,11.545,12.76,29899,10.502,9.976,11.027,62382,12.64,27.25,17.66,6.62
"A9039","https://nci-naaccr-zone-design.github.io/louisiana-2020/?address=A9039","Both","Brain","05yrs","St. Tammany","Slidell, Eden Isle",6.427,6.106,6.749,234029,5.043,4.791,5.295,63086,7.486,7.111,7.86,62382,12.64,27.25,17.66,6.62
"A9039","https://nci-naaccr-zone-design.github.io/louisiana-2020/?address=A9039","Female","Brain","05yrs","St. Tammany","Slidell, Eden Isle",4.211,4.0,4.421,119073,7.747,7.359,8.134,33186,"","","",62382,12.64,27.25,17.66,6.62
"A9039","https://nci-naaccr-zone-design.github.io/louisiana-2020/?address=A9039","Male","Brain","05yrs","St. Tammany","Slidell, Eden Isle",9.972,9.474,10.471,114956,11.035,10.483,11.586,29899,"","","",62382,12.64,27.25,17.66,6.62
"A9039","https://nci-naaccr-zone-design.github.io/louisiana-2020/?address=A9039","Both","Larynx","05yrs","St. Tammany","Slidell, Eden Isle",8.576,8.147,9.005,234029,6.166,5.858,6.475,63086,7.515,7.139,7.89,62382,12.64,27.25,17.66,6.62
"A9039","https://nci-naaccr-zone-design.github.io/louisiana-2020/?address=A9039","Female","Larynx","05yrs","St. Tammany","Slidell, Eden Isle","","","",119073,4.08,3.876,4.284,33186,"","","",62382,12.64,27.25,17.66,6.62
"A9039","https://nci-naaccr-zone-design.github.io/louisiana-2020/?address=A9039","Male","Larynx","05yrs","St. Tammany","Slidell, Eden Isle",6.967,6.618,7.315,114956,3.868,3.674,4.061,29899,12.292,11.677,12.907,62382,12.64,27.25,17.66,6.62
"A9039","https://nci-naaccr-zone-design.github.io/louisiana-2020/?address=A9039","Female","Ovary","05yrs","St. Tammany","Slidell, Eden Isle",12.181,11.572,12.79,119073,4.188,3.979,4.397,33186,13.378,12.709,14.047,62382,12.64,27.25,17.66,6.62
"A9039","https://nci-naaccr-zone-design.github.io/louisiana-2020/?address=A9039","Both","Esoph","05yrs","St. Tammany","Slidell, Eden Isle",7.838,7.446,8.23,234029,4.796,4.556,5.036,63086,6.644,6.311,6.976,62382,12.64,27.25,17.66,6.62
"A9039","https://nci-naaccr-zone-design.github.io/louisiana-2020/?address=A9039","Female","Esoph","05yrs","St. Tammany","Slidell, Eden Isle",3.355,3.187,3.522,119073,3.711,3.526,3.897,33186,"","","",62382,12.64,27.25,17.66,6.62
"A9039","https://nci-naaccr-zone-design.github.io/louisiana-2020/?address=A9039","Male","Esoph","05yrs","St. Tammany","Slidell, Eden Isle",11.936,11.34,12.533,114956,10.104,9.599,10.609,29899,"","","",62382,12.64,27.25,17.66,6.62
"A9039","https://nci-naaccr-zone-design.github.io/louisiana-2020/?address=A9039","Both","AllSite","10yrs","St. Tammany","Slidell, Eden Isle",532.344,505.727,558.961,471314,497.866,472.972,522.759,116381,524.25,498.038,550.463,62382,12.64,27.25,17.66,6.62
"A9039","https://nci-naaccr-zone-design.github.io/louisiana-2020/?address=A9039","Female","AllSite","10yrs","St. Tammany","Slidell, Eden Isle",357.713,339.827,375.598,239581,395.562,375.784,415.34,61138,393.865,374.171,413.558,62382,12.64,27.25,17.66,6.62
"A9039","https://nci-naaccr-zone-design.github.io/louisiana-2020/?address=A9039","Male","AllSite","10yrs","St. Tammany","Slidell, Eden Isle",587.863,558.47,617.256,231733,651.887,619.293,684.482,55243,583.129,553.973,612.286,62382,12.64,27.25,17.66,6.62
"A9039","https://nci-naaccr-zone-design.github.io/louisiana-2020/?address=A9039","Male","Prostate","10yrs","St. Tammany","Slidell, Eden Isle",124.208,117.998,130.418,231733,139.267,132.304,146.231,55243,168.319,159.903,176.735,62382,12.64,27.25,17.66,6.62
"A9039","https://nci-naaccr-zone-design.github.io/louisiana-2020/?address=A9039","Both","Lung","10yrs","St. Tammany","Slidell, Eden Isle",49.168,46.71,51.626,471314,62.621,59.49,65.752,116381,63.494,60.319,66.669,62382,12.64,27.25,17.66,6.62
"A9039","https://nci-naaccr-zone-design.github.io/louisiana-2020/?address=A9039","Female","Lung","10yrs","St. Tammany","Slidell, Eden Isle",71.495,67.92,75.069,239581,40.196,38.186,42.206,61138,71.031,67.479,74.582,62382,12.64,27.25,17.66,6.62
"A9039","https://nci-naaccr-zone-design.github.io/louisiana-2020/?address=A9039","Male","Lung","10yrs","St. Tammany","Slidell, Eden Isle",116.76,110.922,122.598,231733,60.345,57.328,63.362,55243,116.108,110.302,121.913,62382,12.64,27.25,17.66,6.62
"A9039","https://nci-naaccr-zone-design.github.io/louisiana-2020/?address=A9039","Female","Breast","10yrs","St. Tammany","Slidell, Eden Isle",104.603,99.373,109.833,239581,140.42,133.399,147.441,61138,97.493,92.618,102.367,62382,12.64,27.25,17.66,6.62
"A9039","https://nci-naaccr-zone-design.github.io/louisiana-2020/?address=A9039","Both","CRC","10yrs","St. Tammany","Slidell, Eden Isle",53.686,51.002,56.371,471314,52.262,49.649,54.875,116381,51.588,49.008,54.167,62382,12.64,27.25,17.66,6.62
"A9039","https://nci-naaccr-zone-design.github.io/louisiana-2020/?address=A9039","Female","CRC","10yrs","St. Tammany","Slidell, Eden Isle",32.321,30.705,33.937,239581,52.083,49.479,54.687,61138,33.462,31.789,35.135,62382,12.64,27.25,17.66,6.62
"A9039","https://nci-naaccr-zone-design.github.io/louisiana-2020/?address=A9039","Male","CRC","10yrs","St. Tammany","Slidell, Eden Isle",65.067,61.813,68.32,231733,70.694,67.159,74.229,55243,44.511,42.285,46.736,62382,12.64,27.25,17.66,6.62
"A9039","https://nci-naaccr-zone-design.github.io/louisiana-2020/?address=A9039","Both","Kidney","10yrs","St. Tammany","Slidell, Eden Isle",17.169,16.31,18.027,471314,23.456,22.284,24.629,116381,21.811,20.721,22.902,62382,12.64,27.25,17.66,6.62
"A9039","https://nci-naaccr-zone-design.github.io/louisiana-2020/?address=A9039","Female","Kidney","10yrs","St. Tammany","Slidell, Eden Isle",19.762,18.774,20.75,239581,15.101,14.346,15.857,61138,14.213,13.503,14.924,62382,12.64,27.25,17.66,6.62
"A9039","https://nci-naaccr-zone-design.github.io/louisiana-2020/?address=A9039","Male","Kidney","10yrs","St. Tammany","Slidell, Eden Isle",19.924,18.928,20.92,231733,31.829,30.237,33.42,55243,27.814,26.423,29.204,62382,12.64,27.25,17.66,6.62
"A9039","https://nci-naaccr-zone-design.github.io/louisiana-2020/?address=A9039","Both","NHL","10yrs","St. Tammany","Slidell, Eden Isle",22.421,21.3,23.542,471314,21.813,20.722,22.903,116381,23.843,22.651,25.035,62382,12.64,27.25,17.66,6.62
"A9039","https://nci-naaccr-zone-design.github.io/louisiana-2020/?address=A9039","Female","NHL","10yrs","St. Tammany","Slidell, Eden Isle",15.181,14.422,15.94,239581,10.478,9.954,11.002,61138,9.386,8.917,9.855,62382,12.64,27.25,17.66,6.62
"A9039","https://nci-naaccr-zone-design.github.io/louisiana-2020/?address=A9039","Male","NHL","10yrs","St. Tammany","Slidell, Eden Isle",21.275,20.211,22.338,231733,18.374,17.456,19.293,55243,32.002,30.401,33.602,62382,12.64,27.25,17.66,6.62
"A9039","https://nci-naaccr-zone-design.github.io/louisiana-2020/?address=A9039","Both","Urinary","10yrs","St. Tammany","Slidell, Eden Isle",26.071,24.768,27.375,471314,16.901,16.056,17.746,116381,17.314,16.448,18.179,62382,12.64,27.25,17.66,6.62
"A9039","https://nci-naaccr-zone-design.github.io/louisiana-2020/?address=A9039","Female","Urinary","10yrs","St. Tammany","Slidell, Eden Isle",11.447,10.875,12.02,239581,8.169,7.761,8.578,61138,6.565,6.237,6.894,62382,12.64,27.25,17.66,6.62
"A9039","https://nci-naaccr-zone-design.github.io/louisiana-2020/?address=A9039","Male","Urinary","10yrs","St. Tammany","Slidell, Eden Isle",38.603,36.673,40.533,231733,20.164,19.156,21.172,55243,49.525,47.049,52.002,62382,12.64,27.25,17.66,6.62
"A9039","https://nci-naaccr-zone-design.github.io/louisiana-2020/?address=A9039","Both","Mela","10yrs","St. Tammany","Slidell, Eden Isle",28.928,27.482,30.375,471314,18.768,17.83,19.706,116381,14.847,14.105,15.59,62382,12.64,27.25,17.66,6.62
"A9039","https://nci-naaccr-zone-design.github.io/louisiana-2020/?address=A9039","Female","Mela","10yrs","St. Tammany","Slidell, Eden Isle",18.728,17.792,19.664,239581,16.377,15.558,17.196,61138,12.238,11.626,12.85,62382,12.64,27.25,17.66,6.62
"A9039","https://nci-naaccr-zone-design.github.io/louisiana-2020/?address=A9039","Male","Mela","10yrs","St. Tammany","Slidell, Eden Isle",22.369,21.25,23.487,231733,19.22,18.259,20.181,55243,17.69,16.806,18.575,62382,12.64,27.25,17.66,6.62
"A9039","https://nci-naaccr-zone-design.github.io/louisiana-2020/?address=A9039","Both","Pancreas","10yrs","St. Tammany","Slidell, Eden Isle",13.365,12.696,14.033,471314,16.252,15.44,17.065,116381,15.955,15.157,16.753,62382,12.64,27.25,17.66,6.62
"A9039","https://nci-naaccr-zone-design.github.io/louisiana-2020/?address=A9039","Female","Pancreas","10yrs","St. Tammany","Slidell, Eden Isle",13.134,12.477,13.79,239581,14.997,14.247,15.747,61138,15.19,14.431,15.95,62382,12.64,27.25,17.66,6.62
"A9039","https://nci-naaccr-zone-design.github.io/louisiana-2020/?address=A9039","Male","Pancreas","10yrs","St. Tammany","Slidell, Eden Isle",16.958,16.11,17.806,231733,19.974,18.975,20.972,55243,13.997,13.298,14.697,62382,12.64,27.25,17.66,6.62
"A9039","https://nci-naaccr-zone-design.github.io/louisiana-2020/?address=A9039","Both","Leuks","10yrs","St. Tammany","Slidell, Eden Isle",10.563,10.035,11.091,471314,17.56,16.682,18.438,116381,15.729,14.943,16.516,62382,12.64,27.25,17.66,6.62
"A9039","https://nci-naaccr-zone-design.github.io/louisiana-2020/?address=A9039","Female","Leuks","10yrs","St. Tammany","Slidell, Eden Isle",12.835,12.193,13.476,239581,13.586,12.907,14.265,61138,13.361,12.693,14.029,62382,12.64,27.25,17.66,6.62
"A9039","https://nci-naaccr-zone-design.github.io/louisiana-2020/?address=A9039","Male","Leuks","10yrs","St. Tammany","Slidell, Eden Isle",20.549,19.521,21.576,231733,23.795,22.605,24.985,55243,23.552,22.374,24.729,62382,12.64,27.25,17.66,6.62
"A9039","https://nci-naaccr-zone-design.github.io/louisiana-2020/?address=A9039","Both","Oral","10yrs","St. Tammany","Slidell, Eden Isle",14.843,14.101,15.585,471314,9.603,9.123,10.083,116381,8.105,7.7,8.511,62382,12.64,27.25,17.66,6.62
"A9039","https://nci-naaccr-zone-design.github.io/louisiana-2020/?address=A9039","Female","Oral","10yrs","St. Tammany","Slidell, Eden Isle",4.173,3.964,4.382,239581,5.381,5.112,5.65,61138,4.05,3.848,4.253,62382,12.64,27.25,17.66,6.62
"A9039","https://nci-naaccr-zone-design.github.io/louisiana-2020/?address=A9039","Male","Oral","10yrs","St. Tammany","Slidell, Eden Isle",22.13,21.024,23.237,231733,22.641,21.509,23.773,55243,24.782,23.543,26.022,62382,12.64,27.25,17.66,6.62
"A9039","https://nci-naaccr-zone-design.github.io/louisiana-2020/?address=A9039","Both","Thyroid","10yrs","St. Tammany","Slidell, Eden Isle",14.927,14.18,15.673,471314,15.993,15.193,16.793,116381,12.094,11.489,12.699,62382,12.64,27.25,17.66,6.62
"A9039","https://nci-naaccr-zone-design.github.io/louisiana-2020/?address=A9039","Female","Thyroid","10yrs","St. Tammany","Slidell, Eden Isle",23.82,22.629,25.011,239581,15.534,14.758,16.311,61138,15.143,14.386,15.9,62382,12.64,27.25,17.66,6.62
"A9039","https://nci-naaccr-zone-design.github.io/louisiana-2020/?address=A9039","Male","Thyroid","10yrs","St. Tammany","Slidell, Eden Isle",6.715,6.38,7.051,231733,7.989,7.59,8.389,55243,"","","",62382,12.64,27.25,17.66,6.62
"A9039","https://nci-naaccr-zone-design.github.io/louisiana-2020/?address=A9039","Female","Uterine","10yrs","St. Tammany","Slidell, Eden Isle",24.913,23.668,26.159,239581,21.95,20.853,23.048,61138,25.376,24.107,26.645,62382,12.64,27.25,17.66,6.62
"A9039","https://nci-naaccr-zone-design.github.io/louisiana-2020/?address=A9039","Both","Liver","10yrs","St. Tammany","Slidell, Eden Isle",15.516,14.741,16.292,471314,9.727,9.241,10.214,116381,11.178,10.619,11.737,62382,12.64,27.25,17.66,6.62
"A9039","https://nci-naaccr-zone-design.github.io/louisiana-2020/?address=A9039","Female","Liver","10yrs","St. Tammany","Slidell, Eden Isle",7.288,6.924,7.652,239581,6.45,6.127,6.772,61138,2.913,2.768,3.059,62382,12.64,27.25,17.66,6.62
"A9039","https://nci-naaccr-zone-design.github.io/louisiana-2020/?address=A9039","Male","Liver","10yrs","St. Tammany","Slidell, Eden Isle",8.721,8.285,9.157,231733,21.633,20.551,22.714,55243,13.826,13.135,14.517,62382,12.64,27.25,17.66,6.62
"A9039","https://nci-naaccr-zone-design.github.io/louisiana-2020/?address=A9039","Both","Stomach","10yrs","St. Tammany","Slidell, Eden Isle",8.794,8.354,9.234,471314,6.995,6.645,7.345,116381,6.291,5.976,6.605,62382,12.64,27.25,17.66,6.62
"A9039","https://nci-naaccr-zone-design.github.io/louisiana-2020/?address=A9039","Female","Stomach","10yrs","St. Tammany","Slidell, Eden Isle",5.182,4.923,5.441,239581,7.876,7.482,8.269,61138,8.707,8.272,9.142,62382,12.64,27.25,17.66,6.62
"A9039","https://nci-naaccr-zone-design.github.io/louisiana-2020/?address=A9039","Male","Stomach","10yrs","St. Tammany","Slidell, Eden Isle",7.923,7.527,8.32,231733,7.251,6.889,7.614,55243,6.674,6.34,7.007,62382,12.64,27.25,17.66,6.62
"A9039","https://nci-naaccr-zone-design.github.io/louisiana-2020/?address=A9039","Both","Myeloma","10yrs","St. Tammany","Slidell, Eden Isle",6.254,5.941,6.566,471314,13.244,12.582,13.906,116381,8.222,7.811,8.633,62382,12.64,27.25,17.66,6.62
"A9039","https://nci-naaccr-zone-design.github.io/louisiana-2020/?address=A9039","Female","Myeloma","10yrs","St. Tammany","Slidell, Eden Isle",12.834,12.193,13.476,239581,7.039,6.687,7.391,61138,7.404,7.034,7.775,62382,12.64,27.25,17.66,6.62
"A9039","https://nci-naaccr-zone-design.github.io/louisiana-2020/?address=A9039","Male","Myeloma","10yrs","St. Tammany","Slidell, Eden Isle",16.378,15.559,17.196,231733,17.48,16.606,18.354,55243,11.51,10.934,12.085,62382,12.64,27.25,17.66,6.62
"A9039","https://nci-naaccr-zone-design.github.io/louisiana-2020/?address=A9039","Both","Brain","10yrs","St. Tammany","Slidell, Eden Isle",3.949,3.752,4.147,471314,3.885,3.69,4.079,116381,6.587,6.258,6.917,62382,12.64,27.25,17.66,6.62
"A9039","https://nci-naaccr-zone-design.github.io/louisiana-2020/?address=A9039","Female","Brain","10yrs","St. Tammany","Slidell, Eden Isle",5.744,5.457,6.031,239581,3.977,3.778,4.176,61138,2.977,2.828,3.126,62382,12.64,27.25,17.66,6.62
"A9039","https://nci-naaccr-zone-design.github.io/louisiana-2020/?address=A9039","Male","Brain","10yrs","St. Tammany","Slidell, Eden Isle",8.811,8.37,9.252,231733,5.381,5.112,5.65,55243,7.265,6.902,7.628,62382,12.64,27.25,17.66,6.62
"A9039","https://nci-naaccr-zone-design.github.io/louisiana-2020/?address=A9039","Both","Larynx","10yrs","St. Tammany","Slidell, Eden Isle",5.709,5.423,5.994,471314,6.415,6.094,6.736,116381,5.59,5.311,5.87,62382,12.64,27.25,17.66,6.62
"A9039","https://nci-naaccr-zone-design.github.io/louisiana-2020/?address=A9039","Female","Larynx","10yrs","St. Tammany","Slidell, Eden Isle",0.786,0.747,0.825,239581,2.267,2.154,2.38,61138,3.326,3.16,3.493,62382,12.64,27.25,17.66,6.62
"A9039","https://nci-naaccr-zone-design.github.io/louisiana-2020/?address=A9039","Male","Larynx","10yrs","St. Tammany","Slidell, Eden Isle",15.091,14.336,15.845,231733,13.434,12.762,14.105,55243,11.205,10.645,11.765,62382,12.64,27.25,17.66,6.62
"A9039","https://nci-naaccr-zone-design.github.io/louisiana-2020/?address=A9039","Female","Ovary","10yrs","St. Tammany","Slidell, Eden Isle",6.422,6.101,6.743,239581,5.233,4.971,5.494,61138,6.891,6.546,7.235,62382,12.64,27.25,17.66,6.62
"A9039","https://nci-naaccr-zone-design.github.io/louisiana-2020/?address=A9039","Both","Esoph","10yrs","St. Tammany","Slidell, Eden Isle",3.386,3.217,3.555,471314,5.593,5.313,5.873,116381,7.485,7.111,7.859,62382,12.64,27.25,17.66,6.62
"A9039","https://nci-naaccr-zone-design.github.io/louisiana-2020/?address=A9039","Female","Esoph","10yrs","St. Tammany","Slidell, Eden Isle",1.344,1.277,1.411,239581,3.853,3.66,4.045,61138,"","","",62382,12.64,27.25,17.66,6.62
"A9039","https://nci-naaccr-zone-design.github.io/louisiana-2020/?address=A9039","Male","Esoph","10yrs","St. Tammany","Slidell, Eden Isle",5.833,5.542,6.125,231733,11.013,10.462,11.564,55243,10.636,10.104,11.168,62382,12.64,27.25,17.66,6.62
