"Zone","URL","Sex","Cancer","Years","Counties","Places","AAIR","LCI","UCI","White_PopTot","White_AAIR","White_LCI","White_UCI","Black_PopTot","Black_AAIR","Black_LCI","Black_UCI","TotalPop","Pct100Pov","PctMinority","PctBlackNH","PctRural"
"A9028","https://nci-naaccr-zone-design.github.io/louisiana-2020/?address=A9028","Both","AllSite","05yrs","Jefferson","Metairie",520.1,494.095,546.105,225182,465.868,442.574,489.161,30191,458.183,435.273,481.092,60832,11.13,24.96,8.17,0.0
"A9028","https://nci-naaccr-zone-design.github.io/louisiana-2020/?address=A9028","Female","AllSite","05yrs","Jefferson","Metairie",445.329,423.063,467.596,116859,407.205,386.844,427.565,16322,423.142,401.985,444.299,60832,11.13,24.96,8.17,0.0
"A9028","https://nci-naaccr-zone-design.github.io/louisiana-2020/?address=A9028","Male","AllSite","05yrs","Jefferson","Metairie",636.584,604.755,668.413,108323,553.976,526.277,581.675,13869,570.003,541.503,598.503,60832,11.13,24.96,8.17,0.0
"A9028","https://nci-naaccr-zone-design.github.io/louisiana-2020/?address=A9028","Male","Prostate","05yrs","Jefferson","Metairie",200.848,190.806,210.89,108323,149.492,142.017,156.966,13869,144.243,137.031,151.455,60832,11.13,24.96,8.17,0.0
"A9028","https://nci-naaccr-zone-design.github.io/louisiana-2020/?address=A9028","Both","Lung","05yrs","Jefferson","Metairie",70.147,66.64,73.654,225182,65.354,62.086,68.622,30191,69.548,66.071,73.026,60832,11.13,24.96,8.17,0.0
"A9028","https://nci-naaccr-zone-design.github.io/louisiana-2020/?address=A9028","Female","Lung","05yrs","Jefferson","Metairie",55.75,52.963,58.538,116859,45.655,43.372,47.937,16322,42.703,40.567,44.838,60832,11.13,24.96,8.17,0.0
"A9028","https://nci-naaccr-zone-design.github.io/louisiana-2020/?address=A9028","Male","Lung","05yrs","Jefferson","Metairie",55.51,52.735,58.286,108323,115.627,109.846,121.409,13869,69.469,65.996,72.943,60832,11.13,24.96,8.17,0.0
"A9028","https://nci-naaccr-zone-design.github.io/louisiana-2020/?address=A9028","Female","Breast","05yrs","Jefferson","Metairie",120.551,114.524,126.579,116859,143.411,136.24,150.581,16322,141.471,134.397,148.544,60832,11.13,24.96,8.17,0.0
"A9028","https://nci-naaccr-zone-design.github.io/louisiana-2020/?address=A9028","Both","CRC","05yrs","Jefferson","Metairie",53.312,50.647,55.978,225182,46.303,43.987,48.618,30191,36.881,35.037,38.725,60832,11.13,24.96,8.17,0.0
"A9028","https://nci-naaccr-zone-design.github.io/louisiana-2020/?address=A9028","Female","CRC","05yrs","Jefferson","Metairie",31.316,29.75,32.881,116859,38.105,36.2,40.01,16322,31.959,30.361,33.557,60832,11.13,24.96,8.17,0.0
"A9028","https://nci-naaccr-zone-design.github.io/louisiana-2020/?address=A9028","Male","CRC","05yrs","Jefferson","Metairie",51.037,48.485,53.589,108323,40.008,38.008,42.009,13869,65.454,62.182,68.727,60832,11.13,24.96,8.17,0.0
"A9028","https://nci-naaccr-zone-design.github.io/louisiana-2020/?address=A9028","Both","Kidney","05yrs","Jefferson","Metairie",17.973,17.074,18.871,225182,20.845,19.803,21.888,30191,15.994,15.194,16.793,60832,11.13,24.96,8.17,0.0
"A9028","https://nci-naaccr-zone-design.github.io/louisiana-2020/?address=A9028","Female","Kidney","05yrs","Jefferson","Metairie",18.865,17.921,19.808,116859,19.733,18.746,20.72,16322,"","","",60832,11.13,24.96,8.17,0.0
"A9028","https://nci-naaccr-zone-design.github.io/louisiana-2020/?address=A9028","Male","Kidney","05yrs","Jefferson","Metairie",23.274,22.11,24.438,108323,33.671,31.988,35.355,13869,36.295,34.48,38.109,60832,11.13,24.96,8.17,0.0
"A9028","https://nci-naaccr-zone-design.github.io/louisiana-2020/?address=A9028","Both","NHL","05yrs","Jefferson","Metairie",18.951,18.004,19.899,225182,18.231,17.319,19.142,30191,20.356,19.338,21.373,60832,11.13,24.96,8.17,0.0
"A9028","https://nci-naaccr-zone-design.github.io/louisiana-2020/?address=A9028","Female","NHL","05yrs","Jefferson","Metairie",20.986,19.937,22.036,116859,17.206,16.346,18.066,16322,"","","",60832,11.13,24.96,8.17,0.0
"A9028","https://nci-naaccr-zone-design.github.io/louisiana-2020/?address=A9028","Male","NHL","05yrs","Jefferson","Metairie",24.953,23.705,26.201,108323,26.514,25.188,27.839,13869,24.337,23.12,25.554,60832,11.13,24.96,8.17,0.0
"A9028","https://nci-naaccr-zone-design.github.io/louisiana-2020/?address=A9028","Both","Urinary","05yrs","Jefferson","Metairie",24.056,22.853,25.258,225182,17.721,16.835,18.607,30191,20.525,19.498,21.551,60832,11.13,24.96,8.17,0.0
"A9028","https://nci-naaccr-zone-design.github.io/louisiana-2020/?address=A9028","Female","Urinary","05yrs","Jefferson","Metairie",9.976,9.478,10.475,116859,4.315,4.099,4.531,16322,"","","",60832,11.13,24.96,8.17,0.0
"A9028","https://nci-naaccr-zone-design.github.io/louisiana-2020/?address=A9028","Male","Urinary","05yrs","Jefferson","Metairie",47.091,44.737,49.446,108323,39.437,37.465,41.409,13869,31.043,29.491,32.595,60832,11.13,24.96,8.17,0.0
"A9028","https://nci-naaccr-zone-design.github.io/louisiana-2020/?address=A9028","Both","Mela","05yrs","Jefferson","Metairie",5.672,5.389,5.956,225182,26.978,25.63,28.327,30191,19.103,18.148,20.058,60832,11.13,24.96,8.17,0.0
"A9028","https://nci-naaccr-zone-design.github.io/louisiana-2020/?address=A9028","Female","Mela","05yrs","Jefferson","Metairie",18.08,17.176,18.984,116859,13.216,12.555,13.877,16322,"","","",60832,11.13,24.96,8.17,0.0
"A9028","https://nci-naaccr-zone-design.github.io/louisiana-2020/?address=A9028","Male","Mela","05yrs","Jefferson","Metairie",28.008,26.608,29.409,108323,9.495,9.02,9.969,13869,37.133,35.276,38.989,60832,11.13,24.96,8.17,0.0
"A9028","https://nci-naaccr-zone-design.github.io/louisiana-2020/?address=A9028","Both","Pancreas","05yrs","Jefferson","Metairie",14.925,14.178,15.671,225182,10.241,9.729,10.754,30191,10.587,10.057,11.116,60832,11.13,24.96,8.17,0.0
"A9028","https://nci-naaccr-zone-design.github.io/louisiana-2020/?address=A9028","Female","Pancreas","05yrs","Jefferson","Metairie",8.796,8.356,9.236,116859,15.613,14.833,16.394,16322,"","","",60832,11.13,24.96,8.17,0.0
"A9028","https://nci-naaccr-zone-design.github.io/louisiana-2020/?address=A9028","Male","Pancreas","05yrs","Jefferson","Metairie",13.378,12.709,14.047,108323,13.788,13.099,14.478,13869,"","","",60832,11.13,24.96,8.17,0.0
"A9028","https://nci-naaccr-zone-design.github.io/louisiana-2020/?address=A9028","Both","Leuks","05yrs","Jefferson","Metairie",10.818,10.278,11.359,225182,13.826,13.135,14.517,30191,11.642,11.06,12.224,60832,11.13,24.96,8.17,0.0
"A9028","https://nci-naaccr-zone-design.github.io/louisiana-2020/?address=A9028","Female","Leuks","05yrs","Jefferson","Metairie",11.104,10.549,11.659,116859,14.77,14.032,15.509,16322,"","","",60832,11.13,24.96,8.17,0.0
"A9028","https://nci-naaccr-zone-design.github.io/louisiana-2020/?address=A9028","Male","Leuks","05yrs","Jefferson","Metairie",24.308,23.093,25.524,108323,25.896,24.601,27.191,13869,"","","",60832,11.13,24.96,8.17,0.0
"A9028","https://nci-naaccr-zone-design.github.io/louisiana-2020/?address=A9028","Both","Oral","05yrs","Jefferson","Metairie",8.913,8.467,9.359,225182,12.505,11.88,13.13,30191,"","","",60832,11.13,24.96,8.17,0.0
"A9028","https://nci-naaccr-zone-design.github.io/louisiana-2020/?address=A9028","Female","Oral","05yrs","Jefferson","Metairie",6.635,6.303,6.967,116859,4.401,4.181,4.621,16322,"","","",60832,11.13,24.96,8.17,0.0
"A9028","https://nci-naaccr-zone-design.github.io/louisiana-2020/?address=A9028","Male","Oral","05yrs","Jefferson","Metairie",17.927,17.03,18.823,108323,10.464,9.941,10.987,13869,"","","",60832,11.13,24.96,8.17,0.0
"A9028","https://nci-naaccr-zone-design.github.io/louisiana-2020/?address=A9028","Both","Thyroid","05yrs","Jefferson","Metairie",14.626,13.895,15.357,225182,15.857,15.064,16.65,30191,14.225,13.513,14.936,60832,11.13,24.96,8.17,0.0
"A9028","https://nci-naaccr-zone-design.github.io/louisiana-2020/?address=A9028","Female","Thyroid","05yrs","Jefferson","Metairie",11.197,10.637,11.756,116859,9.724,9.238,10.21,16322,25.588,24.308,26.867,60832,11.13,24.96,8.17,0.0
"A9028","https://nci-naaccr-zone-design.github.io/louisiana-2020/?address=A9028","Male","Thyroid","05yrs","Jefferson","Metairie",8.597,8.167,9.027,108323,3.652,3.469,3.834,13869,"","","",60832,11.13,24.96,8.17,0.0
"A9028","https://nci-naaccr-zone-design.github.io/louisiana-2020/?address=A9028","Female","Uterine","05yrs","Jefferson","Metairie",21.456,20.383,22.529,116859,13.225,12.563,13.886,16322,20.207,19.197,21.217,60832,11.13,24.96,8.17,0.0
"A9028","https://nci-naaccr-zone-design.github.io/louisiana-2020/?address=A9028","Both","Liver","05yrs","Jefferson","Metairie",7.653,7.27,8.036,225182,6.413,6.093,6.734,30191,"","","",60832,11.13,24.96,8.17,0.0
"A9028","https://nci-naaccr-zone-design.github.io/louisiana-2020/?address=A9028","Female","Liver","05yrs","Jefferson","Metairie",7.4,7.03,7.77,116859,"","","",16322,"","","",60832,11.13,24.96,8.17,0.0
"A9028","https://nci-naaccr-zone-design.github.io/louisiana-2020/?address=A9028","Male","Liver","05yrs","Jefferson","Metairie",23.088,21.933,24.242,108323,20.118,19.112,21.124,13869,"","","",60832,11.13,24.96,8.17,0.0
"A9028","https://nci-naaccr-zone-design.github.io/louisiana-2020/?address=A9028","Both","Stomach","05yrs","Jefferson","Metairie",4.409,4.189,4.63,225182,8.333,7.916,8.75,30191,"","","",60832,11.13,24.96,8.17,0.0
"A9028","https://nci-naaccr-zone-design.github.io/louisiana-2020/?address=A9028","Female","Stomach","05yrs","Jefferson","Metairie",3.609,3.429,3.79,116859,7.499,7.124,7.874,16322,"","","",60832,11.13,24.96,8.17,0.0
"A9028","https://nci-naaccr-zone-design.github.io/louisiana-2020/?address=A9028","Male","Stomach","05yrs","Jefferson","Metairie",12.13,11.524,12.737,108323,13.252,12.59,13.915,13869,"","","",60832,11.13,24.96,8.17,0.0
"A9028","https://nci-naaccr-zone-design.github.io/louisiana-2020/?address=A9028","Both","Myeloma","05yrs","Jefferson","Metairie",13.539,12.862,14.216,225182,14.309,13.593,15.024,30191,"","","",60832,11.13,24.96,8.17,0.0
"A9028","https://nci-naaccr-zone-design.github.io/louisiana-2020/?address=A9028","Female","Myeloma","05yrs","Jefferson","Metairie",4.292,4.077,4.506,116859,7.407,7.037,7.777,16322,"","","",60832,11.13,24.96,8.17,0.0
"A9028","https://nci-naaccr-zone-design.github.io/louisiana-2020/?address=A9028","Male","Myeloma","05yrs","Jefferson","Metairie",9.132,8.676,9.589,108323,7.632,7.251,8.014,13869,"","","",60832,11.13,24.96,8.17,0.0
"A9028","https://nci-naaccr-zone-design.github.io/louisiana-2020/?address=A9028","Both","Brain","05yrs","Jefferson","Metairie",6.252,5.94,6.565,225182,4.852,4.609,5.095,30191,"","","",60832,11.13,24.96,8.17,0.0
"A9028","https://nci-naaccr-zone-design.github.io/louisiana-2020/?address=A9028","Female","Brain","05yrs","Jefferson","Metairie",5.399,5.129,5.669,116859,3.127,2.97,3.283,16322,"","","",60832,11.13,24.96,8.17,0.0
"A9028","https://nci-naaccr-zone-design.github.io/louisiana-2020/?address=A9028","Male","Brain","05yrs","Jefferson","Metairie",4.008,3.808,4.208,108323,11.136,10.579,11.692,13869,"","","",60832,11.13,24.96,8.17,0.0
"A9028","https://nci-naaccr-zone-design.github.io/louisiana-2020/?address=A9028","Both","Larynx","05yrs","Jefferson","Metairie",8.178,7.769,8.587,225182,3.849,3.656,4.041,30191,"","","",60832,11.13,24.96,8.17,0.0
"A9028","https://nci-naaccr-zone-design.github.io/louisiana-2020/?address=A9028","Female","Larynx","05yrs","Jefferson","Metairie",2.136,2.029,2.243,116859,3.265,3.102,3.428,16322,"","","",60832,11.13,24.96,8.17,0.0
"A9028","https://nci-naaccr-zone-design.github.io/louisiana-2020/?address=A9028","Male","Larynx","05yrs","Jefferson","Metairie",4.723,4.486,4.959,108323,8.936,8.489,9.383,13869,"","","",60832,11.13,24.96,8.17,0.0
"A9028","https://nci-naaccr-zone-design.github.io/louisiana-2020/?address=A9028","Female","Ovary","05yrs","Jefferson","Metairie",8.99,8.541,9.44,116859,4.942,4.695,5.19,16322,"","","",60832,11.13,24.96,8.17,0.0
"A9028","https://nci-naaccr-zone-design.github.io/louisiana-2020/?address=A9028","Both","Esoph","05yrs","Jefferson","Metairie",7.046,6.693,7.398,225182,4.398,4.178,4.618,30191,"","","",60832,11.13,24.96,8.17,0.0
"A9028","https://nci-naaccr-zone-design.github.io/louisiana-2020/?address=A9028","Female","Esoph","05yrs","Jefferson","Metairie",4.093,3.888,4.298,116859,"","","",16322,"","","",60832,11.13,24.96,8.17,0.0
"A9028","https://nci-naaccr-zone-design.github.io/louisiana-2020/?address=A9028","Male","Esoph","05yrs","Jefferson","Metairie",6.909,6.563,7.254,108323,8.76,8.322,9.198,13869,"","","",60832,11.13,24.96,8.17,0.0
"A9028","https://nci-naaccr-zone-design.github.io/louisiana-2020/?address=A9028","Both","AllSite","10yrs","Jefferson","Metairie",514.907,489.161,540.652,459056,508.192,482.783,533.602,55925,492.35,467.733,516.968,60832,11.13,24.96,8.17,0.0
"A9028","https://nci-naaccr-zone-design.github.io/louisiana-2020/?address=A9028","Female","AllSite","10yrs","Jefferson","Metairie",447.699,425.314,470.084,238801,453.218,430.557,475.878,29997,416.87,396.026,437.713,60832,11.13,24.96,8.17,0.0
"A9028","https://nci-naaccr-zone-design.github.io/louisiana-2020/?address=A9028","Male","AllSite","10yrs","Jefferson","Metairie",533.241,506.579,559.903,220256,584.12,554.914,613.326,25928,615.013,584.262,645.764,60832,11.13,24.96,8.17,0.0
"A9028","https://nci-naaccr-zone-design.github.io/louisiana-2020/?address=A9028","Male","Prostate","10yrs","Jefferson","Metairie",127.993,121.594,134.393,220256,165.947,157.649,174.244,25928,194.475,184.751,204.198,60832,11.13,24.96,8.17,0.0
"A9028","https://nci-naaccr-zone-design.github.io/louisiana-2020/?address=A9028","Both","Lung","10yrs","Jefferson","Metairie",74.838,71.096,78.58,459056,61.516,58.441,64.592,55925,79.342,75.375,83.309,60832,11.13,24.96,8.17,0.0
"A9028","https://nci-naaccr-zone-design.github.io/louisiana-2020/?address=A9028","Female","Lung","10yrs","Jefferson","Metairie",64.021,60.82,67.222,238801,54.778,52.039,57.516,29997,67.642,64.26,71.024,60832,11.13,24.96,8.17,0.0
"A9028","https://nci-naaccr-zone-design.github.io/louisiana-2020/?address=A9028","Male","Lung","10yrs","Jefferson","Metairie",112.629,106.998,118.261,220256,102.216,97.105,107.327,25928,52.924,50.277,55.57,60832,11.13,24.96,8.17,0.0
"A9028","https://nci-naaccr-zone-design.github.io/louisiana-2020/?address=A9028","Female","Breast","10yrs","Jefferson","Metairie",104.335,99.118,109.552,238801,102.424,97.302,107.545,29997,134.884,128.14,141.629,60832,11.13,24.96,8.17,0.0
"A9028","https://nci-naaccr-zone-design.github.io/louisiana-2020/?address=A9028","Both","CRC","10yrs","Jefferson","Metairie",47.76,45.372,50.148,459056,47.02,44.669,49.371,55925,55.886,53.092,58.681,60832,11.13,24.96,8.17,0.0
"A9028","https://nci-naaccr-zone-design.github.io/louisiana-2020/?address=A9028","Female","CRC","10yrs","Jefferson","Metairie",44.125,41.919,46.331,238801,30.3,28.785,31.815,29997,33.204,31.544,34.865,60832,11.13,24.96,8.17,0.0
"A9028","https://nci-naaccr-zone-design.github.io/louisiana-2020/?address=A9028","Male","CRC","10yrs","Jefferson","Metairie",37.745,35.858,39.632,220256,56.594,53.764,59.423,25928,58.125,55.219,61.031,60832,11.13,24.96,8.17,0.0
"A9028","https://nci-naaccr-zone-design.github.io/louisiana-2020/?address=A9028","Both","Kidney","10yrs","Jefferson","Metairie",19.881,18.887,20.875,459056,16.41,15.589,17.23,55925,15.694,14.909,16.479,60832,11.13,24.96,8.17,0.0
"A9028","https://nci-naaccr-zone-design.github.io/louisiana-2020/?address=A9028","Female","Kidney","10yrs","Jefferson","Metairie",20.028,19.027,21.03,238801,13.87,13.177,14.564,29997,22.125,21.019,23.232,60832,11.13,24.96,8.17,0.0
"A9028","https://nci-naaccr-zone-design.github.io/louisiana-2020/?address=A9028","Male","Kidney","10yrs","Jefferson","Metairie",21.894,20.799,22.989,220256,23.631,22.449,24.812,25928,30.914,29.369,32.46,60832,11.13,24.96,8.17,0.0
"A9028","https://nci-naaccr-zone-design.github.io/louisiana-2020/?address=A9028","Both","NHL","10yrs","Jefferson","Metairie",14.734,13.998,15.471,459056,20.063,19.06,21.067,55925,23.61,22.43,24.791,60832,11.13,24.96,8.17,0.0
"A9028","https://nci-naaccr-zone-design.github.io/louisiana-2020/?address=A9028","Female","NHL","10yrs","Jefferson","Metairie",9.35,8.882,9.817,238801,9.682,9.198,10.166,29997,21.319,20.253,22.385,60832,11.13,24.96,8.17,0.0
"A9028","https://nci-naaccr-zone-design.github.io/louisiana-2020/?address=A9028","Male","NHL","10yrs","Jefferson","Metairie",29.252,27.79,30.715,220256,16.099,15.294,16.904,25928,23.681,22.497,24.866,60832,11.13,24.96,8.17,0.0
"A9028","https://nci-naaccr-zone-design.github.io/louisiana-2020/?address=A9028","Both","Urinary","10yrs","Jefferson","Metairie",12.892,12.247,13.536,459056,23.129,21.972,24.285,55925,18.212,17.301,19.123,60832,11.13,24.96,8.17,0.0
"A9028","https://nci-naaccr-zone-design.github.io/louisiana-2020/?address=A9028","Female","Urinary","10yrs","Jefferson","Metairie",5.569,5.291,5.848,238801,13.557,12.879,14.235,29997,6.277,5.963,6.59,60832,11.13,24.96,8.17,0.0
"A9028","https://nci-naaccr-zone-design.github.io/louisiana-2020/?address=A9028","Male","Urinary","10yrs","Jefferson","Metairie",28.567,27.138,29.995,220256,32.546,30.919,34.174,25928,35.621,33.84,37.402,60832,11.13,24.96,8.17,0.0
"A9028","https://nci-naaccr-zone-design.github.io/louisiana-2020/?address=A9028","Both","Mela","10yrs","Jefferson","Metairie",8.342,7.925,8.76,459056,13.348,12.681,14.016,55925,14.661,13.928,15.394,60832,11.13,24.96,8.17,0.0
"A9028","https://nci-naaccr-zone-design.github.io/louisiana-2020/?address=A9028","Female","Mela","10yrs","Jefferson","Metairie",8.642,8.21,9.074,238801,14.132,13.425,14.838,29997,"","","",60832,11.13,24.96,8.17,0.0
"A9028","https://nci-naaccr-zone-design.github.io/louisiana-2020/?address=A9028","Male","Mela","10yrs","Jefferson","Metairie",19.17,18.212,20.129,220256,26.394,25.074,27.714,25928,40.177,38.168,42.186,60832,11.13,24.96,8.17,0.0
"A9028","https://nci-naaccr-zone-design.github.io/louisiana-2020/?address=A9028","Both","Pancreas","10yrs","Jefferson","Metairie",11.713,11.128,12.299,459056,12.461,11.838,13.084,55925,12.397,11.778,13.017,60832,11.13,24.96,8.17,0.0
"A9028","https://nci-naaccr-zone-design.github.io/louisiana-2020/?address=A9028","Female","Pancreas","10yrs","Jefferson","Metairie",10.413,9.893,10.934,238801,9.883,9.389,10.377,29997,11.405,10.835,11.976,60832,11.13,24.96,8.17,0.0
"A9028","https://nci-naaccr-zone-design.github.io/louisiana-2020/?address=A9028","Male","Pancreas","10yrs","Jefferson","Metairie",17.681,16.797,18.565,220256,17.137,16.281,17.994,25928,10.793,10.254,11.333,60832,11.13,24.96,8.17,0.0
"A9028","https://nci-naaccr-zone-design.github.io/louisiana-2020/?address=A9028","Both","Leuks","10yrs","Jefferson","Metairie",15.437,14.665,16.209,459056,10.779,10.24,11.318,55925,16.536,15.709,17.363,60832,11.13,24.96,8.17,0.0
"A9028","https://nci-naaccr-zone-design.github.io/louisiana-2020/?address=A9028","Female","Leuks","10yrs","Jefferson","Metairie",11.126,10.57,11.682,238801,12.183,11.574,12.792,29997,12.377,11.758,12.996,60832,11.13,24.96,8.17,0.0
"A9028","https://nci-naaccr-zone-design.github.io/louisiana-2020/?address=A9028","Male","Leuks","10yrs","Jefferson","Metairie",13.885,13.191,14.579,220256,8.976,8.528,9.425,25928,13.511,12.836,14.187,60832,11.13,24.96,8.17,0.0
"A9028","https://nci-naaccr-zone-design.github.io/louisiana-2020/?address=A9028","Both","Oral","10yrs","Jefferson","Metairie",14.049,13.346,14.751,459056,8.472,8.048,8.895,55925,6.713,6.377,7.048,60832,11.13,24.96,8.17,0.0
"A9028","https://nci-naaccr-zone-design.github.io/louisiana-2020/?address=A9028","Female","Oral","10yrs","Jefferson","Metairie",7.528,7.151,7.904,238801,5.972,5.674,6.271,29997,7.921,7.525,8.317,60832,11.13,24.96,8.17,0.0
"A9028","https://nci-naaccr-zone-design.github.io/louisiana-2020/?address=A9028","Male","Oral","10yrs","Jefferson","Metairie",23.293,22.129,24.458,220256,21.778,20.689,22.867,25928,21.009,19.958,22.059,60832,11.13,24.96,8.17,0.0
"A9028","https://nci-naaccr-zone-design.github.io/louisiana-2020/?address=A9028","Both","Thyroid","10yrs","Jefferson","Metairie",9.984,9.485,10.484,459056,10.16,9.652,10.668,55925,13.874,13.18,14.567,60832,11.13,24.96,8.17,0.0
"A9028","https://nci-naaccr-zone-design.github.io/louisiana-2020/?address=A9028","Female","Thyroid","10yrs","Jefferson","Metairie",10.106,9.601,10.612,238801,11.795,11.205,12.384,29997,16.284,15.47,17.099,60832,11.13,24.96,8.17,0.0
"A9028","https://nci-naaccr-zone-design.github.io/louisiana-2020/?address=A9028","Male","Thyroid","10yrs","Jefferson","Metairie",6.363,6.045,6.681,220256,5.859,5.566,6.152,25928,"","","",60832,11.13,24.96,8.17,0.0
"A9028","https://nci-naaccr-zone-design.github.io/louisiana-2020/?address=A9028","Female","Uterine","10yrs","Jefferson","Metairie",24.275,23.061,25.489,238801,19.035,18.083,19.987,29997,16.582,15.753,17.411,60832,11.13,24.96,8.17,0.0
"A9028","https://nci-naaccr-zone-design.github.io/louisiana-2020/?address=A9028","Both","Liver","10yrs","Jefferson","Metairie",12.576,11.947,13.205,459056,9.237,8.775,9.698,55925,6.913,6.567,7.258,60832,11.13,24.96,8.17,0.0
"A9028","https://nci-naaccr-zone-design.github.io/louisiana-2020/?address=A9028","Female","Liver","10yrs","Jefferson","Metairie",5.824,5.533,6.115,238801,3.481,3.307,3.655,29997,6.958,6.61,7.306,60832,11.13,24.96,8.17,0.0
"A9028","https://nci-naaccr-zone-design.github.io/louisiana-2020/?address=A9028","Male","Liver","10yrs","Jefferson","Metairie",19.257,18.294,20.22,220256,18.28,17.366,19.194,25928,22.668,21.534,23.801,60832,11.13,24.96,8.17,0.0
"A9028","https://nci-naaccr-zone-design.github.io/louisiana-2020/?address=A9028","Both","Stomach","10yrs","Jefferson","Metairie",6.656,6.323,6.989,459056,6.988,6.639,7.338,55925,5.884,5.59,6.178,60832,11.13,24.96,8.17,0.0
"A9028","https://nci-naaccr-zone-design.github.io/louisiana-2020/?address=A9028","Female","Stomach","10yrs","Jefferson","Metairie",7.627,7.246,8.009,238801,5.141,4.884,5.398,29997,"","","",60832,11.13,24.96,8.17,0.0
"A9028","https://nci-naaccr-zone-design.github.io/louisiana-2020/?address=A9028","Male","Stomach","10yrs","Jefferson","Metairie",16.013,15.212,16.814,220256,4.872,4.629,5.116,25928,11.715,11.13,12.301,60832,11.13,24.96,8.17,0.0
"A9028","https://nci-naaccr-zone-design.github.io/louisiana-2020/?address=A9028","Both","Myeloma","10yrs","Jefferson","Metairie",12.432,11.81,13.053,459056,8.721,8.285,9.157,55925,8.805,8.364,9.245,60832,11.13,24.96,8.17,0.0
"A9028","https://nci-naaccr-zone-design.github.io/louisiana-2020/?address=A9028","Female","Myeloma","10yrs","Jefferson","Metairie",11.187,10.628,11.746,238801,4.181,3.972,4.39,29997,8.666,8.233,9.1,60832,11.13,24.96,8.17,0.0
"A9028","https://nci-naaccr-zone-design.github.io/louisiana-2020/?address=A9028","Male","Myeloma","10yrs","Jefferson","Metairie",13.053,12.401,13.706,220256,8.413,7.992,8.833,25928,8.899,8.454,9.344,60832,11.13,24.96,8.17,0.0
"A9028","https://nci-naaccr-zone-design.github.io/louisiana-2020/?address=A9028","Both","Brain","10yrs","Jefferson","Metairie",8.01,7.609,8.41,459056,7.179,6.82,7.538,55925,7.791,7.401,8.18,60832,11.13,24.96,8.17,0.0
"A9028","https://nci-naaccr-zone-design.github.io/louisiana-2020/?address=A9028","Female","Brain","10yrs","Jefferson","Metairie",4.228,4.016,4.439,238801,2.95,2.802,3.097,29997,"","","",60832,11.13,24.96,8.17,0.0
"A9028","https://nci-naaccr-zone-design.github.io/louisiana-2020/?address=A9028","Male","Brain","10yrs","Jefferson","Metairie",3.484,3.31,3.658,220256,8.086,7.682,8.49,25928,6.882,6.538,7.226,60832,11.13,24.96,8.17,0.0
"A9028","https://nci-naaccr-zone-design.github.io/louisiana-2020/?address=A9028","Both","Larynx","10yrs","Jefferson","Metairie",7.808,7.417,8.198,459056,8.084,7.68,8.488,55925,2.941,2.794,3.088,60832,11.13,24.96,8.17,0.0
"A9028","https://nci-naaccr-zone-design.github.io/louisiana-2020/?address=A9028","Female","Larynx","10yrs","Jefferson","Metairie",2.781,2.642,2.92,238801,0.893,0.849,0.938,29997,"","","",60832,11.13,24.96,8.17,0.0
"A9028","https://nci-naaccr-zone-design.github.io/louisiana-2020/?address=A9028","Male","Larynx","10yrs","Jefferson","Metairie",8.674,8.241,9.108,220256,11.044,10.492,11.597,25928,"","","",60832,11.13,24.96,8.17,0.0
"A9028","https://nci-naaccr-zone-design.github.io/louisiana-2020/?address=A9028","Female","Ovary","10yrs","Jefferson","Metairie",3.687,3.503,3.871,238801,9.236,8.774,9.698,29997,9.166,8.707,9.624,60832,11.13,24.96,8.17,0.0
"A9028","https://nci-naaccr-zone-design.github.io/louisiana-2020/?address=A9028","Both","Esoph","10yrs","Jefferson","Metairie",3.609,3.428,3.789,459056,7.093,6.739,7.448,55925,7.517,7.141,7.892,60832,11.13,24.96,8.17,0.0
"A9028","https://nci-naaccr-zone-design.github.io/louisiana-2020/?address=A9028","Female","Esoph","10yrs","Jefferson","Metairie",1.502,1.427,1.577,238801,2.928,2.782,3.075,29997,"","","",60832,11.13,24.96,8.17,0.0
"A9028","https://nci-naaccr-zone-design.github.io/louisiana-2020/?address=A9028","Male","Esoph","10yrs","Jefferson","Metairie",11.002,10.452,11.552,220256,7.556,7.179,7.934,25928,12.042,11.44,12.644,60832,11.13,24.96,8.17,0.0
