"Zone","URL","Sex","Cancer","Years","Counties","Places","AAIR","LCI","UCI","White_PopTot","White_AAIR","White_LCI","White_UCI","Black_PopTot","Black_AAIR","Black_LCI","Black_UCI","TotalPop","Pct100Pov","PctMinority","PctBlackNH","PctRural"
"A9036","https://nci-naaccr-zone-design.github.io/louisiana-2020/?address=A9036","Both","AllSite","05yrs","Calcasieu","Lake Charles, Prien",517.496,491.622,543.371,232711,452.822,430.181,475.463,74448,477.815,453.924,501.706,64680,15.72,28.75,20.89,10.56
"A9036","https://nci-naaccr-zone-design.github.io/louisiana-2020/?address=A9036","Female","AllSite","05yrs","Calcasieu","Lake Charles, Prien",431.338,409.771,452.905,119956,413.095,392.44,433.75,39739,396.877,377.033,416.721,64680,15.72,28.75,20.89,10.56
"A9036","https://nci-naaccr-zone-design.github.io/louisiana-2020/?address=A9036","Male","AllSite","05yrs","Calcasieu","Lake Charles, Prien",607.527,577.15,637.903,112755,601.982,571.883,632.081,34709,596.943,567.096,626.79,64680,15.72,28.75,20.89,10.56
"A9036","https://nci-naaccr-zone-design.github.io/louisiana-2020/?address=A9036","Male","Prostate","05yrs","Calcasieu","Lake Charles, Prien",187.322,177.956,196.689,112755,148.373,140.954,155.791,34709,154.743,147.006,162.48,64680,15.72,28.75,20.89,10.56
"A9036","https://nci-naaccr-zone-design.github.io/louisiana-2020/?address=A9036","Both","Lung","05yrs","Calcasieu","Lake Charles, Prien",64.762,61.523,68.0,232711,69.225,65.763,72.686,74448,77.123,73.267,80.979,64680,15.72,28.75,20.89,10.56
"A9036","https://nci-naaccr-zone-design.github.io/louisiana-2020/?address=A9036","Female","Lung","05yrs","Calcasieu","Lake Charles, Prien",63.369,60.201,66.538,119956,45.079,42.825,47.333,39739,71.117,67.561,74.672,64680,15.72,28.75,20.89,10.56
"A9036","https://nci-naaccr-zone-design.github.io/louisiana-2020/?address=A9036","Male","Lung","05yrs","Calcasieu","Lake Charles, Prien",105.883,100.589,111.178,112755,117.663,111.78,123.546,34709,61.077,58.023,64.131,64680,15.72,28.75,20.89,10.56
"A9036","https://nci-naaccr-zone-design.github.io/louisiana-2020/?address=A9036","Female","Breast","05yrs","Calcasieu","Lake Charles, Prien",97.703,92.817,102.588,119956,124.626,118.395,130.857,39739,130.542,124.015,137.069,64680,15.72,28.75,20.89,10.56
"A9036","https://nci-naaccr-zone-design.github.io/louisiana-2020/?address=A9036","Both","CRC","05yrs","Calcasieu","Lake Charles, Prien",41.61,39.53,43.691,232711,44.188,41.978,46.397,74448,49.408,46.938,51.878,64680,15.72,28.75,20.89,10.56
"A9036","https://nci-naaccr-zone-design.github.io/louisiana-2020/?address=A9036","Female","CRC","05yrs","Calcasieu","Lake Charles, Prien",50.179,47.67,52.688,119956,30.562,29.034,32.09,39739,46.098,43.793,48.403,64680,15.72,28.75,20.89,10.56
"A9036","https://nci-naaccr-zone-design.github.io/louisiana-2020/?address=A9036","Male","CRC","05yrs","Calcasieu","Lake Charles, Prien",71.809,68.219,75.4,112755,53.394,50.724,56.064,34709,50.188,47.679,52.698,64680,15.72,28.75,20.89,10.56
"A9036","https://nci-naaccr-zone-design.github.io/louisiana-2020/?address=A9036","Both","Kidney","05yrs","Calcasieu","Lake Charles, Prien",22.017,20.917,23.118,232711,18.233,17.321,19.145,74448,23.652,22.47,24.835,64680,15.72,28.75,20.89,10.56
"A9036","https://nci-naaccr-zone-design.github.io/louisiana-2020/?address=A9036","Female","Kidney","05yrs","Calcasieu","Lake Charles, Prien",20.63,19.599,21.662,119956,19.414,18.443,20.385,39739,16.925,16.079,17.771,64680,15.72,28.75,20.89,10.56
"A9036","https://nci-naaccr-zone-design.github.io/louisiana-2020/?address=A9036","Male","Kidney","05yrs","Calcasieu","Lake Charles, Prien",20.684,19.65,21.719,112755,32.082,30.478,33.686,34709,19.465,18.491,20.438,64680,15.72,28.75,20.89,10.56
"A9036","https://nci-naaccr-zone-design.github.io/louisiana-2020/?address=A9036","Both","NHL","05yrs","Calcasieu","Lake Charles, Prien",18.621,17.69,19.552,232711,23.607,22.426,24.787,74448,22.603,21.473,23.733,64680,15.72,28.75,20.89,10.56
"A9036","https://nci-naaccr-zone-design.github.io/louisiana-2020/?address=A9036","Female","NHL","05yrs","Calcasieu","Lake Charles, Prien",19.91,18.914,20.905,119956,9.578,9.099,10.057,39739,15.993,15.194,16.793,64680,15.72,28.75,20.89,10.56
"A9036","https://nci-naaccr-zone-design.github.io/louisiana-2020/?address=A9036","Male","NHL","05yrs","Calcasieu","Lake Charles, Prien",16.956,16.108,17.803,112755,19.531,18.554,20.508,34709,33.371,31.703,35.04,64680,15.72,28.75,20.89,10.56
"A9036","https://nci-naaccr-zone-design.github.io/louisiana-2020/?address=A9036","Both","Urinary","05yrs","Calcasieu","Lake Charles, Prien",25.366,24.098,26.634,232711,25.008,23.757,26.258,74448,23.692,22.507,24.876,64680,15.72,28.75,20.89,10.56
"A9036","https://nci-naaccr-zone-design.github.io/louisiana-2020/?address=A9036","Female","Urinary","05yrs","Calcasieu","Lake Charles, Prien",12.43,11.809,13.052,119956,6.18,5.871,6.49,39739,9.903,9.408,10.398,64680,15.72,28.75,20.89,10.56
"A9036","https://nci-naaccr-zone-design.github.io/louisiana-2020/?address=A9036","Male","Urinary","05yrs","Calcasieu","Lake Charles, Prien",48.266,45.853,50.679,112755,25.109,23.854,26.365,34709,45.987,43.688,48.286,64680,15.72,28.75,20.89,10.56
"A9036","https://nci-naaccr-zone-design.github.io/louisiana-2020/?address=A9036","Both","Mela","05yrs","Calcasieu","Lake Charles, Prien",11.54,10.963,12.117,232711,13.676,12.992,14.359,74448,"","","",64680,15.72,28.75,20.89,10.56
"A9036","https://nci-naaccr-zone-design.github.io/louisiana-2020/?address=A9036","Female","Mela","05yrs","Calcasieu","Lake Charles, Prien",18.372,17.454,19.291,119956,16.574,15.745,17.402,39739,8.93,8.483,9.376,64680,15.72,28.75,20.89,10.56
"A9036","https://nci-naaccr-zone-design.github.io/louisiana-2020/?address=A9036","Male","Mela","05yrs","Calcasieu","Lake Charles, Prien",6.684,6.35,7.018,112755,24.11,22.905,25.316,34709,"","","",64680,15.72,28.75,20.89,10.56
"A9036","https://nci-naaccr-zone-design.github.io/louisiana-2020/?address=A9036","Both","Pancreas","05yrs","Calcasieu","Lake Charles, Prien",16.884,16.039,17.728,232711,16.783,15.944,17.622,74448,10.282,9.768,10.796,64680,15.72,28.75,20.89,10.56
"A9036","https://nci-naaccr-zone-design.github.io/louisiana-2020/?address=A9036","Female","Pancreas","05yrs","Calcasieu","Lake Charles, Prien",16.168,15.359,16.976,119956,16.01,15.209,16.81,39739,15.219,14.458,15.98,64680,15.72,28.75,20.89,10.56
"A9036","https://nci-naaccr-zone-design.github.io/louisiana-2020/?address=A9036","Male","Pancreas","05yrs","Calcasieu","Lake Charles, Prien",15.513,14.737,16.288,112755,12.981,12.332,13.63,34709,10.887,10.342,11.431,64680,15.72,28.75,20.89,10.56
"A9036","https://nci-naaccr-zone-design.github.io/louisiana-2020/?address=A9036","Both","Leuks","05yrs","Calcasieu","Lake Charles, Prien",14.571,13.842,15.299,232711,8.914,8.469,9.36,74448,10.955,10.407,11.503,64680,15.72,28.75,20.89,10.56
"A9036","https://nci-naaccr-zone-design.github.io/louisiana-2020/?address=A9036","Female","Leuks","05yrs","Calcasieu","Lake Charles, Prien",11.719,11.133,12.305,119956,12.839,12.197,13.48,39739,12.218,11.607,12.829,64680,15.72,28.75,20.89,10.56
"A9036","https://nci-naaccr-zone-design.github.io/louisiana-2020/?address=A9036","Male","Leuks","05yrs","Calcasieu","Lake Charles, Prien",20.237,19.225,21.248,112755,18.103,17.198,19.009,34709,25.691,24.406,26.975,64680,15.72,28.75,20.89,10.56
"A9036","https://nci-naaccr-zone-design.github.io/louisiana-2020/?address=A9036","Both","Oral","05yrs","Calcasieu","Lake Charles, Prien",16.481,15.657,17.305,232711,13.098,12.443,13.753,74448,8.221,7.81,8.632,64680,15.72,28.75,20.89,10.56
"A9036","https://nci-naaccr-zone-design.github.io/louisiana-2020/?address=A9036","Female","Oral","05yrs","Calcasieu","Lake Charles, Prien",2.458,2.335,2.581,119956,7.609,7.229,7.989,39739,9.073,8.619,9.526,64680,15.72,28.75,20.89,10.56
"A9036","https://nci-naaccr-zone-design.github.io/louisiana-2020/?address=A9036","Male","Oral","05yrs","Calcasieu","Lake Charles, Prien",21.244,20.182,22.307,112755,10.894,10.349,11.439,34709,13.426,12.755,14.097,64680,15.72,28.75,20.89,10.56
"A9036","https://nci-naaccr-zone-design.github.io/louisiana-2020/?address=A9036","Both","Thyroid","05yrs","Calcasieu","Lake Charles, Prien",15.931,15.134,16.728,232711,16.569,15.74,17.397,74448,12.068,11.465,12.672,64680,15.72,28.75,20.89,10.56
"A9036","https://nci-naaccr-zone-design.github.io/louisiana-2020/?address=A9036","Female","Thyroid","05yrs","Calcasieu","Lake Charles, Prien",13.078,12.424,13.731,119956,13.202,12.541,13.862,39739,11.909,11.314,12.505,64680,15.72,28.75,20.89,10.56
"A9036","https://nci-naaccr-zone-design.github.io/louisiana-2020/?address=A9036","Male","Thyroid","05yrs","Calcasieu","Lake Charles, Prien",7.996,7.596,8.395,112755,7.4,7.03,7.77,34709,"","","",64680,15.72,28.75,20.89,10.56
"A9036","https://nci-naaccr-zone-design.github.io/louisiana-2020/?address=A9036","Female","Uterine","05yrs","Calcasieu","Lake Charles, Prien",18.453,17.53,19.376,119956,22.382,21.262,23.501,39739,16.021,15.22,16.822,64680,15.72,28.75,20.89,10.56
"A9036","https://nci-naaccr-zone-design.github.io/louisiana-2020/?address=A9036","Both","Liver","05yrs","Calcasieu","Lake Charles, Prien",9.68,9.196,10.164,232711,11.345,10.778,11.912,74448,14.658,13.925,15.391,64680,15.72,28.75,20.89,10.56
"A9036","https://nci-naaccr-zone-design.github.io/louisiana-2020/?address=A9036","Female","Liver","05yrs","Calcasieu","Lake Charles, Prien",3.241,3.079,3.403,119956,"","","",39739,"","","",64680,15.72,28.75,20.89,10.56
"A9036","https://nci-naaccr-zone-design.github.io/louisiana-2020/?address=A9036","Male","Liver","05yrs","Calcasieu","Lake Charles, Prien",17.489,16.614,18.363,112755,12.906,12.26,13.551,34709,15.318,14.552,16.084,64680,15.72,28.75,20.89,10.56
"A9036","https://nci-naaccr-zone-design.github.io/louisiana-2020/?address=A9036","Both","Stomach","05yrs","Calcasieu","Lake Charles, Prien",7.383,7.014,7.752,232711,4.448,4.226,4.671,74448,7.79,7.401,8.18,64680,15.72,28.75,20.89,10.56
"A9036","https://nci-naaccr-zone-design.github.io/louisiana-2020/?address=A9036","Female","Stomach","05yrs","Calcasieu","Lake Charles, Prien",4.812,4.572,5.053,119956,9.832,9.341,10.324,39739,"","","",64680,15.72,28.75,20.89,10.56
"A9036","https://nci-naaccr-zone-design.github.io/louisiana-2020/?address=A9036","Male","Stomach","05yrs","Calcasieu","Lake Charles, Prien",13.764,13.076,14.452,112755,11.527,10.951,12.103,34709,"","","",64680,15.72,28.75,20.89,10.56
"A9036","https://nci-naaccr-zone-design.github.io/louisiana-2020/?address=A9036","Both","Myeloma","05yrs","Calcasieu","Lake Charles, Prien",10.078,9.575,10.582,232711,11.278,10.714,11.842,74448,11.181,10.622,11.74,64680,15.72,28.75,20.89,10.56
"A9036","https://nci-naaccr-zone-design.github.io/louisiana-2020/?address=A9036","Female","Myeloma","05yrs","Calcasieu","Lake Charles, Prien",5.345,5.078,5.613,119956,4.788,4.549,5.028,39739,10.949,10.402,11.496,64680,15.72,28.75,20.89,10.56
"A9036","https://nci-naaccr-zone-design.github.io/louisiana-2020/?address=A9036","Male","Myeloma","05yrs","Calcasieu","Lake Charles, Prien",6.415,6.094,6.735,112755,6.871,6.528,7.215,34709,14.252,13.54,14.965,64680,15.72,28.75,20.89,10.56
"A9036","https://nci-naaccr-zone-design.github.io/louisiana-2020/?address=A9036","Both","Brain","05yrs","Calcasieu","Lake Charles, Prien",3.969,3.77,4.167,232711,5.181,4.922,5.44,74448,8.295,7.88,8.709,64680,15.72,28.75,20.89,10.56
"A9036","https://nci-naaccr-zone-design.github.io/louisiana-2020/?address=A9036","Female","Brain","05yrs","Calcasieu","Lake Charles, Prien",6.864,6.521,7.207,119956,4.9,4.655,5.145,39739,"","","",64680,15.72,28.75,20.89,10.56
"A9036","https://nci-naaccr-zone-design.github.io/louisiana-2020/?address=A9036","Male","Brain","05yrs","Calcasieu","Lake Charles, Prien",3.928,3.731,4.124,112755,6.732,6.395,7.069,34709,"","","",64680,15.72,28.75,20.89,10.56
"A9036","https://nci-naaccr-zone-design.github.io/louisiana-2020/?address=A9036","Both","Larynx","05yrs","Calcasieu","Lake Charles, Prien",6.761,6.423,7.099,232711,6.091,5.786,6.395,74448,5.252,4.99,5.515,64680,15.72,28.75,20.89,10.56
"A9036","https://nci-naaccr-zone-design.github.io/louisiana-2020/?address=A9036","Female","Larynx","05yrs","Calcasieu","Lake Charles, Prien",3.79,3.6,3.979,119956,4.087,3.883,4.292,39739,"","","",64680,15.72,28.75,20.89,10.56
"A9036","https://nci-naaccr-zone-design.github.io/louisiana-2020/?address=A9036","Male","Larynx","05yrs","Calcasieu","Lake Charles, Prien",15.327,14.561,16.093,112755,14.142,13.435,14.849,34709,13.899,13.204,14.594,64680,15.72,28.75,20.89,10.56
"A9036","https://nci-naaccr-zone-design.github.io/louisiana-2020/?address=A9036","Female","Ovary","05yrs","Calcasieu","Lake Charles, Prien",14.824,14.083,15.565,119956,6.152,5.845,6.46,39739,"","","",64680,15.72,28.75,20.89,10.56
"A9036","https://nci-naaccr-zone-design.github.io/louisiana-2020/?address=A9036","Both","Esoph","05yrs","Calcasieu","Lake Charles, Prien",3.966,3.767,4.164,232711,3.405,3.235,3.576,74448,7.904,7.509,8.299,64680,15.72,28.75,20.89,10.56
"A9036","https://nci-naaccr-zone-design.github.io/louisiana-2020/?address=A9036","Female","Esoph","05yrs","Calcasieu","Lake Charles, Prien",2.804,2.664,2.945,119956,"","","",39739,"","","",64680,15.72,28.75,20.89,10.56
"A9036","https://nci-naaccr-zone-design.github.io/louisiana-2020/?address=A9036","Male","Esoph","05yrs","Calcasieu","Lake Charles, Prien",12.059,11.456,12.662,112755,10.025,9.524,10.527,34709,14.534,13.808,15.261,64680,15.72,28.75,20.89,10.56
"A9036","https://nci-naaccr-zone-design.github.io/louisiana-2020/?address=A9036","Both","AllSite","10yrs","Calcasieu","Lake Charles, Prien",436.733,414.897,458.57,463946,490.091,465.586,514.595,141192,465.691,442.406,488.975,64680,15.72,28.75,20.89,10.56
"A9036","https://nci-naaccr-zone-design.github.io/louisiana-2020/?address=A9036","Female","AllSite","10yrs","Calcasieu","Lake Charles, Prien",440.315,418.299,462.331,239239,381.013,361.963,400.064,75506,372.948,354.301,391.596,64680,15.72,28.75,20.89,10.56
"A9036","https://nci-naaccr-zone-design.github.io/louisiana-2020/?address=A9036","Male","AllSite","10yrs","Calcasieu","Lake Charles, Prien",670.708,637.172,704.243,224707,565.589,537.309,593.868,65686,535.106,508.351,561.861,64680,15.72,28.75,20.89,10.56
"A9036","https://nci-naaccr-zone-design.github.io/louisiana-2020/?address=A9036","Male","Prostate","10yrs","Calcasieu","Lake Charles, Prien",181.336,172.269,190.402,224707,209.896,199.401,220.391,65686,166.928,158.581,175.274,64680,15.72,28.75,20.89,10.56
"A9036","https://nci-naaccr-zone-design.github.io/louisiana-2020/?address=A9036","Both","Lung","10yrs","Calcasieu","Lake Charles, Prien",80.121,76.115,84.128,463946,48.114,45.708,50.52,141192,52.046,49.443,54.648,64680,15.72,28.75,20.89,10.56
"A9036","https://nci-naaccr-zone-design.github.io/louisiana-2020/?address=A9036","Female","Lung","10yrs","Calcasieu","Lake Charles, Prien",49.144,46.687,51.602,239239,47.704,45.319,50.089,75506,40.283,38.269,42.297,64680,15.72,28.75,20.89,10.56
"A9036","https://nci-naaccr-zone-design.github.io/louisiana-2020/?address=A9036","Male","Lung","10yrs","Calcasieu","Lake Charles, Prien",62.531,59.404,65.657,224707,62.252,59.139,65.364,65686,109.954,104.456,115.452,64680,15.72,28.75,20.89,10.56
"A9036","https://nci-naaccr-zone-design.github.io/louisiana-2020/?address=A9036","Female","Breast","10yrs","Calcasieu","Lake Charles, Prien",118.781,112.842,124.721,239239,116.305,110.49,122.121,75506,110.349,104.831,115.866,64680,15.72,28.75,20.89,10.56
"A9036","https://nci-naaccr-zone-design.github.io/louisiana-2020/?address=A9036","Both","CRC","10yrs","Calcasieu","Lake Charles, Prien",56.453,53.631,59.276,463946,56.546,53.719,59.373,141192,59.135,56.179,62.092,64680,15.72,28.75,20.89,10.56
"A9036","https://nci-naaccr-zone-design.github.io/louisiana-2020/?address=A9036","Female","CRC","10yrs","Calcasieu","Lake Charles, Prien",51.808,49.217,54.398,239239,54.056,51.353,56.758,75506,39.633,37.652,41.615,64680,15.72,28.75,20.89,10.56
"A9036","https://nci-naaccr-zone-design.github.io/louisiana-2020/?address=A9036","Male","CRC","10yrs","Calcasieu","Lake Charles, Prien",55.442,52.67,58.215,224707,74.756,71.018,78.494,65686,63.653,60.471,66.836,64680,15.72,28.75,20.89,10.56
"A9036","https://nci-naaccr-zone-design.github.io/louisiana-2020/?address=A9036","Both","Kidney","10yrs","Calcasieu","Lake Charles, Prien",24.293,23.078,25.507,463946,24.911,23.665,26.156,141192,18.773,17.835,19.712,64680,15.72,28.75,20.89,10.56
"A9036","https://nci-naaccr-zone-design.github.io/louisiana-2020/?address=A9036","Female","Kidney","10yrs","Calcasieu","Lake Charles, Prien",12.119,11.513,12.725,239239,21.119,20.063,22.175,75506,17.73,16.843,18.616,64680,15.72,28.75,20.89,10.56
"A9036","https://nci-naaccr-zone-design.github.io/louisiana-2020/?address=A9036","Male","Kidney","10yrs","Calcasieu","Lake Charles, Prien",25.506,24.231,26.781,224707,25.651,24.368,26.934,65686,20.239,19.227,21.251,64680,15.72,28.75,20.89,10.56
"A9036","https://nci-naaccr-zone-design.github.io/louisiana-2020/?address=A9036","Both","NHL","10yrs","Calcasieu","Lake Charles, Prien",24.012,22.811,25.212,463946,17.35,16.482,18.217,141192,18.653,17.721,19.586,64680,15.72,28.75,20.89,10.56
"A9036","https://nci-naaccr-zone-design.github.io/louisiana-2020/?address=A9036","Female","NHL","10yrs","Calcasieu","Lake Charles, Prien",18.958,18.01,19.906,239239,10.576,10.047,11.105,75506,20.871,19.827,21.914,64680,15.72,28.75,20.89,10.56
"A9036","https://nci-naaccr-zone-design.github.io/louisiana-2020/?address=A9036","Male","NHL","10yrs","Calcasieu","Lake Charles, Prien",31.297,29.732,32.862,224707,16.967,16.119,17.815,65686,17.276,16.412,18.14,64680,15.72,28.75,20.89,10.56
"A9036","https://nci-naaccr-zone-design.github.io/louisiana-2020/?address=A9036","Both","Urinary","10yrs","Calcasieu","Lake Charles, Prien",21.299,20.234,22.364,463946,14.62,13.889,15.351,141192,22.232,21.12,23.344,64680,15.72,28.75,20.89,10.56
"A9036","https://nci-naaccr-zone-design.github.io/louisiana-2020/?address=A9036","Female","Urinary","10yrs","Calcasieu","Lake Charles, Prien",9.203,8.743,9.663,239239,14.038,13.336,14.74,75506,12.789,12.15,13.429,64680,15.72,28.75,20.89,10.56
"A9036","https://nci-naaccr-zone-design.github.io/louisiana-2020/?address=A9036","Male","Urinary","10yrs","Calcasieu","Lake Charles, Prien",31.991,30.391,33.591,224707,48.528,46.101,50.954,65686,45.626,43.345,47.907,64680,15.72,28.75,20.89,10.56
"A9036","https://nci-naaccr-zone-design.github.io/louisiana-2020/?address=A9036","Both","Mela","10yrs","Calcasieu","Lake Charles, Prien",13.493,12.819,14.168,463946,19.661,18.678,20.645,141192,6.79,6.45,7.129,64680,15.72,28.75,20.89,10.56
"A9036","https://nci-naaccr-zone-design.github.io/louisiana-2020/?address=A9036","Female","Mela","10yrs","Calcasieu","Lake Charles, Prien",7.474,7.101,7.848,239239,14.772,14.033,15.511,75506,3.556,3.378,3.734,64680,15.72,28.75,20.89,10.56
"A9036","https://nci-naaccr-zone-design.github.io/louisiana-2020/?address=A9036","Male","Mela","10yrs","Calcasieu","Lake Charles, Prien",32.959,31.312,34.607,224707,38.266,36.353,40.179,65686,21.253,20.19,22.316,64680,15.72,28.75,20.89,10.56
"A9036","https://nci-naaccr-zone-design.github.io/louisiana-2020/?address=A9036","Both","Pancreas","10yrs","Calcasieu","Lake Charles, Prien",17.96,17.062,18.858,463946,14.578,13.849,15.307,141192,17.412,16.541,18.282,64680,15.72,28.75,20.89,10.56
"A9036","https://nci-naaccr-zone-design.github.io/louisiana-2020/?address=A9036","Female","Pancreas","10yrs","Calcasieu","Lake Charles, Prien",17.661,16.778,18.544,239239,17.466,16.593,18.339,75506,16.114,15.309,16.92,64680,15.72,28.75,20.89,10.56
"A9036","https://nci-naaccr-zone-design.github.io/louisiana-2020/?address=A9036","Male","Pancreas","10yrs","Calcasieu","Lake Charles, Prien",19.986,18.986,20.985,224707,15.559,14.781,16.337,65686,13.55,12.873,14.228,64680,15.72,28.75,20.89,10.56
"A9036","https://nci-naaccr-zone-design.github.io/louisiana-2020/?address=A9036","Both","Leuks","10yrs","Calcasieu","Lake Charles, Prien",16.297,15.483,17.112,463946,14.442,13.72,15.165,141192,13.694,13.009,14.378,64680,15.72,28.75,20.89,10.56
"A9036","https://nci-naaccr-zone-design.github.io/louisiana-2020/?address=A9036","Female","Leuks","10yrs","Calcasieu","Lake Charles, Prien",11.697,11.112,12.282,239239,15.595,14.815,16.375,75506,11.026,10.475,11.578,64680,15.72,28.75,20.89,10.56
"A9036","https://nci-naaccr-zone-design.github.io/louisiana-2020/?address=A9036","Male","Leuks","10yrs","Calcasieu","Lake Charles, Prien",18.226,17.314,19.137,224707,15.1,14.345,15.855,65686,20.577,19.548,21.606,64680,15.72,28.75,20.89,10.56
"A9036","https://nci-naaccr-zone-design.github.io/louisiana-2020/?address=A9036","Both","Oral","10yrs","Calcasieu","Lake Charles, Prien",16.09,15.286,16.895,463946,14.167,13.458,14.875,141192,9.954,9.456,10.451,64680,15.72,28.75,20.89,10.56
"A9036","https://nci-naaccr-zone-design.github.io/louisiana-2020/?address=A9036","Female","Oral","10yrs","Calcasieu","Lake Charles, Prien",6.373,6.054,6.692,239239,8.269,7.855,8.682,75506,8.181,7.772,8.59,64680,15.72,28.75,20.89,10.56
"A9036","https://nci-naaccr-zone-design.github.io/louisiana-2020/?address=A9036","Male","Oral","10yrs","Calcasieu","Lake Charles, Prien",14.622,13.891,15.353,224707,19.557,18.579,20.534,65686,23.678,22.494,24.861,64680,15.72,28.75,20.89,10.56
"A9036","https://nci-naaccr-zone-design.github.io/louisiana-2020/?address=A9036","Both","Thyroid","10yrs","Calcasieu","Lake Charles, Prien",10.705,10.17,11.241,463946,9.929,9.432,10.425,141192,12.124,11.518,12.73,64680,15.72,28.75,20.89,10.56
"A9036","https://nci-naaccr-zone-design.github.io/louisiana-2020/?address=A9036","Female","Thyroid","10yrs","Calcasieu","Lake Charles, Prien",18.448,17.525,19.37,239239,18.61,17.679,19.54,75506,18.45,17.527,19.372,64680,15.72,28.75,20.89,10.56
"A9036","https://nci-naaccr-zone-design.github.io/louisiana-2020/?address=A9036","Male","Thyroid","10yrs","Calcasieu","Lake Charles, Prien",8.702,8.267,9.137,224707,8.228,7.817,8.64,65686,9.047,8.595,9.5,64680,15.72,28.75,20.89,10.56
"A9036","https://nci-naaccr-zone-design.github.io/louisiana-2020/?address=A9036","Female","Uterine","10yrs","Calcasieu","Lake Charles, Prien",13.256,12.594,13.919,239239,18.724,17.788,19.66,75506,21.948,20.85,23.045,64680,15.72,28.75,20.89,10.56
"A9036","https://nci-naaccr-zone-design.github.io/louisiana-2020/?address=A9036","Both","Liver","10yrs","Calcasieu","Lake Charles, Prien",10.54,10.013,11.067,463946,12.505,11.88,13.13,141192,8.334,7.918,8.751,64680,15.72,28.75,20.89,10.56
"A9036","https://nci-naaccr-zone-design.github.io/louisiana-2020/?address=A9036","Female","Liver","10yrs","Calcasieu","Lake Charles, Prien",3.76,3.572,3.948,239239,3.127,2.971,3.284,75506,6.482,6.158,6.806,64680,15.72,28.75,20.89,10.56
"A9036","https://nci-naaccr-zone-design.github.io/louisiana-2020/?address=A9036","Male","Liver","10yrs","Calcasieu","Lake Charles, Prien",20.14,19.133,21.147,224707,8.014,7.613,8.414,65686,19.64,18.658,20.622,64680,15.72,28.75,20.89,10.56
"A9036","https://nci-naaccr-zone-design.github.io/louisiana-2020/?address=A9036","Both","Stomach","10yrs","Calcasieu","Lake Charles, Prien",10.195,9.686,10.705,463946,4.859,4.616,5.102,141192,4.979,4.73,5.227,64680,15.72,28.75,20.89,10.56
"A9036","https://nci-naaccr-zone-design.github.io/louisiana-2020/?address=A9036","Female","Stomach","10yrs","Calcasieu","Lake Charles, Prien",4.111,3.906,4.317,239239,4.615,4.384,4.846,75506,5.415,5.144,5.685,64680,15.72,28.75,20.89,10.56
"A9036","https://nci-naaccr-zone-design.github.io/louisiana-2020/?address=A9036","Male","Stomach","10yrs","Calcasieu","Lake Charles, Prien",13.112,12.456,13.768,224707,15.797,15.007,16.587,65686,5.063,4.81,5.317,64680,15.72,28.75,20.89,10.56
"A9036","https://nci-naaccr-zone-design.github.io/louisiana-2020/?address=A9036","Both","Myeloma","10yrs","Calcasieu","Lake Charles, Prien",11.176,10.617,11.735,463946,5.302,5.037,5.567,141192,13.023,12.372,13.674,64680,15.72,28.75,20.89,10.56
"A9036","https://nci-naaccr-zone-design.github.io/louisiana-2020/?address=A9036","Female","Myeloma","10yrs","Calcasieu","Lake Charles, Prien",9.87,9.377,10.364,239239,10.891,10.346,11.435,75506,2.843,2.701,2.985,64680,15.72,28.75,20.89,10.56
"A9036","https://nci-naaccr-zone-design.github.io/louisiana-2020/?address=A9036","Male","Myeloma","10yrs","Calcasieu","Lake Charles, Prien",14.41,13.69,15.131,224707,13.54,12.863,14.217,65686,17.347,16.479,18.214,64680,15.72,28.75,20.89,10.56
"A9036","https://nci-naaccr-zone-design.github.io/louisiana-2020/?address=A9036","Both","Brain","10yrs","Calcasieu","Lake Charles, Prien",7.414,7.044,7.785,463946,4.149,3.942,4.357,141192,6.451,6.128,6.773,64680,15.72,28.75,20.89,10.56
"A9036","https://nci-naaccr-zone-design.github.io/louisiana-2020/?address=A9036","Female","Brain","10yrs","Calcasieu","Lake Charles, Prien",3.159,3.001,3.317,239239,6.932,6.585,7.279,75506,2.961,2.813,3.109,64680,15.72,28.75,20.89,10.56
"A9036","https://nci-naaccr-zone-design.github.io/louisiana-2020/?address=A9036","Male","Brain","10yrs","Calcasieu","Lake Charles, Prien",6.802,6.462,7.143,224707,10.698,10.163,11.233,65686,5.186,4.926,5.445,64680,15.72,28.75,20.89,10.56
"A9036","https://nci-naaccr-zone-design.github.io/louisiana-2020/?address=A9036","Both","Larynx","10yrs","Calcasieu","Lake Charles, Prien",8.059,7.656,8.461,463946,6.279,5.965,6.593,141192,3.123,2.967,3.279,64680,15.72,28.75,20.89,10.56
"A9036","https://nci-naaccr-zone-design.github.io/louisiana-2020/?address=A9036","Female","Larynx","10yrs","Calcasieu","Lake Charles, Prien",3.018,2.867,3.168,239239,2.621,2.49,2.753,75506,"","","",64680,15.72,28.75,20.89,10.56
"A9036","https://nci-naaccr-zone-design.github.io/louisiana-2020/?address=A9036","Male","Larynx","10yrs","Calcasieu","Lake Charles, Prien",11.002,10.452,11.552,224707,9.829,9.338,10.321,65686,7.348,6.98,7.715,64680,15.72,28.75,20.89,10.56
"A9036","https://nci-naaccr-zone-design.github.io/louisiana-2020/?address=A9036","Female","Ovary","10yrs","Calcasieu","Lake Charles, Prien",14.798,14.058,15.538,239239,8.226,7.815,8.637,75506,12.306,11.691,12.922,64680,15.72,28.75,20.89,10.56
"A9036","https://nci-naaccr-zone-design.github.io/louisiana-2020/?address=A9036","Both","Esoph","10yrs","Calcasieu","Lake Charles, Prien",6.649,6.317,6.982,463946,4.903,4.657,5.148,141192,5.903,5.608,6.198,64680,15.72,28.75,20.89,10.56
"A9036","https://nci-naaccr-zone-design.github.io/louisiana-2020/?address=A9036","Female","Esoph","10yrs","Calcasieu","Lake Charles, Prien",3.435,3.263,3.607,239239,2.581,2.452,2.71,75506,3.493,3.318,3.668,64680,15.72,28.75,20.89,10.56
"A9036","https://nci-naaccr-zone-design.github.io/louisiana-2020/?address=A9036","Male","Esoph","10yrs","Calcasieu","Lake Charles, Prien",10.494,9.969,11.019,224707,9.634,9.152,10.115,65686,11.271,10.708,11.835,64680,15.72,28.75,20.89,10.56
