"Zone","URL","Sex","Cancer","Years","Counties","Places","AAIR","LCI","UCI","White_PopTot","White_AAIR","White_LCI","White_UCI","Black_PopTot","Black_AAIR","Black_LCI","Black_UCI","TotalPop","Pct100Pov","PctMinority","PctBlackNH","PctRural"
"A9019","https://nci-naaccr-zone-design.github.io/louisiana-2020/?address=A9019","Both","AllSite","05yrs","Jefferson","Terrytown, Gretna",521.904,495.809,547.999,132461,460.952,437.904,483.999,128217,485.431,461.159,509.702,65788,18.59,59.04,38.14,0.0
"A9019","https://nci-naaccr-zone-design.github.io/louisiana-2020/?address=A9019","Female","AllSite","05yrs","Jefferson","Terrytown, Gretna",447.399,425.029,469.769,67634,434.022,412.321,455.723,67615,412.095,391.49,432.7,65788,18.59,59.04,38.14,0.0
"A9019","https://nci-naaccr-zone-design.github.io/louisiana-2020/?address=A9019","Male","AllSite","05yrs","Jefferson","Terrytown, Gretna",575.946,547.149,604.744,64827,673.646,639.964,707.329,60602,658.19,625.281,691.1,65788,18.59,59.04,38.14,0.0
"A9019","https://nci-naaccr-zone-design.github.io/louisiana-2020/?address=A9019","Male","Prostate","05yrs","Jefferson","Terrytown, Gretna",184.115,174.91,193.321,64827,171.991,163.391,180.59,60602,178.307,169.391,187.222,65788,18.59,59.04,38.14,0.0
"A9019","https://nci-naaccr-zone-design.github.io/louisiana-2020/?address=A9019","Both","Lung","05yrs","Jefferson","Terrytown, Gretna",88.028,83.627,92.429,132461,76.113,72.307,79.919,128217,65.468,62.194,68.741,65788,18.59,59.04,38.14,0.0
"A9019","https://nci-naaccr-zone-design.github.io/louisiana-2020/?address=A9019","Female","Lung","05yrs","Jefferson","Terrytown, Gretna",49.183,46.724,51.643,67634,55.245,52.483,58.008,67615,46.398,44.078,48.717,65788,18.59,59.04,38.14,0.0
"A9019","https://nci-naaccr-zone-design.github.io/louisiana-2020/?address=A9019","Male","Lung","05yrs","Jefferson","Terrytown, Gretna",95.598,90.818,100.378,64827,113.07,107.417,118.724,60602,69.399,65.929,72.869,65788,18.59,59.04,38.14,0.0
"A9019","https://nci-naaccr-zone-design.github.io/louisiana-2020/?address=A9019","Female","Breast","05yrs","Jefferson","Terrytown, Gretna",108.525,103.098,113.951,67634,113.967,108.268,119.665,67615,123.624,117.443,129.805,65788,18.59,59.04,38.14,0.0
"A9019","https://nci-naaccr-zone-design.github.io/louisiana-2020/?address=A9019","Both","CRC","05yrs","Jefferson","Terrytown, Gretna",60.925,57.879,63.971,132461,50.605,48.075,53.135,128217,57.654,54.771,60.537,65788,18.59,59.04,38.14,0.0
"A9019","https://nci-naaccr-zone-design.github.io/louisiana-2020/?address=A9019","Female","CRC","05yrs","Jefferson","Terrytown, Gretna",34.203,32.493,35.913,67634,52.898,50.253,55.543,67615,34.096,32.391,35.801,65788,18.59,59.04,38.14,0.0
"A9019","https://nci-naaccr-zone-design.github.io/louisiana-2020/?address=A9019","Male","CRC","05yrs","Jefferson","Terrytown, Gretna",44.364,42.146,46.582,64827,58.373,55.455,61.292,60602,57.329,54.463,60.195,65788,18.59,59.04,38.14,0.0
"A9019","https://nci-naaccr-zone-design.github.io/louisiana-2020/?address=A9019","Both","Kidney","05yrs","Jefferson","Terrytown, Gretna",21.443,20.371,22.515,132461,25.525,24.248,26.801,128217,25.693,24.408,26.977,65788,18.59,59.04,38.14,0.0
"A9019","https://nci-naaccr-zone-design.github.io/louisiana-2020/?address=A9019","Female","Kidney","05yrs","Jefferson","Terrytown, Gretna",10.167,9.659,10.675,67634,17.421,16.55,18.292,67615,21.096,20.041,22.151,65788,18.59,59.04,38.14,0.0
"A9019","https://nci-naaccr-zone-design.github.io/louisiana-2020/?address=A9019","Male","Kidney","05yrs","Jefferson","Terrytown, Gretna",32.211,30.601,33.822,64827,26.161,24.853,27.469,60602,18.485,17.561,19.41,65788,18.59,59.04,38.14,0.0
"A9019","https://nci-naaccr-zone-design.github.io/louisiana-2020/?address=A9019","Both","NHL","05yrs","Jefferson","Terrytown, Gretna",22.675,21.541,23.809,132461,17.736,16.849,18.623,128217,21.778,20.689,22.867,65788,18.59,59.04,38.14,0.0
"A9019","https://nci-naaccr-zone-design.github.io/louisiana-2020/?address=A9019","Female","NHL","05yrs","Jefferson","Terrytown, Gretna",10.154,9.647,10.662,67634,10.301,9.786,10.816,67615,9.796,9.306,10.286,65788,18.59,59.04,38.14,0.0
"A9019","https://nci-naaccr-zone-design.github.io/louisiana-2020/?address=A9019","Male","NHL","05yrs","Jefferson","Terrytown, Gretna",31.02,29.469,32.571,64827,30.408,28.887,31.928,60602,26.872,25.529,28.216,65788,18.59,59.04,38.14,0.0
"A9019","https://nci-naaccr-zone-design.github.io/louisiana-2020/?address=A9019","Both","Urinary","05yrs","Jefferson","Terrytown, Gretna",18.726,17.79,19.662,132461,18.121,17.215,19.027,128217,14.017,13.316,14.718,65788,18.59,59.04,38.14,0.0
"A9019","https://nci-naaccr-zone-design.github.io/louisiana-2020/?address=A9019","Female","Urinary","05yrs","Jefferson","Terrytown, Gretna",3.719,3.533,3.905,67634,6.575,6.246,6.903,67615,5.616,5.335,5.897,65788,18.59,59.04,38.14,0.0
"A9019","https://nci-naaccr-zone-design.github.io/louisiana-2020/?address=A9019","Male","Urinary","05yrs","Jefferson","Terrytown, Gretna",45.549,43.271,47.826,64827,34.753,33.015,36.491,60602,28.002,26.602,29.402,65788,18.59,59.04,38.14,0.0
"A9019","https://nci-naaccr-zone-design.github.io/louisiana-2020/?address=A9019","Both","Mela","05yrs","Jefferson","Terrytown, Gretna",11.007,10.456,11.557,132461,19.525,18.549,20.501,128217,3.846,3.654,4.039,65788,18.59,59.04,38.14,0.0
"A9019","https://nci-naaccr-zone-design.github.io/louisiana-2020/?address=A9019","Female","Mela","05yrs","Jefferson","Terrytown, Gretna",17.874,16.98,18.768,67634,18.509,17.584,19.435,67615,15.586,14.807,16.365,65788,18.59,59.04,38.14,0.0
"A9019","https://nci-naaccr-zone-design.github.io/louisiana-2020/?address=A9019","Male","Mela","05yrs","Jefferson","Terrytown, Gretna",27.661,26.278,29.044,64827,40.523,38.497,42.549,60602,32.905,31.26,34.55,65788,18.59,59.04,38.14,0.0
"A9019","https://nci-naaccr-zone-design.github.io/louisiana-2020/?address=A9019","Both","Pancreas","05yrs","Jefferson","Terrytown, Gretna",13.222,12.561,13.884,132461,16.514,15.688,17.34,128217,17.424,16.553,18.295,65788,18.59,59.04,38.14,0.0
"A9019","https://nci-naaccr-zone-design.github.io/louisiana-2020/?address=A9019","Female","Pancreas","05yrs","Jefferson","Terrytown, Gretna",14.231,13.519,14.942,67634,17.014,16.163,17.865,67615,14.856,14.114,15.599,65788,18.59,59.04,38.14,0.0
"A9019","https://nci-naaccr-zone-design.github.io/louisiana-2020/?address=A9019","Male","Pancreas","05yrs","Jefferson","Terrytown, Gretna",15.122,14.366,15.878,64827,19.417,18.446,20.388,60602,9.821,9.33,10.312,65788,18.59,59.04,38.14,0.0
"A9019","https://nci-naaccr-zone-design.github.io/louisiana-2020/?address=A9019","Both","Leuks","05yrs","Jefferson","Terrytown, Gretna",9.369,8.901,9.837,132461,12.511,11.885,13.136,128217,11.354,10.787,11.922,65788,18.59,59.04,38.14,0.0
"A9019","https://nci-naaccr-zone-design.github.io/louisiana-2020/?address=A9019","Female","Leuks","05yrs","Jefferson","Terrytown, Gretna",7.567,7.188,7.945,67634,6.883,6.539,7.228,67615,10.505,9.98,11.03,65788,18.59,59.04,38.14,0.0
"A9019","https://nci-naaccr-zone-design.github.io/louisiana-2020/?address=A9019","Male","Leuks","05yrs","Jefferson","Terrytown, Gretna",23.831,22.639,25.022,64827,18.563,17.635,19.491,60602,21.69,20.606,22.775,65788,18.59,59.04,38.14,0.0
"A9019","https://nci-naaccr-zone-design.github.io/louisiana-2020/?address=A9019","Both","Oral","05yrs","Jefferson","Terrytown, Gretna",8.564,8.136,8.993,132461,10.529,10.003,11.056,128217,10.429,9.907,10.95,65788,18.59,59.04,38.14,0.0
"A9019","https://nci-naaccr-zone-design.github.io/louisiana-2020/?address=A9019","Female","Oral","05yrs","Jefferson","Terrytown, Gretna",3.854,3.661,4.047,67634,7.19,6.83,7.549,67615,7.213,6.853,7.574,65788,18.59,59.04,38.14,0.0
"A9019","https://nci-naaccr-zone-design.github.io/louisiana-2020/?address=A9019","Male","Oral","05yrs","Jefferson","Terrytown, Gretna",26.928,25.582,28.275,64827,14.417,13.696,15.137,60602,25.9,24.605,27.195,65788,18.59,59.04,38.14,0.0
"A9019","https://nci-naaccr-zone-design.github.io/louisiana-2020/?address=A9019","Both","Thyroid","05yrs","Jefferson","Terrytown, Gretna",12.549,11.922,13.177,132461,15.255,14.492,16.017,128217,9.322,8.856,9.788,65788,18.59,59.04,38.14,0.0
"A9019","https://nci-naaccr-zone-design.github.io/louisiana-2020/?address=A9019","Female","Thyroid","05yrs","Jefferson","Terrytown, Gretna",23.591,22.411,24.77,67634,15.476,14.703,16.25,67615,24.726,23.49,25.962,65788,18.59,59.04,38.14,0.0
"A9019","https://nci-naaccr-zone-design.github.io/louisiana-2020/?address=A9019","Male","Thyroid","05yrs","Jefferson","Terrytown, Gretna",4.084,3.879,4.288,64827,6.772,6.434,7.111,60602,"","","",65788,18.59,59.04,38.14,0.0
"A9019","https://nci-naaccr-zone-design.github.io/louisiana-2020/?address=A9019","Female","Uterine","05yrs","Jefferson","Terrytown, Gretna",18.872,17.928,19.815,67634,22.73,21.594,23.867,67615,16.292,15.477,17.107,65788,18.59,59.04,38.14,0.0
"A9019","https://nci-naaccr-zone-design.github.io/louisiana-2020/?address=A9019","Both","Liver","05yrs","Jefferson","Terrytown, Gretna",11.392,10.823,11.962,132461,10.269,9.755,10.782,128217,9.012,8.561,9.462,65788,18.59,59.04,38.14,0.0
"A9019","https://nci-naaccr-zone-design.github.io/louisiana-2020/?address=A9019","Female","Liver","05yrs","Jefferson","Terrytown, Gretna",6.795,6.455,7.135,67634,"","","",67615,6.857,6.514,7.2,65788,18.59,59.04,38.14,0.0
"A9019","https://nci-naaccr-zone-design.github.io/louisiana-2020/?address=A9019","Male","Liver","05yrs","Jefferson","Terrytown, Gretna",22.837,21.695,23.979,64827,21.702,20.617,22.787,60602,20.926,19.879,21.972,65788,18.59,59.04,38.14,0.0
"A9019","https://nci-naaccr-zone-design.github.io/louisiana-2020/?address=A9019","Both","Stomach","05yrs","Jefferson","Terrytown, Gretna",5.346,5.079,5.613,132461,11.121,10.565,11.677,128217,5.439,5.167,5.711,65788,18.59,59.04,38.14,0.0
"A9019","https://nci-naaccr-zone-design.github.io/louisiana-2020/?address=A9019","Female","Stomach","05yrs","Jefferson","Terrytown, Gretna",10.122,9.615,10.628,67634,4.587,4.357,4.816,67615,"","","",65788,18.59,59.04,38.14,0.0
"A9019","https://nci-naaccr-zone-design.github.io/louisiana-2020/?address=A9019","Male","Stomach","05yrs","Jefferson","Terrytown, Gretna",16.278,15.464,17.092,64827,14.139,13.432,14.845,60602,"","","",65788,18.59,59.04,38.14,0.0
"A9019","https://nci-naaccr-zone-design.github.io/louisiana-2020/?address=A9019","Both","Myeloma","05yrs","Jefferson","Terrytown, Gretna",9.723,9.237,10.209,132461,4.163,3.955,4.371,128217,7.398,7.028,7.768,65788,18.59,59.04,38.14,0.0
"A9019","https://nci-naaccr-zone-design.github.io/louisiana-2020/?address=A9019","Female","Myeloma","05yrs","Jefferson","Terrytown, Gretna",8.549,8.121,8.976,67634,10.037,9.535,10.539,67615,5.691,5.407,5.976,65788,18.59,59.04,38.14,0.0
"A9019","https://nci-naaccr-zone-design.github.io/louisiana-2020/?address=A9019","Male","Myeloma","05yrs","Jefferson","Terrytown, Gretna",7.247,6.884,7.609,64827,14.576,13.847,15.305,60602,6.425,6.104,6.746,65788,18.59,59.04,38.14,0.0
"A9019","https://nci-naaccr-zone-design.github.io/louisiana-2020/?address=A9019","Both","Brain","05yrs","Jefferson","Terrytown, Gretna",4.803,4.563,5.043,132461,6.935,6.588,7.282,128217,4.174,3.965,4.383,65788,18.59,59.04,38.14,0.0
"A9019","https://nci-naaccr-zone-design.github.io/louisiana-2020/?address=A9019","Female","Brain","05yrs","Jefferson","Terrytown, Gretna",6.449,6.126,6.771,67634,6.953,6.605,7.3,67615,6.172,5.863,6.48,65788,18.59,59.04,38.14,0.0
"A9019","https://nci-naaccr-zone-design.github.io/louisiana-2020/?address=A9019","Male","Brain","05yrs","Jefferson","Terrytown, Gretna",8.379,7.96,8.798,64827,6.548,6.221,6.876,60602,"","","",65788,18.59,59.04,38.14,0.0
"A9019","https://nci-naaccr-zone-design.github.io/louisiana-2020/?address=A9019","Both","Larynx","05yrs","Jefferson","Terrytown, Gretna",6.231,5.92,6.543,132461,6.347,6.029,6.664,128217,8.015,7.614,8.416,65788,18.59,59.04,38.14,0.0
"A9019","https://nci-naaccr-zone-design.github.io/louisiana-2020/?address=A9019","Female","Larynx","05yrs","Jefferson","Terrytown, Gretna",2.725,2.588,2.861,67634,"","","",67615,"","","",65788,18.59,59.04,38.14,0.0
"A9019","https://nci-naaccr-zone-design.github.io/louisiana-2020/?address=A9019","Male","Larynx","05yrs","Jefferson","Terrytown, Gretna",12.142,11.535,12.749,64827,6.787,6.447,7.126,60602,6.056,5.754,6.359,65788,18.59,59.04,38.14,0.0
"A9019","https://nci-naaccr-zone-design.github.io/louisiana-2020/?address=A9019","Female","Ovary","05yrs","Jefferson","Terrytown, Gretna",11.992,11.392,12.592,67634,7.428,7.056,7.799,67615,8.097,7.692,8.502,65788,18.59,59.04,38.14,0.0
"A9019","https://nci-naaccr-zone-design.github.io/louisiana-2020/?address=A9019","Both","Esoph","05yrs","Jefferson","Terrytown, Gretna",7.617,7.236,7.998,132461,4.108,3.903,4.314,128217,4.122,3.915,4.328,65788,18.59,59.04,38.14,0.0
"A9019","https://nci-naaccr-zone-design.github.io/louisiana-2020/?address=A9019","Female","Esoph","05yrs","Jefferson","Terrytown, Gretna","","","",67634,"","","",67615,"","","",65788,18.59,59.04,38.14,0.0
"A9019","https://nci-naaccr-zone-design.github.io/louisiana-2020/?address=A9019","Male","Esoph","05yrs","Jefferson","Terrytown, Gretna",7.577,7.198,7.956,64827,14.076,13.372,14.779,60602,8.72,8.284,9.156,65788,18.59,59.04,38.14,0.0
"A9019","https://nci-naaccr-zone-design.github.io/louisiana-2020/?address=A9019","Both","AllSite","10yrs","Jefferson","Terrytown, Gretna",436.586,414.756,458.415,276117,488.422,464.001,512.844,252355,498.864,473.921,523.808,65788,18.59,59.04,38.14,0.0
"A9019","https://nci-naaccr-zone-design.github.io/louisiana-2020/?address=A9019","Female","AllSite","10yrs","Jefferson","Terrytown, Gretna",380.639,361.607,399.671,140703,379.496,360.521,398.471,132910,389.695,370.21,409.179,65788,18.59,59.04,38.14,0.0
"A9019","https://nci-naaccr-zone-design.github.io/louisiana-2020/?address=A9019","Male","AllSite","10yrs","Jefferson","Terrytown, Gretna",587.306,557.941,616.672,135414,549.093,521.639,576.548,119445,649.79,617.301,682.28,65788,18.59,59.04,38.14,0.0
"A9019","https://nci-naaccr-zone-design.github.io/louisiana-2020/?address=A9019","Male","Prostate","10yrs","Jefferson","Terrytown, Gretna",144.116,136.91,151.322,135414,201.508,191.433,211.584,119445,153.296,145.631,160.961,65788,18.59,59.04,38.14,0.0
"A9019","https://nci-naaccr-zone-design.github.io/louisiana-2020/?address=A9019","Both","Lung","10yrs","Jefferson","Terrytown, Gretna",45.49,43.215,47.764,276117,71.451,67.879,75.024,252355,79.404,75.434,83.375,65788,18.59,59.04,38.14,0.0
"A9019","https://nci-naaccr-zone-design.github.io/louisiana-2020/?address=A9019","Female","Lung","10yrs","Jefferson","Terrytown, Gretna",67.956,64.558,71.354,140703,58.696,55.762,61.631,132910,65.084,61.829,68.338,65788,18.59,59.04,38.14,0.0
"A9019","https://nci-naaccr-zone-design.github.io/louisiana-2020/?address=A9019","Male","Lung","10yrs","Jefferson","Terrytown, Gretna",86.55,82.222,90.877,135414,87.58,83.201,91.959,119445,79.06,75.107,83.013,65788,18.59,59.04,38.14,0.0
"A9019","https://nci-naaccr-zone-design.github.io/louisiana-2020/?address=A9019","Female","Breast","10yrs","Jefferson","Terrytown, Gretna",120.119,114.113,126.125,140703,132.21,125.599,138.82,132910,114.015,108.314,119.716,65788,18.59,59.04,38.14,0.0
"A9019","https://nci-naaccr-zone-design.github.io/louisiana-2020/?address=A9019","Both","CRC","10yrs","Jefferson","Terrytown, Gretna",44.22,42.009,46.431,276117,46.042,43.74,48.344,252355,36.807,34.966,38.647,65788,18.59,59.04,38.14,0.0
"A9019","https://nci-naaccr-zone-design.github.io/louisiana-2020/?address=A9019","Female","CRC","10yrs","Jefferson","Terrytown, Gretna",49.98,47.481,52.479,140703,30.761,29.223,32.299,132910,45.596,43.316,47.876,65788,18.59,59.04,38.14,0.0
"A9019","https://nci-naaccr-zone-design.github.io/louisiana-2020/?address=A9019","Male","CRC","10yrs","Jefferson","Terrytown, Gretna",63.831,60.64,67.023,135414,70.665,67.132,74.198,119445,64.412,61.191,67.632,65788,18.59,59.04,38.14,0.0
"A9019","https://nci-naaccr-zone-design.github.io/louisiana-2020/?address=A9019","Both","Kidney","10yrs","Jefferson","Terrytown, Gretna",25.618,24.337,26.899,276117,15.21,14.45,15.971,252355,21.677,20.593,22.761,65788,18.59,59.04,38.14,0.0
"A9019","https://nci-naaccr-zone-design.github.io/louisiana-2020/?address=A9019","Female","Kidney","10yrs","Jefferson","Terrytown, Gretna",15.333,14.566,16.099,140703,13.345,12.678,14.012,132910,15.799,15.009,16.589,65788,18.59,59.04,38.14,0.0
"A9019","https://nci-naaccr-zone-design.github.io/louisiana-2020/?address=A9019","Male","Kidney","10yrs","Jefferson","Terrytown, Gretna",17.635,16.753,18.517,135414,22.757,21.619,23.895,119445,20.907,19.862,21.953,65788,18.59,59.04,38.14,0.0
"A9019","https://nci-naaccr-zone-design.github.io/louisiana-2020/?address=A9019","Both","NHL","10yrs","Jefferson","Terrytown, Gretna",14.017,13.316,14.718,276117,20.264,19.251,21.277,252355,24.611,23.381,25.842,65788,18.59,59.04,38.14,0.0
"A9019","https://nci-naaccr-zone-design.github.io/louisiana-2020/?address=A9019","Female","NHL","10yrs","Jefferson","Terrytown, Gretna",21.586,20.507,22.665,140703,9.748,9.26,10.235,132910,19.572,18.594,20.551,65788,18.59,59.04,38.14,0.0
"A9019","https://nci-naaccr-zone-design.github.io/louisiana-2020/?address=A9019","Male","NHL","10yrs","Jefferson","Terrytown, Gretna",21.543,20.466,22.62,135414,23.967,22.768,25.165,119445,26.187,24.878,27.497,65788,18.59,59.04,38.14,0.0
"A9019","https://nci-naaccr-zone-design.github.io/louisiana-2020/?address=A9019","Both","Urinary","10yrs","Jefferson","Terrytown, Gretna",20.224,19.213,21.236,276117,12.683,12.048,13.317,252355,26.282,24.968,27.596,65788,18.59,59.04,38.14,0.0
"A9019","https://nci-naaccr-zone-design.github.io/louisiana-2020/?address=A9019","Female","Urinary","10yrs","Jefferson","Terrytown, Gretna",4.2,3.99,4.41,140703,6.433,6.111,6.755,132910,11.261,10.698,11.824,65788,18.59,59.04,38.14,0.0
"A9019","https://nci-naaccr-zone-design.github.io/louisiana-2020/?address=A9019","Male","Urinary","10yrs","Jefferson","Terrytown, Gretna",28.813,27.372,30.253,135414,40.329,38.313,42.346,119445,30.6,29.07,32.13,65788,18.59,59.04,38.14,0.0
"A9019","https://nci-naaccr-zone-design.github.io/louisiana-2020/?address=A9019","Both","Mela","10yrs","Jefferson","Terrytown, Gretna",15.197,14.437,15.957,276117,11.281,10.717,11.845,252355,8.948,8.5,9.395,65788,18.59,59.04,38.14,0.0
"A9019","https://nci-naaccr-zone-design.github.io/louisiana-2020/?address=A9019","Female","Mela","10yrs","Jefferson","Terrytown, Gretna",18.687,17.753,19.622,140703,5.885,5.591,6.179,132910,7.952,7.555,8.35,65788,18.59,59.04,38.14,0.0
"A9019","https://nci-naaccr-zone-design.github.io/louisiana-2020/?address=A9019","Male","Mela","10yrs","Jefferson","Terrytown, Gretna",29.773,28.284,31.262,135414,11.711,11.125,12.296,119445,21.057,20.004,22.109,65788,18.59,59.04,38.14,0.0
"A9019","https://nci-naaccr-zone-design.github.io/louisiana-2020/?address=A9019","Both","Pancreas","10yrs","Jefferson","Terrytown, Gretna",14.027,13.326,14.728,276117,13.164,12.506,13.822,252355,16.804,15.964,17.644,65788,18.59,59.04,38.14,0.0
"A9019","https://nci-naaccr-zone-design.github.io/louisiana-2020/?address=A9019","Female","Pancreas","10yrs","Jefferson","Terrytown, Gretna",9.599,9.119,10.079,140703,15.814,15.023,16.604,132910,13.336,12.669,14.003,65788,18.59,59.04,38.14,0.0
"A9019","https://nci-naaccr-zone-design.github.io/louisiana-2020/?address=A9019","Male","Pancreas","10yrs","Jefferson","Terrytown, Gretna",15.284,14.52,16.048,135414,12.193,11.583,12.803,119445,11.905,11.31,12.5,65788,18.59,59.04,38.14,0.0
"A9019","https://nci-naaccr-zone-design.github.io/louisiana-2020/?address=A9019","Both","Leuks","10yrs","Jefferson","Terrytown, Gretna",13.976,13.277,14.674,276117,17.7,16.815,18.585,252355,13.781,13.092,14.471,65788,18.59,59.04,38.14,0.0
"A9019","https://nci-naaccr-zone-design.github.io/louisiana-2020/?address=A9019","Female","Leuks","10yrs","Jefferson","Terrytown, Gretna",15.067,14.314,15.82,140703,12.865,12.221,13.508,132910,7.816,7.425,8.207,65788,18.59,59.04,38.14,0.0
"A9019","https://nci-naaccr-zone-design.github.io/louisiana-2020/?address=A9019","Male","Leuks","10yrs","Jefferson","Terrytown, Gretna",18.447,17.524,19.369,135414,11.088,10.534,11.643,119445,15.889,15.094,16.683,65788,18.59,59.04,38.14,0.0
"A9019","https://nci-naaccr-zone-design.github.io/louisiana-2020/?address=A9019","Both","Oral","10yrs","Jefferson","Terrytown, Gretna",11.952,11.354,12.55,276117,11.043,10.491,11.595,252355,8.76,8.322,9.198,65788,18.59,59.04,38.14,0.0
"A9019","https://nci-naaccr-zone-design.github.io/louisiana-2020/?address=A9019","Female","Oral","10yrs","Jefferson","Terrytown, Gretna",3.808,3.617,3.998,140703,6.261,5.948,6.574,132910,5.936,5.639,6.232,65788,18.59,59.04,38.14,0.0
"A9019","https://nci-naaccr-zone-design.github.io/louisiana-2020/?address=A9019","Male","Oral","10yrs","Jefferson","Terrytown, Gretna",27.198,25.838,28.558,135414,17.634,16.752,18.516,119445,26.098,24.794,27.403,65788,18.59,59.04,38.14,0.0
"A9019","https://nci-naaccr-zone-design.github.io/louisiana-2020/?address=A9019","Both","Thyroid","10yrs","Jefferson","Terrytown, Gretna",11.468,10.894,12.041,276117,12.805,12.165,13.445,252355,17.349,16.482,18.217,65788,18.59,59.04,38.14,0.0
"A9019","https://nci-naaccr-zone-design.github.io/louisiana-2020/?address=A9019","Female","Thyroid","10yrs","Jefferson","Terrytown, Gretna",21.947,20.849,23.044,140703,11.449,10.877,12.021,132910,14.11,13.404,14.815,65788,18.59,59.04,38.14,0.0
"A9019","https://nci-naaccr-zone-design.github.io/louisiana-2020/?address=A9019","Male","Thyroid","10yrs","Jefferson","Terrytown, Gretna",4.73,4.493,4.966,135414,6.971,6.622,7.319,119445,9.581,9.102,10.06,65788,18.59,59.04,38.14,0.0
"A9019","https://nci-naaccr-zone-design.github.io/louisiana-2020/?address=A9019","Female","Uterine","10yrs","Jefferson","Terrytown, Gretna",25.355,24.087,26.622,140703,18.129,17.222,19.035,132910,21.685,20.601,22.77,65788,18.59,59.04,38.14,0.0
"A9019","https://nci-naaccr-zone-design.github.io/louisiana-2020/?address=A9019","Both","Liver","10yrs","Jefferson","Terrytown, Gretna",13.665,12.982,14.348,276117,11.223,10.662,11.784,252355,15.037,14.285,15.788,65788,18.59,59.04,38.14,0.0
"A9019","https://nci-naaccr-zone-design.github.io/louisiana-2020/?address=A9019","Female","Liver","10yrs","Jefferson","Terrytown, Gretna",3.389,3.22,3.559,140703,4.971,4.722,5.219,132910,4.368,4.149,4.586,65788,18.59,59.04,38.14,0.0
"A9019","https://nci-naaccr-zone-design.github.io/louisiana-2020/?address=A9019","Male","Liver","10yrs","Jefferson","Terrytown, Gretna",21.807,20.717,22.898,135414,22.992,21.842,24.141,119445,13.047,12.395,13.699,65788,18.59,59.04,38.14,0.0
"A9019","https://nci-naaccr-zone-design.github.io/louisiana-2020/?address=A9019","Both","Stomach","10yrs","Jefferson","Terrytown, Gretna",5.985,5.686,6.284,276117,8.308,7.892,8.723,252355,10.486,9.962,11.01,65788,18.59,59.04,38.14,0.0
"A9019","https://nci-naaccr-zone-design.github.io/louisiana-2020/?address=A9019","Female","Stomach","10yrs","Jefferson","Terrytown, Gretna",6.049,5.746,6.351,140703,7.205,6.845,7.566,132910,3.166,3.008,3.324,65788,18.59,59.04,38.14,0.0
"A9019","https://nci-naaccr-zone-design.github.io/louisiana-2020/?address=A9019","Male","Stomach","10yrs","Jefferson","Terrytown, Gretna",11.645,11.063,12.227,135414,16.236,15.424,17.048,119445,9.815,9.324,10.306,65788,18.59,59.04,38.14,0.0
"A9019","https://nci-naaccr-zone-design.github.io/louisiana-2020/?address=A9019","Both","Myeloma","10yrs","Jefferson","Terrytown, Gretna",4.741,4.504,4.978,276117,6.654,6.321,6.987,252355,7.941,7.544,8.338,65788,18.59,59.04,38.14,0.0
"A9019","https://nci-naaccr-zone-design.github.io/louisiana-2020/?address=A9019","Female","Myeloma","10yrs","Jefferson","Terrytown, Gretna",12.982,12.333,13.631,140703,9.402,8.932,9.872,132910,9.909,9.414,10.405,65788,18.59,59.04,38.14,0.0
"A9019","https://nci-naaccr-zone-design.github.io/louisiana-2020/?address=A9019","Male","Myeloma","10yrs","Jefferson","Terrytown, Gretna",8.626,8.195,9.057,135414,14.04,13.338,14.742,119445,17.601,16.721,18.481,65788,18.59,59.04,38.14,0.0
"A9019","https://nci-naaccr-zone-design.github.io/louisiana-2020/?address=A9019","Both","Brain","10yrs","Jefferson","Terrytown, Gretna",4.309,4.094,4.525,276117,4.373,4.154,4.591,252355,4.585,4.356,4.814,65788,18.59,59.04,38.14,0.0
"A9019","https://nci-naaccr-zone-design.github.io/louisiana-2020/?address=A9019","Female","Brain","10yrs","Jefferson","Terrytown, Gretna",7.87,7.477,8.264,140703,6.958,6.61,7.306,132910,2.654,2.521,2.786,65788,18.59,59.04,38.14,0.0
"A9019","https://nci-naaccr-zone-design.github.io/louisiana-2020/?address=A9019","Male","Brain","10yrs","Jefferson","Terrytown, Gretna",3.628,3.446,3.809,135414,7.395,7.025,7.764,119445,4.043,3.841,4.246,65788,18.59,59.04,38.14,0.0
"A9019","https://nci-naaccr-zone-design.github.io/louisiana-2020/?address=A9019","Both","Larynx","10yrs","Jefferson","Terrytown, Gretna",7.017,6.666,7.368,276117,6.921,6.575,7.267,252355,3.838,3.646,4.03,65788,18.59,59.04,38.14,0.0
"A9019","https://nci-naaccr-zone-design.github.io/louisiana-2020/?address=A9019","Female","Larynx","10yrs","Jefferson","Terrytown, Gretna",3.296,3.132,3.461,140703,2.495,2.37,2.62,132910,2.066,1.963,2.17,65788,18.59,59.04,38.14,0.0
"A9019","https://nci-naaccr-zone-design.github.io/louisiana-2020/?address=A9019","Male","Larynx","10yrs","Jefferson","Terrytown, Gretna",13.302,12.637,13.967,135414,10.782,10.243,11.321,119445,8.594,8.165,9.024,65788,18.59,59.04,38.14,0.0
"A9019","https://nci-naaccr-zone-design.github.io/louisiana-2020/?address=A9019","Female","Ovary","10yrs","Jefferson","Terrytown, Gretna",11.533,10.956,12.11,140703,10.423,9.902,10.944,132910,8.609,8.178,9.039,65788,18.59,59.04,38.14,0.0
"A9019","https://nci-naaccr-zone-design.github.io/louisiana-2020/?address=A9019","Both","Esoph","10yrs","Jefferson","Terrytown, Gretna",7.021,6.67,7.372,276117,6.671,6.338,7.005,252355,3.667,3.484,3.851,65788,18.59,59.04,38.14,0.0
"A9019","https://nci-naaccr-zone-design.github.io/louisiana-2020/?address=A9019","Female","Esoph","10yrs","Jefferson","Terrytown, Gretna",2.011,1.911,2.112,140703,3.881,3.687,4.075,132910,"","","",65788,18.59,59.04,38.14,0.0
"A9019","https://nci-naaccr-zone-design.github.io/louisiana-2020/?address=A9019","Male","Esoph","10yrs","Jefferson","Terrytown, Gretna",5.006,4.756,5.257,135414,7.21,6.849,7.57,119445,13.127,12.47,13.783,65788,18.59,59.04,38.14,0.0
