"Zone","URL","Sex","Cancer","Years","Counties","Places","AAIR","LCI","UCI","White_PopTot","White_AAIR","White_LCI","White_UCI","Black_PopTot","Black_AAIR","Black_LCI","Black_UCI","TotalPop","Pct100Pov","PctMinority","PctBlackNH","PctRural"
"B0043","https://nci-naaccr-zone-design.github.io/louisiana-2020/?address=B0043","Both","AllSite","05yrs","Iberia","New Iberia",481.775,457.686,505.864,223342,498.83,473.888,523.771,120098,516.341,490.524,542.158,73240,20.09,39.24,31.79,28.14
"B0043","https://nci-naaccr-zone-design.github.io/louisiana-2020/?address=B0043","Female","AllSite","05yrs","Iberia","New Iberia",458.604,435.674,481.534,113497,355.626,337.844,373.407,63124,425.45,404.177,446.722,73240,20.09,39.24,31.79,28.14
"B0043","https://nci-naaccr-zone-design.github.io/louisiana-2020/?address=B0043","Male","AllSite","05yrs","Iberia","New Iberia",678.916,644.971,712.862,109845,524.261,498.048,550.474,56974,627.712,596.327,659.098,73240,20.09,39.24,31.79,28.14
"B0043","https://nci-naaccr-zone-design.github.io/louisiana-2020/?address=B0043","Male","Prostate","05yrs","Iberia","New Iberia",150.091,142.586,157.595,109845,141.943,134.846,149.04,56974,183.865,174.672,193.058,73240,20.09,39.24,31.79,28.14
"B0043","https://nci-naaccr-zone-design.github.io/louisiana-2020/?address=B0043","Both","Lung","05yrs","Iberia","New Iberia",88.7,84.265,93.135,223342,90.007,85.506,94.507,120098,71.251,67.688,74.814,73240,20.09,39.24,31.79,28.14
"B0043","https://nci-naaccr-zone-design.github.io/louisiana-2020/?address=B0043","Female","Lung","05yrs","Iberia","New Iberia",65.612,62.331,68.892,113497,61.446,58.374,64.519,63124,39.55,37.573,41.528,73240,20.09,39.24,31.79,28.14
"B0043","https://nci-naaccr-zone-design.github.io/louisiana-2020/?address=B0043","Male","Lung","05yrs","Iberia","New Iberia",86.776,82.437,91.115,109845,82.145,78.038,86.252,56974,95.85,91.058,100.643,73240,20.09,39.24,31.79,28.14
"B0043","https://nci-naaccr-zone-design.github.io/louisiana-2020/?address=B0043","Female","Breast","05yrs","Iberia","New Iberia",98.48,93.556,103.404,113497,120.315,114.299,126.331,63124,139.673,132.689,146.657,73240,20.09,39.24,31.79,28.14
"B0043","https://nci-naaccr-zone-design.github.io/louisiana-2020/?address=B0043","Both","CRC","05yrs","Iberia","New Iberia",50.566,48.038,53.095,223342,37.348,35.481,39.216,120098,51.281,48.717,53.845,73240,20.09,39.24,31.79,28.14
"B0043","https://nci-naaccr-zone-design.github.io/louisiana-2020/?address=B0043","Female","CRC","05yrs","Iberia","New Iberia",52.993,50.344,55.643,113497,48.473,46.05,50.897,63124,46.589,44.259,48.918,73240,20.09,39.24,31.79,28.14
"B0043","https://nci-naaccr-zone-design.github.io/louisiana-2020/?address=B0043","Male","CRC","05yrs","Iberia","New Iberia",43.53,41.353,45.706,109845,66.591,63.262,69.921,56974,52.98,50.331,55.629,73240,20.09,39.24,31.79,28.14
"B0043","https://nci-naaccr-zone-design.github.io/louisiana-2020/?address=B0043","Both","Kidney","05yrs","Iberia","New Iberia",23.895,22.7,25.09,223342,20.509,19.484,21.535,120098,17.571,16.693,18.45,73240,20.09,39.24,31.79,28.14
"B0043","https://nci-naaccr-zone-design.github.io/louisiana-2020/?address=B0043","Female","Kidney","05yrs","Iberia","New Iberia",20.259,19.246,21.271,113497,17.868,16.974,18.761,63124,17.378,16.509,18.247,73240,20.09,39.24,31.79,28.14
"B0043","https://nci-naaccr-zone-design.github.io/louisiana-2020/?address=B0043","Male","Kidney","05yrs","Iberia","New Iberia",18.905,17.96,19.85,109845,25.624,24.343,26.906,56974,33.756,32.068,35.443,73240,20.09,39.24,31.79,28.14
"B0043","https://nci-naaccr-zone-design.github.io/louisiana-2020/?address=B0043","Both","NHL","05yrs","Iberia","New Iberia",24.184,22.974,25.393,223342,22.34,21.223,23.457,120098,17.737,16.85,18.624,73240,20.09,39.24,31.79,28.14
"B0043","https://nci-naaccr-zone-design.github.io/louisiana-2020/?address=B0043","Female","NHL","05yrs","Iberia","New Iberia",15.24,14.478,16.002,113497,14.581,13.852,15.31,63124,15.622,14.841,16.403,73240,20.09,39.24,31.79,28.14
"B0043","https://nci-naaccr-zone-design.github.io/louisiana-2020/?address=B0043","Male","NHL","05yrs","Iberia","New Iberia",17.37,16.501,18.238,109845,22.641,21.509,23.774,56974,31.553,29.975,33.13,73240,20.09,39.24,31.79,28.14
"B0043","https://nci-naaccr-zone-design.github.io/louisiana-2020/?address=B0043","Both","Urinary","05yrs","Iberia","New Iberia",25.16,23.902,26.418,223342,16.984,16.134,17.833,120098,19.578,18.599,20.556,73240,20.09,39.24,31.79,28.14
"B0043","https://nci-naaccr-zone-design.github.io/louisiana-2020/?address=B0043","Female","Urinary","05yrs","Iberia","New Iberia",7.485,7.111,7.859,113497,8.844,8.402,9.287,63124,9.961,9.463,10.459,73240,20.09,39.24,31.79,28.14
"B0043","https://nci-naaccr-zone-design.github.io/louisiana-2020/?address=B0043","Male","Urinary","05yrs","Iberia","New Iberia",25.598,24.319,26.878,109845,45.883,43.589,48.177,56974,27.161,25.803,28.519,73240,20.09,39.24,31.79,28.14
"B0043","https://nci-naaccr-zone-design.github.io/louisiana-2020/?address=B0043","Both","Mela","05yrs","Iberia","New Iberia",21.11,20.055,22.166,223342,25.516,24.24,26.792,120098,21.885,20.791,22.979,73240,20.09,39.24,31.79,28.14
"B0043","https://nci-naaccr-zone-design.github.io/louisiana-2020/?address=B0043","Female","Mela","05yrs","Iberia","New Iberia",23.564,22.386,24.742,113497,11.193,10.633,11.753,63124,12.842,12.2,13.484,73240,20.09,39.24,31.79,28.14
"B0043","https://nci-naaccr-zone-design.github.io/louisiana-2020/?address=B0043","Male","Mela","05yrs","Iberia","New Iberia",14.543,13.816,15.27,109845,28.43,27.009,29.852,56974,33.614,31.933,35.294,73240,20.09,39.24,31.79,28.14
"B0043","https://nci-naaccr-zone-design.github.io/louisiana-2020/?address=B0043","Both","Pancreas","05yrs","Iberia","New Iberia",14.169,13.461,14.877,223342,11.983,11.384,12.582,120098,10.663,10.13,11.197,73240,20.09,39.24,31.79,28.14
"B0043","https://nci-naaccr-zone-design.github.io/louisiana-2020/?address=B0043","Female","Pancreas","05yrs","Iberia","New Iberia",12.977,12.328,13.626,113497,9.081,8.627,9.535,63124,9.675,9.192,10.159,73240,20.09,39.24,31.79,28.14
"B0043","https://nci-naaccr-zone-design.github.io/louisiana-2020/?address=B0043","Male","Pancreas","05yrs","Iberia","New Iberia",17.638,16.756,18.519,109845,11.529,10.953,12.106,56974,20.558,19.53,21.586,73240,20.09,39.24,31.79,28.14
"B0043","https://nci-naaccr-zone-design.github.io/louisiana-2020/?address=B0043","Both","Leuks","05yrs","Iberia","New Iberia",15.32,14.554,16.086,223342,12.885,12.241,13.53,120098,16.23,15.418,17.041,73240,20.09,39.24,31.79,28.14
"B0043","https://nci-naaccr-zone-design.github.io/louisiana-2020/?address=B0043","Female","Leuks","05yrs","Iberia","New Iberia",7.649,7.267,8.032,113497,10.505,9.98,11.03,63124,15.663,14.88,16.446,73240,20.09,39.24,31.79,28.14
"B0043","https://nci-naaccr-zone-design.github.io/louisiana-2020/?address=B0043","Male","Leuks","05yrs","Iberia","New Iberia",14.268,13.555,14.982,109845,10.637,10.105,11.169,56974,12.52,11.894,13.146,73240,20.09,39.24,31.79,28.14
"B0043","https://nci-naaccr-zone-design.github.io/louisiana-2020/?address=B0043","Both","Oral","05yrs","Iberia","New Iberia",8.847,8.404,9.289,223342,10.833,10.291,11.374,120098,15.568,14.79,16.346,73240,20.09,39.24,31.79,28.14
"B0043","https://nci-naaccr-zone-design.github.io/louisiana-2020/?address=B0043","Female","Oral","05yrs","Iberia","New Iberia",2.881,2.737,3.025,113497,4.525,4.299,4.751,63124,"","","",73240,20.09,39.24,31.79,28.14
"B0043","https://nci-naaccr-zone-design.github.io/louisiana-2020/?address=B0043","Male","Oral","05yrs","Iberia","New Iberia",20.79,19.751,21.83,109845,19.174,18.215,20.132,56974,13.694,13.009,14.379,73240,20.09,39.24,31.79,28.14
"B0043","https://nci-naaccr-zone-design.github.io/louisiana-2020/?address=B0043","Both","Thyroid","05yrs","Iberia","New Iberia",8.924,8.478,9.37,223342,11.819,11.228,12.41,120098,11.474,10.901,12.048,73240,20.09,39.24,31.79,28.14
"B0043","https://nci-naaccr-zone-design.github.io/louisiana-2020/?address=B0043","Female","Thyroid","05yrs","Iberia","New Iberia",11.533,10.957,12.11,113497,11.917,11.321,12.513,63124,19.471,18.497,20.444,73240,20.09,39.24,31.79,28.14
"B0043","https://nci-naaccr-zone-design.github.io/louisiana-2020/?address=B0043","Male","Thyroid","05yrs","Iberia","New Iberia",6.825,6.484,7.166,109845,6.973,6.624,7.322,56974,9.581,9.102,10.06,73240,20.09,39.24,31.79,28.14
"B0043","https://nci-naaccr-zone-design.github.io/louisiana-2020/?address=B0043","Female","Uterine","05yrs","Iberia","New Iberia",14.3,13.585,15.015,113497,13.884,13.189,14.578,63124,17.595,16.715,18.474,73240,20.09,39.24,31.79,28.14
"B0043","https://nci-naaccr-zone-design.github.io/louisiana-2020/?address=B0043","Both","Liver","05yrs","Iberia","New Iberia",11.863,11.27,12.456,223342,4.915,4.669,5.161,120098,9.849,9.357,10.341,73240,20.09,39.24,31.79,28.14
"B0043","https://nci-naaccr-zone-design.github.io/louisiana-2020/?address=B0043","Female","Liver","05yrs","Iberia","New Iberia",2.863,2.72,3.006,113497,"","","",63124,6.618,6.287,6.949,73240,20.09,39.24,31.79,28.14
"B0043","https://nci-naaccr-zone-design.github.io/louisiana-2020/?address=B0043","Male","Liver","05yrs","Iberia","New Iberia",10.026,9.525,10.527,109845,12.834,12.192,13.476,56974,20.606,19.576,21.637,73240,20.09,39.24,31.79,28.14
"B0043","https://nci-naaccr-zone-design.github.io/louisiana-2020/?address=B0043","Both","Stomach","05yrs","Iberia","New Iberia",10.457,9.934,10.979,223342,9.525,9.049,10.002,120098,7.74,7.353,8.127,73240,20.09,39.24,31.79,28.14
"B0043","https://nci-naaccr-zone-design.github.io/louisiana-2020/?address=B0043","Female","Stomach","05yrs","Iberia","New Iberia",10.16,9.652,10.667,113497,3.275,3.112,3.439,63124,7.297,6.932,7.662,73240,20.09,39.24,31.79,28.14
"B0043","https://nci-naaccr-zone-design.github.io/louisiana-2020/?address=B0043","Male","Stomach","05yrs","Iberia","New Iberia",11.473,10.899,12.046,109845,12.31,11.695,12.926,56974,9.025,8.573,9.476,73240,20.09,39.24,31.79,28.14
"B0043","https://nci-naaccr-zone-design.github.io/louisiana-2020/?address=B0043","Both","Myeloma","05yrs","Iberia","New Iberia",14.105,13.4,14.81,223342,11.668,11.085,12.251,120098,8.421,8.0,8.842,73240,20.09,39.24,31.79,28.14
"B0043","https://nci-naaccr-zone-design.github.io/louisiana-2020/?address=B0043","Female","Myeloma","05yrs","Iberia","New Iberia",11.83,11.239,12.422,113497,11.691,11.107,12.276,63124,11.825,11.234,12.416,73240,20.09,39.24,31.79,28.14
"B0043","https://nci-naaccr-zone-design.github.io/louisiana-2020/?address=B0043","Male","Myeloma","05yrs","Iberia","New Iberia",8.628,8.196,9.059,109845,4.949,4.701,5.196,56974,7.957,7.559,8.355,73240,20.09,39.24,31.79,28.14
"B0043","https://nci-naaccr-zone-design.github.io/louisiana-2020/?address=B0043","Both","Brain","05yrs","Iberia","New Iberia",5.953,5.655,6.251,223342,7.546,7.169,7.924,120098,5.541,5.264,5.819,73240,20.09,39.24,31.79,28.14
"B0043","https://nci-naaccr-zone-design.github.io/louisiana-2020/?address=B0043","Female","Brain","05yrs","Iberia","New Iberia",6.483,6.159,6.807,113497,6.568,6.24,6.897,63124,6.973,6.624,7.321,73240,20.09,39.24,31.79,28.14
"B0043","https://nci-naaccr-zone-design.github.io/louisiana-2020/?address=B0043","Male","Brain","05yrs","Iberia","New Iberia",7.509,7.133,7.884,109845,8.585,8.156,9.015,56974,6.332,6.016,6.649,73240,20.09,39.24,31.79,28.14
"B0043","https://nci-naaccr-zone-design.github.io/louisiana-2020/?address=B0043","Both","Larynx","05yrs","Iberia","New Iberia",8.956,8.508,9.404,223342,8.933,8.487,9.38,120098,4.279,4.065,4.493,73240,20.09,39.24,31.79,28.14
"B0043","https://nci-naaccr-zone-design.github.io/louisiana-2020/?address=B0043","Female","Larynx","05yrs","Iberia","New Iberia",3.92,3.724,4.116,113497,"","","",63124,"","","",73240,20.09,39.24,31.79,28.14
"B0043","https://nci-naaccr-zone-design.github.io/louisiana-2020/?address=B0043","Male","Larynx","05yrs","Iberia","New Iberia",8.723,8.287,9.16,109845,6.544,6.217,6.872,56974,7.075,6.721,7.428,73240,20.09,39.24,31.79,28.14
"B0043","https://nci-naaccr-zone-design.github.io/louisiana-2020/?address=B0043","Female","Ovary","05yrs","Iberia","New Iberia",15.517,14.741,16.293,113497,13.212,12.552,13.873,63124,9.655,9.172,10.138,73240,20.09,39.24,31.79,28.14
"B0043","https://nci-naaccr-zone-design.github.io/louisiana-2020/?address=B0043","Both","Esoph","05yrs","Iberia","New Iberia",5.891,5.596,6.186,223342,6.516,6.19,6.842,120098,4.81,4.57,5.051,73240,20.09,39.24,31.79,28.14
"B0043","https://nci-naaccr-zone-design.github.io/louisiana-2020/?address=B0043","Female","Esoph","05yrs","Iberia","New Iberia",2.541,2.414,2.668,113497,"","","",63124,"","","",73240,20.09,39.24,31.79,28.14
"B0043","https://nci-naaccr-zone-design.github.io/louisiana-2020/?address=B0043","Male","Esoph","05yrs","Iberia","New Iberia",10.759,10.221,11.297,109845,13.248,12.585,13.91,56974,6.316,6.0,6.632,73240,20.09,39.24,31.79,28.14
"B0043","https://nci-naaccr-zone-design.github.io/louisiana-2020/?address=B0043","Both","AllSite","10yrs","Iberia","New Iberia",510.519,484.993,536.045,450903,509.675,484.192,535.159,238881,465.802,442.512,489.092,73240,20.09,39.24,31.79,28.14
"B0043","https://nci-naaccr-zone-design.github.io/louisiana-2020/?address=B0043","Female","AllSite","10yrs","Iberia","New Iberia",364.39,346.17,382.609,228887,386.53,367.203,405.856,126335,370.564,352.035,389.092,73240,20.09,39.24,31.79,28.14
"B0043","https://nci-naaccr-zone-design.github.io/louisiana-2020/?address=B0043","Male","AllSite","10yrs","Iberia","New Iberia",525.156,498.898,551.414,222016,535.415,508.644,562.186,112546,613.879,583.185,644.573,73240,20.09,39.24,31.79,28.14
"B0043","https://nci-naaccr-zone-design.github.io/louisiana-2020/?address=B0043","Male","Prostate","10yrs","Iberia","New Iberia",154.332,146.615,162.048,222016,166.988,158.638,175.337,112546,128.466,122.042,134.889,73240,20.09,39.24,31.79,28.14
"B0043","https://nci-naaccr-zone-design.github.io/louisiana-2020/?address=B0043","Both","Lung","10yrs","Iberia","New Iberia",63.33,60.164,66.497,450903,84.623,80.392,88.854,238881,84.518,80.292,88.744,73240,20.09,39.24,31.79,28.14
"B0043","https://nci-naaccr-zone-design.github.io/louisiana-2020/?address=B0043","Female","Lung","10yrs","Iberia","New Iberia",60.158,57.15,63.166,228887,71.079,67.525,74.633,126335,48.282,45.868,50.696,73240,20.09,39.24,31.79,28.14
"B0043","https://nci-naaccr-zone-design.github.io/louisiana-2020/?address=B0043","Male","Lung","10yrs","Iberia","New Iberia",94.879,90.136,99.623,222016,78.513,74.588,82.439,112546,88.083,83.679,92.487,73240,20.09,39.24,31.79,28.14
"B0043","https://nci-naaccr-zone-design.github.io/louisiana-2020/?address=B0043","Female","Breast","10yrs","Iberia","New Iberia",124.499,118.274,130.724,228887,109.735,104.248,115.222,126335,108.318,102.902,113.734,73240,20.09,39.24,31.79,28.14
"B0043","https://nci-naaccr-zone-design.github.io/louisiana-2020/?address=B0043","Both","CRC","10yrs","Iberia","New Iberia",52.036,49.434,54.638,450903,52.215,49.604,54.826,238881,35.341,33.574,37.108,73240,20.09,39.24,31.79,28.14
"B0043","https://nci-naaccr-zone-design.github.io/louisiana-2020/?address=B0043","Female","CRC","10yrs","Iberia","New Iberia",45.858,43.565,48.151,228887,34.65,32.918,36.383,126335,39.664,37.681,41.647,73240,20.09,39.24,31.79,28.14
"B0043","https://nci-naaccr-zone-design.github.io/louisiana-2020/?address=B0043","Male","CRC","10yrs","Iberia","New Iberia",72.033,68.432,75.635,222016,37.02,35.169,38.871,112546,38.364,36.446,40.282,73240,20.09,39.24,31.79,28.14
"B0043","https://nci-naaccr-zone-design.github.io/louisiana-2020/?address=B0043","Both","Kidney","10yrs","Iberia","New Iberia",19.709,18.723,20.694,450903,23.39,22.221,24.56,238881,15.638,14.856,16.42,73240,20.09,39.24,31.79,28.14
"B0043","https://nci-naaccr-zone-design.github.io/louisiana-2020/?address=B0043","Female","Kidney","10yrs","Iberia","New Iberia",16.457,15.635,17.28,228887,14.505,13.78,15.23,126335,10.44,9.918,10.962,73240,20.09,39.24,31.79,28.14
"B0043","https://nci-naaccr-zone-design.github.io/louisiana-2020/?address=B0043","Male","Kidney","10yrs","Iberia","New Iberia",30.965,29.416,32.513,222016,33.241,31.579,34.903,112546,26.407,25.087,27.728,73240,20.09,39.24,31.79,28.14
"B0043","https://nci-naaccr-zone-design.github.io/louisiana-2020/?address=B0043","Both","NHL","10yrs","Iberia","New Iberia",18.44,17.518,19.362,450903,19.976,18.978,20.975,238881,17.963,17.065,18.861,73240,20.09,39.24,31.79,28.14
"B0043","https://nci-naaccr-zone-design.github.io/louisiana-2020/?address=B0043","Female","NHL","10yrs","Iberia","New Iberia",10.156,9.648,10.663,228887,20.27,19.257,21.284,126335,17.339,16.472,18.206,73240,20.09,39.24,31.79,28.14
"B0043","https://nci-naaccr-zone-design.github.io/louisiana-2020/?address=B0043","Male","NHL","10yrs","Iberia","New Iberia",26.34,25.023,27.657,222016,26.197,24.887,27.507,112546,16.13,15.323,16.936,73240,20.09,39.24,31.79,28.14
"B0043","https://nci-naaccr-zone-design.github.io/louisiana-2020/?address=B0043","Both","Urinary","10yrs","Iberia","New Iberia",13.239,12.577,13.901,450903,25.475,24.201,26.749,238881,24.766,23.527,26.004,73240,20.09,39.24,31.79,28.14
"B0043","https://nci-naaccr-zone-design.github.io/louisiana-2020/?address=B0043","Female","Urinary","10yrs","Iberia","New Iberia",7.955,7.557,8.353,228887,3.973,3.775,4.172,126335,8.366,7.948,8.784,73240,20.09,39.24,31.79,28.14
"B0043","https://nci-naaccr-zone-design.github.io/louisiana-2020/?address=B0043","Male","Urinary","10yrs","Iberia","New Iberia",20.55,19.522,21.577,222016,45.543,43.266,47.82,112546,28.524,27.098,29.951,73240,20.09,39.24,31.79,28.14
"B0043","https://nci-naaccr-zone-design.github.io/louisiana-2020/?address=B0043","Both","Mela","10yrs","Iberia","New Iberia",5.466,5.192,5.739,450903,11.069,10.515,11.622,238881,17.827,16.935,18.718,73240,20.09,39.24,31.79,28.14
"B0043","https://nci-naaccr-zone-design.github.io/louisiana-2020/?address=B0043","Female","Mela","10yrs","Iberia","New Iberia",4.506,4.28,4.731,228887,2.606,2.476,2.736,126335,20.373,19.355,21.392,73240,20.09,39.24,31.79,28.14
"B0043","https://nci-naaccr-zone-design.github.io/louisiana-2020/?address=B0043","Male","Mela","10yrs","Iberia","New Iberia",11.399,10.829,11.969,222016,12.604,11.974,13.235,112546,15.051,14.299,15.804,73240,20.09,39.24,31.79,28.14
"B0043","https://nci-naaccr-zone-design.github.io/louisiana-2020/?address=B0043","Both","Pancreas","10yrs","Iberia","New Iberia",16.662,15.829,17.496,450903,11.647,11.065,12.229,238881,12.77,12.131,13.408,73240,20.09,39.24,31.79,28.14
"B0043","https://nci-naaccr-zone-design.github.io/louisiana-2020/?address=B0043","Female","Pancreas","10yrs","Iberia","New Iberia",9.714,9.228,10.199,228887,16.524,15.698,17.35,126335,12.584,11.955,13.213,73240,20.09,39.24,31.79,28.14
"B0043","https://nci-naaccr-zone-design.github.io/louisiana-2020/?address=B0043","Male","Pancreas","10yrs","Iberia","New Iberia",16.041,15.239,16.843,222016,18.4,17.48,19.32,112546,10.043,9.54,10.545,73240,20.09,39.24,31.79,28.14
"B0043","https://nci-naaccr-zone-design.github.io/louisiana-2020/?address=B0043","Both","Leuks","10yrs","Iberia","New Iberia",13.81,13.119,14.5,450903,11.442,10.87,12.014,238881,9.706,9.221,10.192,73240,20.09,39.24,31.79,28.14
"B0043","https://nci-naaccr-zone-design.github.io/louisiana-2020/?address=B0043","Female","Leuks","10yrs","Iberia","New Iberia",12.459,11.836,13.082,228887,12.05,11.447,12.652,126335,10.735,10.198,11.271,73240,20.09,39.24,31.79,28.14
"B0043","https://nci-naaccr-zone-design.github.io/louisiana-2020/?address=B0043","Male","Leuks","10yrs","Iberia","New Iberia",12.908,12.262,13.553,222016,11.081,10.527,11.635,112546,20.228,19.217,21.239,73240,20.09,39.24,31.79,28.14
"B0043","https://nci-naaccr-zone-design.github.io/louisiana-2020/?address=B0043","Both","Oral","10yrs","Iberia","New Iberia",10.787,10.248,11.326,450903,11.151,10.594,11.709,238881,11.353,10.785,11.92,73240,20.09,39.24,31.79,28.14
"B0043","https://nci-naaccr-zone-design.github.io/louisiana-2020/?address=B0043","Female","Oral","10yrs","Iberia","New Iberia",7.085,6.73,7.439,228887,5.973,5.675,6.272,126335,7.238,6.876,7.6,73240,20.09,39.24,31.79,28.14
"B0043","https://nci-naaccr-zone-design.github.io/louisiana-2020/?address=B0043","Male","Oral","10yrs","Iberia","New Iberia",10.311,9.796,10.827,222016,10.175,9.666,10.684,112546,16.114,15.308,16.92,73240,20.09,39.24,31.79,28.14
"B0043","https://nci-naaccr-zone-design.github.io/louisiana-2020/?address=B0043","Both","Thyroid","10yrs","Iberia","New Iberia",11.959,11.361,12.557,450903,13.263,12.6,13.926,238881,16.432,15.611,17.254,73240,20.09,39.24,31.79,28.14
"B0043","https://nci-naaccr-zone-design.github.io/louisiana-2020/?address=B0043","Female","Thyroid","10yrs","Iberia","New Iberia",9.856,9.364,10.349,228887,9.838,9.347,10.33,126335,23.074,21.92,24.227,73240,20.09,39.24,31.79,28.14
"B0043","https://nci-naaccr-zone-design.github.io/louisiana-2020/?address=B0043","Male","Thyroid","10yrs","Iberia","New Iberia",5.744,5.457,6.031,222016,6.72,6.384,7.056,112546,4.218,4.007,4.429,73240,20.09,39.24,31.79,28.14
"B0043","https://nci-naaccr-zone-design.github.io/louisiana-2020/?address=B0043","Female","Uterine","10yrs","Iberia","New Iberia",25.532,24.255,26.809,228887,16.613,15.782,17.443,126335,18.348,17.431,19.265,73240,20.09,39.24,31.79,28.14
"B0043","https://nci-naaccr-zone-design.github.io/louisiana-2020/?address=B0043","Both","Liver","10yrs","Iberia","New Iberia",8.693,8.258,9.128,450903,10.88,10.336,11.424,238881,14.151,13.443,14.858,73240,20.09,39.24,31.79,28.14
"B0043","https://nci-naaccr-zone-design.github.io/louisiana-2020/?address=B0043","Female","Liver","10yrs","Iberia","New Iberia",5.264,5.001,5.527,228887,4.944,4.697,5.191,126335,1.911,1.815,2.006,73240,20.09,39.24,31.79,28.14
"B0043","https://nci-naaccr-zone-design.github.io/louisiana-2020/?address=B0043","Male","Liver","10yrs","Iberia","New Iberia",12.809,12.169,13.45,222016,19.754,18.766,20.742,112546,17.087,16.233,17.941,73240,20.09,39.24,31.79,28.14
"B0043","https://nci-naaccr-zone-design.github.io/louisiana-2020/?address=B0043","Both","Stomach","10yrs","Iberia","New Iberia",4.985,4.736,5.235,450903,10.884,10.34,11.429,238881,4.322,4.106,4.538,73240,20.09,39.24,31.79,28.14
"B0043","https://nci-naaccr-zone-design.github.io/louisiana-2020/?address=B0043","Female","Stomach","10yrs","Iberia","New Iberia",6.253,5.941,6.566,228887,5.681,5.397,5.965,126335,10.041,9.539,10.543,73240,20.09,39.24,31.79,28.14
"B0043","https://nci-naaccr-zone-design.github.io/louisiana-2020/?address=B0043","Male","Stomach","10yrs","Iberia","New Iberia",11.966,11.368,12.565,222016,10.269,9.756,10.783,112546,4.579,4.35,4.808,73240,20.09,39.24,31.79,28.14
"B0043","https://nci-naaccr-zone-design.github.io/louisiana-2020/?address=B0043","Both","Myeloma","10yrs","Iberia","New Iberia",14.041,13.339,14.743,450903,4.46,4.237,4.683,238881,5.708,5.422,5.993,73240,20.09,39.24,31.79,28.14
"B0043","https://nci-naaccr-zone-design.github.io/louisiana-2020/?address=B0043","Female","Myeloma","10yrs","Iberia","New Iberia",3.58,3.401,3.759,228887,7.793,7.404,8.183,126335,10.812,10.271,11.352,73240,20.09,39.24,31.79,28.14
"B0043","https://nci-naaccr-zone-design.github.io/louisiana-2020/?address=B0043","Male","Myeloma","10yrs","Iberia","New Iberia",12.853,12.21,13.495,222016,6.427,6.105,6.748,112546,14.824,14.083,15.566,73240,20.09,39.24,31.79,28.14
"B0043","https://nci-naaccr-zone-design.github.io/louisiana-2020/?address=B0043","Both","Brain","10yrs","Iberia","New Iberia",3.843,3.651,4.035,450903,4.56,4.332,4.789,238881,3.824,3.633,4.015,73240,20.09,39.24,31.79,28.14
"B0043","https://nci-naaccr-zone-design.github.io/louisiana-2020/?address=B0043","Female","Brain","10yrs","Iberia","New Iberia",6.024,5.723,6.325,228887,3.511,3.335,3.686,126335,3.066,2.913,3.219,73240,20.09,39.24,31.79,28.14
"B0043","https://nci-naaccr-zone-design.github.io/louisiana-2020/?address=B0043","Male","Brain","10yrs","Iberia","New Iberia",3.835,3.643,4.027,222016,3.883,3.689,4.078,112546,4.942,4.695,5.189,73240,20.09,39.24,31.79,28.14
"B0043","https://nci-naaccr-zone-design.github.io/louisiana-2020/?address=B0043","Both","Larynx","10yrs","Iberia","New Iberia",5.068,4.815,5.321,450903,4.226,4.015,4.437,238881,6.763,6.425,7.102,73240,20.09,39.24,31.79,28.14
"B0043","https://nci-naaccr-zone-design.github.io/louisiana-2020/?address=B0043","Female","Larynx","10yrs","Iberia","New Iberia",0.928,0.881,0.974,228887,3.502,3.327,3.677,126335,"","","",73240,20.09,39.24,31.79,28.14
"B0043","https://nci-naaccr-zone-design.github.io/louisiana-2020/?address=B0043","Male","Larynx","10yrs","Iberia","New Iberia",4.954,4.706,5.201,222016,12.835,12.193,13.477,112546,14.789,14.05,15.529,73240,20.09,39.24,31.79,28.14
"B0043","https://nci-naaccr-zone-design.github.io/louisiana-2020/?address=B0043","Female","Ovary","10yrs","Iberia","New Iberia",3.558,3.38,3.736,228887,8.943,8.496,9.39,126335,4.989,4.739,5.238,73240,20.09,39.24,31.79,28.14
"B0043","https://nci-naaccr-zone-design.github.io/louisiana-2020/?address=B0043","Both","Esoph","10yrs","Iberia","New Iberia",6.28,5.966,6.594,450903,4.748,4.511,4.985,238881,6.808,6.467,7.148,73240,20.09,39.24,31.79,28.14
"B0043","https://nci-naaccr-zone-design.github.io/louisiana-2020/?address=B0043","Female","Esoph","10yrs","Iberia","New Iberia",1.062,1.009,1.115,228887,3.229,3.067,3.39,126335,3.726,3.54,3.912,73240,20.09,39.24,31.79,28.14
"B0043","https://nci-naaccr-zone-design.github.io/louisiana-2020/?address=B0043","Male","Esoph","10yrs","Iberia","New Iberia",13.936,13.239,14.632,222016,11.076,10.523,11.63,112546,6.627,6.296,6.958,73240,20.09,39.24,31.79,28.14
