"Zone","URL","Sex","Cancer","Years","Counties","Places","AAIR","LCI","UCI","White_PopTot","White_AAIR","White_LCI","White_UCI","Black_PopTot","Black_AAIR","Black_LCI","Black_UCI","TotalPop","Pct100Pov","PctMinority","PctBlackNH","PctRural"
"A9026","https://nci-naaccr-zone-design.github.io/louisiana-2020/?address=A9026","Both","AllSite","05yrs","East Baton Rouge","Baton Rouge",457.533,434.656,480.409,172173,446.629,424.297,468.96,121567,536.273,509.459,563.087,62102,17.57,44.66,37.6,0.0
"A9026","https://nci-naaccr-zone-design.github.io/louisiana-2020/?address=A9026","Female","AllSite","05yrs","East Baton Rouge","Baton Rouge",448.018,425.617,470.419,88972,448.04,425.638,470.442,66482,398.329,378.413,418.246,62102,17.57,44.66,37.6,0.0
"A9026","https://nci-naaccr-zone-design.github.io/louisiana-2020/?address=A9026","Male","AllSite","05yrs","East Baton Rouge","Baton Rouge",530.611,504.081,557.142,83201,529.561,503.083,556.039,55084,659.119,626.163,692.075,62102,17.57,44.66,37.6,0.0
"A9026","https://nci-naaccr-zone-design.github.io/louisiana-2020/?address=A9026","Male","Prostate","05yrs","East Baton Rouge","Baton Rouge",157.728,149.842,165.614,83201,149.821,142.33,157.312,55084,208.73,198.294,219.167,62102,17.57,44.66,37.6,0.0
"A9026","https://nci-naaccr-zone-design.github.io/louisiana-2020/?address=A9026","Both","Lung","05yrs","East Baton Rouge","Baton Rouge",66.812,63.471,70.153,172173,66.073,62.77,69.377,121567,83.966,79.768,88.164,62102,17.57,44.66,37.6,0.0
"A9026","https://nci-naaccr-zone-design.github.io/louisiana-2020/?address=A9026","Female","Lung","05yrs","East Baton Rouge","Baton Rouge",42.66,40.527,44.793,88972,47.986,45.587,50.385,66482,42.303,40.188,44.418,62102,17.57,44.66,37.6,0.0
"A9026","https://nci-naaccr-zone-design.github.io/louisiana-2020/?address=A9026","Male","Lung","05yrs","East Baton Rouge","Baton Rouge",106.523,101.197,111.849,83201,54.132,51.426,56.839,55084,114.634,108.902,120.366,62102,17.57,44.66,37.6,0.0
"A9026","https://nci-naaccr-zone-design.github.io/louisiana-2020/?address=A9026","Female","Breast","05yrs","East Baton Rouge","Baton Rouge",122.313,116.197,128.428,88972,112.678,107.044,118.312,66482,98.08,93.176,102.984,62102,17.57,44.66,37.6,0.0
"A9026","https://nci-naaccr-zone-design.github.io/louisiana-2020/?address=A9026","Both","CRC","05yrs","East Baton Rouge","Baton Rouge",56.405,53.585,59.225,172173,55.546,52.769,58.323,121567,57.71,54.825,60.596,62102,17.57,44.66,37.6,0.0
"A9026","https://nci-naaccr-zone-design.github.io/louisiana-2020/?address=A9026","Female","CRC","05yrs","East Baton Rouge","Baton Rouge",41.548,39.471,43.625,88972,31.419,29.848,32.99,66482,46.924,44.578,49.27,62102,17.57,44.66,37.6,0.0
"A9026","https://nci-naaccr-zone-design.github.io/louisiana-2020/?address=A9026","Male","CRC","05yrs","East Baton Rouge","Baton Rouge",37.022,35.171,38.873,83201,66.457,63.134,69.78,55084,73.764,70.075,77.452,62102,17.57,44.66,37.6,0.0
"A9026","https://nci-naaccr-zone-design.github.io/louisiana-2020/?address=A9026","Both","Kidney","05yrs","East Baton Rouge","Baton Rouge",16.432,15.611,17.254,172173,25.328,24.062,26.595,121567,25.572,24.294,26.851,62102,17.57,44.66,37.6,0.0
"A9026","https://nci-naaccr-zone-design.github.io/louisiana-2020/?address=A9026","Female","Kidney","05yrs","East Baton Rouge","Baton Rouge",20.06,19.057,21.063,88972,10.936,10.389,11.482,66482,15.016,14.265,15.767,62102,17.57,44.66,37.6,0.0
"A9026","https://nci-naaccr-zone-design.github.io/louisiana-2020/?address=A9026","Male","Kidney","05yrs","East Baton Rouge","Baton Rouge",23.995,22.796,25.195,83201,31.159,29.601,32.717,55084,30.305,28.79,31.82,62102,17.57,44.66,37.6,0.0
"A9026","https://nci-naaccr-zone-design.github.io/louisiana-2020/?address=A9026","Both","NHL","05yrs","East Baton Rouge","Baton Rouge",16.603,15.772,17.433,172173,23.269,22.105,24.432,121567,20.069,19.066,21.073,62102,17.57,44.66,37.6,0.0
"A9026","https://nci-naaccr-zone-design.github.io/louisiana-2020/?address=A9026","Female","NHL","05yrs","East Baton Rouge","Baton Rouge",16.0,15.2,16.8,88972,15.072,14.319,15.826,66482,17.502,16.627,18.377,62102,17.57,44.66,37.6,0.0
"A9026","https://nci-naaccr-zone-design.github.io/louisiana-2020/?address=A9026","Male","NHL","05yrs","East Baton Rouge","Baton Rouge",25.836,24.545,27.128,83201,21.61,20.529,22.69,55084,20.03,19.029,21.032,62102,17.57,44.66,37.6,0.0
"A9026","https://nci-naaccr-zone-design.github.io/louisiana-2020/?address=A9026","Both","Urinary","05yrs","East Baton Rouge","Baton Rouge",21.234,20.173,22.296,172173,24.478,23.254,25.702,121567,25.553,24.276,26.831,62102,17.57,44.66,37.6,0.0
"A9026","https://nci-naaccr-zone-design.github.io/louisiana-2020/?address=A9026","Female","Urinary","05yrs","East Baton Rouge","Baton Rouge",9.417,8.946,9.888,88972,13.913,13.218,14.609,66482,"","","",62102,17.57,44.66,37.6,0.0
"A9026","https://nci-naaccr-zone-design.github.io/louisiana-2020/?address=A9026","Male","Urinary","05yrs","East Baton Rouge","Baton Rouge",46.001,43.701,48.301,83201,32.074,30.471,33.678,55084,35.212,33.452,36.973,62102,17.57,44.66,37.6,0.0
"A9026","https://nci-naaccr-zone-design.github.io/louisiana-2020/?address=A9026","Both","Mela","05yrs","East Baton Rouge","Baton Rouge",10.57,10.041,11.098,172173,25.703,24.418,26.988,121567,8.056,7.653,8.459,62102,17.57,44.66,37.6,0.0
"A9026","https://nci-naaccr-zone-design.github.io/louisiana-2020/?address=A9026","Female","Mela","05yrs","East Baton Rouge","Baton Rouge",2.53,2.403,2.656,88972,12.01,11.41,12.611,66482,18.967,18.018,19.915,62102,17.57,44.66,37.6,0.0
"A9026","https://nci-naaccr-zone-design.github.io/louisiana-2020/?address=A9026","Male","Mela","05yrs","East Baton Rouge","Baton Rouge",7.555,7.177,7.932,83201,14.786,14.047,15.525,55084,28.999,27.549,30.449,62102,17.57,44.66,37.6,0.0
"A9026","https://nci-naaccr-zone-design.github.io/louisiana-2020/?address=A9026","Both","Pancreas","05yrs","East Baton Rouge","Baton Rouge",16.353,15.535,17.171,172173,15.356,14.589,16.124,121567,13.509,12.834,14.185,62102,17.57,44.66,37.6,0.0
"A9026","https://nci-naaccr-zone-design.github.io/louisiana-2020/?address=A9026","Female","Pancreas","05yrs","East Baton Rouge","Baton Rouge",16.802,15.962,17.642,88972,11.074,10.52,11.627,66482,14.716,13.98,15.452,62102,17.57,44.66,37.6,0.0
"A9026","https://nci-naaccr-zone-design.github.io/louisiana-2020/?address=A9026","Male","Pancreas","05yrs","East Baton Rouge","Baton Rouge",11.933,11.336,12.53,83201,16.026,15.224,16.827,55084,9.72,9.234,10.206,62102,17.57,44.66,37.6,0.0
"A9026","https://nci-naaccr-zone-design.github.io/louisiana-2020/?address=A9026","Both","Leuks","05yrs","East Baton Rouge","Baton Rouge",14.038,13.336,14.74,172173,17.956,17.058,18.854,121567,12.758,12.12,13.396,62102,17.57,44.66,37.6,0.0
"A9026","https://nci-naaccr-zone-design.github.io/louisiana-2020/?address=A9026","Female","Leuks","05yrs","East Baton Rouge","Baton Rouge",8.914,8.468,9.36,88972,12.049,11.446,12.651,66482,10.28,9.766,10.794,62102,17.57,44.66,37.6,0.0
"A9026","https://nci-naaccr-zone-design.github.io/louisiana-2020/?address=A9026","Male","Leuks","05yrs","East Baton Rouge","Baton Rouge",14.967,14.218,15.715,83201,17.845,16.953,18.737,55084,14.133,13.426,14.839,62102,17.57,44.66,37.6,0.0
"A9026","https://nci-naaccr-zone-design.github.io/louisiana-2020/?address=A9026","Both","Oral","05yrs","East Baton Rouge","Baton Rouge",7.809,7.418,8.199,172173,13.827,13.136,14.519,121567,15.113,14.357,15.868,62102,17.57,44.66,37.6,0.0
"A9026","https://nci-naaccr-zone-design.github.io/louisiana-2020/?address=A9026","Female","Oral","05yrs","East Baton Rouge","Baton Rouge",7.113,6.757,7.469,88972,6.884,6.54,7.228,66482,"","","",62102,17.57,44.66,37.6,0.0
"A9026","https://nci-naaccr-zone-design.github.io/louisiana-2020/?address=A9026","Male","Oral","05yrs","East Baton Rouge","Baton Rouge",13.505,12.83,14.18,83201,21.661,20.578,22.744,55084,12.123,11.517,12.729,62102,17.57,44.66,37.6,0.0
"A9026","https://nci-naaccr-zone-design.github.io/louisiana-2020/?address=A9026","Both","Thyroid","05yrs","East Baton Rouge","Baton Rouge",9.604,9.124,10.085,172173,12.732,12.095,13.368,121567,16.583,15.754,17.412,62102,17.57,44.66,37.6,0.0
"A9026","https://nci-naaccr-zone-design.github.io/louisiana-2020/?address=A9026","Female","Thyroid","05yrs","East Baton Rouge","Baton Rouge",21.081,20.027,22.135,88972,16.659,15.826,17.492,66482,11.352,10.784,11.919,62102,17.57,44.66,37.6,0.0
"A9026","https://nci-naaccr-zone-design.github.io/louisiana-2020/?address=A9026","Male","Thyroid","05yrs","East Baton Rouge","Baton Rouge",6.896,6.551,7.241,83201,4.228,4.017,4.439,55084,9.14,8.683,9.597,62102,17.57,44.66,37.6,0.0
"A9026","https://nci-naaccr-zone-design.github.io/louisiana-2020/?address=A9026","Female","Uterine","05yrs","East Baton Rouge","Baton Rouge",18.16,17.252,19.068,88972,25.291,24.027,26.556,66482,19.794,18.805,20.784,62102,17.57,44.66,37.6,0.0
"A9026","https://nci-naaccr-zone-design.github.io/louisiana-2020/?address=A9026","Both","Liver","05yrs","East Baton Rouge","Baton Rouge",8.55,8.123,8.978,172173,10.233,9.721,10.745,121567,13.569,12.89,14.247,62102,17.57,44.66,37.6,0.0
"A9026","https://nci-naaccr-zone-design.github.io/louisiana-2020/?address=A9026","Female","Liver","05yrs","East Baton Rouge","Baton Rouge",4.244,4.031,4.456,88972,7.092,6.737,7.447,66482,"","","",62102,17.57,44.66,37.6,0.0
"A9026","https://nci-naaccr-zone-design.github.io/louisiana-2020/?address=A9026","Male","Liver","05yrs","East Baton Rouge","Baton Rouge",15.855,15.062,16.648,83201,18.923,17.977,19.869,55084,16.325,15.508,17.141,62102,17.57,44.66,37.6,0.0
"A9026","https://nci-naaccr-zone-design.github.io/louisiana-2020/?address=A9026","Both","Stomach","05yrs","East Baton Rouge","Baton Rouge",6.071,5.767,6.374,172173,9.803,9.312,10.293,121567,6.872,6.528,7.215,62102,17.57,44.66,37.6,0.0
"A9026","https://nci-naaccr-zone-design.github.io/louisiana-2020/?address=A9026","Female","Stomach","05yrs","East Baton Rouge","Baton Rouge",8.719,8.283,9.154,88972,"","","",66482,6.562,6.234,6.89,62102,17.57,44.66,37.6,0.0
"A9026","https://nci-naaccr-zone-design.github.io/louisiana-2020/?address=A9026","Male","Stomach","05yrs","East Baton Rouge","Baton Rouge",7.825,7.434,8.216,83201,6.082,5.778,6.386,55084,"","","",62102,17.57,44.66,37.6,0.0
"A9026","https://nci-naaccr-zone-design.github.io/louisiana-2020/?address=A9026","Both","Myeloma","05yrs","East Baton Rouge","Baton Rouge",7.611,7.231,7.992,172173,3.964,3.766,4.162,121567,6.78,6.441,7.119,62102,17.57,44.66,37.6,0.0
"A9026","https://nci-naaccr-zone-design.github.io/louisiana-2020/?address=A9026","Female","Myeloma","05yrs","East Baton Rouge","Baton Rouge",6.074,5.771,6.378,88972,6.645,6.313,6.978,66482,8.099,7.694,8.504,62102,17.57,44.66,37.6,0.0
"A9026","https://nci-naaccr-zone-design.github.io/louisiana-2020/?address=A9026","Male","Myeloma","05yrs","East Baton Rouge","Baton Rouge",13.533,12.857,14.21,83201,13.073,12.419,13.727,55084,11.359,10.791,11.927,62102,17.57,44.66,37.6,0.0
"A9026","https://nci-naaccr-zone-design.github.io/louisiana-2020/?address=A9026","Both","Brain","05yrs","East Baton Rouge","Baton Rouge",3.325,3.159,3.491,172173,5.667,5.384,5.95,121567,5.368,5.099,5.636,62102,17.57,44.66,37.6,0.0
"A9026","https://nci-naaccr-zone-design.github.io/louisiana-2020/?address=A9026","Female","Brain","05yrs","East Baton Rouge","Baton Rouge",7.634,7.252,8.015,88972,6.674,6.341,7.008,66482,"","","",62102,17.57,44.66,37.6,0.0
"A9026","https://nci-naaccr-zone-design.github.io/louisiana-2020/?address=A9026","Male","Brain","05yrs","East Baton Rouge","Baton Rouge",4.073,3.87,4.277,83201,11.51,10.934,12.085,55084,"","","",62102,17.57,44.66,37.6,0.0
"A9026","https://nci-naaccr-zone-design.github.io/louisiana-2020/?address=A9026","Both","Larynx","05yrs","East Baton Rouge","Baton Rouge",5.152,4.895,5.41,172173,6.74,6.403,7.077,121567,5.597,5.317,5.876,62102,17.57,44.66,37.6,0.0
"A9026","https://nci-naaccr-zone-design.github.io/louisiana-2020/?address=A9026","Female","Larynx","05yrs","East Baton Rouge","Baton Rouge",2.968,2.819,3.116,88972,"","","",66482,"","","",62102,17.57,44.66,37.6,0.0
"A9026","https://nci-naaccr-zone-design.github.io/louisiana-2020/?address=A9026","Male","Larynx","05yrs","East Baton Rouge","Baton Rouge",12.456,11.833,13.079,83201,6.327,6.011,6.643,55084,12.195,11.585,12.805,62102,17.57,44.66,37.6,0.0
"A9026","https://nci-naaccr-zone-design.github.io/louisiana-2020/?address=A9026","Female","Ovary","05yrs","East Baton Rouge","Baton Rouge",7.131,6.774,7.487,88972,12.698,12.063,13.333,66482,4.859,4.616,5.102,62102,17.57,44.66,37.6,0.0
"A9026","https://nci-naaccr-zone-design.github.io/louisiana-2020/?address=A9026","Both","Esoph","05yrs","East Baton Rouge","Baton Rouge",6.845,6.503,7.187,172173,4.392,4.173,4.612,121567,3.297,3.132,3.462,62102,17.57,44.66,37.6,0.0
"A9026","https://nci-naaccr-zone-design.github.io/louisiana-2020/?address=A9026","Female","Esoph","05yrs","East Baton Rouge","Baton Rouge",3.126,2.97,3.282,88972,"","","",66482,"","","",62102,17.57,44.66,37.6,0.0
"A9026","https://nci-naaccr-zone-design.github.io/louisiana-2020/?address=A9026","Male","Esoph","05yrs","East Baton Rouge","Baton Rouge",12.735,12.098,13.371,83201,13.281,12.617,13.945,55084,"","","",62102,17.57,44.66,37.6,0.0
"A9026","https://nci-naaccr-zone-design.github.io/louisiana-2020/?address=A9026","Both","AllSite","10yrs","East Baton Rouge","Baton Rouge",467.332,443.965,490.698,347209,528.106,501.701,554.512,239007,514.844,489.102,540.586,62102,17.57,44.66,37.6,0.0
"A9026","https://nci-naaccr-zone-design.github.io/louisiana-2020/?address=A9026","Female","AllSite","10yrs","East Baton Rouge","Baton Rouge",380.659,361.626,399.692,180116,405.035,384.784,425.287,130801,431.734,410.148,453.321,62102,17.57,44.66,37.6,0.0
"A9026","https://nci-naaccr-zone-design.github.io/louisiana-2020/?address=A9026","Male","AllSite","10yrs","East Baton Rouge","Baton Rouge",672.375,638.756,705.993,167093,585.554,556.276,614.832,108206,606.097,575.792,636.402,62102,17.57,44.66,37.6,0.0
"A9026","https://nci-naaccr-zone-design.github.io/louisiana-2020/?address=A9026","Male","Prostate","10yrs","East Baton Rouge","Baton Rouge",149.317,141.852,156.783,167093,206.229,195.918,216.541,108206,201.337,191.27,211.404,62102,17.57,44.66,37.6,0.0
"A9026","https://nci-naaccr-zone-design.github.io/louisiana-2020/?address=A9026","Both","Lung","10yrs","East Baton Rouge","Baton Rouge",82.817,78.676,86.958,347209,45.679,43.395,47.963,239007,62.381,59.262,65.5,62102,17.57,44.66,37.6,0.0
"A9026","https://nci-naaccr-zone-design.github.io/louisiana-2020/?address=A9026","Female","Lung","10yrs","East Baton Rouge","Baton Rouge",46.172,43.863,48.481,180116,42.675,40.541,44.808,130801,48.427,46.006,50.848,62102,17.57,44.66,37.6,0.0
"A9026","https://nci-naaccr-zone-design.github.io/louisiana-2020/?address=A9026","Male","Lung","10yrs","East Baton Rouge","Baton Rouge",84.693,80.458,88.927,167093,72.543,68.916,76.17,108206,59.128,56.171,62.084,62102,17.57,44.66,37.6,0.0
"A9026","https://nci-naaccr-zone-design.github.io/louisiana-2020/?address=A9026","Female","Breast","10yrs","East Baton Rouge","Baton Rouge",110.954,105.407,116.502,180116,127.387,121.017,133.756,130801,141.772,134.683,148.86,62102,17.57,44.66,37.6,0.0
"A9026","https://nci-naaccr-zone-design.github.io/louisiana-2020/?address=A9026","Both","CRC","10yrs","East Baton Rouge","Baton Rouge",48.988,46.539,51.438,347209,41.954,39.857,44.052,239007,38.443,36.521,40.365,62102,17.57,44.66,37.6,0.0
"A9026","https://nci-naaccr-zone-design.github.io/louisiana-2020/?address=A9026","Female","CRC","10yrs","East Baton Rouge","Baton Rouge",33.92,32.224,35.616,180116,46.776,44.437,49.114,130801,41.814,39.723,43.905,62102,17.57,44.66,37.6,0.0
"A9026","https://nci-naaccr-zone-design.github.io/louisiana-2020/?address=A9026","Male","CRC","10yrs","East Baton Rouge","Baton Rouge",64.203,60.993,67.413,167093,58.864,55.921,61.807,108206,53.789,51.099,56.478,62102,17.57,44.66,37.6,0.0
"A9026","https://nci-naaccr-zone-design.github.io/louisiana-2020/?address=A9026","Both","Kidney","10yrs","East Baton Rouge","Baton Rouge",25.036,23.784,26.287,347209,24.818,23.577,26.059,239007,22.342,21.225,23.459,62102,17.57,44.66,37.6,0.0
"A9026","https://nci-naaccr-zone-design.github.io/louisiana-2020/?address=A9026","Female","Kidney","10yrs","East Baton Rouge","Baton Rouge",16.162,15.354,16.97,180116,16.929,16.083,17.776,130801,20.077,19.073,21.081,62102,17.57,44.66,37.6,0.0
"A9026","https://nci-naaccr-zone-design.github.io/louisiana-2020/?address=A9026","Male","Kidney","10yrs","East Baton Rouge","Baton Rouge",20.469,19.445,21.492,167093,36.173,34.364,37.982,108206,22.976,21.827,24.125,62102,17.57,44.66,37.6,0.0
"A9026","https://nci-naaccr-zone-design.github.io/louisiana-2020/?address=A9026","Both","NHL","10yrs","East Baton Rouge","Baton Rouge",24.324,23.108,25.54,347209,15.929,15.133,16.726,239007,16.521,15.695,17.347,62102,17.57,44.66,37.6,0.0
"A9026","https://nci-naaccr-zone-design.github.io/louisiana-2020/?address=A9026","Female","NHL","10yrs","East Baton Rouge","Baton Rouge",13.824,13.133,14.515,180116,17.368,16.5,18.237,130801,10.916,10.37,11.461,62102,17.57,44.66,37.6,0.0
"A9026","https://nci-naaccr-zone-design.github.io/louisiana-2020/?address=A9026","Male","NHL","10yrs","East Baton Rouge","Baton Rouge",21.204,20.144,22.265,167093,16.577,15.748,17.406,108206,27.72,26.334,29.106,62102,17.57,44.66,37.6,0.0
"A9026","https://nci-naaccr-zone-design.github.io/louisiana-2020/?address=A9026","Both","Urinary","10yrs","East Baton Rouge","Baton Rouge",23.094,21.939,24.248,347209,15.78,14.991,16.569,239007,25.415,24.144,26.686,62102,17.57,44.66,37.6,0.0
"A9026","https://nci-naaccr-zone-design.github.io/louisiana-2020/?address=A9026","Female","Urinary","10yrs","East Baton Rouge","Baton Rouge",10.526,9.999,11.052,180116,9.794,9.304,10.284,130801,4.193,3.983,4.403,62102,17.57,44.66,37.6,0.0
"A9026","https://nci-naaccr-zone-design.github.io/louisiana-2020/?address=A9026","Male","Urinary","10yrs","East Baton Rouge","Baton Rouge",29.127,27.671,30.583,167093,29.459,27.986,30.932,108206,32.66,31.027,34.293,62102,17.57,44.66,37.6,0.0
"A9026","https://nci-naaccr-zone-design.github.io/louisiana-2020/?address=A9026","Both","Mela","10yrs","East Baton Rouge","Baton Rouge",20.69,19.656,21.725,347209,24.586,23.357,25.815,239007,27.162,25.804,28.52,62102,17.57,44.66,37.6,0.0
"A9026","https://nci-naaccr-zone-design.github.io/louisiana-2020/?address=A9026","Female","Mela","10yrs","East Baton Rouge","Baton Rouge",4.778,4.54,5.017,180116,6.356,6.038,6.674,130801,14.025,13.324,14.726,62102,17.57,44.66,37.6,0.0
"A9026","https://nci-naaccr-zone-design.github.io/louisiana-2020/?address=A9026","Male","Mela","10yrs","East Baton Rouge","Baton Rouge",28.229,26.817,29.64,167093,37.594,35.714,39.473,108206,6.462,6.139,6.786,62102,17.57,44.66,37.6,0.0
"A9026","https://nci-naaccr-zone-design.github.io/louisiana-2020/?address=A9026","Both","Pancreas","10yrs","East Baton Rouge","Baton Rouge",15.389,14.62,16.158,347209,17.136,16.279,17.993,239007,14.31,13.595,15.026,62102,17.57,44.66,37.6,0.0
"A9026","https://nci-naaccr-zone-design.github.io/louisiana-2020/?address=A9026","Female","Pancreas","10yrs","East Baton Rouge","Baton Rouge",13.33,12.664,13.997,180116,12.706,12.071,13.342,130801,11.809,11.219,12.4,62102,17.57,44.66,37.6,0.0
"A9026","https://nci-naaccr-zone-design.github.io/louisiana-2020/?address=A9026","Male","Pancreas","10yrs","East Baton Rouge","Baton Rouge",11.889,11.294,12.483,167093,14.974,14.226,15.723,108206,12.595,11.965,13.225,62102,17.57,44.66,37.6,0.0
"A9026","https://nci-naaccr-zone-design.github.io/louisiana-2020/?address=A9026","Both","Leuks","10yrs","East Baton Rouge","Baton Rouge",16.425,15.604,17.246,347209,16.327,15.51,17.143,239007,14.408,13.688,15.128,62102,17.57,44.66,37.6,0.0
"A9026","https://nci-naaccr-zone-design.github.io/louisiana-2020/?address=A9026","Female","Leuks","10yrs","East Baton Rouge","Baton Rouge",12.397,11.777,13.017,180116,7.408,7.038,7.779,130801,15.328,14.561,16.094,62102,17.57,44.66,37.6,0.0
"A9026","https://nci-naaccr-zone-design.github.io/louisiana-2020/?address=A9026","Male","Leuks","10yrs","East Baton Rouge","Baton Rouge",9.285,8.821,9.749,167093,20.359,19.341,21.376,108206,10.711,10.176,11.247,62102,17.57,44.66,37.6,0.0
"A9026","https://nci-naaccr-zone-design.github.io/louisiana-2020/?address=A9026","Both","Oral","10yrs","East Baton Rouge","Baton Rouge",11.911,11.316,12.507,347209,13.6,12.92,14.28,239007,10.335,9.818,10.851,62102,17.57,44.66,37.6,0.0
"A9026","https://nci-naaccr-zone-design.github.io/louisiana-2020/?address=A9026","Female","Oral","10yrs","East Baton Rouge","Baton Rouge",4.882,4.638,5.126,180116,8.589,8.16,9.019,130801,6.044,5.742,6.347,62102,17.57,44.66,37.6,0.0
"A9026","https://nci-naaccr-zone-design.github.io/louisiana-2020/?address=A9026","Male","Oral","10yrs","East Baton Rouge","Baton Rouge",25.796,24.507,27.086,167093,10.907,10.362,11.453,108206,12.096,11.491,12.701,62102,17.57,44.66,37.6,0.0
"A9026","https://nci-naaccr-zone-design.github.io/louisiana-2020/?address=A9026","Both","Thyroid","10yrs","East Baton Rouge","Baton Rouge",7.627,7.246,8.009,347209,15.015,14.264,15.766,239007,12.257,11.644,12.87,62102,17.57,44.66,37.6,0.0
"A9026","https://nci-naaccr-zone-design.github.io/louisiana-2020/?address=A9026","Female","Thyroid","10yrs","East Baton Rouge","Baton Rouge",25.925,24.629,27.222,180116,11.614,11.033,12.194,130801,19.982,18.983,20.981,62102,17.57,44.66,37.6,0.0
"A9026","https://nci-naaccr-zone-design.github.io/louisiana-2020/?address=A9026","Male","Thyroid","10yrs","East Baton Rouge","Baton Rouge",5.531,5.254,5.807,167093,3.084,2.93,3.238,108206,7.479,7.105,7.853,62102,17.57,44.66,37.6,0.0
"A9026","https://nci-naaccr-zone-design.github.io/louisiana-2020/?address=A9026","Female","Uterine","10yrs","East Baton Rouge","Baton Rouge",13.338,12.671,14.005,180116,15.607,14.826,16.387,130801,23.565,22.387,24.743,62102,17.57,44.66,37.6,0.0
"A9026","https://nci-naaccr-zone-design.github.io/louisiana-2020/?address=A9026","Both","Liver","10yrs","East Baton Rouge","Baton Rouge",9.436,8.964,9.908,347209,13.83,13.139,14.522,239007,5.361,5.093,5.629,62102,17.57,44.66,37.6,0.0
"A9026","https://nci-naaccr-zone-design.github.io/louisiana-2020/?address=A9026","Female","Liver","10yrs","East Baton Rouge","Baton Rouge",7.213,6.852,7.573,180116,6.519,6.193,6.845,130801,5.649,5.366,5.931,62102,17.57,44.66,37.6,0.0
"A9026","https://nci-naaccr-zone-design.github.io/louisiana-2020/?address=A9026","Male","Liver","10yrs","East Baton Rouge","Baton Rouge",19.099,18.144,20.054,167093,21.167,20.108,22.225,108206,22.544,21.417,23.671,62102,17.57,44.66,37.6,0.0
"A9026","https://nci-naaccr-zone-design.github.io/louisiana-2020/?address=A9026","Both","Stomach","10yrs","East Baton Rouge","Baton Rouge",9.931,9.434,10.428,347209,10.383,9.864,10.903,239007,7.502,7.127,7.878,62102,17.57,44.66,37.6,0.0
"A9026","https://nci-naaccr-zone-design.github.io/louisiana-2020/?address=A9026","Female","Stomach","10yrs","East Baton Rouge","Baton Rouge",2.848,2.706,2.99,180116,4.565,4.336,4.793,130801,2.717,2.582,2.853,62102,17.57,44.66,37.6,0.0
"A9026","https://nci-naaccr-zone-design.github.io/louisiana-2020/?address=A9026","Male","Stomach","10yrs","East Baton Rouge","Baton Rouge",16.151,15.343,16.958,167093,9.188,8.729,9.648,108206,9.115,8.659,9.571,62102,17.57,44.66,37.6,0.0
"A9026","https://nci-naaccr-zone-design.github.io/louisiana-2020/?address=A9026","Both","Myeloma","10yrs","East Baton Rouge","Baton Rouge",13.051,12.399,13.704,347209,5.779,5.49,6.068,239007,13.876,13.183,14.57,62102,17.57,44.66,37.6,0.0
"A9026","https://nci-naaccr-zone-design.github.io/louisiana-2020/?address=A9026","Female","Myeloma","10yrs","East Baton Rouge","Baton Rouge",2.615,2.485,2.746,180116,3.875,3.681,4.069,130801,3.816,3.625,4.007,62102,17.57,44.66,37.6,0.0
"A9026","https://nci-naaccr-zone-design.github.io/louisiana-2020/?address=A9026","Male","Myeloma","10yrs","East Baton Rouge","Baton Rouge",15.81,15.019,16.6,167093,15.402,14.632,16.172,108206,14.083,13.379,14.787,62102,17.57,44.66,37.6,0.0
"A9026","https://nci-naaccr-zone-design.github.io/louisiana-2020/?address=A9026","Both","Brain","10yrs","East Baton Rouge","Baton Rouge",4.538,4.311,4.765,347209,6.645,6.312,6.977,239007,6.647,6.314,6.979,62102,17.57,44.66,37.6,0.0
"A9026","https://nci-naaccr-zone-design.github.io/louisiana-2020/?address=A9026","Female","Brain","10yrs","East Baton Rouge","Baton Rouge",5.361,5.093,5.629,180116,5.785,5.496,6.074,130801,4.384,4.165,4.603,62102,17.57,44.66,37.6,0.0
"A9026","https://nci-naaccr-zone-design.github.io/louisiana-2020/?address=A9026","Male","Brain","10yrs","East Baton Rouge","Baton Rouge",7.277,6.913,7.641,167093,8.199,7.789,8.609,108206,10.86,10.317,11.403,62102,17.57,44.66,37.6,0.0
"A9026","https://nci-naaccr-zone-design.github.io/louisiana-2020/?address=A9026","Both","Larynx","10yrs","East Baton Rouge","Baton Rouge",2.787,2.647,2.926,347209,7.494,7.119,7.868,239007,9.001,8.551,9.451,62102,17.57,44.66,37.6,0.0
"A9026","https://nci-naaccr-zone-design.github.io/louisiana-2020/?address=A9026","Female","Larynx","10yrs","East Baton Rouge","Baton Rouge",2.297,2.182,2.412,180116,2.556,2.428,2.684,130801,1.782,1.693,1.871,62102,17.57,44.66,37.6,0.0
"A9026","https://nci-naaccr-zone-design.github.io/louisiana-2020/?address=A9026","Male","Larynx","10yrs","East Baton Rouge","Baton Rouge",4.865,4.622,5.109,167093,9.145,8.687,9.602,108206,4.654,4.421,4.886,62102,17.57,44.66,37.6,0.0
"A9026","https://nci-naaccr-zone-design.github.io/louisiana-2020/?address=A9026","Female","Ovary","10yrs","East Baton Rouge","Baton Rouge",12.837,12.195,13.479,180116,7.039,6.687,7.391,130801,4.135,3.928,4.341,62102,17.57,44.66,37.6,0.0
"A9026","https://nci-naaccr-zone-design.github.io/louisiana-2020/?address=A9026","Both","Esoph","10yrs","East Baton Rouge","Baton Rouge",3.486,3.312,3.661,347209,3.364,3.196,3.532,239007,6.887,6.543,7.231,62102,17.57,44.66,37.6,0.0
"A9026","https://nci-naaccr-zone-design.github.io/louisiana-2020/?address=A9026","Female","Esoph","10yrs","East Baton Rouge","Baton Rouge",4.013,3.812,4.214,180116,"","","",130801,2.341,2.224,2.458,62102,17.57,44.66,37.6,0.0
"A9026","https://nci-naaccr-zone-design.github.io/louisiana-2020/?address=A9026","Male","Esoph","10yrs","East Baton Rouge","Baton Rouge",7.871,7.478,8.265,167093,12.873,12.229,13.516,108206,13.539,12.862,14.216,62102,17.57,44.66,37.6,0.0
