Zone,City
A0005,Palmdale
A0012,Belmont
A0012,San Carlos
A0018,Chula Vista
A0018,San Diego
A0020,Santa Monica
A0024,Long Beach
A0027,San Jose
A0033,Jurupa Valley
A0033,Riverside
A0034,San Diego
A0048,Downey
A0054,Long Beach
A0068,El Monte
A0070,Santa Clarita
A0071,San Diego
A0072,Fremont
A0077,Rancho Santa Margarita
A0085,Los Angeles
A0088,Folsom
A0088,Rancho Cordova
A0089,Escondido
A0091,Oxnard
A0093,Ontario
A0102,Coronado
A0102,Imperial Beach
A0102,San Diego
A0121,Livermore
A0121,Pleasanton
A0122,Loomis
A0122,Rocklin
A0122,Roseville
A0123,Los Altos
A0129,El Cajon
A0133,Westminster
A0134,Sacramento
A0135,Folsom
A0136,Citrus Heights
A0137,Bellflower
A0138,Mission Viejo
A0138,San Juan Capistrano
A0146,Bakersfield
A0150,Dana Point
A0150,San Juan Capistrano
A0151,San Diego
A0152,Chino Hills
A0153,Pasadena
A0153,San Marino
A0159,Los Angeles
A0174,Healdsburg
A0174,Santa Rosa
A0174,Windsor
A0184,Claremont
A0184,Glendora
A0184,La Verne
A0184,San Dimas
A0187,Concord
A0187,Martinez
A0187,Pleasant Hill
A0191,Fresno
A0195,Clayton
A0195,Concord
A0195,Walnut Creek
A0196,Dixon
A0196,Rio Vista
A0196,Vacaville
A0197,San Jose
A0206,Sacramento
A0207,Auburn
A0217,Anaheim
A0220,Long Beach
A0222,Los Angeles
A0224,La Mesa
A0232,San Jose
A0247,Apple Valley
A0247,Barstow
A0247,Victorville
A0252,Sacramento
A0254,Oakland
A0255,Oakland
A0259,San Diego
A0261,Los Angeles
A0261,Rancho Palos Verdes
A0262,Torrance
A0264,Mountain View
A0264,Palo Alto
A0265,Irvine
A0265,Lake Forest
A0266,Fresno
A0271,Los Angeles
A0272,Atherton
A0272,Redwood City
A0272,Woodside
A0275,Danville
A0275,Lafayette
A0275,Moraga
A0275,Walnut Creek
A0279,San Diego
A0284,Menifee
A0284,Murrieta
A0284,Wildomar
A0288,Los Angeles
A0293,Union City
A0299,El Cajon
A0299,San Diego
A0299,Santee
A0300,Palmdale
A0301,Rancho Cucamonga
A0302,Chino
A0305,Santa Fe Springs
A0307,Bakersfield
A0313,Santa Cruz
A0322,Daly City
A0324,Santa Ana
A0326,Fontana
A0326,Rialto
A0328,Anaheim
A0328,Orange
A0329,Los Angeles
A0333,Whittier
A0334,Los Angeles
A0347,Oakland
A0348,San Diego
A0351,Oakland
A0356,Lynwood
A0359,Long Beach
A0360,Hesperia
A0360,Victorville
A0362,Pasadena
A0366,Cypress
A0378,San Luis Obispo
A0381,Fresno
A0382,Los Angeles
A0387,Vista
A0388,Industry
A0391,Anaheim
A0391,Yorba Linda
A0392,Cerritos
A0394,Cupertino
A0394,Saratoga
A0395,Visalia
A0396,Ceres
A0396,Modesto
A0401,Los Angeles
A0409,Brawley
A0409,Calipatria
A0409,Imperial
A0410,Los Angeles
A0413,Diamond Bar
A0414,Santa Clarita
A0416,Aliso Viejo
A0418,Santa Clarita
A0419,Los Angeles
A0421,Garden Grove
A0424,Redlands
A0424,Yucaipa
A0432,Corte Madera
A0432,Larkspur
A0434,Sanger
A0436,Huntington Beach
A0438,Clovis
A0439,Oceanside
A0447,Tulare
A0455,Brentwood
A0455,Oakley
A0456,San Francisco
A0459,Burlingame
A0464,San Diego
A0465,Mission Viejo
A0469,Fresno
A0472,San Diego
A0474,San Clemente
A0474,San Juan Capistrano
A0476,Calexico
A0476,El Centro
A0477,Los Angeles
A0478,Los Angeles
A0478,Santa Clarita
A0482,Hemet
A0482,San Jacinto
A0484,El Segundo
A0484,Manhattan Beach
A0487,Antioch
A0487,Brentwood
A0487,Oakley
A0489,San Jose
A0489,Saratoga
A0491,Highland
A0491,San Bernardino
A0492,San Diego
A0495,Cloverdale
A0498,Anaheim
A0501,Roseville
A0515,Lompoc
A0515,Santa Maria
A0517,Concord
A0517,Martinez
A0518,Morgan Hill
A0518,San Jose
A0529,Coalinga
A0529,Firebaugh
A0529,Kerman
A0529,Mendota
A0530,Camarillo
A0530,Thousand Oaks
A0531,Pittsburg
A0534,Walnut
A0534,West Covina
A0535,Tracy
A0537,Davis
A0537,West Sacramento
A0538,Rialto
A0539,Victorville
A0540,Anderson
A0540,Redding
A0542,Jurupa Valley
A0543,Cerritos
A0543,La Mirada
A0544,Ontario
A0544,Rancho Cucamonga
A0545,Upland
A0546,Bakersfield
A0547,Los Angeles
A0549,Benicia
A0549,Vallejo
A0553,Carlsbad
A0553,Encinitas
A0555,El Cajon
A0562,Canyon Lake
A0562,Lake Elsinore
A0562,Perris
A0563,Berkeley
A0567,Goleta
A0568,Los Banos
A0571,Long Beach
A0571,Los Angeles
A0579,Pomona
A0579,San Dimas
A0581,Laguna Hills
A0581,Mission Viejo
A0582,Patterson
A0582,Turlock
A0585,Hemet
A0585,Menifee
A0585,Perris
A0589,Colton
A0589,Rialto
A0590,Fullerton
A0591,Arcadia
A0596,Los Angeles
A0598,Lathrop
A0598,Stockton
A0598,Tracy
A0599,Oceanside
A0601,San Ramon
A0602,Los Angeles
A0604,Huntington Beach
A0604,Westminster
A0605,Chico
A0608,Riverside
A0611,Modesto
A0613,Jurupa Valley
A0613,Riverside
A0615,Los Angeles
A0618,Los Angeles
A0620,Fillmore
A0620,Moorpark
A0620,Santa Paula
A0621,Banning
A0621,Beaumont
A0621,Calimesa
A0621,Desert Hot Springs
A0621,Palm Springs
A0624,Los Angeles
A0625,Novato
A0625,San Rafael
A0626,Concord
A0627,Vallejo
A0629,Calabasas
A0629,Los Angeles
A0630,Pleasanton
A0632,San Jose
A0633,Inglewood
A0643,Avenal
A0643,Corcoran
A0643,Lemoore
A0647,Atascadero
A0647,Morro Bay
A0648,Pomona
A0652,Los Angeles
A0653,Torrance
A0659,Stockton
A0660,Los Angeles
A0662,San Bernardino
A0663,Santa Rosa
A0666,Irvine
A0667,Fullerton
A0669,Coachella
A0669,Indio
A0669,La Quinta
A0671,Petaluma
A0672,Hesperia
A0672,San Bernardino
A0674,Ojai
A0674,Ventura
A0675,Hayward
A0675,Union City
A0676,Costa Mesa
A0678,San Francisco
A0681,Santa Cruz
A0681,Scotts Valley
A0682,San Francisco
A0683,San Jose
A0691,Los Angeles
A0693,Irvine
A0693,Tustin
A0695,Bakersfield
A0695,Shafter
A0697,Chino
A0697,Ontario
A0698,Berkeley
A0699,Escondido
A0699,San Marcos
A0701,San Francisco
A0702,Corona
A0704,Irwindale
A0705,San Jose
A0705,Santa Clara
A0705,Sunnyvale
A0706,Ventura
A0707,Garden Grove
A0708,Costa Mesa
A0709,Hemet
A0709,Menifee
A0710,Oakland
A0712,Lathrop
A0712,Manteca
A0713,San Francisco
A0714,Lancaster
A0714,Palmdale
A0715,Pasadena
A0715,South Pasadena
A0716,Norwalk
A0718,Chico
A0720,Arroyo Grande
A0720,Pismo Beach
A0721,Anaheim
A0721,Orange
A0722,American Canyon
A0722,Napa
A0725,Hercules
A0725,Pinole
A0725,Richmond
A0726,Los Angeles
A0731,Sacramento
A0733,Modesto
A0734,Los Angeles
A0737,Carson
A0737,Compton
A0739,Fremont
A0741,Los Alamitos
A0742,Bakersfield
A0743,Buena Park
A0744,Vacaville
A0745,Temecula
A0748,Riverside
A0749,Santa Rosa
A0751,Dublin
A0751,Livermore
A0752,San Francisco
A0753,Merced
A0755,La Habra Heights
A0756,Stockton
A0757,Carlsbad
A0757,Encinitas
A0758,Sacramento
A0760,Rancho Cordova
A0761,Los Angeles
A0762,San Diego
A0763,Petaluma
A0763,Rohnert Park
A0765,Orange
A0766,San Francisco
A0767,Poway
A0768,El Monte
A0769,American Canyon
A0769,Napa
A0769,St. Helena
A0770,Vernon
A0773,Stockton
A0774,Fremont
A0774,Newark
A0775,Fontana
A0776,Monterey
A0777,La Canada Flintridge
A0777,Pasadena
A0778,Los Angeles
A0780,Los Angeles
A0782,Los Angeles
A0785,Santee
A0788,Los Angeles
A0790,Oxnard
A0790,Port Hueneme
A0792,El Cerrito
A0792,Richmond
A0795,South Gate
A0797,Baldwin Park
A0800,San Diego
A0802,Los Angeles
A0805,Agoura Hills
A0805,Calabasas
A0805,Malibu
A0805,Westlake Village
A0807,San Jose
A0809,San Jose
A0813,Big Bear Lake
A0813,Yucaipa
A0813,Yucca Valley
A0814,Brea
A0814,La Habra
A0815,Gardena
A0816,Clovis
A0816,Fresno
A0818,Richmond
A0819,Azusa
A0819,Glendora
A0820,Santa Clara
A0823,San Francisco
A0824,Palos Verdes Estates
A0824,Rancho Palos Verdes
A0826,Huntington Beach
A0829,Los Angeles
A0830,Chula Vista
A0831,Lancaster
A0834,Los Angeles
A0835,Alameda
A0837,Apple Valley
A0837,Hesperia
A0837,Victorville
A0839,Moreno Valley
A0839,San Jacinto
A0840,Richmond
A0841,San Jose
A0842,Atascadero
A0842,Paso Robles
A0843,Fontana
A0843,Rancho Cucamonga
A0845,Norwalk
A0846,Beverly Hills
A0846,Los Angeles
A0847,Rialto
A0847,San Bernardino
A0849,Madera
A0850,Los Angeles
A0852,Rosemead
A0853,Gilroy
A0854,Pomona
A0858,Sacramento
A0860,Riverside
A0861,Lancaster
A0861,Palmdale
A0864,Antioch
A0864,Pittsburg
A0867,Los Angeles
A0867,Santa Clarita
A0868,Woodland
A0869,Chula Vista
A0870,Thousand Oaks
A0871,Coronado
A0871,San Diego
A0872,Santa Maria
A0873,Lodi
A0874,Simi Valley
A0874,Thousand Oaks
A0876,Anaheim
A0877,Kingsburg
A0877,Reedley
A0877,Selma
A0879,Chula Vista
A0880,Elk Grove
A0881,Fountain Valley
A0882,Hemet
A0882,San Jacinto
A0884,Hesperia
A0886,Vista
A0887,Blythe
A0887,Cathedral City
A0887,Coachella
A0887,Indio
A0888,Oakdale
A0889,Los Angeles
A0890,Montebello
A0891,Lake Elsinore
A0891,Wildomar
A0894,Palo Alto
A0895,Los Angeles
A0896,Redding
A0896,Shasta Lake
A0897,Los Angeles
A0899,Foster City
A0899,Redwood City
A0900,San Leandro
A0901,Roseville
A0902,Burbank
A0902,Los Angeles
A0903,Los Altos Hills
A0903,Los Gatos
A0903,Palo Alto
A0905,Fresno
A0906,Murrieta
A0906,Temecula
A0906,Wildomar
A0907,Sacramento
A0909,Menlo Park
A0909,Portola Valley
A0909,Woodside
A0913,Fresno
A0914,Menlo Park
A0914,Redwood City
A0916,Watsonville
A0917,Los Angeles
A0918,Brea
A0918,Yorba Linda
A0920,Los Angeles
A0922,Glendale
A0923,Oakland
A0923,San Leandro
A0924,Marina
A0924,Salinas
A0924,Seaside
A0925,Santa Ana
A0926,San Diego
A0927,Los Angeles
A0928,Carson
A0929,Lincoln
A0929,Loomis
A0930,Fontana
A0931,Perris
A0932,San Francisco
A0933,Pico Rivera
A0935,Escondido
A0935,Poway
A0935,San Diego
A0938,Alameda
A0938,Oakland
A0939,San Diego
A0940,Hillsborough
A0940,San Mateo
A0941,Irvine
A0941,Newport Beach
A0943,Los Angeles
A0946,San Diego
A0947,Oroville
A0947,Paradise
A0948,Long Beach
A0949,Beaumont
A0949,Calimesa
A0949,Moreno Valley
A0950,Arcata
A0950,Eureka
A0951,Chowchilla
A0953,Sacramento
A0955,San Diego
A0956,Irvine
A0957,Adelanto
A0957,Victorville
A0958,Encinitas
A0958,Escondido
A0958,San Marcos
A0959,Bakersfield
A0960,Santa Ana
A0961,Carlsbad
A0961,San Marcos
A0962,Huntington Beach
A0962,Seal Beach
A0964,Sunnyvale
A0965,San Jose
A0966,Moreno Valley
A0967,Modesto
A0968,Los Angeles
A0969,Manteca
A0969,Ripon
A0969,Tracy
A0971,Arvin
A0971,Taft
A0972,San Diego
A0974,Los Angeles
A0975,Ontario
A0977,Lafayette
A0977,Moraga
A0977,Orinda
A0978,Burbank
A0978,Los Angeles
A0981,Los Angeles
A0982,Stockton
A0983,San Jose
A0985,San Jose
A0987,Corona
A0987,Riverside
A0988,Long Beach
A0989,Needles
A0989,Twentynine Palms
A0989,Yucca Valley
A0990,Glendale
A0990,Los Angeles
A0991,Santa Rosa
A0993,Porterville
A0995,Fresno
A0996,San Jose
A0997,Montclair
A0998,Highland
A0998,Redlands
A0998,San Bernardino
A0999,Burbank
A1000,Carson
A1001,Rancho Cordova
A1001,Sacramento
A1003,Indian Wells
A1003,La Quinta
A1003,Palm Desert
A1004,Irvine
A1004,Newport Beach
A1006,Lakewood
A1006,Long Beach
A1007,San Bernardino
A1009,Moreno Valley
A1009,Riverside
A1010,Glendale
A1010,Los Angeles
A1012,Petaluma
A1013,Bakersfield
A1013,Tehachapi
A1015,Fremont
A1015,Hayward
A1015,Pleasanton
A1015,Union City
A1016,Corona
A1016,Eastvale
A1018,Elk Grove
A1018,Galt
A1019,Chula Vista
A1019,National City
A1021,San Jose
A1022,Novato
A1022,Tiburon
A1023,Simi Valley
A1024,Livingston
A1025,Los Angeles
A1026,Hayward
A1027,South San Francisco
A1028,San Bernardino
A1029,Santa Barbara
A1030,Danville
A1031,Eastvale
A1031,Jurupa Valley
A1033,Sacramento
A1034,Poway
A1034,San Diego
A1035,Hanford
A1037,Redondo Beach
A1040,Goleta
A1040,Santa Barbara
A1041,Corona
A1041,Norco
A1045,Santa Ana
A1046,Arcadia
A1047,San Francisco
A1048,Santa Clara
A1048,Sunnyvale
A1049,Salinas
A1050,Palmdale
A1051,Visalia
A1052,San Jose
A1053,Dinuba
A1056,Escondido
A1056,San Diego
A1057,Benicia
A1057,Fairfield
A1058,Milpitas
A1059,Camarillo
A1059,Oxnard
A1060,Colton
A1060,Loma Linda
A1060,Redlands
A1060,San Bernardino
A1061,Turlock
A1062,Novato
A1064,Chula Vista
A1065,Modesto
A1065,Riverbank
A1066,Elk Grove
A1067,Long Beach
A1068,West Covina
A1069,Los Angeles
A1070,Laguna Beach
A1070,Laguna Niguel
A1071,Lincoln
A1071,Rocklin
A1071,Roseville
A1072,Delano
A1072,Shafter
A1072,Wasco
A1073,King City
A1073,Soledad
A1074,Glendora
A1074,San Dimas
A1075,Oceanside
A1076,Oxnard
A1078,Fresno
A1079,Antioch
A1079,Brentwood
A1079,San Ramon
A1080,Cathedral City
A1080,Indian Wells
A1080,Palm Desert
A1080,Rancho Mirage
A1081,Anaheim
A1082,Cathedral City
A1082,Desert Hot Springs
A1082,Palm Springs
A1084,San Diego
A1085,Los Angeles
A1086,Culver City
A1087,Salinas
A1088,San Diego
A1089,Stockton
A1090,Indio
A1091,Irvine
A1092,Moorpark
A1092,Simi Valley
A1093,Commerce
A1094,Los Angeles
A1095,Fremont
A1095,Newark
A1096,Sacramento
A1097,California City
A1097,Ridgecrest
A1098,Monterey Park
A1099,Arcata
A1099,Fortuna
A1100,Cathedral City
A1100,Palm Springs
A1101,Hayward
A1102,Millbrae
A1102,South San Francisco
A1103,Half Moon Bay
A1103,Pacifica
A1104,Atwater
A1104,Merced
A1106,Fairfield
A1107,Los Angeles
A1108,Azusa
A1108,Duarte
A1108,Monrovia
A1109,Anaheim
A1109,Orange
A1110,Murrieta
A1110,Temecula
A1113,San Diego
A1114,Bakersfield
B0004,Mammoth Lakes
B0004,Placerville
B0004,South Lake Tahoe
B0133,Hollister
B0163,Angels Camp
B0163,Ione
B0163,Jackson
B0172,Barstow
B0174,Oroville
B0211,Sonora
B0219,Marysville
B0219,Wheatland
B0229,Clearlake
B0229,Colusa
B0229,Williams
B0285,Corning
B0285,Red Bluff
B0432,Grass Valley
B0432,Truckee
B0443,Portola
B0443,Susanville
B0452,Yuba City
B0477,Mount Shasta
B0477,Weed
B0477,Yreka
B0497,Redding
B0530,Ukiah
