Zone,County
A0005,Los Angeles
A0009,Los Angeles
A0012,San Mateo
A0018,San Diego
A0020,Los Angeles
A0024,Los Angeles
A0027,Santa Clara
A0030,Los Angeles
A0033,Riverside
A0034,San Diego
A0048,Los Angeles
A0054,Los Angeles
A0059,El Dorado
A0068,Los Angeles
A0070,Los Angeles
A0071,San Diego
A0072,Alameda
A0077,Orange
A0085,Los Angeles
A0088,Sacramento
A0089,San Diego
A0091,Ventura
A0093,San Bernardino
A0102,San Diego
A0121,Alameda
A0122,Placer
A0123,Santa Clara
A0129,San Diego
A0133,Orange
A0134,Sacramento
A0135,Sacramento
A0136,Sacramento
A0137,Los Angeles
A0138,Orange
A0141,Los Angeles
A0146,Kern
A0150,Orange
A0151,San Diego
A0152,San Bernardino
A0153,Los Angeles
A0154,Los Angeles
A0156,Sacramento
A0159,Los Angeles
A0165,San Diego
A0174,Sonoma
A0184,Los Angeles
A0187,Contra Costa
A0191,Fresno
A0195,Contra Costa
A0196,Solano
A0197,Santa Clara
A0206,Sacramento
A0207,Placer
A0217,Orange
A0220,Los Angeles
A0222,Los Angeles
A0224,San Diego
A0232,Santa Clara
A0245,San Diego
A0247,San Bernardino
A0252,Sacramento
A0254,Alameda
A0255,Alameda
A0259,San Diego
A0261,Los Angeles
A0262,Los Angeles
A0264,Santa Clara
A0265,Orange
A0266,Fresno
A0268,Los Angeles
A0271,Los Angeles
A0272,San Mateo
A0275,Contra Costa
A0279,San Diego
A0284,Riverside
A0288,Los Angeles
A0293,Alameda
A0294,Los Angeles
A0299,San Diego
A0300,Los Angeles
A0301,San Bernardino
A0302,San Bernardino
A0305,Los Angeles
A0307,Kern
A0309,Los Angeles
A0313,Santa Cruz
A0318,Los Angeles
A0322,San Mateo
A0324,Orange
A0326,San Bernardino
A0328,Orange
A0329,Los Angeles
A0333,Los Angeles
A0334,Los Angeles
A0347,Alameda
A0348,San Diego
A0351,Alameda
A0356,Los Angeles
A0359,Los Angeles
A0360,San Bernardino
A0362,Los Angeles
A0366,Orange
A0374,Los Angeles
A0378,San Luis Obispo
A0379,Los Angeles
A0381,Fresno
A0382,Los Angeles
A0387,San Diego
A0388,Los Angeles
A0391,Orange
A0392,Los Angeles
A0394,Santa Clara
A0395,Tulare
A0396,Stanislaus
A0401,Los Angeles
A0407,Los Angeles
A0409,Imperial
A0410,Los Angeles
A0413,Los Angeles
A0414,Los Angeles
A0416,Orange
A0418,Los Angeles
A0419,Los Angeles
A0421,Orange
A0424,San Bernardino
A0432,Marin
A0434,Fresno
A0435,Sacramento
A0436,Orange
A0438,Fresno
A0439,San Diego
A0447,Tulare
A0455,Contra Costa
A0456,San Francisco
A0459,San Mateo
A0464,San Diego
A0465,Orange
A0469,Fresno
A0472,San Diego
A0474,Orange
A0476,Imperial
A0477,Los Angeles
A0478,Los Angeles
A0481,Los Angeles
A0482,Riverside
A0484,Los Angeles
A0487,Contra Costa
A0489,Santa Clara
A0491,San Bernardino
A0492,San Diego
A0495,Sonoma
A0498,Orange
A0501,Placer
A0507,Los Angeles
A0515,Santa Barbara
A0517,Contra Costa
A0518,Santa Clara
A0529,Fresno
A0530,Ventura
A0531,Contra Costa
A0534,Los Angeles
A0535,San Joaquin
A0537,Yolo
A0538,San Bernardino
A0539,San Bernardino
A0540,Shasta
A0542,Riverside
A0543,Los Angeles
A0544,San Bernardino
A0545,San Bernardino
A0546,Kern
A0547,Los Angeles
A0549,Solano
A0552,Contra Costa
A0553,San Diego
A0555,San Diego
A0560,Los Angeles
A0562,Riverside
A0563,Alameda
A0566,Los Angeles
A0567,Santa Barbara
A0568,Merced
A0569,San Francisco
A0571,Los Angeles
A0573,Orange
A0579,Los Angeles
A0581,Orange
A0582,Stanislaus
A0585,Riverside
A0589,San Bernardino
A0590,Orange
A0591,Los Angeles
A0596,Los Angeles
A0598,San Joaquin
A0599,San Diego
A0601,Contra Costa
A0602,Los Angeles
A0603,Sacramento
A0604,Orange
A0605,Butte
A0608,Riverside
A0611,Stanislaus
A0613,Riverside
A0615,Los Angeles
A0618,Los Angeles
A0620,Ventura
A0621,Riverside
A0624,Los Angeles
A0625,Marin
A0626,Contra Costa
A0627,Solano
A0629,Los Angeles
A0630,Alameda
A0632,Santa Clara
A0633,Los Angeles
A0635,Los Angeles
A0643,Kings
A0647,San Luis Obispo
A0648,Los Angeles
A0652,Los Angeles
A0653,Los Angeles
A0656,Los Angeles
A0659,San Joaquin
A0660,Los Angeles
A0662,San Bernardino
A0663,Sonoma
A0665,Santa Cruz
A0666,Orange
A0667,Orange
A0669,Riverside
A0671,Sonoma
A0672,San Bernardino
A0674,Ventura
A0675,Alameda
A0676,Orange
A0678,San Francisco
A0679,San Francisco
A0681,Santa Cruz
A0682,San Francisco
A0683,Santa Clara
A0685,Sacramento
A0691,Los Angeles
A0693,Orange
A0695,Kern
A0697,San Bernardino
A0698,Alameda
A0699,San Diego
A0701,San Francisco
A0702,Riverside
A0704,Los Angeles
A0705,Santa Clara
A0706,Ventura
A0707,Orange
A0708,Orange
A0709,Riverside
A0710,Alameda
A0712,San Joaquin
A0713,San Francisco
A0714,Los Angeles
A0715,Los Angeles
A0716,Los Angeles
A0718,Butte
A0720,San Luis Obispo
A0721,Orange
A0722,Napa
A0725,Contra Costa
A0726,Los Angeles
A0729,Los Angeles
A0731,Sacramento
A0733,Stanislaus
A0734,Los Angeles
A0737,Los Angeles
A0739,Alameda
A0741,Orange
A0742,Kern
A0743,Orange
A0744,Solano
A0745,Riverside
A0748,Riverside
A0749,Sonoma
A0751,Alameda
A0752,San Francisco
A0753,Merced
A0755,Los Angeles
A0756,San Joaquin
A0757,San Diego
A0758,Sacramento
A0759,Los Angeles
A0760,Sacramento
A0761,Los Angeles
A0762,San Diego
A0763,Sonoma
A0765,Orange
A0766,San Francisco
A0767,San Diego
A0768,Los Angeles
A0769,Napa
A0770,Los Angeles
A0773,San Joaquin
A0774,Alameda
A0775,San Bernardino
A0776,Monterey
A0777,Los Angeles
A0778,Los Angeles
A0779,Alameda
A0780,Los Angeles
A0782,Los Angeles
A0785,San Diego
A0788,Los Angeles
A0790,Ventura
A0792,Contra Costa
A0795,Los Angeles
A0797,Los Angeles
A0800,San Diego
A0802,Los Angeles
A0805,Los Angeles
A0807,Santa Clara
A0809,Santa Clara
A0813,San Bernardino
A0814,Orange
A0815,Los Angeles
A0816,Fresno
A0818,Contra Costa
A0819,Los Angeles
A0820,Santa Clara
A0821,Sacramento
A0822,Santa Clara
A0823,San Francisco
A0824,Los Angeles
A0826,Orange
A0829,Los Angeles
A0830,San Diego
A0831,Los Angeles
A0834,Los Angeles
A0835,Alameda
A0836,Los Angeles
A0837,San Bernardino
A0838,Los Angeles
A0839,Riverside
A0840,Contra Costa
A0841,Santa Clara
A0842,San Luis Obispo
A0843,San Bernardino
A0845,Los Angeles
A0846,Los Angeles
A0847,San Bernardino
A0849,Madera
A0850,Los Angeles
A0851,El Dorado
A0852,Los Angeles
A0853,Santa Clara
A0854,Los Angeles
A0858,Sacramento
A0860,Riverside
A0861,Los Angeles
A0863,Los Angeles
A0864,Contra Costa
A0867,Los Angeles
A0868,Yolo
A0869,San Diego
A0870,Ventura
A0871,San Diego
A0872,Santa Barbara
A0873,San Joaquin
A0874,Ventura
A0876,Orange
A0877,Fresno
A0879,San Diego
A0880,Sacramento
A0881,Orange
A0882,Riverside
A0884,San Bernardino
A0885,Tulare
A0886,San Diego
A0887,Riverside
A0888,Stanislaus
A0889,Los Angeles
A0890,Los Angeles
A0891,Riverside
A0894,Santa Clara
A0895,Los Angeles
A0896,Shasta
A0897,Los Angeles
A0899,San Mateo
A0900,Alameda
A0901,Placer
A0902,Los Angeles
A0903,Santa Clara
A0905,Fresno
A0906,Riverside
A0907,Sacramento
A0908,Santa Barbara
A0909,San Mateo
A0910,Los Angeles
A0913,Fresno
A0914,San Mateo
A0916,Santa Cruz
A0917,Los Angeles
A0918,Orange
A0920,Los Angeles
A0921,Los Angeles
A0922,Los Angeles
A0923,Alameda
A0924,Monterey
A0925,Orange
A0926,San Diego
A0927,Los Angeles
A0928,Los Angeles
A0929,Placer
A0930,San Bernardino
A0931,Riverside
A0932,San Francisco
A0933,Los Angeles
A0935,San Diego
A0938,Alameda
A0939,San Diego
A0940,San Mateo
A0941,Orange
A0942,Los Angeles
A0943,Los Angeles
A0946,San Diego
A0947,Butte
A0948,Los Angeles
A0949,Riverside
A0950,Humboldt
A0951,Madera
A0953,Sacramento
A0955,San Diego
A0956,Orange
A0957,San Bernardino
A0958,San Diego
A0959,Kern
A0960,Orange
A0961,San Diego
A0962,Orange
A0964,Santa Clara
A0965,Santa Clara
A0966,Riverside
A0967,Stanislaus
A0968,Los Angeles
A0969,San Joaquin
A0970,Los Angeles
A0971,Kern
A0972,San Diego
A0974,Los Angeles
A0975,San Bernardino
A0976,Los Angeles
A0977,Contra Costa
A0978,Los Angeles
A0981,Los Angeles
A0982,San Joaquin
A0983,Santa Clara
A0985,Santa Clara
A0987,Riverside
A0988,Los Angeles
A0989,San Bernardino
A0990,Los Angeles
A0991,Sonoma
A0993,Tulare
A0995,Fresno
A0996,Santa Clara
A0997,San Bernardino
A0998,San Bernardino
A0999,Los Angeles
A1000,Los Angeles
A1001,Sacramento
A1003,Riverside
A1004,Orange
A1006,Los Angeles
A1007,San Bernardino
A1008,Los Angeles
A1009,Riverside
A1010,Los Angeles
A1012,Sonoma
A1013,Kern
A1015,Alameda
A1016,Riverside
A1017,San Mateo
A1018,Sacramento
A1019,San Diego
A1020,Los Angeles
A1021,Santa Clara
A1022,Marin
A1023,Ventura
A1024,Merced
A1025,Los Angeles
A1026,Alameda
A1027,San Mateo
A1028,San Bernardino
A1029,Santa Barbara
A1030,Contra Costa
A1031,Riverside
A1033,Sacramento
A1034,San Diego
A1035,Kings
A1037,Los Angeles
A1040,Santa Barbara
A1041,Riverside
A1043,San Francisco
A1044,Los Angeles
A1045,Orange
A1046,Los Angeles
A1047,San Francisco
A1048,Santa Clara
A1049,Monterey
A1050,Los Angeles
A1051,Tulare
A1052,Santa Clara
A1053,Tulare
A1056,San Diego
A1057,Solano
A1058,Santa Clara
A1059,Ventura
A1060,San Bernardino
A1061,Stanislaus
A1062,Marin
A1064,San Diego
A1065,Stanislaus
A1066,Sacramento
A1067,Los Angeles
A1068,Los Angeles
A1069,Los Angeles
A1070,Orange
A1071,Placer
A1072,Kern
A1073,Monterey
A1074,Los Angeles
A1075,San Diego
A1076,Ventura
A1078,Fresno
A1079,Contra Costa
A1080,Riverside
A1081,Orange
A1082,Riverside
A1083,Los Angeles
A1084,San Diego
A1085,Los Angeles
A1086,Los Angeles
A1087,Monterey
A1088,San Diego
A1089,San Joaquin
A1090,Riverside
A1091,Orange
A1092,Ventura
A1093,Los Angeles
A1094,Los Angeles
A1095,Alameda
A1096,Sacramento
A1097,Kern
A1098,Los Angeles
A1099,Humboldt
A1100,Riverside
A1101,Alameda
A1102,San Mateo
A1103,San Mateo
A1104,Merced
A1106,Solano
A1107,Los Angeles
A1108,Los Angeles
A1109,Orange
A1110,Riverside
A1112,Los Angeles
A1113,San Diego
A1114,Kern
B0004,Alpine
B0004,El Dorado
B0004,Mono
B0133,San Benito
B0163,Amador
B0163,Calaveras
B0172,Inyo
B0172,San Bernardino
B0174,Butte
B0174,Glenn
B0211,Mariposa
B0211,Tuolumne
B0219,Yuba
B0229,Colusa
B0229,Lake
B0285,Tehama
B0432,Nevada
B0443,Lassen
B0443,Modoc
B0443,Plumas
B0443,Sierra
B0452,Sutter
B0477,Del Norte
B0477,Siskiyou
B0497,Shasta
B0497,Trinity
B0530,Mendocino
