"Zone","URL","Sex","Cancer","Years","Counties","Places","AAIR","LCI","UCI","White_PopTot","White_AAIR","White_LCI","White_UCI","Black_PopTot","Black_AAIR","Black_LCI","Black_UCI","TotalPop","Pct100Pov","PctMinority","PctBlackNH","PctRural"
"B0011","https://nci-naaccr-zone-design.github.io/louisiana-2020/?address=B0011","Both","AllSite","05yrs","Cameron, Calcasieu","Moss Bluff, Cameron, DeQuincy, Carlyss, Sulphur, Vinton, Starks, Hackberry",459.85,436.857,482.842,321035,476.444,452.622,500.266,30089,545.425,518.154,572.697,72238,13.09,11.89,7.04,40.56
"B0011","https://nci-naaccr-zone-design.github.io/louisiana-2020/?address=B0011","Female","AllSite","05yrs","Cameron, Calcasieu","Moss Bluff, Cameron, DeQuincy, Carlyss, Sulphur, Vinton, Starks, Hackberry",451.996,429.396,474.595,164281,455.401,432.631,478.171,15567,409.102,388.647,429.557,72238,13.09,11.89,7.04,40.56
"B0011","https://nci-naaccr-zone-design.github.io/louisiana-2020/?address=B0011","Male","AllSite","05yrs","Cameron, Calcasieu","Moss Bluff, Cameron, DeQuincy, Carlyss, Sulphur, Vinton, Starks, Hackberry",525.485,499.21,551.759,156755,554.092,526.387,581.797,14522,601.239,571.177,631.301,72238,13.09,11.89,7.04,40.56
"B0011","https://nci-naaccr-zone-design.github.io/louisiana-2020/?address=B0011","Male","Prostate","05yrs","Cameron, Calcasieu","Moss Bluff, Cameron, DeQuincy, Carlyss, Sulphur, Vinton, Starks, Hackberry",161.992,153.893,170.092,156755,179.68,170.696,188.664,14522,155.747,147.96,163.535,72238,13.09,11.89,7.04,40.56
"B0011","https://nci-naaccr-zone-design.github.io/louisiana-2020/?address=B0011","Both","Lung","05yrs","Cameron, Calcasieu","Moss Bluff, Cameron, DeQuincy, Carlyss, Sulphur, Vinton, Starks, Hackberry",46.927,44.581,49.274,321035,53.411,50.74,56.081,30089,47.861,45.468,50.254,72238,13.09,11.89,7.04,40.56
"B0011","https://nci-naaccr-zone-design.github.io/louisiana-2020/?address=B0011","Female","Lung","05yrs","Cameron, Calcasieu","Moss Bluff, Cameron, DeQuincy, Carlyss, Sulphur, Vinton, Starks, Hackberry",67.089,63.735,70.444,164281,57.838,54.946,60.729,15567,67.422,64.051,70.793,72238,13.09,11.89,7.04,40.56
"B0011","https://nci-naaccr-zone-design.github.io/louisiana-2020/?address=B0011","Male","Lung","05yrs","Cameron, Calcasieu","Moss Bluff, Cameron, DeQuincy, Carlyss, Sulphur, Vinton, Starks, Hackberry",70.83,67.288,74.371,156755,83.702,79.517,87.887,14522,102.519,97.393,107.645,72238,13.09,11.89,7.04,40.56
"B0011","https://nci-naaccr-zone-design.github.io/louisiana-2020/?address=B0011","Female","Breast","05yrs","Cameron, Calcasieu","Moss Bluff, Cameron, DeQuincy, Carlyss, Sulphur, Vinton, Starks, Hackberry",114.612,108.881,120.342,164281,98.66,93.727,103.593,15567,111.481,105.907,117.055,72238,13.09,11.89,7.04,40.56
"B0011","https://nci-naaccr-zone-design.github.io/louisiana-2020/?address=B0011","Both","CRC","05yrs","Cameron, Calcasieu","Moss Bluff, Cameron, DeQuincy, Carlyss, Sulphur, Vinton, Starks, Hackberry",59.639,56.657,62.621,321035,37.451,35.578,39.324,30089,35.244,33.481,37.006,72238,13.09,11.89,7.04,40.56
"B0011","https://nci-naaccr-zone-design.github.io/louisiana-2020/?address=B0011","Female","CRC","05yrs","Cameron, Calcasieu","Moss Bluff, Cameron, DeQuincy, Carlyss, Sulphur, Vinton, Starks, Hackberry",49.737,47.25,52.224,164281,34.503,32.778,36.228,15567,53.526,50.85,56.203,72238,13.09,11.89,7.04,40.56
"B0011","https://nci-naaccr-zone-design.github.io/louisiana-2020/?address=B0011","Male","CRC","05yrs","Cameron, Calcasieu","Moss Bluff, Cameron, DeQuincy, Carlyss, Sulphur, Vinton, Starks, Hackberry",57.069,54.216,59.923,156755,67.66,64.277,71.043,14522,51.307,48.742,53.873,72238,13.09,11.89,7.04,40.56
"B0011","https://nci-naaccr-zone-design.github.io/louisiana-2020/?address=B0011","Both","Kidney","05yrs","Cameron, Calcasieu","Moss Bluff, Cameron, DeQuincy, Carlyss, Sulphur, Vinton, Starks, Hackberry",16.691,15.856,17.525,321035,22.733,21.597,23.87,30089,24.142,22.935,25.35,72238,13.09,11.89,7.04,40.56
"B0011","https://nci-naaccr-zone-design.github.io/louisiana-2020/?address=B0011","Female","Kidney","05yrs","Cameron, Calcasieu","Moss Bluff, Cameron, DeQuincy, Carlyss, Sulphur, Vinton, Starks, Hackberry",17.669,16.785,18.552,164281,21.544,20.467,22.621,15567,"","","",72238,13.09,11.89,7.04,40.56
"B0011","https://nci-naaccr-zone-design.github.io/louisiana-2020/?address=B0011","Male","Kidney","05yrs","Cameron, Calcasieu","Moss Bluff, Cameron, DeQuincy, Carlyss, Sulphur, Vinton, Starks, Hackberry",17.603,16.723,18.484,156755,29.564,28.086,31.042,14522,31.205,29.645,32.765,72238,13.09,11.89,7.04,40.56
"B0011","https://nci-naaccr-zone-design.github.io/louisiana-2020/?address=B0011","Both","NHL","05yrs","Cameron, Calcasieu","Moss Bluff, Cameron, DeQuincy, Carlyss, Sulphur, Vinton, Starks, Hackberry",20.005,19.004,21.005,321035,24.153,22.946,25.361,30089,22.591,21.461,23.721,72238,13.09,11.89,7.04,40.56
"B0011","https://nci-naaccr-zone-design.github.io/louisiana-2020/?address=B0011","Female","NHL","05yrs","Cameron, Calcasieu","Moss Bluff, Cameron, DeQuincy, Carlyss, Sulphur, Vinton, Starks, Hackberry",23.411,22.241,24.582,164281,10.097,9.592,10.601,15567,"","","",72238,13.09,11.89,7.04,40.56
"B0011","https://nci-naaccr-zone-design.github.io/louisiana-2020/?address=B0011","Male","NHL","05yrs","Cameron, Calcasieu","Moss Bluff, Cameron, DeQuincy, Carlyss, Sulphur, Vinton, Starks, Hackberry",27.966,26.568,29.364,156755,31.48,29.906,33.053,14522,22.59,21.461,23.72,72238,13.09,11.89,7.04,40.56
"B0011","https://nci-naaccr-zone-design.github.io/louisiana-2020/?address=B0011","Both","Urinary","05yrs","Cameron, Calcasieu","Moss Bluff, Cameron, DeQuincy, Carlyss, Sulphur, Vinton, Starks, Hackberry",16.835,15.993,17.677,321035,21.374,20.306,22.443,30089,24.2,22.99,25.41,72238,13.09,11.89,7.04,40.56
"B0011","https://nci-naaccr-zone-design.github.io/louisiana-2020/?address=B0011","Female","Urinary","05yrs","Cameron, Calcasieu","Moss Bluff, Cameron, DeQuincy, Carlyss, Sulphur, Vinton, Starks, Hackberry",11.029,10.477,11.58,164281,7.833,7.442,8.225,15567,"","","",72238,13.09,11.89,7.04,40.56
"B0011","https://nci-naaccr-zone-design.github.io/louisiana-2020/?address=B0011","Male","Urinary","05yrs","Cameron, Calcasieu","Moss Bluff, Cameron, DeQuincy, Carlyss, Sulphur, Vinton, Starks, Hackberry",35.792,34.002,37.581,156755,32.884,31.239,34.528,14522,34.06,32.357,35.763,72238,13.09,11.89,7.04,40.56
"B0011","https://nci-naaccr-zone-design.github.io/louisiana-2020/?address=B0011","Both","Mela","05yrs","Cameron, Calcasieu","Moss Bluff, Cameron, DeQuincy, Carlyss, Sulphur, Vinton, Starks, Hackberry",13.541,12.864,14.218,321035,25.385,24.116,26.654,30089,13.306,12.641,13.972,72238,13.09,11.89,7.04,40.56
"B0011","https://nci-naaccr-zone-design.github.io/louisiana-2020/?address=B0011","Female","Mela","05yrs","Cameron, Calcasieu","Moss Bluff, Cameron, DeQuincy, Carlyss, Sulphur, Vinton, Starks, Hackberry",14.062,13.359,14.765,164281,12.419,11.798,13.04,15567,"","","",72238,13.09,11.89,7.04,40.56
"B0011","https://nci-naaccr-zone-design.github.io/louisiana-2020/?address=B0011","Male","Mela","05yrs","Cameron, Calcasieu","Moss Bluff, Cameron, DeQuincy, Carlyss, Sulphur, Vinton, Starks, Hackberry",9.151,8.694,9.609,156755,10.123,9.617,10.629,14522,"","","",72238,13.09,11.89,7.04,40.56
"B0011","https://nci-naaccr-zone-design.github.io/louisiana-2020/?address=B0011","Both","Pancreas","05yrs","Cameron, Calcasieu","Moss Bluff, Cameron, DeQuincy, Carlyss, Sulphur, Vinton, Starks, Hackberry",14.894,14.149,15.639,321035,16.558,15.73,17.386,30089,14.571,13.842,15.299,72238,13.09,11.89,7.04,40.56
"B0011","https://nci-naaccr-zone-design.github.io/louisiana-2020/?address=B0011","Female","Pancreas","05yrs","Cameron, Calcasieu","Moss Bluff, Cameron, DeQuincy, Carlyss, Sulphur, Vinton, Starks, Hackberry",13.836,13.144,14.527,164281,16.988,16.138,17.837,15567,"","","",72238,13.09,11.89,7.04,40.56
"B0011","https://nci-naaccr-zone-design.github.io/louisiana-2020/?address=B0011","Male","Pancreas","05yrs","Cameron, Calcasieu","Moss Bluff, Cameron, DeQuincy, Carlyss, Sulphur, Vinton, Starks, Hackberry",13.471,12.797,14.144,156755,19.32,18.354,20.285,14522,"","","",72238,13.09,11.89,7.04,40.56
"B0011","https://nci-naaccr-zone-design.github.io/louisiana-2020/?address=B0011","Both","Leuks","05yrs","Cameron, Calcasieu","Moss Bluff, Cameron, DeQuincy, Carlyss, Sulphur, Vinton, Starks, Hackberry",14.368,13.65,15.087,321035,9.434,8.962,9.906,30089,15.377,14.608,16.146,72238,13.09,11.89,7.04,40.56
"B0011","https://nci-naaccr-zone-design.github.io/louisiana-2020/?address=B0011","Female","Leuks","05yrs","Cameron, Calcasieu","Moss Bluff, Cameron, DeQuincy, Carlyss, Sulphur, Vinton, Starks, Hackberry",14.973,14.224,15.721,164281,14.041,13.339,14.743,15567,"","","",72238,13.09,11.89,7.04,40.56
"B0011","https://nci-naaccr-zone-design.github.io/louisiana-2020/?address=B0011","Male","Leuks","05yrs","Cameron, Calcasieu","Moss Bluff, Cameron, DeQuincy, Carlyss, Sulphur, Vinton, Starks, Hackberry",16.736,15.899,17.573,156755,20.069,19.065,21.072,14522,"","","",72238,13.09,11.89,7.04,40.56
"B0011","https://nci-naaccr-zone-design.github.io/louisiana-2020/?address=B0011","Both","Oral","05yrs","Cameron, Calcasieu","Moss Bluff, Cameron, DeQuincy, Carlyss, Sulphur, Vinton, Starks, Hackberry",8.748,8.311,9.185,321035,13.148,12.49,13.805,30089,16.425,15.604,17.246,72238,13.09,11.89,7.04,40.56
"B0011","https://nci-naaccr-zone-design.github.io/louisiana-2020/?address=B0011","Female","Oral","05yrs","Cameron, Calcasieu","Moss Bluff, Cameron, DeQuincy, Carlyss, Sulphur, Vinton, Starks, Hackberry",6.371,6.053,6.69,164281,6.586,6.257,6.915,15567,"","","",72238,13.09,11.89,7.04,40.56
"B0011","https://nci-naaccr-zone-design.github.io/louisiana-2020/?address=B0011","Male","Oral","05yrs","Cameron, Calcasieu","Moss Bluff, Cameron, DeQuincy, Carlyss, Sulphur, Vinton, Starks, Hackberry",12.087,11.482,12.691,156755,24.216,23.005,25.426,14522,"","","",72238,13.09,11.89,7.04,40.56
"B0011","https://nci-naaccr-zone-design.github.io/louisiana-2020/?address=B0011","Both","Thyroid","05yrs","Cameron, Calcasieu","Moss Bluff, Cameron, DeQuincy, Carlyss, Sulphur, Vinton, Starks, Hackberry",13.436,12.764,14.108,321035,9.918,9.422,10.414,30089,16.383,15.564,17.203,72238,13.09,11.89,7.04,40.56
"B0011","https://nci-naaccr-zone-design.github.io/louisiana-2020/?address=B0011","Female","Thyroid","05yrs","Cameron, Calcasieu","Moss Bluff, Cameron, DeQuincy, Carlyss, Sulphur, Vinton, Starks, Hackberry",22.443,21.321,23.565,164281,12.313,11.697,12.928,15567,22.403,21.283,23.523,72238,13.09,11.89,7.04,40.56
"B0011","https://nci-naaccr-zone-design.github.io/louisiana-2020/?address=B0011","Male","Thyroid","05yrs","Cameron, Calcasieu","Moss Bluff, Cameron, DeQuincy, Carlyss, Sulphur, Vinton, Starks, Hackberry",4.6,4.37,4.83,156755,9.373,8.904,9.841,14522,"","","",72238,13.09,11.89,7.04,40.56
"B0011","https://nci-naaccr-zone-design.github.io/louisiana-2020/?address=B0011","Female","Uterine","05yrs","Cameron, Calcasieu","Moss Bluff, Cameron, DeQuincy, Carlyss, Sulphur, Vinton, Starks, Hackberry",24.656,23.424,25.889,164281,24.783,23.544,26.022,15567,23.879,22.685,25.073,72238,13.09,11.89,7.04,40.56
"B0011","https://nci-naaccr-zone-design.github.io/louisiana-2020/?address=B0011","Both","Liver","05yrs","Cameron, Calcasieu","Moss Bluff, Cameron, DeQuincy, Carlyss, Sulphur, Vinton, Starks, Hackberry",8.849,8.407,9.292,321035,10.869,10.326,11.413,30089,11.327,10.76,11.893,72238,13.09,11.89,7.04,40.56
"B0011","https://nci-naaccr-zone-design.github.io/louisiana-2020/?address=B0011","Female","Liver","05yrs","Cameron, Calcasieu","Moss Bluff, Cameron, DeQuincy, Carlyss, Sulphur, Vinton, Starks, Hackberry",2.999,2.849,3.149,164281,3.376,3.207,3.544,15567,"","","",72238,13.09,11.89,7.04,40.56
"B0011","https://nci-naaccr-zone-design.github.io/louisiana-2020/?address=B0011","Male","Liver","05yrs","Cameron, Calcasieu","Moss Bluff, Cameron, DeQuincy, Carlyss, Sulphur, Vinton, Starks, Hackberry",14.001,13.301,14.702,156755,19.395,18.425,20.365,14522,"","","",72238,13.09,11.89,7.04,40.56
"B0011","https://nci-naaccr-zone-design.github.io/louisiana-2020/?address=B0011","Both","Stomach","05yrs","Cameron, Calcasieu","Moss Bluff, Cameron, DeQuincy, Carlyss, Sulphur, Vinton, Starks, Hackberry",6.421,6.1,6.742,321035,5.705,5.419,5.99,30089,"","","",72238,13.09,11.89,7.04,40.56
"B0011","https://nci-naaccr-zone-design.github.io/louisiana-2020/?address=B0011","Female","Stomach","05yrs","Cameron, Calcasieu","Moss Bluff, Cameron, DeQuincy, Carlyss, Sulphur, Vinton, Starks, Hackberry",7.35,6.982,7.717,164281,4.188,3.978,4.397,15567,"","","",72238,13.09,11.89,7.04,40.56
"B0011","https://nci-naaccr-zone-design.github.io/louisiana-2020/?address=B0011","Male","Stomach","05yrs","Cameron, Calcasieu","Moss Bluff, Cameron, DeQuincy, Carlyss, Sulphur, Vinton, Starks, Hackberry",5.527,5.251,5.804,156755,5.954,5.657,6.252,14522,"","","",72238,13.09,11.89,7.04,40.56
"B0011","https://nci-naaccr-zone-design.github.io/louisiana-2020/?address=B0011","Both","Myeloma","05yrs","Cameron, Calcasieu","Moss Bluff, Cameron, DeQuincy, Carlyss, Sulphur, Vinton, Starks, Hackberry",10.644,10.112,11.176,321035,12.451,11.828,13.074,30089,"","","",72238,13.09,11.89,7.04,40.56
"B0011","https://nci-naaccr-zone-design.github.io/louisiana-2020/?address=B0011","Female","Myeloma","05yrs","Cameron, Calcasieu","Moss Bluff, Cameron, DeQuincy, Carlyss, Sulphur, Vinton, Starks, Hackberry",4.271,4.057,4.484,164281,11.408,10.838,11.978,15567,"","","",72238,13.09,11.89,7.04,40.56
"B0011","https://nci-naaccr-zone-design.github.io/louisiana-2020/?address=B0011","Male","Myeloma","05yrs","Cameron, Calcasieu","Moss Bluff, Cameron, DeQuincy, Carlyss, Sulphur, Vinton, Starks, Hackberry",15.996,15.196,16.795,156755,8.978,8.529,9.427,14522,"","","",72238,13.09,11.89,7.04,40.56
"B0011","https://nci-naaccr-zone-design.github.io/louisiana-2020/?address=B0011","Both","Brain","05yrs","Cameron, Calcasieu","Moss Bluff, Cameron, DeQuincy, Carlyss, Sulphur, Vinton, Starks, Hackberry",6.67,6.337,7.004,321035,5.043,4.79,5.295,30089,"","","",72238,13.09,11.89,7.04,40.56
"B0011","https://nci-naaccr-zone-design.github.io/louisiana-2020/?address=B0011","Female","Brain","05yrs","Cameron, Calcasieu","Moss Bluff, Cameron, DeQuincy, Carlyss, Sulphur, Vinton, Starks, Hackberry",5.458,5.185,5.731,164281,5.568,5.289,5.846,15567,"","","",72238,13.09,11.89,7.04,40.56
"B0011","https://nci-naaccr-zone-design.github.io/louisiana-2020/?address=B0011","Male","Brain","05yrs","Cameron, Calcasieu","Moss Bluff, Cameron, DeQuincy, Carlyss, Sulphur, Vinton, Starks, Hackberry",6.502,6.177,6.827,156755,8.441,8.019,8.863,14522,"","","",72238,13.09,11.89,7.04,40.56
"B0011","https://nci-naaccr-zone-design.github.io/louisiana-2020/?address=B0011","Both","Larynx","05yrs","Cameron, Calcasieu","Moss Bluff, Cameron, DeQuincy, Carlyss, Sulphur, Vinton, Starks, Hackberry",5.493,5.218,5.768,321035,5.699,5.414,5.984,30089,"","","",72238,13.09,11.89,7.04,40.56
"B0011","https://nci-naaccr-zone-design.github.io/louisiana-2020/?address=B0011","Female","Larynx","05yrs","Cameron, Calcasieu","Moss Bluff, Cameron, DeQuincy, Carlyss, Sulphur, Vinton, Starks, Hackberry",2.074,1.971,2.178,164281,"","","",15567,"","","",72238,13.09,11.89,7.04,40.56
"B0011","https://nci-naaccr-zone-design.github.io/louisiana-2020/?address=B0011","Male","Larynx","05yrs","Cameron, Calcasieu","Moss Bluff, Cameron, DeQuincy, Carlyss, Sulphur, Vinton, Starks, Hackberry",6.229,5.917,6.54,156755,5.822,5.531,6.113,14522,"","","",72238,13.09,11.89,7.04,40.56
"B0011","https://nci-naaccr-zone-design.github.io/louisiana-2020/?address=B0011","Female","Ovary","05yrs","Cameron, Calcasieu","Moss Bluff, Cameron, DeQuincy, Carlyss, Sulphur, Vinton, Starks, Hackberry",13.279,12.615,13.943,164281,6.186,5.877,6.496,15567,"","","",72238,13.09,11.89,7.04,40.56
"B0011","https://nci-naaccr-zone-design.github.io/louisiana-2020/?address=B0011","Both","Esoph","05yrs","Cameron, Calcasieu","Moss Bluff, Cameron, DeQuincy, Carlyss, Sulphur, Vinton, Starks, Hackberry",5.141,4.884,5.398,321035,5.786,5.496,6.075,30089,"","","",72238,13.09,11.89,7.04,40.56
"B0011","https://nci-naaccr-zone-design.github.io/louisiana-2020/?address=B0011","Female","Esoph","05yrs","Cameron, Calcasieu","Moss Bluff, Cameron, DeQuincy, Carlyss, Sulphur, Vinton, Starks, Hackberry","","","",164281,1.944,1.847,2.041,15567,"","","",72238,13.09,11.89,7.04,40.56
"B0011","https://nci-naaccr-zone-design.github.io/louisiana-2020/?address=B0011","Male","Esoph","05yrs","Cameron, Calcasieu","Moss Bluff, Cameron, DeQuincy, Carlyss, Sulphur, Vinton, Starks, Hackberry",9.295,8.83,9.76,156755,7.004,6.654,7.354,14522,"","","",72238,13.09,11.89,7.04,40.56
"B0011","https://nci-naaccr-zone-design.github.io/louisiana-2020/?address=B0011","Both","AllSite","10yrs","Cameron, Calcasieu","Moss Bluff, Cameron, DeQuincy, Carlyss, Sulphur, Vinton, Starks, Hackberry",445.459,423.186,467.732,638264,467.772,444.383,491.16,57664,512.379,486.76,537.998,72238,13.09,11.89,7.04,40.56
"B0011","https://nci-naaccr-zone-design.github.io/louisiana-2020/?address=B0011","Female","AllSite","10yrs","Cameron, Calcasieu","Moss Bluff, Cameron, DeQuincy, Carlyss, Sulphur, Vinton, Starks, Hackberry",436.263,414.45,458.077,325988,367.165,348.807,385.523,29976,421.012,399.961,442.063,72238,13.09,11.89,7.04,40.56
"B0011","https://nci-naaccr-zone-design.github.io/louisiana-2020/?address=B0011","Male","AllSite","10yrs","Cameron, Calcasieu","Moss Bluff, Cameron, DeQuincy, Carlyss, Sulphur, Vinton, Starks, Hackberry",638.339,606.422,670.255,312276,679.677,645.693,713.661,27688,613.468,582.794,644.141,72238,13.09,11.89,7.04,40.56
"B0011","https://nci-naaccr-zone-design.github.io/louisiana-2020/?address=B0011","Male","Prostate","10yrs","Cameron, Calcasieu","Moss Bluff, Cameron, DeQuincy, Carlyss, Sulphur, Vinton, Starks, Hackberry",150.176,142.667,157.685,312276,133.239,126.577,139.901,27688,208.488,198.064,218.912,72238,13.09,11.89,7.04,40.56
"B0011","https://nci-naaccr-zone-design.github.io/louisiana-2020/?address=B0011","Both","Lung","10yrs","Cameron, Calcasieu","Moss Bluff, Cameron, DeQuincy, Carlyss, Sulphur, Vinton, Starks, Hackberry",89.243,84.781,93.705,638264,48.399,45.979,50.819,57664,72.914,69.268,76.56,72238,13.09,11.89,7.04,40.56
"B0011","https://nci-naaccr-zone-design.github.io/louisiana-2020/?address=B0011","Female","Lung","10yrs","Cameron, Calcasieu","Moss Bluff, Cameron, DeQuincy, Carlyss, Sulphur, Vinton, Starks, Hackberry",54.009,51.309,56.71,325988,56.706,53.871,59.541,29976,64.136,60.93,67.343,72238,13.09,11.89,7.04,40.56
"B0011","https://nci-naaccr-zone-design.github.io/louisiana-2020/?address=B0011","Male","Lung","10yrs","Cameron, Calcasieu","Moss Bluff, Cameron, DeQuincy, Carlyss, Sulphur, Vinton, Starks, Hackberry",69.703,66.218,73.188,312276,65.631,62.349,68.913,27688,79.927,75.93,83.923,72238,13.09,11.89,7.04,40.56
"B0011","https://nci-naaccr-zone-design.github.io/louisiana-2020/?address=B0011","Female","Breast","10yrs","Cameron, Calcasieu","Moss Bluff, Cameron, DeQuincy, Carlyss, Sulphur, Vinton, Starks, Hackberry",104.881,99.637,110.125,325988,137.844,130.952,144.736,29976,143.624,136.443,150.806,72238,13.09,11.89,7.04,40.56
"B0011","https://nci-naaccr-zone-design.github.io/louisiana-2020/?address=B0011","Both","CRC","10yrs","Cameron, Calcasieu","Moss Bluff, Cameron, DeQuincy, Carlyss, Sulphur, Vinton, Starks, Hackberry",52.207,49.596,54.817,638264,37.184,35.325,39.043,57664,52.542,49.915,55.169,72238,13.09,11.89,7.04,40.56
"B0011","https://nci-naaccr-zone-design.github.io/louisiana-2020/?address=B0011","Female","CRC","10yrs","Cameron, Calcasieu","Moss Bluff, Cameron, DeQuincy, Carlyss, Sulphur, Vinton, Starks, Hackberry",38.127,36.221,40.034,325988,43.883,41.689,46.077,29976,48.203,45.793,50.613,72238,13.09,11.89,7.04,40.56
"B0011","https://nci-naaccr-zone-design.github.io/louisiana-2020/?address=B0011","Male","CRC","10yrs","Cameron, Calcasieu","Moss Bluff, Cameron, DeQuincy, Carlyss, Sulphur, Vinton, Starks, Hackberry",42.744,40.607,44.881,312276,56.158,53.35,58.965,27688,40.963,38.914,43.011,72238,13.09,11.89,7.04,40.56
"B0011","https://nci-naaccr-zone-design.github.io/louisiana-2020/?address=B0011","Both","Kidney","10yrs","Cameron, Calcasieu","Moss Bluff, Cameron, DeQuincy, Carlyss, Sulphur, Vinton, Starks, Hackberry",25.21,23.95,26.471,638264,15.06,14.307,15.813,57664,24.327,23.111,25.543,72238,13.09,11.89,7.04,40.56
"B0011","https://nci-naaccr-zone-design.github.io/louisiana-2020/?address=B0011","Female","Kidney","10yrs","Cameron, Calcasieu","Moss Bluff, Cameron, DeQuincy, Carlyss, Sulphur, Vinton, Starks, Hackberry",18.241,17.328,19.153,325988,15.989,15.19,16.789,29976,15.845,15.053,16.637,72238,13.09,11.89,7.04,40.56
"B0011","https://nci-naaccr-zone-design.github.io/louisiana-2020/?address=B0011","Male","Kidney","10yrs","Cameron, Calcasieu","Moss Bluff, Cameron, DeQuincy, Carlyss, Sulphur, Vinton, Starks, Hackberry",21.106,20.051,22.162,312276,30.129,28.623,31.636,27688,21.153,20.095,22.211,72238,13.09,11.89,7.04,40.56
"B0011","https://nci-naaccr-zone-design.github.io/louisiana-2020/?address=B0011","Both","NHL","10yrs","Cameron, Calcasieu","Moss Bluff, Cameron, DeQuincy, Carlyss, Sulphur, Vinton, Starks, Hackberry",20.168,19.16,21.177,638264,22.26,21.147,23.373,57664,17.214,16.353,18.075,72238,13.09,11.89,7.04,40.56
"B0011","https://nci-naaccr-zone-design.github.io/louisiana-2020/?address=B0011","Female","NHL","10yrs","Cameron, Calcasieu","Moss Bluff, Cameron, DeQuincy, Carlyss, Sulphur, Vinton, Starks, Hackberry",20.033,19.031,21.035,325988,20.455,19.432,21.477,29976,14.792,14.052,15.531,72238,13.09,11.89,7.04,40.56
"B0011","https://nci-naaccr-zone-design.github.io/louisiana-2020/?address=B0011","Male","NHL","10yrs","Cameron, Calcasieu","Moss Bluff, Cameron, DeQuincy, Carlyss, Sulphur, Vinton, Starks, Hackberry",30.538,29.011,32.065,312276,20.612,19.582,21.643,27688,29.338,27.871,30.805,72238,13.09,11.89,7.04,40.56
"B0011","https://nci-naaccr-zone-design.github.io/louisiana-2020/?address=B0011","Both","Urinary","10yrs","Cameron, Calcasieu","Moss Bluff, Cameron, DeQuincy, Carlyss, Sulphur, Vinton, Starks, Hackberry",24.118,22.912,25.324,638264,15.149,14.392,15.907,57664,26.54,25.213,27.867,72238,13.09,11.89,7.04,40.56
"B0011","https://nci-naaccr-zone-design.github.io/louisiana-2020/?address=B0011","Female","Urinary","10yrs","Cameron, Calcasieu","Moss Bluff, Cameron, DeQuincy, Carlyss, Sulphur, Vinton, Starks, Hackberry",8.726,8.29,9.162,325988,11.081,10.527,11.635,29976,11.438,10.866,12.01,72238,13.09,11.89,7.04,40.56
"B0011","https://nci-naaccr-zone-design.github.io/louisiana-2020/?address=B0011","Male","Urinary","10yrs","Cameron, Calcasieu","Moss Bluff, Cameron, DeQuincy, Carlyss, Sulphur, Vinton, Starks, Hackberry",47.59,45.211,49.97,312276,49.13,46.674,51.587,27688,31.578,29.999,33.157,72238,13.09,11.89,7.04,40.56
"B0011","https://nci-naaccr-zone-design.github.io/louisiana-2020/?address=B0011","Both","Mela","10yrs","Cameron, Calcasieu","Moss Bluff, Cameron, DeQuincy, Carlyss, Sulphur, Vinton, Starks, Hackberry",10.543,10.015,11.07,638264,26.367,25.049,27.686,57664,19.448,18.476,20.42,72238,13.09,11.89,7.04,40.56
"B0011","https://nci-naaccr-zone-design.github.io/louisiana-2020/?address=B0011","Female","Mela","10yrs","Cameron, Calcasieu","Moss Bluff, Cameron, DeQuincy, Carlyss, Sulphur, Vinton, Starks, Hackberry",15.316,14.55,16.081,325988,10.184,9.674,10.693,29976,16.29,15.476,17.105,72238,13.09,11.89,7.04,40.56
"B0011","https://nci-naaccr-zone-design.github.io/louisiana-2020/?address=B0011","Male","Mela","10yrs","Cameron, Calcasieu","Moss Bluff, Cameron, DeQuincy, Carlyss, Sulphur, Vinton, Starks, Hackberry",40.487,38.462,42.511,312276,16.941,16.094,17.788,27688,28.052,26.649,29.454,72238,13.09,11.89,7.04,40.56
"B0011","https://nci-naaccr-zone-design.github.io/louisiana-2020/?address=B0011","Both","Pancreas","10yrs","Cameron, Calcasieu","Moss Bluff, Cameron, DeQuincy, Carlyss, Sulphur, Vinton, Starks, Hackberry",12.887,12.242,13.531,638264,12.28,11.666,12.894,57664,15.142,14.384,15.899,72238,13.09,11.89,7.04,40.56
"B0011","https://nci-naaccr-zone-design.github.io/louisiana-2020/?address=B0011","Female","Pancreas","10yrs","Cameron, Calcasieu","Moss Bluff, Cameron, DeQuincy, Carlyss, Sulphur, Vinton, Starks, Hackberry",9.853,9.36,10.345,325988,17.364,16.496,18.233,29976,10.112,9.606,10.617,72238,13.09,11.89,7.04,40.56
"B0011","https://nci-naaccr-zone-design.github.io/louisiana-2020/?address=B0011","Male","Pancreas","10yrs","Cameron, Calcasieu","Moss Bluff, Cameron, DeQuincy, Carlyss, Sulphur, Vinton, Starks, Hackberry",13.84,13.148,14.532,312276,13.274,12.61,13.937,27688,11.722,11.136,12.308,72238,13.09,11.89,7.04,40.56
"B0011","https://nci-naaccr-zone-design.github.io/louisiana-2020/?address=B0011","Both","Leuks","10yrs","Cameron, Calcasieu","Moss Bluff, Cameron, DeQuincy, Carlyss, Sulphur, Vinton, Starks, Hackberry",10.631,10.099,11.162,638264,11.98,11.381,12.579,57664,17.341,16.474,18.208,72238,13.09,11.89,7.04,40.56
"B0011","https://nci-naaccr-zone-design.github.io/louisiana-2020/?address=B0011","Female","Leuks","10yrs","Cameron, Calcasieu","Moss Bluff, Cameron, DeQuincy, Carlyss, Sulphur, Vinton, Starks, Hackberry",6.573,6.245,6.902,325988,12.623,11.992,13.254,29976,8.159,7.751,8.567,72238,13.09,11.89,7.04,40.56
"B0011","https://nci-naaccr-zone-design.github.io/louisiana-2020/?address=B0011","Male","Leuks","10yrs","Cameron, Calcasieu","Moss Bluff, Cameron, DeQuincy, Carlyss, Sulphur, Vinton, Starks, Hackberry",17.125,16.269,17.981,312276,18.657,17.724,19.59,27688,8.949,8.502,9.396,72238,13.09,11.89,7.04,40.56
"B0011","https://nci-naaccr-zone-design.github.io/louisiana-2020/?address=B0011","Both","Oral","10yrs","Cameron, Calcasieu","Moss Bluff, Cameron, DeQuincy, Carlyss, Sulphur, Vinton, Starks, Hackberry",11.466,10.892,12.039,638264,13.936,13.239,14.633,57664,7.18,6.821,7.539,72238,13.09,11.89,7.04,40.56
"B0011","https://nci-naaccr-zone-design.github.io/louisiana-2020/?address=B0011","Female","Oral","10yrs","Cameron, Calcasieu","Moss Bluff, Cameron, DeQuincy, Carlyss, Sulphur, Vinton, Starks, Hackberry",6.769,6.431,7.108,325988,5.088,4.833,5.342,29976,8.743,8.306,9.18,72238,13.09,11.89,7.04,40.56
"B0011","https://nci-naaccr-zone-design.github.io/louisiana-2020/?address=B0011","Male","Oral","10yrs","Cameron, Calcasieu","Moss Bluff, Cameron, DeQuincy, Carlyss, Sulphur, Vinton, Starks, Hackberry",24.841,23.599,26.083,312276,24.327,23.111,25.544,27688,19.247,18.285,20.209,72238,13.09,11.89,7.04,40.56
"B0011","https://nci-naaccr-zone-design.github.io/louisiana-2020/?address=B0011","Both","Thyroid","10yrs","Cameron, Calcasieu","Moss Bluff, Cameron, DeQuincy, Carlyss, Sulphur, Vinton, Starks, Hackberry",14.006,13.306,14.707,638264,15.872,15.079,16.666,57664,14.804,14.063,15.544,72238,13.09,11.89,7.04,40.56
"B0011","https://nci-naaccr-zone-design.github.io/louisiana-2020/?address=B0011","Female","Thyroid","10yrs","Cameron, Calcasieu","Moss Bluff, Cameron, DeQuincy, Carlyss, Sulphur, Vinton, Starks, Hackberry",13.182,12.523,13.841,325988,13.49,12.816,14.165,29976,22.497,21.372,23.621,72238,13.09,11.89,7.04,40.56
"B0011","https://nci-naaccr-zone-design.github.io/louisiana-2020/?address=B0011","Male","Thyroid","10yrs","Cameron, Calcasieu","Moss Bluff, Cameron, DeQuincy, Carlyss, Sulphur, Vinton, Starks, Hackberry",3.447,3.275,3.62,312276,3.029,2.878,3.181,27688,"","","",72238,13.09,11.89,7.04,40.56
"B0011","https://nci-naaccr-zone-design.github.io/louisiana-2020/?address=B0011","Female","Uterine","10yrs","Cameron, Calcasieu","Moss Bluff, Cameron, DeQuincy, Carlyss, Sulphur, Vinton, Starks, Hackberry",14.967,14.219,15.715,325988,16.867,16.023,17.71,29976,18.488,17.564,19.413,72238,13.09,11.89,7.04,40.56
"B0011","https://nci-naaccr-zone-design.github.io/louisiana-2020/?address=B0011","Both","Liver","10yrs","Cameron, Calcasieu","Moss Bluff, Cameron, DeQuincy, Carlyss, Sulphur, Vinton, Starks, Hackberry",11.819,11.228,12.41,638264,12.059,11.456,12.662,57664,8.764,8.326,9.202,72238,13.09,11.89,7.04,40.56
"B0011","https://nci-naaccr-zone-design.github.io/louisiana-2020/?address=B0011","Female","Liver","10yrs","Cameron, Calcasieu","Moss Bluff, Cameron, DeQuincy, Carlyss, Sulphur, Vinton, Starks, Hackberry",6.511,6.185,6.837,325988,2.208,2.098,2.318,29976,5.812,5.521,6.103,72238,13.09,11.89,7.04,40.56
"B0011","https://nci-naaccr-zone-design.github.io/louisiana-2020/?address=B0011","Male","Liver","10yrs","Cameron, Calcasieu","Moss Bluff, Cameron, DeQuincy, Carlyss, Sulphur, Vinton, Starks, Hackberry",14.319,13.603,15.035,312276,14.677,13.943,15.411,27688,11.762,11.174,12.35,72238,13.09,11.89,7.04,40.56
"B0011","https://nci-naaccr-zone-design.github.io/louisiana-2020/?address=B0011","Both","Stomach","10yrs","Cameron, Calcasieu","Moss Bluff, Cameron, DeQuincy, Carlyss, Sulphur, Vinton, Starks, Hackberry",10.369,9.85,10.887,638264,7.027,6.676,7.379,57664,7.127,6.771,7.484,72238,13.09,11.89,7.04,40.56
"B0011","https://nci-naaccr-zone-design.github.io/louisiana-2020/?address=B0011","Female","Stomach","10yrs","Cameron, Calcasieu","Moss Bluff, Cameron, DeQuincy, Carlyss, Sulphur, Vinton, Starks, Hackberry",6.368,6.049,6.686,325988,9.215,8.755,9.676,29976,10.004,9.504,10.504,72238,13.09,11.89,7.04,40.56
"B0011","https://nci-naaccr-zone-design.github.io/louisiana-2020/?address=B0011","Male","Stomach","10yrs","Cameron, Calcasieu","Moss Bluff, Cameron, DeQuincy, Carlyss, Sulphur, Vinton, Starks, Hackberry",12.747,12.11,13.385,312276,7.402,7.032,7.772,27688,5.954,5.657,6.252,72238,13.09,11.89,7.04,40.56
"B0011","https://nci-naaccr-zone-design.github.io/louisiana-2020/?address=B0011","Both","Myeloma","10yrs","Cameron, Calcasieu","Moss Bluff, Cameron, DeQuincy, Carlyss, Sulphur, Vinton, Starks, Hackberry",4.151,3.943,4.359,638264,11.0,10.45,11.55,57664,11.489,10.914,12.063,72238,13.09,11.89,7.04,40.56
"B0011","https://nci-naaccr-zone-design.github.io/louisiana-2020/?address=B0011","Female","Myeloma","10yrs","Cameron, Calcasieu","Moss Bluff, Cameron, DeQuincy, Carlyss, Sulphur, Vinton, Starks, Hackberry",2.85,2.708,2.993,325988,10.535,10.008,11.062,29976,"","","",72238,13.09,11.89,7.04,40.56
"B0011","https://nci-naaccr-zone-design.github.io/louisiana-2020/?address=B0011","Male","Myeloma","10yrs","Cameron, Calcasieu","Moss Bluff, Cameron, DeQuincy, Carlyss, Sulphur, Vinton, Starks, Hackberry",10.42,9.899,10.941,312276,12.785,12.145,13.424,27688,11.49,10.916,12.065,72238,13.09,11.89,7.04,40.56
"B0011","https://nci-naaccr-zone-design.github.io/louisiana-2020/?address=B0011","Both","Brain","10yrs","Cameron, Calcasieu","Moss Bluff, Cameron, DeQuincy, Carlyss, Sulphur, Vinton, Starks, Hackberry",4.173,3.965,4.382,638264,5.932,5.635,6.228,57664,4.322,4.106,4.538,72238,13.09,11.89,7.04,40.56
"B0011","https://nci-naaccr-zone-design.github.io/louisiana-2020/?address=B0011","Female","Brain","10yrs","Cameron, Calcasieu","Moss Bluff, Cameron, DeQuincy, Carlyss, Sulphur, Vinton, Starks, Hackberry",6.181,5.872,6.491,325988,8.026,7.625,8.427,29976,"","","",72238,13.09,11.89,7.04,40.56
"B0011","https://nci-naaccr-zone-design.github.io/louisiana-2020/?address=B0011","Male","Brain","10yrs","Cameron, Calcasieu","Moss Bluff, Cameron, DeQuincy, Carlyss, Sulphur, Vinton, Starks, Hackberry",11.523,10.947,12.099,312276,4.574,4.346,4.803,27688,7.879,7.485,8.273,72238,13.09,11.89,7.04,40.56
"B0011","https://nci-naaccr-zone-design.github.io/louisiana-2020/?address=B0011","Both","Larynx","10yrs","Cameron, Calcasieu","Moss Bluff, Cameron, DeQuincy, Carlyss, Sulphur, Vinton, Starks, Hackberry",2.989,2.84,3.139,638264,3.043,2.891,3.195,57664,5.781,5.492,6.07,72238,13.09,11.89,7.04,40.56
"B0011","https://nci-naaccr-zone-design.github.io/louisiana-2020/?address=B0011","Female","Larynx","10yrs","Cameron, Calcasieu","Moss Bluff, Cameron, DeQuincy, Carlyss, Sulphur, Vinton, Starks, Hackberry",4.015,3.814,4.215,325988,0.517,0.491,0.543,29976,"","","",72238,13.09,11.89,7.04,40.56
"B0011","https://nci-naaccr-zone-design.github.io/louisiana-2020/?address=B0011","Male","Larynx","10yrs","Cameron, Calcasieu","Moss Bluff, Cameron, DeQuincy, Carlyss, Sulphur, Vinton, Starks, Hackberry",8.981,8.532,9.43,312276,9.667,9.184,10.151,27688,10.976,10.427,11.525,72238,13.09,11.89,7.04,40.56
"B0011","https://nci-naaccr-zone-design.github.io/louisiana-2020/?address=B0011","Female","Ovary","10yrs","Cameron, Calcasieu","Moss Bluff, Cameron, DeQuincy, Carlyss, Sulphur, Vinton, Starks, Hackberry",10.115,9.609,10.621,325988,7.631,7.25,8.013,29976,5.567,5.289,5.846,72238,13.09,11.89,7.04,40.56
"B0011","https://nci-naaccr-zone-design.github.io/louisiana-2020/?address=B0011","Both","Esoph","10yrs","Cameron, Calcasieu","Moss Bluff, Cameron, DeQuincy, Carlyss, Sulphur, Vinton, Starks, Hackberry",7.052,6.699,7.404,638264,4.064,3.86,4.267,57664,3.796,3.606,3.985,72238,13.09,11.89,7.04,40.56
"B0011","https://nci-naaccr-zone-design.github.io/louisiana-2020/?address=B0011","Female","Esoph","10yrs","Cameron, Calcasieu","Moss Bluff, Cameron, DeQuincy, Carlyss, Sulphur, Vinton, Starks, Hackberry",2.718,2.582,2.854,325988,1.236,1.174,1.298,29976,"","","",72238,13.09,11.89,7.04,40.56
"B0011","https://nci-naaccr-zone-design.github.io/louisiana-2020/?address=B0011","Male","Esoph","10yrs","Cameron, Calcasieu","Moss Bluff, Cameron, DeQuincy, Carlyss, Sulphur, Vinton, Starks, Hackberry",10.386,9.867,10.905,312276,9.995,9.495,10.494,27688,12.556,11.929,13.184,72238,13.09,11.89,7.04,40.56
