"Zone","URL","Sex","Cancer","Years","Counties","Places","AAIR","LCI","UCI","White_PopTot","White_AAIR","White_LCI","White_UCI","Black_PopTot","Black_AAIR","Black_LCI","Black_UCI","TotalPop","Pct100Pov","PctMinority","PctBlackNH","PctRural"
"A9043","https://nci-naaccr-zone-design.github.io/louisiana-2020/?address=A9043","Both","AllSite","05yrs","Lafayette","Carencro, Lafayette",484.925,460.678,509.171,141494,483.207,459.047,507.367,149182,447.182,424.823,469.541,58582,24.21,54.87,49.29,9.19
"A9043","https://nci-naaccr-zone-design.github.io/louisiana-2020/?address=A9043","Female","AllSite","05yrs","Lafayette","Carencro, Lafayette",410.661,390.128,431.194,70683,456.712,433.876,479.547,78209,361.341,343.274,379.408,58582,24.21,54.87,49.29,9.19
"A9043","https://nci-naaccr-zone-design.github.io/louisiana-2020/?address=A9043","Male","AllSite","05yrs","Lafayette","Carencro, Lafayette",675.123,641.367,708.879,70812,651.679,619.095,684.263,70973,634.204,602.494,665.915,58582,24.21,54.87,49.29,9.19
"A9043","https://nci-naaccr-zone-design.github.io/louisiana-2020/?address=A9043","Male","Prostate","05yrs","Lafayette","Carencro, Lafayette",141.423,134.352,148.495,70812,164.391,156.171,172.61,70973,202.923,192.777,213.069,58582,24.21,54.87,49.29,9.19
"A9043","https://nci-naaccr-zone-design.github.io/louisiana-2020/?address=A9043","Both","Lung","05yrs","Lafayette","Carencro, Lafayette",72.552,68.924,76.179,141494,46.073,43.769,48.377,149182,74.895,71.15,78.639,58582,24.21,54.87,49.29,9.19
"A9043","https://nci-naaccr-zone-design.github.io/louisiana-2020/?address=A9043","Female","Lung","05yrs","Lafayette","Carencro, Lafayette",49.86,47.367,52.353,70683,68.163,64.755,71.572,78209,65.472,62.198,68.746,58582,24.21,54.87,49.29,9.19
"A9043","https://nci-naaccr-zone-design.github.io/louisiana-2020/?address=A9043","Male","Lung","05yrs","Lafayette","Carencro, Lafayette",98.074,93.17,102.977,70812,83.601,79.421,87.781,70973,105.679,100.395,110.963,58582,24.21,54.87,49.29,9.19
"A9043","https://nci-naaccr-zone-design.github.io/louisiana-2020/?address=A9043","Female","Breast","05yrs","Lafayette","Carencro, Lafayette",131.648,125.065,138.23,70683,130.786,124.247,137.325,78209,125.24,118.978,131.502,58582,24.21,54.87,49.29,9.19
"A9043","https://nci-naaccr-zone-design.github.io/louisiana-2020/?address=A9043","Both","CRC","05yrs","Lafayette","Carencro, Lafayette",56.992,54.142,59.841,141494,38.837,36.896,40.779,149182,50.86,48.317,53.403,58582,24.21,54.87,49.29,9.19
"A9043","https://nci-naaccr-zone-design.github.io/louisiana-2020/?address=A9043","Female","CRC","05yrs","Lafayette","Carencro, Lafayette",42.678,40.545,44.812,70683,42.55,40.422,44.677,78209,33.766,32.077,35.454,58582,24.21,54.87,49.29,9.19
"A9043","https://nci-naaccr-zone-design.github.io/louisiana-2020/?address=A9043","Male","CRC","05yrs","Lafayette","Carencro, Lafayette",58.08,55.176,60.984,70812,52.157,49.549,54.765,70973,40.074,38.07,42.078,58582,24.21,54.87,49.29,9.19
"A9043","https://nci-naaccr-zone-design.github.io/louisiana-2020/?address=A9043","Both","Kidney","05yrs","Lafayette","Carencro, Lafayette",24.415,23.194,25.636,141494,17.085,16.231,17.94,149182,25.342,24.075,26.609,58582,24.21,54.87,49.29,9.19
"A9043","https://nci-naaccr-zone-design.github.io/louisiana-2020/?address=A9043","Female","Kidney","05yrs","Lafayette","Carencro, Lafayette",12.654,12.021,13.286,70683,17.181,16.322,18.04,78209,16.373,15.554,17.191,58582,24.21,54.87,49.29,9.19
"A9043","https://nci-naaccr-zone-design.github.io/louisiana-2020/?address=A9043","Male","Kidney","05yrs","Lafayette","Carencro, Lafayette",33.331,31.664,34.997,70812,32.877,31.233,34.521,70973,19.074,18.121,20.028,58582,24.21,54.87,49.29,9.19
"A9043","https://nci-naaccr-zone-design.github.io/louisiana-2020/?address=A9043","Both","NHL","05yrs","Lafayette","Carencro, Lafayette",21.46,20.387,22.533,141494,15.085,14.331,15.84,149182,14.719,13.983,15.455,58582,24.21,54.87,49.29,9.19
"A9043","https://nci-naaccr-zone-design.github.io/louisiana-2020/?address=A9043","Female","NHL","05yrs","Lafayette","Carencro, Lafayette",17.275,16.412,18.139,70683,10.277,9.764,10.791,78209,10.306,9.791,10.822,58582,24.21,54.87,49.29,9.19
"A9043","https://nci-naaccr-zone-design.github.io/louisiana-2020/?address=A9043","Male","NHL","05yrs","Lafayette","Carencro, Lafayette",21.266,20.203,22.329,70812,17.258,16.395,18.121,70973,28.659,27.226,30.092,58582,24.21,54.87,49.29,9.19
"A9043","https://nci-naaccr-zone-design.github.io/louisiana-2020/?address=A9043","Both","Urinary","05yrs","Lafayette","Carencro, Lafayette",25.246,23.984,26.509,141494,26.319,25.003,27.635,149182,21.497,20.422,22.572,58582,24.21,54.87,49.29,9.19
"A9043","https://nci-naaccr-zone-design.github.io/louisiana-2020/?address=A9043","Female","Urinary","05yrs","Lafayette","Carencro, Lafayette",10.249,9.736,10.761,70683,7.618,7.237,7.999,78209,10.75,10.212,11.287,58582,24.21,54.87,49.29,9.19
"A9043","https://nci-naaccr-zone-design.github.io/louisiana-2020/?address=A9043","Male","Urinary","05yrs","Lafayette","Carencro, Lafayette",22.955,21.808,24.103,70812,25.857,24.565,27.15,70973,22.54,21.413,23.667,58582,24.21,54.87,49.29,9.19
"A9043","https://nci-naaccr-zone-design.github.io/louisiana-2020/?address=A9043","Both","Mela","05yrs","Lafayette","Carencro, Lafayette",24.525,23.299,25.752,141494,15.161,14.403,15.919,149182,17.552,16.675,18.43,58582,24.21,54.87,49.29,9.19
"A9043","https://nci-naaccr-zone-design.github.io/louisiana-2020/?address=A9043","Female","Mela","05yrs","Lafayette","Carencro, Lafayette",15.045,14.293,15.797,70683,14.451,13.728,15.174,78209,5.876,5.582,6.17,58582,24.21,54.87,49.29,9.19
"A9043","https://nci-naaccr-zone-design.github.io/louisiana-2020/?address=A9043","Male","Mela","05yrs","Lafayette","Carencro, Lafayette",36.294,34.48,38.109,70812,6.805,6.465,7.146,70973,17.208,16.348,18.069,58582,24.21,54.87,49.29,9.19
"A9043","https://nci-naaccr-zone-design.github.io/louisiana-2020/?address=A9043","Both","Pancreas","05yrs","Lafayette","Carencro, Lafayette",12.817,12.176,13.458,141494,15.043,14.291,15.795,149182,11.289,10.725,11.854,58582,24.21,54.87,49.29,9.19
"A9043","https://nci-naaccr-zone-design.github.io/louisiana-2020/?address=A9043","Female","Pancreas","05yrs","Lafayette","Carencro, Lafayette",17.351,16.483,18.218,70683,15.632,14.851,16.414,78209,10.95,10.402,11.497,58582,24.21,54.87,49.29,9.19
"A9043","https://nci-naaccr-zone-design.github.io/louisiana-2020/?address=A9043","Male","Pancreas","05yrs","Lafayette","Carencro, Lafayette",14.301,13.586,15.016,70812,12.586,11.956,13.215,70973,17.912,17.017,18.808,58582,24.21,54.87,49.29,9.19
"A9043","https://nci-naaccr-zone-design.github.io/louisiana-2020/?address=A9043","Both","Leuks","05yrs","Lafayette","Carencro, Lafayette",13.537,12.86,14.214,141494,12.364,11.746,12.982,149182,14.486,13.762,15.211,58582,24.21,54.87,49.29,9.19
"A9043","https://nci-naaccr-zone-design.github.io/louisiana-2020/?address=A9043","Female","Leuks","05yrs","Lafayette","Carencro, Lafayette",12.672,12.039,13.306,70683,12.065,11.461,12.668,78209,6.952,6.605,7.3,58582,24.21,54.87,49.29,9.19
"A9043","https://nci-naaccr-zone-design.github.io/louisiana-2020/?address=A9043","Male","Leuks","05yrs","Lafayette","Carencro, Lafayette",20.221,19.21,21.232,70812,21.667,20.584,22.751,70973,19.642,18.66,20.624,58582,24.21,54.87,49.29,9.19
"A9043","https://nci-naaccr-zone-design.github.io/louisiana-2020/?address=A9043","Both","Oral","05yrs","Lafayette","Carencro, Lafayette",15.632,14.85,16.413,141494,12.269,11.656,12.883,149182,10.625,10.094,11.156,58582,24.21,54.87,49.29,9.19
"A9043","https://nci-naaccr-zone-design.github.io/louisiana-2020/?address=A9043","Female","Oral","05yrs","Lafayette","Carencro, Lafayette",6.792,6.453,7.132,70683,"","","",78209,5.096,4.841,5.35,58582,24.21,54.87,49.29,9.19
"A9043","https://nci-naaccr-zone-design.github.io/louisiana-2020/?address=A9043","Male","Oral","05yrs","Lafayette","Carencro, Lafayette",28.084,26.679,29.488,70812,27.726,26.339,29.112,70973,14.656,13.923,15.389,58582,24.21,54.87,49.29,9.19
"A9043","https://nci-naaccr-zone-design.github.io/louisiana-2020/?address=A9043","Both","Thyroid","05yrs","Lafayette","Carencro, Lafayette",11.172,10.613,11.73,141494,10.319,9.803,10.835,149182,8.947,8.5,9.395,58582,24.21,54.87,49.29,9.19
"A9043","https://nci-naaccr-zone-design.github.io/louisiana-2020/?address=A9043","Female","Thyroid","05yrs","Lafayette","Carencro, Lafayette",23.021,21.87,24.172,70683,16.482,15.658,17.306,78209,23.017,21.866,24.168,58582,24.21,54.87,49.29,9.19
"A9043","https://nci-naaccr-zone-design.github.io/louisiana-2020/?address=A9043","Male","Thyroid","05yrs","Lafayette","Carencro, Lafayette",7.317,6.952,7.683,70812,8.726,8.29,9.163,70973,6.207,5.897,6.518,58582,24.21,54.87,49.29,9.19
"A9043","https://nci-naaccr-zone-design.github.io/louisiana-2020/?address=A9043","Female","Uterine","05yrs","Lafayette","Carencro, Lafayette",21.708,20.622,22.793,70683,13.239,12.577,13.901,78209,23.102,21.947,24.258,58582,24.21,54.87,49.29,9.19
"A9043","https://nci-naaccr-zone-design.github.io/louisiana-2020/?address=A9043","Both","Liver","05yrs","Lafayette","Carencro, Lafayette",6.749,6.411,7.086,141494,14.012,13.311,14.713,149182,13.677,12.993,14.361,58582,24.21,54.87,49.29,9.19
"A9043","https://nci-naaccr-zone-design.github.io/louisiana-2020/?address=A9043","Female","Liver","05yrs","Lafayette","Carencro, Lafayette","","","",70683,"","","",78209,6.79,6.451,7.13,58582,24.21,54.87,49.29,9.19
"A9043","https://nci-naaccr-zone-design.github.io/louisiana-2020/?address=A9043","Male","Liver","05yrs","Lafayette","Carencro, Lafayette",19.267,18.304,20.231,70812,22.324,21.207,23.44,70973,17.776,16.887,18.665,58582,24.21,54.87,49.29,9.19
"A9043","https://nci-naaccr-zone-design.github.io/louisiana-2020/?address=A9043","Both","Stomach","05yrs","Lafayette","Carencro, Lafayette",9.407,8.937,9.877,141494,9.93,9.433,10.426,149182,5.878,5.584,6.172,58582,24.21,54.87,49.29,9.19
"A9043","https://nci-naaccr-zone-design.github.io/louisiana-2020/?address=A9043","Female","Stomach","05yrs","Lafayette","Carencro, Lafayette",10.039,9.537,10.541,70683,6.593,6.263,6.923,78209,6.238,5.926,6.55,58582,24.21,54.87,49.29,9.19
"A9043","https://nci-naaccr-zone-design.github.io/louisiana-2020/?address=A9043","Male","Stomach","05yrs","Lafayette","Carencro, Lafayette",15.39,14.621,16.16,70812,4.621,4.39,4.852,70973,4.58,4.351,4.809,58582,24.21,54.87,49.29,9.19
"A9043","https://nci-naaccr-zone-design.github.io/louisiana-2020/?address=A9043","Both","Myeloma","05yrs","Lafayette","Carencro, Lafayette",8.526,8.1,8.953,141494,14.573,13.844,15.302,149182,13.104,12.449,13.759,58582,24.21,54.87,49.29,9.19
"A9043","https://nci-naaccr-zone-design.github.io/louisiana-2020/?address=A9043","Female","Myeloma","05yrs","Lafayette","Carencro, Lafayette",7.14,6.783,7.497,70683,10.461,9.938,10.984,78209,9.743,9.256,10.23,58582,24.21,54.87,49.29,9.19
"A9043","https://nci-naaccr-zone-design.github.io/louisiana-2020/?address=A9043","Male","Myeloma","05yrs","Lafayette","Carencro, Lafayette",5.682,5.398,5.966,70812,12.492,11.867,13.116,70973,4.766,4.528,5.004,58582,24.21,54.87,49.29,9.19
"A9043","https://nci-naaccr-zone-design.github.io/louisiana-2020/?address=A9043","Both","Brain","05yrs","Lafayette","Carencro, Lafayette",3.834,3.642,4.026,141494,6.574,6.245,6.903,149182,4.207,3.997,4.417,58582,24.21,54.87,49.29,9.19
"A9043","https://nci-naaccr-zone-design.github.io/louisiana-2020/?address=A9043","Female","Brain","05yrs","Lafayette","Carencro, Lafayette",6.884,6.54,7.228,70683,7.262,6.899,7.625,78209,5.646,5.364,5.929,58582,24.21,54.87,49.29,9.19
"A9043","https://nci-naaccr-zone-design.github.io/louisiana-2020/?address=A9043","Male","Brain","05yrs","Lafayette","Carencro, Lafayette",7.977,7.578,8.375,70812,8.327,7.911,8.743,70973,7.366,6.998,7.735,58582,24.21,54.87,49.29,9.19
"A9043","https://nci-naaccr-zone-design.github.io/louisiana-2020/?address=A9043","Both","Larynx","05yrs","Lafayette","Carencro, Lafayette",8.591,8.162,9.021,141494,8.1,7.695,8.505,149182,8.38,7.961,8.799,58582,24.21,54.87,49.29,9.19
"A9043","https://nci-naaccr-zone-design.github.io/louisiana-2020/?address=A9043","Female","Larynx","05yrs","Lafayette","Carencro, Lafayette",2.532,2.405,2.659,70683,"","","",78209,"","","",58582,24.21,54.87,49.29,9.19
"A9043","https://nci-naaccr-zone-design.github.io/louisiana-2020/?address=A9043","Male","Larynx","05yrs","Lafayette","Carencro, Lafayette",7.285,6.92,7.649,70812,11.4,10.83,11.971,70973,11.297,10.732,11.862,58582,24.21,54.87,49.29,9.19
"A9043","https://nci-naaccr-zone-design.github.io/louisiana-2020/?address=A9043","Female","Ovary","05yrs","Lafayette","Carencro, Lafayette",5.163,4.905,5.421,70683,11.886,11.291,12.48,78209,7.558,7.18,7.936,58582,24.21,54.87,49.29,9.19
"A9043","https://nci-naaccr-zone-design.github.io/louisiana-2020/?address=A9043","Both","Esoph","05yrs","Lafayette","Carencro, Lafayette",3.302,3.136,3.467,141494,5.274,5.011,5.538,149182,7.701,7.316,8.086,58582,24.21,54.87,49.29,9.19
"A9043","https://nci-naaccr-zone-design.github.io/louisiana-2020/?address=A9043","Female","Esoph","05yrs","Lafayette","Carencro, Lafayette",2.131,2.024,2.237,70683,"","","",78209,"","","",58582,24.21,54.87,49.29,9.19
"A9043","https://nci-naaccr-zone-design.github.io/louisiana-2020/?address=A9043","Male","Esoph","05yrs","Lafayette","Carencro, Lafayette",8.152,7.744,8.559,70812,9.972,9.473,10.47,70973,7.243,6.881,7.605,58582,24.21,54.87,49.29,9.19
"A9043","https://nci-naaccr-zone-design.github.io/louisiana-2020/?address=A9043","Both","AllSite","10yrs","Lafayette","Carencro, Lafayette",454.057,431.354,476.76,278730,477.064,453.211,500.917,292572,503.662,478.479,528.845,58582,24.21,54.87,49.29,9.19
"A9043","https://nci-naaccr-zone-design.github.io/louisiana-2020/?address=A9043","Female","AllSite","10yrs","Lafayette","Carencro, Lafayette",450.037,427.535,472.539,139771,380.402,361.382,399.422,153447,408.992,388.543,429.442,58582,24.21,54.87,49.29,9.19
"A9043","https://nci-naaccr-zone-design.github.io/louisiana-2020/?address=A9043","Male","AllSite","10yrs","Lafayette","Carencro, Lafayette",623.109,591.953,654.264,138959,555.107,527.351,582.862,139125,663.571,630.392,696.749,58582,24.21,54.87,49.29,9.19
"A9043","https://nci-naaccr-zone-design.github.io/louisiana-2020/?address=A9043","Male","Prostate","10yrs","Lafayette","Carencro, Lafayette",183.521,174.345,192.698,138959,187.756,178.368,197.144,139125,172.442,163.82,181.065,58582,24.21,54.87,49.29,9.19
"A9043","https://nci-naaccr-zone-design.github.io/louisiana-2020/?address=A9043","Both","Lung","10yrs","Lafayette","Carencro, Lafayette",80.899,76.854,84.944,278730,67.19,63.83,70.549,292572,76.499,72.674,80.324,58582,24.21,54.87,49.29,9.19
"A9043","https://nci-naaccr-zone-design.github.io/louisiana-2020/?address=A9043","Female","Lung","10yrs","Lafayette","Carencro, Lafayette",68.396,64.976,71.815,139771,66.045,62.743,69.347,153447,70.22,66.709,73.731,58582,24.21,54.87,49.29,9.19
"A9043","https://nci-naaccr-zone-design.github.io/louisiana-2020/?address=A9043","Male","Lung","10yrs","Lafayette","Carencro, Lafayette",75.741,71.954,79.528,138959,94.228,89.517,98.94,139125,96.172,91.363,100.98,58582,24.21,54.87,49.29,9.19
"A9043","https://nci-naaccr-zone-design.github.io/louisiana-2020/?address=A9043","Female","Breast","10yrs","Lafayette","Carencro, Lafayette",105.373,100.104,110.642,139771,117.977,112.078,123.876,153447,103.885,98.691,109.079,58582,24.21,54.87,49.29,9.19
"A9043","https://nci-naaccr-zone-design.github.io/louisiana-2020/?address=A9043","Both","CRC","10yrs","Lafayette","Carencro, Lafayette",35.963,34.165,37.761,278730,59.347,56.38,62.315,292572,56.929,54.083,59.776,58582,24.21,54.87,49.29,9.19
"A9043","https://nci-naaccr-zone-design.github.io/louisiana-2020/?address=A9043","Female","CRC","10yrs","Lafayette","Carencro, Lafayette",50.966,48.418,53.514,139771,51.33,48.764,53.897,153447,37.663,35.78,39.546,58582,24.21,54.87,49.29,9.19
"A9043","https://nci-naaccr-zone-design.github.io/louisiana-2020/?address=A9043","Male","CRC","10yrs","Lafayette","Carencro, Lafayette",63.844,60.652,67.036,138959,57.315,54.449,60.181,139125,55.553,52.776,58.331,58582,24.21,54.87,49.29,9.19
"A9043","https://nci-naaccr-zone-design.github.io/louisiana-2020/?address=A9043","Both","Kidney","10yrs","Lafayette","Carencro, Lafayette",24.712,23.476,25.947,278730,16.211,15.401,17.022,292572,24.308,23.092,25.523,58582,24.21,54.87,49.29,9.19
"A9043","https://nci-naaccr-zone-design.github.io/louisiana-2020/?address=A9043","Female","Kidney","10yrs","Lafayette","Carencro, Lafayette",9.652,9.169,10.135,139771,17.247,16.385,18.11,153447,10.677,10.143,11.211,58582,24.21,54.87,49.29,9.19
"A9043","https://nci-naaccr-zone-design.github.io/louisiana-2020/?address=A9043","Male","Kidney","10yrs","Lafayette","Carencro, Lafayette",30.153,28.645,31.66,138959,21.052,19.999,22.104,139125,22.919,21.773,24.064,58582,24.21,54.87,49.29,9.19
"A9043","https://nci-naaccr-zone-design.github.io/louisiana-2020/?address=A9043","Both","NHL","10yrs","Lafayette","Carencro, Lafayette",19.911,18.915,20.906,278730,19.622,18.641,20.604,292572,18.35,17.432,19.267,58582,24.21,54.87,49.29,9.19
"A9043","https://nci-naaccr-zone-design.github.io/louisiana-2020/?address=A9043","Female","NHL","10yrs","Lafayette","Carencro, Lafayette",12.526,11.899,13.152,139771,22.408,21.287,23.528,153447,22.535,21.408,23.662,58582,24.21,54.87,49.29,9.19
"A9043","https://nci-naaccr-zone-design.github.io/louisiana-2020/?address=A9043","Male","NHL","10yrs","Lafayette","Carencro, Lafayette",21.751,20.664,22.839,138959,30.423,28.901,31.944,139125,30.03,28.529,31.532,58582,24.21,54.87,49.29,9.19
"A9043","https://nci-naaccr-zone-design.github.io/louisiana-2020/?address=A9043","Both","Urinary","10yrs","Lafayette","Carencro, Lafayette",21.562,20.484,22.64,278730,23.359,22.191,24.527,292572,18.816,17.875,19.757,58582,24.21,54.87,49.29,9.19
"A9043","https://nci-naaccr-zone-design.github.io/louisiana-2020/?address=A9043","Female","Urinary","10yrs","Lafayette","Carencro, Lafayette",13.993,13.294,14.693,139771,12.668,12.034,13.301,153447,5.624,5.343,5.905,58582,24.21,54.87,49.29,9.19
"A9043","https://nci-naaccr-zone-design.github.io/louisiana-2020/?address=A9043","Male","Urinary","10yrs","Lafayette","Carencro, Lafayette",41.04,38.988,43.092,138959,37.602,35.722,39.483,139125,44.521,42.295,46.747,58582,24.21,54.87,49.29,9.19
"A9043","https://nci-naaccr-zone-design.github.io/louisiana-2020/?address=A9043","Both","Mela","10yrs","Lafayette","Carencro, Lafayette",23.706,22.521,24.892,278730,23.725,22.539,24.912,292572,7.173,6.815,7.532,58582,24.21,54.87,49.29,9.19
"A9043","https://nci-naaccr-zone-design.github.io/louisiana-2020/?address=A9043","Female","Mela","10yrs","Lafayette","Carencro, Lafayette",11.517,10.941,12.093,139771,18.312,17.397,19.228,153447,22.347,21.23,23.464,58582,24.21,54.87,49.29,9.19
"A9043","https://nci-naaccr-zone-design.github.io/louisiana-2020/?address=A9043","Male","Mela","10yrs","Lafayette","Carencro, Lafayette",34.701,32.966,36.437,138959,26.824,25.483,28.165,139125,33.431,31.759,35.103,58582,24.21,54.87,49.29,9.19
"A9043","https://nci-naaccr-zone-design.github.io/louisiana-2020/?address=A9043","Both","Pancreas","10yrs","Lafayette","Carencro, Lafayette",17.582,16.703,18.461,278730,13.069,12.416,13.723,292572,15.55,14.772,16.327,58582,24.21,54.87,49.29,9.19
"A9043","https://nci-naaccr-zone-design.github.io/louisiana-2020/?address=A9043","Female","Pancreas","10yrs","Lafayette","Carencro, Lafayette",15.535,14.758,16.312,139771,13.189,12.529,13.848,153447,11.778,11.189,12.367,58582,24.21,54.87,49.29,9.19
"A9043","https://nci-naaccr-zone-design.github.io/louisiana-2020/?address=A9043","Male","Pancreas","10yrs","Lafayette","Carencro, Lafayette",9.613,9.133,10.094,138959,11.967,11.369,12.565,139125,11.296,10.731,11.861,58582,24.21,54.87,49.29,9.19
"A9043","https://nci-naaccr-zone-design.github.io/louisiana-2020/?address=A9043","Both","Leuks","10yrs","Lafayette","Carencro, Lafayette",13.165,12.507,13.823,278730,9.282,8.818,9.747,292572,12.568,11.939,13.196,58582,24.21,54.87,49.29,9.19
"A9043","https://nci-naaccr-zone-design.github.io/louisiana-2020/?address=A9043","Female","Leuks","10yrs","Lafayette","Carencro, Lafayette",14.066,13.363,14.77,139771,9.43,8.959,9.902,153447,11.567,10.989,12.145,58582,24.21,54.87,49.29,9.19
"A9043","https://nci-naaccr-zone-design.github.io/louisiana-2020/?address=A9043","Male","Leuks","10yrs","Lafayette","Carencro, Lafayette",12.813,12.172,13.453,138959,22.86,21.717,24.003,139125,18.9,17.955,19.846,58582,24.21,54.87,49.29,9.19
"A9043","https://nci-naaccr-zone-design.github.io/louisiana-2020/?address=A9043","Both","Oral","10yrs","Lafayette","Carencro, Lafayette",8.781,8.341,9.22,278730,14.757,14.019,15.495,292572,14.809,14.069,15.55,58582,24.21,54.87,49.29,9.19
"A9043","https://nci-naaccr-zone-design.github.io/louisiana-2020/?address=A9043","Female","Oral","10yrs","Lafayette","Carencro, Lafayette",5.202,4.942,5.462,139771,7.878,7.484,8.272,153447,6.036,5.734,6.338,58582,24.21,54.87,49.29,9.19
"A9043","https://nci-naaccr-zone-design.github.io/louisiana-2020/?address=A9043","Male","Oral","10yrs","Lafayette","Carencro, Lafayette",10.387,9.868,10.906,138959,12.442,11.82,13.064,139125,19.135,18.178,20.092,58582,24.21,54.87,49.29,9.19
"A9043","https://nci-naaccr-zone-design.github.io/louisiana-2020/?address=A9043","Both","Thyroid","10yrs","Lafayette","Carencro, Lafayette",9.258,8.795,9.721,278730,12.196,11.586,12.806,292572,16.965,16.117,17.813,58582,24.21,54.87,49.29,9.19
"A9043","https://nci-naaccr-zone-design.github.io/louisiana-2020/?address=A9043","Female","Thyroid","10yrs","Lafayette","Carencro, Lafayette",25.471,24.198,26.745,139771,10.973,10.425,11.522,153447,12.32,11.704,12.936,58582,24.21,54.87,49.29,9.19
"A9043","https://nci-naaccr-zone-design.github.io/louisiana-2020/?address=A9043","Male","Thyroid","10yrs","Lafayette","Carencro, Lafayette",3.403,3.232,3.573,138959,2.745,2.608,2.882,139125,7.334,6.967,7.7,58582,24.21,54.87,49.29,9.19
"A9043","https://nci-naaccr-zone-design.github.io/louisiana-2020/?address=A9043","Female","Uterine","10yrs","Lafayette","Carencro, Lafayette",23.435,22.263,24.607,139771,21.701,20.616,22.786,153447,15.789,15.0,16.579,58582,24.21,54.87,49.29,9.19
"A9043","https://nci-naaccr-zone-design.github.io/louisiana-2020/?address=A9043","Both","Liver","10yrs","Lafayette","Carencro, Lafayette",15.399,14.629,16.169,278730,11.356,10.788,11.924,292572,12.668,12.034,13.301,58582,24.21,54.87,49.29,9.19
"A9043","https://nci-naaccr-zone-design.github.io/louisiana-2020/?address=A9043","Female","Liver","10yrs","Lafayette","Carencro, Lafayette",7.235,6.874,7.597,139771,2.642,2.51,2.774,153447,6.885,6.54,7.229,58582,24.21,54.87,49.29,9.19
"A9043","https://nci-naaccr-zone-design.github.io/louisiana-2020/?address=A9043","Male","Liver","10yrs","Lafayette","Carencro, Lafayette",9.292,8.827,9.757,138959,12.177,11.568,12.786,139125,11.909,11.314,12.505,58582,24.21,54.87,49.29,9.19
"A9043","https://nci-naaccr-zone-design.github.io/louisiana-2020/?address=A9043","Both","Stomach","10yrs","Lafayette","Carencro, Lafayette",10.82,10.279,11.361,278730,5.579,5.3,5.858,292572,4.17,3.961,4.378,58582,24.21,54.87,49.29,9.19
"A9043","https://nci-naaccr-zone-design.github.io/louisiana-2020/?address=A9043","Female","Stomach","10yrs","Lafayette","Carencro, Lafayette",6.678,6.344,7.012,139771,9.326,8.859,9.792,153447,4.167,3.958,4.375,58582,24.21,54.87,49.29,9.19
"A9043","https://nci-naaccr-zone-design.github.io/louisiana-2020/?address=A9043","Male","Stomach","10yrs","Lafayette","Carencro, Lafayette",5.956,5.658,6.253,138959,15.445,14.673,16.218,139125,8.055,7.653,8.458,58582,24.21,54.87,49.29,9.19
"A9043","https://nci-naaccr-zone-design.github.io/louisiana-2020/?address=A9043","Both","Myeloma","10yrs","Lafayette","Carencro, Lafayette",8.61,8.18,9.041,278730,5.023,4.771,5.274,292572,5.595,5.315,5.875,58582,24.21,54.87,49.29,9.19
"A9043","https://nci-naaccr-zone-design.github.io/louisiana-2020/?address=A9043","Female","Myeloma","10yrs","Lafayette","Carencro, Lafayette",3.123,2.967,3.279,139771,9.199,8.739,9.659,153447,10.266,9.753,10.779,58582,24.21,54.87,49.29,9.19
"A9043","https://nci-naaccr-zone-design.github.io/louisiana-2020/?address=A9043","Male","Myeloma","10yrs","Lafayette","Carencro, Lafayette",12.123,11.517,12.729,138959,11.487,10.913,12.062,139125,16.946,16.099,17.793,58582,24.21,54.87,49.29,9.19
"A9043","https://nci-naaccr-zone-design.github.io/louisiana-2020/?address=A9043","Both","Brain","10yrs","Lafayette","Carencro, Lafayette",8.237,7.825,8.649,278730,7.442,7.07,7.814,292572,5.643,5.361,5.926,58582,24.21,54.87,49.29,9.19
"A9043","https://nci-naaccr-zone-design.github.io/louisiana-2020/?address=A9043","Female","Brain","10yrs","Lafayette","Carencro, Lafayette",2.581,2.452,2.71,139771,6.705,6.37,7.041,153447,4.507,4.282,4.732,58582,24.21,54.87,49.29,9.19
"A9043","https://nci-naaccr-zone-design.github.io/louisiana-2020/?address=A9043","Male","Brain","10yrs","Lafayette","Carencro, Lafayette",8.011,7.611,8.412,138959,8.227,7.816,8.639,139125,10.578,10.049,11.106,58582,24.21,54.87,49.29,9.19
"A9043","https://nci-naaccr-zone-design.github.io/louisiana-2020/?address=A9043","Both","Larynx","10yrs","Lafayette","Carencro, Lafayette",3.758,3.57,3.946,278730,3.912,3.717,4.108,292572,7.655,7.272,8.038,58582,24.21,54.87,49.29,9.19
"A9043","https://nci-naaccr-zone-design.github.io/louisiana-2020/?address=A9043","Female","Larynx","10yrs","Lafayette","Carencro, Lafayette",1.835,1.744,1.927,139771,1.389,1.319,1.458,153447,1.843,1.751,1.935,58582,24.21,54.87,49.29,9.19
"A9043","https://nci-naaccr-zone-design.github.io/louisiana-2020/?address=A9043","Male","Larynx","10yrs","Lafayette","Carencro, Lafayette",12.113,11.507,12.718,138959,9.737,9.25,10.224,139125,8.93,8.483,9.376,58582,24.21,54.87,49.29,9.19
"A9043","https://nci-naaccr-zone-design.github.io/louisiana-2020/?address=A9043","Female","Ovary","10yrs","Lafayette","Carencro, Lafayette",6.854,6.511,7.197,139771,12.692,12.058,13.327,153447,9.048,8.596,9.501,58582,24.21,54.87,49.29,9.19
"A9043","https://nci-naaccr-zone-design.github.io/louisiana-2020/?address=A9043","Both","Esoph","10yrs","Lafayette","Carencro, Lafayette",4.468,4.245,4.691,278730,2.713,2.577,2.849,292572,7.877,7.483,8.271,58582,24.21,54.87,49.29,9.19
"A9043","https://nci-naaccr-zone-design.github.io/louisiana-2020/?address=A9043","Female","Esoph","10yrs","Lafayette","Carencro, Lafayette",1.103,1.047,1.158,139771,3.065,2.912,3.218,153447,"","","",58582,24.21,54.87,49.29,9.19
"A9043","https://nci-naaccr-zone-design.github.io/louisiana-2020/?address=A9043","Male","Esoph","10yrs","Lafayette","Carencro, Lafayette",6.963,6.615,7.311,138959,10.204,9.694,10.714,139125,5.766,5.478,6.055,58582,24.21,54.87,49.29,9.19
