"Zone","URL","Sex","Cancer","Years","Counties","Places","AAIR","LCI","UCI","White_PopTot","White_AAIR","White_LCI","White_UCI","Black_PopTot","Black_AAIR","Black_LCI","Black_UCI","TotalPop","Pct100Pov","PctMinority","PctBlackNH","PctRural"
"A9031","https://nci-naaccr-zone-design.github.io/louisiana-2020/?address=A9031","Both","AllSite","05yrs","Ascension","Prairieville",528.715,502.279,555.151,226152,483.576,459.397,507.755,32895,513.372,487.704,539.041,52290,8.39,18.43,10.82,8.49
"A9031","https://nci-naaccr-zone-design.github.io/louisiana-2020/?address=A9031","Female","AllSite","05yrs","Ascension","Prairieville",426.05,404.747,447.352,113654,424.746,403.508,445.983,17290,399.642,379.659,419.624,52290,8.39,18.43,10.82,8.49
"A9031","https://nci-naaccr-zone-design.github.io/louisiana-2020/?address=A9031","Male","AllSite","05yrs","Ascension","Prairieville",611.98,581.381,642.579,112498,610.273,579.759,640.786,15605,525.396,499.126,551.665,52290,8.39,18.43,10.82,8.49
"A9031","https://nci-naaccr-zone-design.github.io/louisiana-2020/?address=A9031","Male","Prostate","05yrs","Ascension","Prairieville",162.658,154.525,170.791,112498,184.895,175.65,194.14,15605,144.752,137.515,151.99,52290,8.39,18.43,10.82,8.49
"A9031","https://nci-naaccr-zone-design.github.io/louisiana-2020/?address=A9031","Both","Lung","05yrs","Ascension","Prairieville",58.954,56.007,61.902,226152,68.606,65.176,72.037,32895,71.058,67.505,74.611,52290,8.39,18.43,10.82,8.49
"A9031","https://nci-naaccr-zone-design.github.io/louisiana-2020/?address=A9031","Female","Lung","05yrs","Ascension","Prairieville",64.069,60.865,67.272,113654,43.134,40.977,45.29,17290,53.795,51.106,56.485,52290,8.39,18.43,10.82,8.49
"A9031","https://nci-naaccr-zone-design.github.io/louisiana-2020/?address=A9031","Male","Lung","05yrs","Ascension","Prairieville",101.366,96.298,106.435,112498,117.806,111.916,123.697,15605,103.37,98.201,108.538,52290,8.39,18.43,10.82,8.49
"A9031","https://nci-naaccr-zone-design.github.io/louisiana-2020/?address=A9031","Female","Breast","05yrs","Ascension","Prairieville",133.727,127.041,140.414,113654,106.639,101.307,111.971,17290,123.404,117.234,129.574,52290,8.39,18.43,10.82,8.49
"A9031","https://nci-naaccr-zone-design.github.io/louisiana-2020/?address=A9031","Both","CRC","05yrs","Ascension","Prairieville",45.702,43.417,47.988,226152,39.926,37.93,41.922,32895,38.591,36.661,40.52,52290,8.39,18.43,10.82,8.49
"A9031","https://nci-naaccr-zone-design.github.io/louisiana-2020/?address=A9031","Female","CRC","05yrs","Ascension","Prairieville",46.324,44.007,48.64,113654,54.105,51.4,56.81,17290,41.862,39.769,43.956,52290,8.39,18.43,10.82,8.49
"A9031","https://nci-naaccr-zone-design.github.io/louisiana-2020/?address=A9031","Male","CRC","05yrs","Ascension","Prairieville",50.287,47.773,52.802,112498,63.71,60.525,66.896,15605,48.73,46.294,51.167,52290,8.39,18.43,10.82,8.49
"A9031","https://nci-naaccr-zone-design.github.io/louisiana-2020/?address=A9031","Both","Kidney","05yrs","Ascension","Prairieville",24.334,23.117,25.55,226152,20.2,19.19,21.21,32895,22.357,21.239,23.475,52290,8.39,18.43,10.82,8.49
"A9031","https://nci-naaccr-zone-design.github.io/louisiana-2020/?address=A9031","Female","Kidney","05yrs","Ascension","Prairieville",14.652,13.919,15.385,113654,12.039,11.437,12.641,17290,22.134,21.028,23.241,52290,8.39,18.43,10.82,8.49
"A9031","https://nci-naaccr-zone-design.github.io/louisiana-2020/?address=A9031","Male","Kidney","05yrs","Ascension","Prairieville",20.731,19.694,21.767,112498,33.29,31.625,34.954,15605,27.443,26.07,28.815,52290,8.39,18.43,10.82,8.49
"A9031","https://nci-naaccr-zone-design.github.io/louisiana-2020/?address=A9031","Both","NHL","05yrs","Ascension","Prairieville",19.448,18.476,20.421,226152,23.613,22.432,24.793,32895,15.989,15.189,16.788,52290,8.39,18.43,10.82,8.49
"A9031","https://nci-naaccr-zone-design.github.io/louisiana-2020/?address=A9031","Female","NHL","05yrs","Ascension","Prairieville",19.214,18.253,20.175,113654,10.504,9.979,11.03,17290,"","","",52290,8.39,18.43,10.82,8.49
"A9031","https://nci-naaccr-zone-design.github.io/louisiana-2020/?address=A9031","Male","NHL","05yrs","Ascension","Prairieville",32.837,31.195,34.478,112498,26.356,25.038,27.673,15605,23.447,22.274,24.619,52290,8.39,18.43,10.82,8.49
"A9031","https://nci-naaccr-zone-design.github.io/louisiana-2020/?address=A9031","Both","Urinary","05yrs","Ascension","Prairieville",19.382,18.413,20.351,226152,14.526,13.799,15.252,32895,17.066,16.213,17.919,52290,8.39,18.43,10.82,8.49
"A9031","https://nci-naaccr-zone-design.github.io/louisiana-2020/?address=A9031","Female","Urinary","05yrs","Ascension","Prairieville",7.077,6.723,7.431,113654,11.084,10.529,11.638,17290,"","","",52290,8.39,18.43,10.82,8.49
"A9031","https://nci-naaccr-zone-design.github.io/louisiana-2020/?address=A9031","Male","Urinary","05yrs","Ascension","Prairieville",33.318,31.652,34.984,112498,49.276,46.812,51.74,15605,38.133,36.226,40.039,52290,8.39,18.43,10.82,8.49
"A9031","https://nci-naaccr-zone-design.github.io/louisiana-2020/?address=A9031","Both","Mela","05yrs","Ascension","Prairieville",17.055,16.202,17.907,226152,28.812,27.371,30.252,32895,25.365,24.097,26.633,52290,8.39,18.43,10.82,8.49
"A9031","https://nci-naaccr-zone-design.github.io/louisiana-2020/?address=A9031","Female","Mela","05yrs","Ascension","Prairieville",8.346,7.929,8.763,113654,18.731,17.794,19.667,17290,"","","",52290,8.39,18.43,10.82,8.49
"A9031","https://nci-naaccr-zone-design.github.io/louisiana-2020/?address=A9031","Male","Mela","05yrs","Ascension","Prairieville",29.292,27.828,30.757,112498,22.266,21.153,23.38,15605,23.278,22.114,24.442,52290,8.39,18.43,10.82,8.49
"A9031","https://nci-naaccr-zone-design.github.io/louisiana-2020/?address=A9031","Both","Pancreas","05yrs","Ascension","Prairieville",17.173,16.314,18.031,226152,16.925,16.078,17.771,32895,13.325,12.659,13.991,52290,8.39,18.43,10.82,8.49
"A9031","https://nci-naaccr-zone-design.github.io/louisiana-2020/?address=A9031","Female","Pancreas","05yrs","Ascension","Prairieville",12.635,12.004,13.267,113654,9.508,9.032,9.983,17290,"","","",52290,8.39,18.43,10.82,8.49
"A9031","https://nci-naaccr-zone-design.github.io/louisiana-2020/?address=A9031","Male","Pancreas","05yrs","Ascension","Prairieville",20.537,19.51,21.564,112498,19.632,18.65,20.614,15605,"","","",52290,8.39,18.43,10.82,8.49
"A9031","https://nci-naaccr-zone-design.github.io/louisiana-2020/?address=A9031","Both","Leuks","05yrs","Ascension","Prairieville",8.891,8.446,9.335,226152,13.774,13.085,14.462,32895,15.997,15.197,16.796,52290,8.39,18.43,10.82,8.49
"A9031","https://nci-naaccr-zone-design.github.io/louisiana-2020/?address=A9031","Female","Leuks","05yrs","Ascension","Prairieville",12.775,12.136,13.414,113654,11.526,10.95,12.102,17290,"","","",52290,8.39,18.43,10.82,8.49
"A9031","https://nci-naaccr-zone-design.github.io/louisiana-2020/?address=A9031","Male","Leuks","05yrs","Ascension","Prairieville",16.871,16.028,17.715,112498,24.546,23.319,25.774,15605,"","","",52290,8.39,18.43,10.82,8.49
"A9031","https://nci-naaccr-zone-design.github.io/louisiana-2020/?address=A9031","Both","Oral","05yrs","Ascension","Prairieville",6.72,6.384,7.056,226152,12.349,11.732,12.967,32895,"","","",52290,8.39,18.43,10.82,8.49
"A9031","https://nci-naaccr-zone-design.github.io/louisiana-2020/?address=A9031","Female","Oral","05yrs","Ascension","Prairieville",7.845,7.452,8.237,113654,3.653,3.47,3.836,17290,"","","",52290,8.39,18.43,10.82,8.49
"A9031","https://nci-naaccr-zone-design.github.io/louisiana-2020/?address=A9031","Male","Oral","05yrs","Ascension","Prairieville",22.426,21.304,23.547,112498,14.729,13.992,15.465,15605,"","","",52290,8.39,18.43,10.82,8.49
"A9031","https://nci-naaccr-zone-design.github.io/louisiana-2020/?address=A9031","Both","Thyroid","05yrs","Ascension","Prairieville",13.481,12.807,14.155,226152,8.41,7.99,8.831,32895,15.74,14.953,16.527,52290,8.39,18.43,10.82,8.49
"A9031","https://nci-naaccr-zone-design.github.io/louisiana-2020/?address=A9031","Female","Thyroid","05yrs","Ascension","Prairieville",22.264,21.15,23.377,113654,20.596,19.566,21.626,17290,"","","",52290,8.39,18.43,10.82,8.49
"A9031","https://nci-naaccr-zone-design.github.io/louisiana-2020/?address=A9031","Male","Thyroid","05yrs","Ascension","Prairieville",3.401,3.23,3.571,112498,4.147,3.94,4.355,15605,"","","",52290,8.39,18.43,10.82,8.49
"A9031","https://nci-naaccr-zone-design.github.io/louisiana-2020/?address=A9031","Female","Uterine","05yrs","Ascension","Prairieville",22.665,21.532,23.798,113654,20.558,19.53,21.585,17290,25.66,24.377,26.943,52290,8.39,18.43,10.82,8.49
"A9031","https://nci-naaccr-zone-design.github.io/louisiana-2020/?address=A9031","Both","Liver","05yrs","Ascension","Prairieville",12.615,11.984,13.245,226152,10.417,9.897,10.938,32895,12.059,11.456,12.661,52290,8.39,18.43,10.82,8.49
"A9031","https://nci-naaccr-zone-design.github.io/louisiana-2020/?address=A9031","Female","Liver","05yrs","Ascension","Prairieville",6.231,5.919,6.542,113654,"","","",17290,"","","",52290,8.39,18.43,10.82,8.49
"A9031","https://nci-naaccr-zone-design.github.io/louisiana-2020/?address=A9031","Male","Liver","05yrs","Ascension","Prairieville",7.961,7.563,8.359,112498,7.627,7.246,8.009,15605,"","","",52290,8.39,18.43,10.82,8.49
"A9031","https://nci-naaccr-zone-design.github.io/louisiana-2020/?address=A9031","Both","Stomach","05yrs","Ascension","Prairieville",11.354,10.787,11.922,226152,8.276,7.862,8.69,32895,"","","",52290,8.39,18.43,10.82,8.49
"A9031","https://nci-naaccr-zone-design.github.io/louisiana-2020/?address=A9031","Female","Stomach","05yrs","Ascension","Prairieville",3.796,3.606,3.986,113654,7.669,7.286,8.053,17290,"","","",52290,8.39,18.43,10.82,8.49
"A9031","https://nci-naaccr-zone-design.github.io/louisiana-2020/?address=A9031","Male","Stomach","05yrs","Ascension","Prairieville",10.226,9.715,10.738,112498,5.578,5.299,5.857,15605,"","","",52290,8.39,18.43,10.82,8.49
"A9031","https://nci-naaccr-zone-design.github.io/louisiana-2020/?address=A9031","Both","Myeloma","05yrs","Ascension","Prairieville",10.259,9.746,10.771,226152,7.054,6.701,7.407,32895,12.803,12.163,13.443,52290,8.39,18.43,10.82,8.49
"A9031","https://nci-naaccr-zone-design.github.io/louisiana-2020/?address=A9031","Female","Myeloma","05yrs","Ascension","Prairieville",11.559,10.981,12.136,113654,3.641,3.459,3.823,17290,"","","",52290,8.39,18.43,10.82,8.49
"A9031","https://nci-naaccr-zone-design.github.io/louisiana-2020/?address=A9031","Male","Myeloma","05yrs","Ascension","Prairieville",16.858,16.016,17.701,112498,14.171,13.462,14.88,15605,"","","",52290,8.39,18.43,10.82,8.49
"A9031","https://nci-naaccr-zone-design.github.io/louisiana-2020/?address=A9031","Both","Brain","05yrs","Ascension","Prairieville",6.773,6.434,7.112,226152,8.041,7.639,8.443,32895,"","","",52290,8.39,18.43,10.82,8.49
"A9031","https://nci-naaccr-zone-design.github.io/louisiana-2020/?address=A9031","Female","Brain","05yrs","Ascension","Prairieville",5.41,5.14,5.681,113654,7.79,7.401,8.18,17290,"","","",52290,8.39,18.43,10.82,8.49
"A9031","https://nci-naaccr-zone-design.github.io/louisiana-2020/?address=A9031","Male","Brain","05yrs","Ascension","Prairieville",6.905,6.559,7.25,112498,5.336,5.07,5.603,15605,"","","",52290,8.39,18.43,10.82,8.49
"A9031","https://nci-naaccr-zone-design.github.io/louisiana-2020/?address=A9031","Both","Larynx","05yrs","Ascension","Prairieville",8.953,8.505,9.401,226152,7.229,6.868,7.591,32895,"","","",52290,8.39,18.43,10.82,8.49
"A9031","https://nci-naaccr-zone-design.github.io/louisiana-2020/?address=A9031","Female","Larynx","05yrs","Ascension","Prairieville",4.029,3.828,4.231,113654,"","","",17290,"","","",52290,8.39,18.43,10.82,8.49
"A9031","https://nci-naaccr-zone-design.github.io/louisiana-2020/?address=A9031","Male","Larynx","05yrs","Ascension","Prairieville",13.595,12.916,14.275,112498,12.87,12.227,13.514,15605,"","","",52290,8.39,18.43,10.82,8.49
"A9031","https://nci-naaccr-zone-design.github.io/louisiana-2020/?address=A9031","Female","Ovary","05yrs","Ascension","Prairieville",13.325,12.658,13.991,113654,8.187,7.778,8.597,17290,"","","",52290,8.39,18.43,10.82,8.49
"A9031","https://nci-naaccr-zone-design.github.io/louisiana-2020/?address=A9031","Both","Esoph","05yrs","Ascension","Prairieville",7.545,7.168,7.923,226152,3.132,2.976,3.289,32895,"","","",52290,8.39,18.43,10.82,8.49
"A9031","https://nci-naaccr-zone-design.github.io/louisiana-2020/?address=A9031","Female","Esoph","05yrs","Ascension","Prairieville",3.621,3.44,3.802,113654,3.558,3.38,3.736,17290,"","","",52290,8.39,18.43,10.82,8.49
"A9031","https://nci-naaccr-zone-design.github.io/louisiana-2020/?address=A9031","Male","Esoph","05yrs","Ascension","Prairieville",9.666,9.183,10.15,112498,5.712,5.427,5.998,15605,"","","",52290,8.39,18.43,10.82,8.49
"A9031","https://nci-naaccr-zone-design.github.io/louisiana-2020/?address=A9031","Both","AllSite","10yrs","Ascension","Prairieville",525.889,499.594,552.183,431499,509.086,483.632,534.541,59264,531.355,504.788,557.923,52290,8.39,18.43,10.82,8.49
"A9031","https://nci-naaccr-zone-design.github.io/louisiana-2020/?address=A9031","Female","AllSite","10yrs","Ascension","Prairieville",382.272,363.158,401.386,216924,427.162,405.804,448.52,31069,426.966,405.618,448.315,52290,8.39,18.43,10.82,8.49
"A9031","https://nci-naaccr-zone-design.github.io/louisiana-2020/?address=A9031","Male","AllSite","10yrs","Ascension","Prairieville",539.477,512.503,566.451,214575,664.206,630.996,697.416,28195,627.581,596.202,658.96,52290,8.39,18.43,10.82,8.49
"A9031","https://nci-naaccr-zone-design.github.io/louisiana-2020/?address=A9031","Male","Prostate","10yrs","Ascension","Prairieville",214.262,203.549,224.976,214575,133.095,126.44,139.75,28195,182.911,173.765,192.056,52290,8.39,18.43,10.82,8.49
"A9031","https://nci-naaccr-zone-design.github.io/louisiana-2020/?address=A9031","Both","Lung","10yrs","Ascension","Prairieville",85.443,81.171,89.716,431499,64.99,61.74,68.239,59264,82.008,77.908,86.109,52290,8.39,18.43,10.82,8.49
"A9031","https://nci-naaccr-zone-design.github.io/louisiana-2020/?address=A9031","Female","Lung","10yrs","Ascension","Prairieville",54.859,52.116,57.602,216924,72.826,69.185,76.468,31069,39.719,37.733,41.705,52290,8.39,18.43,10.82,8.49
"A9031","https://nci-naaccr-zone-design.github.io/louisiana-2020/?address=A9031","Male","Lung","10yrs","Ascension","Prairieville",67.241,63.879,70.603,214575,84.166,79.958,88.374,28195,118.12,112.214,124.026,52290,8.39,18.43,10.82,8.49
"A9031","https://nci-naaccr-zone-design.github.io/louisiana-2020/?address=A9031","Female","Breast","10yrs","Ascension","Prairieville",130.335,123.819,136.852,216924,140.097,133.092,147.101,31069,97.559,92.681,102.437,52290,8.39,18.43,10.82,8.49
"A9031","https://nci-naaccr-zone-design.github.io/louisiana-2020/?address=A9031","Both","CRC","10yrs","Ascension","Prairieville",40.076,38.073,42.08,431499,53.102,50.447,55.757,59264,42.098,39.993,44.203,52290,8.39,18.43,10.82,8.49
"A9031","https://nci-naaccr-zone-design.github.io/louisiana-2020/?address=A9031","Female","CRC","10yrs","Ascension","Prairieville",53.232,50.571,55.894,216924,50.119,47.613,52.625,31069,34.92,33.174,36.666,52290,8.39,18.43,10.82,8.49
"A9031","https://nci-naaccr-zone-design.github.io/louisiana-2020/?address=A9031","Male","CRC","10yrs","Ascension","Prairieville",47.534,45.157,49.91,214575,67.707,64.322,71.092,28195,58.48,55.556,61.404,52290,8.39,18.43,10.82,8.49
"A9031","https://nci-naaccr-zone-design.github.io/louisiana-2020/?address=A9031","Both","Kidney","10yrs","Ascension","Prairieville",19.422,18.451,20.393,431499,23.732,22.546,24.919,59264,20.635,19.603,21.667,52290,8.39,18.43,10.82,8.49
"A9031","https://nci-naaccr-zone-design.github.io/louisiana-2020/?address=A9031","Female","Kidney","10yrs","Ascension","Prairieville",17.637,16.755,18.518,216924,10.615,10.084,11.145,31069,21.314,20.249,22.38,52290,8.39,18.43,10.82,8.49
"A9031","https://nci-naaccr-zone-design.github.io/louisiana-2020/?address=A9031","Male","Kidney","10yrs","Ascension","Prairieville",28.281,26.867,29.695,214575,21.25,20.188,22.313,28195,24.251,23.039,25.464,52290,8.39,18.43,10.82,8.49
"A9031","https://nci-naaccr-zone-design.github.io/louisiana-2020/?address=A9031","Both","NHL","10yrs","Ascension","Prairieville",18.051,17.148,18.953,431499,15.572,14.794,16.351,59264,24.373,23.154,25.591,52290,8.39,18.43,10.82,8.49
"A9031","https://nci-naaccr-zone-design.github.io/louisiana-2020/?address=A9031","Female","NHL","10yrs","Ascension","Prairieville",22.01,20.91,23.111,216924,10.287,9.773,10.802,31069,12.711,12.076,13.347,52290,8.39,18.43,10.82,8.49
"A9031","https://nci-naaccr-zone-design.github.io/louisiana-2020/?address=A9031","Male","NHL","10yrs","Ascension","Prairieville",16.795,15.955,17.635,214575,16.973,16.124,17.821,28195,30.755,29.217,32.293,52290,8.39,18.43,10.82,8.49
"A9031","https://nci-naaccr-zone-design.github.io/louisiana-2020/?address=A9031","Both","Urinary","10yrs","Ascension","Prairieville",22.812,21.671,23.952,431499,24.338,23.121,25.555,59264,15.025,14.274,15.776,52290,8.39,18.43,10.82,8.49
"A9031","https://nci-naaccr-zone-design.github.io/louisiana-2020/?address=A9031","Female","Urinary","10yrs","Ascension","Prairieville",9.798,9.309,10.288,216924,3.851,3.658,4.043,31069,"","","",52290,8.39,18.43,10.82,8.49
"A9031","https://nci-naaccr-zone-design.github.io/louisiana-2020/?address=A9031","Male","Urinary","10yrs","Ascension","Prairieville",32.268,30.654,33.881,214575,27.723,26.337,29.109,28195,21.033,19.981,22.084,52290,8.39,18.43,10.82,8.49
"A9031","https://nci-naaccr-zone-design.github.io/louisiana-2020/?address=A9031","Both","Mela","10yrs","Ascension","Prairieville",28.905,27.46,30.35,431499,24.017,22.817,25.218,59264,12.721,12.085,13.357,52290,8.39,18.43,10.82,8.49
"A9031","https://nci-naaccr-zone-design.github.io/louisiana-2020/?address=A9031","Female","Mela","10yrs","Ascension","Prairieville",23.457,22.284,24.63,216924,9.365,8.896,9.833,31069,19.913,18.918,20.909,52290,8.39,18.43,10.82,8.49
"A9031","https://nci-naaccr-zone-design.github.io/louisiana-2020/?address=A9031","Male","Mela","10yrs","Ascension","Prairieville",7.217,6.857,7.578,214575,12.592,11.962,13.222,28195,20.827,19.786,21.868,52290,8.39,18.43,10.82,8.49
"A9031","https://nci-naaccr-zone-design.github.io/louisiana-2020/?address=A9031","Both","Pancreas","10yrs","Ascension","Prairieville",12.905,12.26,13.55,431499,16.956,16.108,17.804,59264,15.037,14.285,15.789,52290,8.39,18.43,10.82,8.49
"A9031","https://nci-naaccr-zone-design.github.io/louisiana-2020/?address=A9031","Female","Pancreas","10yrs","Ascension","Prairieville",11.069,10.516,11.623,216924,14.465,13.742,15.188,31069,11.904,11.309,12.499,52290,8.39,18.43,10.82,8.49
"A9031","https://nci-naaccr-zone-design.github.io/louisiana-2020/?address=A9031","Male","Pancreas","10yrs","Ascension","Prairieville",11.409,10.839,11.98,214575,18.53,17.604,19.457,28195,16.451,15.628,17.273,52290,8.39,18.43,10.82,8.49
"A9031","https://nci-naaccr-zone-design.github.io/louisiana-2020/?address=A9031","Both","Leuks","10yrs","Ascension","Prairieville",11.284,10.72,11.848,431499,15.366,14.598,16.135,59264,11.678,11.094,12.262,52290,8.39,18.43,10.82,8.49
"A9031","https://nci-naaccr-zone-design.github.io/louisiana-2020/?address=A9031","Female","Leuks","10yrs","Ascension","Prairieville",9.379,8.91,9.848,216924,13.999,13.299,14.699,31069,9.05,8.598,9.503,52290,8.39,18.43,10.82,8.49
"A9031","https://nci-naaccr-zone-design.github.io/louisiana-2020/?address=A9031","Male","Leuks","10yrs","Ascension","Prairieville",20.321,19.305,21.337,214575,13.842,13.15,14.534,28195,10.277,9.763,10.791,52290,8.39,18.43,10.82,8.49
"A9031","https://nci-naaccr-zone-design.github.io/louisiana-2020/?address=A9031","Both","Oral","10yrs","Ascension","Prairieville",14.307,13.591,15.022,431499,8.329,7.912,8.745,59264,6.454,6.131,6.776,52290,8.39,18.43,10.82,8.49
"A9031","https://nci-naaccr-zone-design.github.io/louisiana-2020/?address=A9031","Female","Oral","10yrs","Ascension","Prairieville",6.844,6.502,7.186,216924,6.536,6.209,6.863,31069,7.601,7.221,7.981,52290,8.39,18.43,10.82,8.49
"A9031","https://nci-naaccr-zone-design.github.io/louisiana-2020/?address=A9031","Male","Oral","10yrs","Ascension","Prairieville",15.066,14.313,15.819,214575,25.765,24.477,27.054,28195,16.175,15.366,16.984,52290,8.39,18.43,10.82,8.49
"A9031","https://nci-naaccr-zone-design.github.io/louisiana-2020/?address=A9031","Both","Thyroid","10yrs","Ascension","Prairieville",15.133,14.377,15.89,431499,10.503,9.978,11.029,59264,14.542,13.815,15.269,52290,8.39,18.43,10.82,8.49
"A9031","https://nci-naaccr-zone-design.github.io/louisiana-2020/?address=A9031","Female","Thyroid","10yrs","Ascension","Prairieville",14.407,13.687,15.127,216924,12.918,12.272,13.563,31069,14.722,13.986,15.458,52290,8.39,18.43,10.82,8.49
"A9031","https://nci-naaccr-zone-design.github.io/louisiana-2020/?address=A9031","Male","Thyroid","10yrs","Ascension","Prairieville",2.69,2.555,2.824,214575,6.621,6.29,6.952,28195,6.226,5.914,6.537,52290,8.39,18.43,10.82,8.49
"A9031","https://nci-naaccr-zone-design.github.io/louisiana-2020/?address=A9031","Female","Uterine","10yrs","Ascension","Prairieville",13.32,12.654,13.986,216924,16.957,16.109,17.805,31069,23.201,22.041,24.361,52290,8.39,18.43,10.82,8.49
"A9031","https://nci-naaccr-zone-design.github.io/louisiana-2020/?address=A9031","Both","Liver","10yrs","Ascension","Prairieville",13.636,12.954,14.318,431499,5.335,5.068,5.601,59264,7.563,7.185,7.941,52290,8.39,18.43,10.82,8.49
"A9031","https://nci-naaccr-zone-design.github.io/louisiana-2020/?address=A9031","Female","Liver","10yrs","Ascension","Prairieville",2.599,2.469,2.729,216924,6.961,6.613,7.31,31069,"","","",52290,8.39,18.43,10.82,8.49
"A9031","https://nci-naaccr-zone-design.github.io/louisiana-2020/?address=A9031","Male","Liver","10yrs","Ascension","Prairieville",11.489,10.915,12.064,214575,20.59,19.561,21.62,28195,21.203,20.142,22.263,52290,8.39,18.43,10.82,8.49
"A9031","https://nci-naaccr-zone-design.github.io/louisiana-2020/?address=A9031","Both","Stomach","10yrs","Ascension","Prairieville",5.983,5.684,6.282,431499,8.759,8.321,9.197,59264,8.641,8.209,9.073,52290,8.39,18.43,10.82,8.49
"A9031","https://nci-naaccr-zone-design.github.io/louisiana-2020/?address=A9031","Female","Stomach","10yrs","Ascension","Prairieville",5.789,5.5,6.078,216924,7.811,7.42,8.201,31069,"","","",52290,8.39,18.43,10.82,8.49
"A9031","https://nci-naaccr-zone-design.github.io/louisiana-2020/?address=A9031","Male","Stomach","10yrs","Ascension","Prairieville",5.578,5.299,5.856,214575,10.83,10.289,11.372,28195,15.885,15.091,16.68,52290,8.39,18.43,10.82,8.49
"A9031","https://nci-naaccr-zone-design.github.io/louisiana-2020/?address=A9031","Both","Myeloma","10yrs","Ascension","Prairieville",9.88,9.386,10.374,431499,7.885,7.491,8.279,59264,8.584,8.154,9.013,52290,8.39,18.43,10.82,8.49
"A9031","https://nci-naaccr-zone-design.github.io/louisiana-2020/?address=A9031","Female","Myeloma","10yrs","Ascension","Prairieville",2.978,2.829,3.126,216924,2.955,2.807,3.103,31069,11.481,10.907,12.055,52290,8.39,18.43,10.82,8.49
"A9031","https://nci-naaccr-zone-design.github.io/louisiana-2020/?address=A9031","Male","Myeloma","10yrs","Ascension","Prairieville",6.379,6.06,6.698,214575,11.915,11.319,12.511,28195,8.083,7.679,8.487,52290,8.39,18.43,10.82,8.49
"A9031","https://nci-naaccr-zone-design.github.io/louisiana-2020/?address=A9031","Both","Brain","10yrs","Ascension","Prairieville",6.647,6.314,6.979,431499,7.613,7.233,7.994,59264,6.902,6.557,7.247,52290,8.39,18.43,10.82,8.49
"A9031","https://nci-naaccr-zone-design.github.io/louisiana-2020/?address=A9031","Female","Brain","10yrs","Ascension","Prairieville",3.406,3.236,3.576,216924,5.59,5.31,5.869,31069,"","","",52290,8.39,18.43,10.82,8.49
"A9031","https://nci-naaccr-zone-design.github.io/louisiana-2020/?address=A9031","Male","Brain","10yrs","Ascension","Prairieville",6.823,6.482,7.164,214575,7.004,6.654,7.354,28195,"","","",52290,8.39,18.43,10.82,8.49
"A9031","https://nci-naaccr-zone-design.github.io/louisiana-2020/?address=A9031","Both","Larynx","10yrs","Ascension","Prairieville",4.861,4.618,5.104,431499,5.867,5.573,6.16,59264,4.522,4.296,4.748,52290,8.39,18.43,10.82,8.49
"A9031","https://nci-naaccr-zone-design.github.io/louisiana-2020/?address=A9031","Female","Larynx","10yrs","Ascension","Prairieville",2.653,2.521,2.786,216924,3.038,2.886,3.19,31069,"","","",52290,8.39,18.43,10.82,8.49
"A9031","https://nci-naaccr-zone-design.github.io/louisiana-2020/?address=A9031","Male","Larynx","10yrs","Ascension","Prairieville",11.728,11.141,12.314,214575,7.825,7.434,8.216,28195,6.668,6.334,7.001,52290,8.39,18.43,10.82,8.49
"A9031","https://nci-naaccr-zone-design.github.io/louisiana-2020/?address=A9031","Female","Ovary","10yrs","Ascension","Prairieville",12.912,12.267,13.558,216924,6.068,5.765,6.372,31069,9.352,8.885,9.82,52290,8.39,18.43,10.82,8.49
"A9031","https://nci-naaccr-zone-design.github.io/louisiana-2020/?address=A9031","Both","Esoph","10yrs","Ascension","Prairieville",3.371,3.203,3.54,431499,7.881,7.487,8.276,59264,3.767,3.578,3.955,52290,8.39,18.43,10.82,8.49
"A9031","https://nci-naaccr-zone-design.github.io/louisiana-2020/?address=A9031","Female","Esoph","10yrs","Ascension","Prairieville",3.972,3.774,4.171,216924,3.792,3.603,3.982,31069,"","","",52290,8.39,18.43,10.82,8.49
"A9031","https://nci-naaccr-zone-design.github.io/louisiana-2020/?address=A9031","Male","Esoph","10yrs","Ascension","Prairieville",14.585,13.856,15.315,214575,7.2,6.84,7.56,28195,11.651,11.069,12.234,52290,8.39,18.43,10.82,8.49
