"Zone","URL","Sex","Cancer","Years","Counties","Places","AAIR","LCI","UCI","White_PopTot","White_AAIR","White_LCI","White_UCI","Black_PopTot","Black_AAIR","Black_LCI","Black_UCI","TotalPop","Pct100Pov","PctMinority","PctBlackNH","PctRural"
"A9030","https://nci-naaccr-zone-design.github.io/louisiana-2020/?address=A9030","Both","AllSite","05yrs","East Baton Rouge","Central, Baton Rouge",522.349,496.232,548.467,161120,523.337,497.17,549.504,123013,458.354,435.436,481.272,62893,14.61,45.47,34.52,9.54
"A9030","https://nci-naaccr-zone-design.github.io/louisiana-2020/?address=A9030","Female","AllSite","05yrs","East Baton Rouge","Central, Baton Rouge",372.957,354.31,391.605,82969,377.682,358.797,396.566,66713,363.602,345.422,381.782,62893,14.61,45.47,34.52,9.54
"A9030","https://nci-naaccr-zone-design.github.io/louisiana-2020/?address=A9030","Male","AllSite","05yrs","East Baton Rouge","Central, Baton Rouge",667.584,634.205,700.963,78151,585.18,555.921,614.439,56300,680.971,646.923,715.02,62893,14.61,45.47,34.52,9.54
"A9030","https://nci-naaccr-zone-design.github.io/louisiana-2020/?address=A9030","Male","Prostate","05yrs","East Baton Rouge","Central, Baton Rouge",134.281,127.567,140.995,78151,156.852,149.009,164.694,56300,135.867,129.074,142.661,62893,14.61,45.47,34.52,9.54
"A9030","https://nci-naaccr-zone-design.github.io/louisiana-2020/?address=A9030","Both","Lung","05yrs","East Baton Rouge","Central, Baton Rouge",44.919,42.673,47.165,161120,45.862,43.569,48.155,123013,86.03,81.728,90.331,62893,14.61,45.47,34.52,9.54
"A9030","https://nci-naaccr-zone-design.github.io/louisiana-2020/?address=A9030","Female","Lung","05yrs","East Baton Rouge","Central, Baton Rouge",40.676,38.642,42.71,82969,51.101,48.546,53.656,66713,40.378,38.359,42.397,62893,14.61,45.47,34.52,9.54
"A9030","https://nci-naaccr-zone-design.github.io/louisiana-2020/?address=A9030","Male","Lung","05yrs","East Baton Rouge","Central, Baton Rouge",84.845,80.602,89.087,78151,64.985,61.736,68.235,56300,81.817,77.726,85.907,62893,14.61,45.47,34.52,9.54
"A9030","https://nci-naaccr-zone-design.github.io/louisiana-2020/?address=A9030","Female","Breast","05yrs","East Baton Rouge","Central, Baton Rouge",120.635,114.603,126.667,82969,134.352,127.634,141.07,66713,137.506,130.63,144.381,62893,14.61,45.47,34.52,9.54
"A9030","https://nci-naaccr-zone-design.github.io/louisiana-2020/?address=A9030","Both","CRC","05yrs","East Baton Rouge","Central, Baton Rouge",37.966,36.068,39.865,161120,59.224,56.262,62.185,123013,55.498,52.723,58.273,62893,14.61,45.47,34.52,9.54
"A9030","https://nci-naaccr-zone-design.github.io/louisiana-2020/?address=A9030","Female","CRC","05yrs","East Baton Rouge","Central, Baton Rouge",49.131,46.674,51.587,82969,40.504,38.479,42.53,66713,32.657,31.024,34.29,62893,14.61,45.47,34.52,9.54
"A9030","https://nci-naaccr-zone-design.github.io/louisiana-2020/?address=A9030","Male","CRC","05yrs","East Baton Rouge","Central, Baton Rouge",52.898,50.253,55.543,78151,44.821,42.579,47.062,56300,50.073,47.569,52.577,62893,14.61,45.47,34.52,9.54
"A9030","https://nci-naaccr-zone-design.github.io/louisiana-2020/?address=A9030","Both","Kidney","05yrs","East Baton Rouge","Central, Baton Rouge",18.535,17.608,19.461,161120,16.327,15.51,17.143,123013,20.927,19.88,21.973,62893,14.61,45.47,34.52,9.54
"A9030","https://nci-naaccr-zone-design.github.io/louisiana-2020/?address=A9030","Female","Kidney","05yrs","East Baton Rouge","Central, Baton Rouge",18.446,17.524,19.368,82969,18.861,17.918,19.804,66713,19.765,18.776,20.753,62893,14.61,45.47,34.52,9.54
"A9030","https://nci-naaccr-zone-design.github.io/louisiana-2020/?address=A9030","Male","Kidney","05yrs","East Baton Rouge","Central, Baton Rouge",35.787,33.997,37.576,78151,35.066,33.312,36.819,56300,18.474,17.551,19.398,62893,14.61,45.47,34.52,9.54
"A9030","https://nci-naaccr-zone-design.github.io/louisiana-2020/?address=A9030","Both","NHL","05yrs","East Baton Rouge","Central, Baton Rouge",18.785,17.846,19.724,161120,19.966,18.968,20.964,123013,17.792,16.902,18.682,62893,14.61,45.47,34.52,9.54
"A9030","https://nci-naaccr-zone-design.github.io/louisiana-2020/?address=A9030","Female","NHL","05yrs","East Baton Rouge","Central, Baton Rouge",9.03,8.579,9.482,82969,13.262,12.599,13.925,66713,22.724,21.588,23.861,62893,14.61,45.47,34.52,9.54
"A9030","https://nci-naaccr-zone-design.github.io/louisiana-2020/?address=A9030","Male","NHL","05yrs","East Baton Rouge","Central, Baton Rouge",28.933,27.487,30.38,78151,25.565,24.286,26.843,56300,18.5,17.575,19.425,62893,14.61,45.47,34.52,9.54
"A9030","https://nci-naaccr-zone-design.github.io/louisiana-2020/?address=A9030","Both","Urinary","05yrs","East Baton Rouge","Central, Baton Rouge",26.884,25.54,28.228,161120,26.239,24.927,27.551,123013,26.341,25.024,27.658,62893,14.61,45.47,34.52,9.54
"A9030","https://nci-naaccr-zone-design.github.io/louisiana-2020/?address=A9030","Female","Urinary","05yrs","East Baton Rouge","Central, Baton Rouge",9.854,9.361,10.347,82969,10.938,10.391,11.485,66713,11.846,11.254,12.439,62893,14.61,45.47,34.52,9.54
"A9030","https://nci-naaccr-zone-design.github.io/louisiana-2020/?address=A9030","Male","Urinary","05yrs","East Baton Rouge","Central, Baton Rouge",44.278,42.064,46.491,78151,49.515,47.039,51.99,56300,32.08,30.476,33.684,62893,14.61,45.47,34.52,9.54
"A9030","https://nci-naaccr-zone-design.github.io/louisiana-2020/?address=A9030","Both","Mela","05yrs","East Baton Rouge","Central, Baton Rouge",18.612,17.682,19.543,161120,28.141,26.734,29.548,123013,9.469,8.996,9.943,62893,14.61,45.47,34.52,9.54
"A9030","https://nci-naaccr-zone-design.github.io/louisiana-2020/?address=A9030","Female","Mela","05yrs","East Baton Rouge","Central, Baton Rouge",14.673,13.939,15.406,82969,15.434,14.662,16.205,66713,7.475,7.101,7.849,62893,14.61,45.47,34.52,9.54
"A9030","https://nci-naaccr-zone-design.github.io/louisiana-2020/?address=A9030","Male","Mela","05yrs","East Baton Rouge","Central, Baton Rouge",28.21,26.799,29.62,78151,26.892,25.548,28.237,56300,28.829,27.387,30.27,62893,14.61,45.47,34.52,9.54
"A9030","https://nci-naaccr-zone-design.github.io/louisiana-2020/?address=A9030","Both","Pancreas","05yrs","East Baton Rouge","Central, Baton Rouge",17.141,16.284,17.998,161120,14.463,13.74,15.186,123013,18.171,17.262,19.079,62893,14.61,45.47,34.52,9.54
"A9030","https://nci-naaccr-zone-design.github.io/louisiana-2020/?address=A9030","Female","Pancreas","05yrs","East Baton Rouge","Central, Baton Rouge",13.813,13.122,14.504,82969,8.753,8.315,9.191,66713,12.523,11.897,13.15,62893,14.61,45.47,34.52,9.54
"A9030","https://nci-naaccr-zone-design.github.io/louisiana-2020/?address=A9030","Male","Pancreas","05yrs","East Baton Rouge","Central, Baton Rouge",19.699,18.714,20.684,78151,15.778,14.989,16.567,56300,17.218,16.357,18.079,62893,14.61,45.47,34.52,9.54
"A9030","https://nci-naaccr-zone-design.github.io/louisiana-2020/?address=A9030","Both","Leuks","05yrs","East Baton Rouge","Central, Baton Rouge",18.005,17.104,18.905,161120,11.301,10.736,11.866,123013,15.24,14.478,16.002,62893,14.61,45.47,34.52,9.54
"A9030","https://nci-naaccr-zone-design.github.io/louisiana-2020/?address=A9030","Female","Leuks","05yrs","East Baton Rouge","Central, Baton Rouge",12.148,11.541,12.756,82969,9.077,8.623,9.531,66713,8.046,7.644,8.449,62893,14.61,45.47,34.52,9.54
"A9030","https://nci-naaccr-zone-design.github.io/louisiana-2020/?address=A9030","Male","Leuks","05yrs","East Baton Rouge","Central, Baton Rouge",12.931,12.284,13.577,78151,24.726,23.49,25.963,56300,18.444,17.522,19.366,62893,14.61,45.47,34.52,9.54
"A9030","https://nci-naaccr-zone-design.github.io/louisiana-2020/?address=A9030","Both","Oral","05yrs","East Baton Rouge","Central, Baton Rouge",14.411,13.691,15.132,161120,6.843,6.501,7.185,123013,8.293,7.878,8.707,62893,14.61,45.47,34.52,9.54
"A9030","https://nci-naaccr-zone-design.github.io/louisiana-2020/?address=A9030","Female","Oral","05yrs","East Baton Rouge","Central, Baton Rouge",6.678,6.344,7.012,82969,5.159,4.901,5.417,66713,"","","",62893,14.61,45.47,34.52,9.54
"A9030","https://nci-naaccr-zone-design.github.io/louisiana-2020/?address=A9030","Male","Oral","05yrs","East Baton Rouge","Central, Baton Rouge",16.972,16.123,17.821,78151,25.531,24.255,26.808,56300,18.813,17.872,19.754,62893,14.61,45.47,34.52,9.54
"A9030","https://nci-naaccr-zone-design.github.io/louisiana-2020/?address=A9030","Both","Thyroid","05yrs","East Baton Rouge","Central, Baton Rouge",14.654,13.921,15.387,161120,9.319,8.853,9.785,123013,7.597,7.217,7.977,62893,14.61,45.47,34.52,9.54
"A9030","https://nci-naaccr-zone-design.github.io/louisiana-2020/?address=A9030","Female","Thyroid","05yrs","East Baton Rouge","Central, Baton Rouge",13.371,12.702,14.039,82969,18.885,17.94,19.829,66713,19.831,18.839,20.823,62893,14.61,45.47,34.52,9.54
"A9030","https://nci-naaccr-zone-design.github.io/louisiana-2020/?address=A9030","Male","Thyroid","05yrs","East Baton Rouge","Central, Baton Rouge",8.915,8.47,9.361,78151,4.669,4.435,4.902,56300,5.743,5.456,6.03,62893,14.61,45.47,34.52,9.54
"A9030","https://nci-naaccr-zone-design.github.io/louisiana-2020/?address=A9030","Female","Uterine","05yrs","East Baton Rouge","Central, Baton Rouge",18.229,17.317,19.14,82969,15.189,14.429,15.948,66713,25.938,24.641,27.235,62893,14.61,45.47,34.52,9.54
"A9030","https://nci-naaccr-zone-design.github.io/louisiana-2020/?address=A9030","Both","Liver","05yrs","East Baton Rouge","Central, Baton Rouge",5.822,5.531,6.113,161120,6.393,6.073,6.713,123013,8.137,7.731,8.544,62893,14.61,45.47,34.52,9.54
"A9030","https://nci-naaccr-zone-design.github.io/louisiana-2020/?address=A9030","Female","Liver","05yrs","East Baton Rouge","Central, Baton Rouge",5.869,5.575,6.162,82969,5.367,5.099,5.636,66713,"","","",62893,14.61,45.47,34.52,9.54
"A9030","https://nci-naaccr-zone-design.github.io/louisiana-2020/?address=A9030","Male","Liver","05yrs","East Baton Rouge","Central, Baton Rouge",22.743,21.606,23.881,78151,18.114,17.208,19.019,56300,9.283,8.818,9.747,62893,14.61,45.47,34.52,9.54
"A9030","https://nci-naaccr-zone-design.github.io/louisiana-2020/?address=A9030","Both","Stomach","05yrs","East Baton Rouge","Central, Baton Rouge",6.302,5.987,6.618,161120,7.117,6.761,7.473,123013,6.903,6.558,7.248,62893,14.61,45.47,34.52,9.54
"A9030","https://nci-naaccr-zone-design.github.io/louisiana-2020/?address=A9030","Female","Stomach","05yrs","East Baton Rouge","Central, Baton Rouge",5.63,5.348,5.911,82969,5.527,5.251,5.804,66713,6.4,6.08,6.72,62893,14.61,45.47,34.52,9.54
"A9030","https://nci-naaccr-zone-design.github.io/louisiana-2020/?address=A9030","Male","Stomach","05yrs","East Baton Rouge","Central, Baton Rouge",9.189,8.73,9.648,78151,4.879,4.635,5.123,56300,7.072,6.719,7.426,62893,14.61,45.47,34.52,9.54
"A9030","https://nci-naaccr-zone-design.github.io/louisiana-2020/?address=A9030","Both","Myeloma","05yrs","East Baton Rouge","Central, Baton Rouge",12.034,11.433,12.636,161120,10.471,9.947,10.994,123013,12.502,11.877,13.127,62893,14.61,45.47,34.52,9.54
"A9030","https://nci-naaccr-zone-design.github.io/louisiana-2020/?address=A9030","Female","Myeloma","05yrs","East Baton Rouge","Central, Baton Rouge",8.05,7.647,8.452,82969,12.56,11.932,13.188,66713,5.859,5.566,6.152,62893,14.61,45.47,34.52,9.54
"A9030","https://nci-naaccr-zone-design.github.io/louisiana-2020/?address=A9030","Male","Myeloma","05yrs","East Baton Rouge","Central, Baton Rouge",16.952,16.104,17.799,78151,6.816,6.475,7.157,56300,"","","",62893,14.61,45.47,34.52,9.54
"A9030","https://nci-naaccr-zone-design.github.io/louisiana-2020/?address=A9030","Both","Brain","05yrs","East Baton Rouge","Central, Baton Rouge",5.284,5.02,5.549,161120,7.196,6.836,7.556,123013,5.687,5.403,5.971,62893,14.61,45.47,34.52,9.54
"A9030","https://nci-naaccr-zone-design.github.io/louisiana-2020/?address=A9030","Female","Brain","05yrs","East Baton Rouge","Central, Baton Rouge",3.649,3.467,3.832,82969,8.038,7.636,8.44,66713,6.706,6.371,7.042,62893,14.61,45.47,34.52,9.54
"A9030","https://nci-naaccr-zone-design.github.io/louisiana-2020/?address=A9030","Male","Brain","05yrs","East Baton Rouge","Central, Baton Rouge",4.984,4.735,5.234,78151,8.042,7.64,8.444,56300,"","","",62893,14.61,45.47,34.52,9.54
"A9030","https://nci-naaccr-zone-design.github.io/louisiana-2020/?address=A9030","Both","Larynx","05yrs","East Baton Rouge","Central, Baton Rouge",7.537,7.16,7.914,161120,8.221,7.81,8.632,123013,6.914,6.568,7.26,62893,14.61,45.47,34.52,9.54
"A9030","https://nci-naaccr-zone-design.github.io/louisiana-2020/?address=A9030","Female","Larynx","05yrs","East Baton Rouge","Central, Baton Rouge","","","",82969,3.983,3.784,4.182,66713,"","","",62893,14.61,45.47,34.52,9.54
"A9030","https://nci-naaccr-zone-design.github.io/louisiana-2020/?address=A9030","Male","Larynx","05yrs","East Baton Rouge","Central, Baton Rouge",15.011,14.26,15.761,78151,9.776,9.287,10.264,56300,10.547,10.02,11.075,62893,14.61,45.47,34.52,9.54
"A9030","https://nci-naaccr-zone-design.github.io/louisiana-2020/?address=A9030","Female","Ovary","05yrs","East Baton Rouge","Central, Baton Rouge",4.429,4.207,4.65,82969,4.379,4.16,4.598,66713,13.458,12.785,14.131,62893,14.61,45.47,34.52,9.54
"A9030","https://nci-naaccr-zone-design.github.io/louisiana-2020/?address=A9030","Both","Esoph","05yrs","East Baton Rouge","Central, Baton Rouge",3.277,3.114,3.441,161120,3.994,3.794,4.194,123013,3.104,2.949,3.26,62893,14.61,45.47,34.52,9.54
"A9030","https://nci-naaccr-zone-design.github.io/louisiana-2020/?address=A9030","Female","Esoph","05yrs","East Baton Rouge","Central, Baton Rouge",4.208,3.998,4.419,82969,"","","",66713,"","","",62893,14.61,45.47,34.52,9.54
"A9030","https://nci-naaccr-zone-design.github.io/louisiana-2020/?address=A9030","Male","Esoph","05yrs","East Baton Rouge","Central, Baton Rouge",14.28,13.566,14.994,78151,13.239,12.577,13.901,56300,"","","",62893,14.61,45.47,34.52,9.54
"A9030","https://nci-naaccr-zone-design.github.io/louisiana-2020/?address=A9030","Both","AllSite","10yrs","East Baton Rouge","Central, Baton Rouge",480.423,456.402,504.444,341952,537.979,511.08,564.878,226651,497.417,472.546,522.288,62893,14.61,45.47,34.52,9.54
"A9030","https://nci-naaccr-zone-design.github.io/louisiana-2020/?address=A9030","Female","AllSite","10yrs","East Baton Rouge","Central, Baton Rouge",411.781,391.192,432.37,176510,425.717,404.431,447.003,123188,405.323,385.057,425.589,62893,14.61,45.47,34.52,9.54
"A9030","https://nci-naaccr-zone-design.github.io/louisiana-2020/?address=A9030","Male","AllSite","10yrs","East Baton Rouge","Central, Baton Rouge",574.229,545.518,602.94,165442,657.754,624.867,690.642,103463,607.928,577.531,638.324,62893,14.61,45.47,34.52,9.54
"A9030","https://nci-naaccr-zone-design.github.io/louisiana-2020/?address=A9030","Male","Prostate","10yrs","East Baton Rouge","Central, Baton Rouge",167.622,159.241,176.003,165442,204.537,194.311,214.764,103463,167.219,158.858,175.58,62893,14.61,45.47,34.52,9.54
"A9030","https://nci-naaccr-zone-design.github.io/louisiana-2020/?address=A9030","Both","Lung","10yrs","East Baton Rouge","Central, Baton Rouge",57.872,54.978,60.765,341952,60.588,57.559,63.617,226651,58.525,55.599,61.451,62893,14.61,45.47,34.52,9.54
"A9030","https://nci-naaccr-zone-design.github.io/louisiana-2020/?address=A9030","Female","Lung","10yrs","East Baton Rouge","Central, Baton Rouge",57.428,54.556,60.299,176510,41.258,39.195,43.321,123188,72.633,69.001,76.265,62893,14.61,45.47,34.52,9.54
"A9030","https://nci-naaccr-zone-design.github.io/louisiana-2020/?address=A9030","Male","Lung","10yrs","East Baton Rouge","Central, Baton Rouge",91.092,86.538,95.647,165442,73.349,69.682,77.017,103463,70.749,67.211,74.286,62893,14.61,45.47,34.52,9.54
"A9030","https://nci-naaccr-zone-design.github.io/louisiana-2020/?address=A9030","Female","Breast","10yrs","East Baton Rouge","Central, Baton Rouge",137.201,130.341,144.061,176510,109.979,104.48,115.478,123188,138.05,131.147,144.952,62893,14.61,45.47,34.52,9.54
"A9030","https://nci-naaccr-zone-design.github.io/louisiana-2020/?address=A9030","Both","CRC","10yrs","East Baton Rouge","Central, Baton Rouge",42.542,40.415,44.669,341952,44.45,42.227,46.672,226651,55.667,52.884,58.451,62893,14.61,45.47,34.52,9.54
"A9030","https://nci-naaccr-zone-design.github.io/louisiana-2020/?address=A9030","Female","CRC","10yrs","East Baton Rouge","Central, Baton Rouge",43.855,41.663,46.048,176510,49.274,46.81,51.738,123188,36.387,34.568,38.206,62893,14.61,45.47,34.52,9.54
"A9030","https://nci-naaccr-zone-design.github.io/louisiana-2020/?address=A9030","Male","CRC","10yrs","East Baton Rouge","Central, Baton Rouge",40.584,38.555,42.613,165442,67.36,63.992,70.728,103463,49.834,47.342,52.325,62893,14.61,45.47,34.52,9.54
"A9030","https://nci-naaccr-zone-design.github.io/louisiana-2020/?address=A9030","Both","Kidney","10yrs","East Baton Rouge","Central, Baton Rouge",24.757,23.519,25.995,341952,25.769,24.481,27.058,226651,24.342,23.125,25.559,62893,14.61,45.47,34.52,9.54
"A9030","https://nci-naaccr-zone-design.github.io/louisiana-2020/?address=A9030","Female","Kidney","10yrs","East Baton Rouge","Central, Baton Rouge",14.621,13.89,15.352,176510,14.356,13.638,15.074,123188,20.523,19.497,21.549,62893,14.61,45.47,34.52,9.54
"A9030","https://nci-naaccr-zone-design.github.io/louisiana-2020/?address=A9030","Male","Kidney","10yrs","East Baton Rouge","Central, Baton Rouge",21.904,20.808,22.999,165442,19.32,18.354,20.286,103463,25.64,24.358,26.922,62893,14.61,45.47,34.52,9.54
"A9030","https://nci-naaccr-zone-design.github.io/louisiana-2020/?address=A9030","Both","NHL","10yrs","East Baton Rouge","Central, Baton Rouge",22.985,21.836,24.135,341952,15.199,14.439,15.958,226651,24.052,22.849,25.255,62893,14.61,45.47,34.52,9.54
"A9030","https://nci-naaccr-zone-design.github.io/louisiana-2020/?address=A9030","Female","NHL","10yrs","East Baton Rouge","Central, Baton Rouge",21.722,20.636,22.808,176510,19.755,18.767,20.742,123188,20.347,19.329,21.364,62893,14.61,45.47,34.52,9.54
"A9030","https://nci-naaccr-zone-design.github.io/louisiana-2020/?address=A9030","Male","NHL","10yrs","East Baton Rouge","Central, Baton Rouge",30.424,28.903,31.945,165442,19.189,18.23,20.149,103463,20.263,19.25,21.276,62893,14.61,45.47,34.52,9.54
"A9030","https://nci-naaccr-zone-design.github.io/louisiana-2020/?address=A9030","Both","Urinary","10yrs","East Baton Rouge","Central, Baton Rouge",27.02,25.669,28.371,341952,13.161,12.503,13.819,226651,16.427,15.606,17.249,62893,14.61,45.47,34.52,9.54
"A9030","https://nci-naaccr-zone-design.github.io/louisiana-2020/?address=A9030","Female","Urinary","10yrs","East Baton Rouge","Central, Baton Rouge",13.835,13.143,14.526,176510,12.183,11.574,12.793,123188,7.397,7.027,7.767,62893,14.61,45.47,34.52,9.54
"A9030","https://nci-naaccr-zone-design.github.io/louisiana-2020/?address=A9030","Male","Urinary","10yrs","East Baton Rouge","Central, Baton Rouge",40.482,38.458,42.506,165442,22.482,21.358,23.607,103463,21.831,20.74,22.923,62893,14.61,45.47,34.52,9.54
"A9030","https://nci-naaccr-zone-design.github.io/louisiana-2020/?address=A9030","Both","Mela","10yrs","East Baton Rouge","Central, Baton Rouge",26.702,25.367,28.037,341952,20.457,19.434,21.48,226651,18.056,17.153,18.959,62893,14.61,45.47,34.52,9.54
"A9030","https://nci-naaccr-zone-design.github.io/louisiana-2020/?address=A9030","Female","Mela","10yrs","East Baton Rouge","Central, Baton Rouge",14.67,13.936,15.403,176510,3.576,3.397,3.754,123188,10.262,9.749,10.775,62893,14.61,45.47,34.52,9.54
"A9030","https://nci-naaccr-zone-design.github.io/louisiana-2020/?address=A9030","Male","Mela","10yrs","East Baton Rouge","Central, Baton Rouge",35.013,33.262,36.763,165442,37.311,35.446,39.177,103463,10.72,10.184,11.256,62893,14.61,45.47,34.52,9.54
"A9030","https://nci-naaccr-zone-design.github.io/louisiana-2020/?address=A9030","Both","Pancreas","10yrs","East Baton Rouge","Central, Baton Rouge",17.015,16.164,17.865,341952,14.786,14.047,15.525,226651,17.735,16.848,18.622,62893,14.61,45.47,34.52,9.54
"A9030","https://nci-naaccr-zone-design.github.io/louisiana-2020/?address=A9030","Female","Pancreas","10yrs","East Baton Rouge","Central, Baton Rouge",10.6,10.07,11.13,176510,15.83,15.038,16.621,123188,14.693,13.959,15.428,62893,14.61,45.47,34.52,9.54
"A9030","https://nci-naaccr-zone-design.github.io/louisiana-2020/?address=A9030","Male","Pancreas","10yrs","East Baton Rouge","Central, Baton Rouge",18.303,17.387,19.218,165442,20.216,19.206,21.227,103463,13.98,13.281,14.679,62893,14.61,45.47,34.52,9.54
"A9030","https://nci-naaccr-zone-design.github.io/louisiana-2020/?address=A9030","Both","Leuks","10yrs","East Baton Rouge","Central, Baton Rouge",14.683,13.949,15.417,341952,11.539,10.962,12.116,226651,10.125,9.618,10.631,62893,14.61,45.47,34.52,9.54
"A9030","https://nci-naaccr-zone-design.github.io/louisiana-2020/?address=A9030","Female","Leuks","10yrs","East Baton Rouge","Central, Baton Rouge",11.706,11.12,12.291,176510,8.923,8.477,9.369,123188,9.999,9.499,10.499,62893,14.61,45.47,34.52,9.54
"A9030","https://nci-naaccr-zone-design.github.io/louisiana-2020/?address=A9030","Male","Leuks","10yrs","East Baton Rouge","Central, Baton Rouge",12.323,11.706,12.939,165442,10.194,9.684,10.703,103463,21.565,20.487,22.644,62893,14.61,45.47,34.52,9.54
"A9030","https://nci-naaccr-zone-design.github.io/louisiana-2020/?address=A9030","Both","Oral","10yrs","East Baton Rouge","Central, Baton Rouge",13.764,13.076,14.452,341952,8.551,8.123,8.978,226651,12.137,11.531,12.744,62893,14.61,45.47,34.52,9.54
"A9030","https://nci-naaccr-zone-design.github.io/louisiana-2020/?address=A9030","Female","Oral","10yrs","East Baton Rouge","Central, Baton Rouge",7.06,6.707,7.413,176510,8.384,7.964,8.803,123188,6.121,5.815,6.427,62893,14.61,45.47,34.52,9.54
"A9030","https://nci-naaccr-zone-design.github.io/louisiana-2020/?address=A9030","Male","Oral","10yrs","East Baton Rouge","Central, Baton Rouge",11.265,10.702,11.828,165442,23.439,22.267,24.611,103463,17.188,16.328,18.047,62893,14.61,45.47,34.52,9.54
"A9030","https://nci-naaccr-zone-design.github.io/louisiana-2020/?address=A9030","Both","Thyroid","10yrs","East Baton Rouge","Central, Baton Rouge",11.711,11.125,12.296,341952,14.396,13.677,15.116,226651,15.859,15.066,16.652,62893,14.61,45.47,34.52,9.54
"A9030","https://nci-naaccr-zone-design.github.io/louisiana-2020/?address=A9030","Female","Thyroid","10yrs","East Baton Rouge","Central, Baton Rouge",15.162,14.404,15.92,176510,12.875,12.232,13.519,123188,22.441,21.319,23.563,62893,14.61,45.47,34.52,9.54
"A9030","https://nci-naaccr-zone-design.github.io/louisiana-2020/?address=A9030","Male","Thyroid","10yrs","East Baton Rouge","Central, Baton Rouge",8.276,7.862,8.69,165442,5.803,5.513,6.094,103463,2.943,2.795,3.09,62893,14.61,45.47,34.52,9.54
"A9030","https://nci-naaccr-zone-design.github.io/louisiana-2020/?address=A9030","Female","Uterine","10yrs","East Baton Rouge","Central, Baton Rouge",21.62,20.539,22.701,176510,17.398,16.528,18.268,123188,13.963,13.265,14.661,62893,14.61,45.47,34.52,9.54
"A9030","https://nci-naaccr-zone-design.github.io/louisiana-2020/?address=A9030","Both","Liver","10yrs","East Baton Rouge","Central, Baton Rouge",13.48,12.806,14.154,341952,5.175,4.917,5.434,226651,11.822,11.231,12.413,62893,14.61,45.47,34.52,9.54
"A9030","https://nci-naaccr-zone-design.github.io/louisiana-2020/?address=A9030","Female","Liver","10yrs","East Baton Rouge","Central, Baton Rouge",2.711,2.576,2.847,176510,4.725,4.489,4.962,123188,3.609,3.429,3.79,62893,14.61,45.47,34.52,9.54
"A9030","https://nci-naaccr-zone-design.github.io/louisiana-2020/?address=A9030","Male","Liver","10yrs","East Baton Rouge","Central, Baton Rouge",12.478,11.854,13.102,165442,13.836,13.144,14.527,103463,10.244,9.731,10.756,62893,14.61,45.47,34.52,9.54
"A9030","https://nci-naaccr-zone-design.github.io/louisiana-2020/?address=A9030","Both","Stomach","10yrs","East Baton Rouge","Central, Baton Rouge",5.766,5.478,6.054,341952,7.257,6.894,7.619,226651,11.259,10.696,11.821,62893,14.61,45.47,34.52,9.54
"A9030","https://nci-naaccr-zone-design.github.io/louisiana-2020/?address=A9030","Female","Stomach","10yrs","East Baton Rouge","Central, Baton Rouge",7.666,7.283,8.049,176510,7.788,7.398,8.177,123188,4.231,4.02,4.443,62893,14.61,45.47,34.52,9.54
"A9030","https://nci-naaccr-zone-design.github.io/louisiana-2020/?address=A9030","Male","Stomach","10yrs","East Baton Rouge","Central, Baton Rouge",10.085,9.58,10.589,165442,8.461,8.038,8.884,103463,4.793,4.553,5.033,62893,14.61,45.47,34.52,9.54
"A9030","https://nci-naaccr-zone-design.github.io/louisiana-2020/?address=A9030","Both","Myeloma","10yrs","East Baton Rouge","Central, Baton Rouge",9.461,8.988,9.934,341952,6.05,5.747,6.352,226651,14.073,13.37,14.777,62893,14.61,45.47,34.52,9.54
"A9030","https://nci-naaccr-zone-design.github.io/louisiana-2020/?address=A9030","Female","Myeloma","10yrs","East Baton Rouge","Central, Baton Rouge",9.338,8.871,9.805,176510,11.632,11.05,12.213,123188,12.736,12.099,13.373,62893,14.61,45.47,34.52,9.54
"A9030","https://nci-naaccr-zone-design.github.io/louisiana-2020/?address=A9030","Male","Myeloma","10yrs","East Baton Rouge","Central, Baton Rouge",6.27,5.957,6.584,165442,10.789,10.25,11.329,103463,4.943,4.696,5.191,62893,14.61,45.47,34.52,9.54
"A9030","https://nci-naaccr-zone-design.github.io/louisiana-2020/?address=A9030","Both","Brain","10yrs","East Baton Rouge","Central, Baton Rouge",3.348,3.18,3.515,341952,7.665,7.282,8.048,226651,8.065,7.661,8.468,62893,14.61,45.47,34.52,9.54
"A9030","https://nci-naaccr-zone-design.github.io/louisiana-2020/?address=A9030","Female","Brain","10yrs","East Baton Rouge","Central, Baton Rouge",3.108,2.953,3.264,176510,4.612,4.382,4.843,123188,7.357,6.989,7.725,62893,14.61,45.47,34.52,9.54
"A9030","https://nci-naaccr-zone-design.github.io/louisiana-2020/?address=A9030","Male","Brain","10yrs","East Baton Rouge","Central, Baton Rouge",5.72,5.434,6.006,165442,3.856,3.664,4.049,103463,10.532,10.006,11.059,62893,14.61,45.47,34.52,9.54
"A9030","https://nci-naaccr-zone-design.github.io/louisiana-2020/?address=A9030","Both","Larynx","10yrs","East Baton Rouge","Central, Baton Rouge",4.285,4.071,4.5,341952,8.029,7.628,8.431,226651,8.975,8.526,9.424,62893,14.61,45.47,34.52,9.54
"A9030","https://nci-naaccr-zone-design.github.io/louisiana-2020/?address=A9030","Female","Larynx","10yrs","East Baton Rouge","Central, Baton Rouge",0.64,0.608,0.672,176510,3.105,2.95,3.26,123188,"","","",62893,14.61,45.47,34.52,9.54
"A9030","https://nci-naaccr-zone-design.github.io/louisiana-2020/?address=A9030","Male","Larynx","10yrs","East Baton Rouge","Central, Baton Rouge",11.199,10.639,11.759,165442,14.342,13.625,15.059,103463,9.829,9.337,10.32,62893,14.61,45.47,34.52,9.54
"A9030","https://nci-naaccr-zone-design.github.io/louisiana-2020/?address=A9030","Female","Ovary","10yrs","East Baton Rouge","Central, Baton Rouge",7.104,6.749,7.459,176510,7.39,7.02,7.759,123188,13.403,12.733,14.073,62893,14.61,45.47,34.52,9.54
"A9030","https://nci-naaccr-zone-design.github.io/louisiana-2020/?address=A9030","Both","Esoph","10yrs","East Baton Rouge","Central, Baton Rouge",5.492,5.217,5.766,341952,3.257,3.094,3.42,226651,7.197,6.837,7.557,62893,14.61,45.47,34.52,9.54
"A9030","https://nci-naaccr-zone-design.github.io/louisiana-2020/?address=A9030","Female","Esoph","10yrs","East Baton Rouge","Central, Baton Rouge",1.03,0.978,1.081,176510,3.746,3.559,3.933,123188,1.752,1.664,1.839,62893,14.61,45.47,34.52,9.54
"A9030","https://nci-naaccr-zone-design.github.io/louisiana-2020/?address=A9030","Male","Esoph","10yrs","East Baton Rouge","Central, Baton Rouge",5.713,5.428,5.999,165442,14.397,13.677,15.117,103463,10.919,10.373,11.465,62893,14.61,45.47,34.52,9.54
