"Zone","URL","Sex","Cancer","Years","Counties","Places","AAIR","LCI","UCI","White_PopTot","White_AAIR","White_LCI","White_UCI","Black_PopTot","Black_AAIR","Black_LCI","Black_UCI","TotalPop","Pct100Pov","PctMinority","PctBlackNH","PctRural"
"B0047","https://nci-naaccr-zone-design.github.io/louisiana-2020/?address=B0047","Both","AllSite","05yrs","Madison, Caldwell, Richland, Franklin, Tensas","Delta, Banks Springs, Start, Winnsboro",472.252,448.64,495.865,203037,512.22,486.609,537.831,129218,512.018,486.417,537.619,68969,29.44,40.28,37.63,68.42
"B0047","https://nci-naaccr-zone-design.github.io/louisiana-2020/?address=B0047","Female","AllSite","05yrs","Madison, Caldwell, Richland, Franklin, Tensas","Delta, Banks Springs, Start, Winnsboro",414.899,394.154,435.644,103315,419.46,398.487,440.433,66035,415.36,394.592,436.128,68969,29.44,40.28,37.63,68.42
"B0047","https://nci-naaccr-zone-design.github.io/louisiana-2020/?address=B0047","Male","AllSite","05yrs","Madison, Caldwell, Richland, Franklin, Tensas","Delta, Banks Springs, Start, Winnsboro",535.823,509.031,562.614,99722,536.133,509.327,562.94,63183,568.29,539.875,596.704,68969,29.44,40.28,37.63,68.42
"B0047","https://nci-naaccr-zone-design.github.io/louisiana-2020/?address=B0047","Male","Prostate","05yrs","Madison, Caldwell, Richland, Franklin, Tensas","Delta, Banks Springs, Start, Winnsboro",157.668,149.785,165.552,99722,163.878,155.684,172.072,63183,153.21,145.549,160.87,68969,29.44,40.28,37.63,68.42
"B0047","https://nci-naaccr-zone-design.github.io/louisiana-2020/?address=B0047","Both","Lung","05yrs","Madison, Caldwell, Richland, Franklin, Tensas","Delta, Banks Springs, Start, Winnsboro",56.899,54.054,59.744,203037,81.876,77.782,85.97,129218,84.712,80.476,88.947,68969,29.44,40.28,37.63,68.42
"B0047","https://nci-naaccr-zone-design.github.io/louisiana-2020/?address=B0047","Female","Lung","05yrs","Madison, Caldwell, Richland, Franklin, Tensas","Delta, Banks Springs, Start, Winnsboro",41.375,39.306,43.444,103315,64.625,61.393,67.856,66035,73.595,69.915,77.275,68969,29.44,40.28,37.63,68.42
"B0047","https://nci-naaccr-zone-design.github.io/louisiana-2020/?address=B0047","Male","Lung","05yrs","Madison, Caldwell, Richland, Franklin, Tensas","Delta, Banks Springs, Start, Winnsboro",102.68,97.546,107.814,99722,55.324,52.558,58.091,63183,74.632,70.9,78.364,68969,29.44,40.28,37.63,68.42
"B0047","https://nci-naaccr-zone-design.github.io/louisiana-2020/?address=B0047","Female","Breast","05yrs","Madison, Caldwell, Richland, Franklin, Tensas","Delta, Banks Springs, Start, Winnsboro",129.744,123.257,136.231,103315,124.829,118.588,131.071,66035,139.31,132.345,146.276,68969,29.44,40.28,37.63,68.42
"B0047","https://nci-naaccr-zone-design.github.io/louisiana-2020/?address=B0047","Both","CRC","05yrs","Madison, Caldwell, Richland, Franklin, Tensas","Delta, Banks Springs, Start, Winnsboro",53.483,50.809,56.157,203037,58.1,55.195,61.005,129218,57.488,54.614,60.363,68969,29.44,40.28,37.63,68.42
"B0047","https://nci-naaccr-zone-design.github.io/louisiana-2020/?address=B0047","Female","CRC","05yrs","Madison, Caldwell, Richland, Franklin, Tensas","Delta, Banks Springs, Start, Winnsboro",53.65,50.967,56.332,103315,39.809,37.818,41.799,66035,41.864,39.771,43.957,68969,29.44,40.28,37.63,68.42
"B0047","https://nci-naaccr-zone-design.github.io/louisiana-2020/?address=B0047","Male","CRC","05yrs","Madison, Caldwell, Richland, Franklin, Tensas","Delta, Banks Springs, Start, Winnsboro",74.069,70.365,77.772,99722,69.025,65.574,72.477,63183,68.155,64.747,71.563,68969,29.44,40.28,37.63,68.42
"B0047","https://nci-naaccr-zone-design.github.io/louisiana-2020/?address=B0047","Both","Kidney","05yrs","Madison, Caldwell, Richland, Franklin, Tensas","Delta, Banks Springs, Start, Winnsboro",16.842,16.0,17.685,203037,26.076,24.772,27.38,129218,18.042,17.14,18.944,68969,29.44,40.28,37.63,68.42
"B0047","https://nci-naaccr-zone-design.github.io/louisiana-2020/?address=B0047","Female","Kidney","05yrs","Madison, Caldwell, Richland, Franklin, Tensas","Delta, Banks Springs, Start, Winnsboro",21.406,20.336,22.477,103315,15.864,15.071,16.657,66035,16.696,15.861,17.531,68969,29.44,40.28,37.63,68.42
"B0047","https://nci-naaccr-zone-design.github.io/louisiana-2020/?address=B0047","Male","Kidney","05yrs","Madison, Caldwell, Richland, Franklin, Tensas","Delta, Banks Springs, Start, Winnsboro",22.832,21.691,23.974,99722,20.912,19.866,21.957,63183,27.928,26.532,29.324,68969,29.44,40.28,37.63,68.42
"B0047","https://nci-naaccr-zone-design.github.io/louisiana-2020/?address=B0047","Both","NHL","05yrs","Madison, Caldwell, Richland, Franklin, Tensas","Delta, Banks Springs, Start, Winnsboro",24.76,23.522,25.998,203037,22.958,21.81,24.106,129218,24.766,23.528,26.004,68969,29.44,40.28,37.63,68.42
"B0047","https://nci-naaccr-zone-design.github.io/louisiana-2020/?address=B0047","Female","NHL","05yrs","Madison, Caldwell, Richland, Franklin, Tensas","Delta, Banks Springs, Start, Winnsboro",14.045,13.343,14.747,103315,17.668,16.785,18.551,66035,15.092,14.337,15.847,68969,29.44,40.28,37.63,68.42
"B0047","https://nci-naaccr-zone-design.github.io/louisiana-2020/?address=B0047","Male","NHL","05yrs","Madison, Caldwell, Richland, Franklin, Tensas","Delta, Banks Springs, Start, Winnsboro",18.941,17.994,19.888,99722,26.163,24.855,27.471,63183,33.305,31.64,34.97,68969,29.44,40.28,37.63,68.42
"B0047","https://nci-naaccr-zone-design.github.io/louisiana-2020/?address=B0047","Both","Urinary","05yrs","Madison, Caldwell, Richland, Franklin, Tensas","Delta, Banks Springs, Start, Winnsboro",20.806,19.765,21.846,203037,15.042,14.29,15.794,129218,23.943,22.746,25.14,68969,29.44,40.28,37.63,68.42
"B0047","https://nci-naaccr-zone-design.github.io/louisiana-2020/?address=B0047","Female","Urinary","05yrs","Madison, Caldwell, Richland, Franklin, Tensas","Delta, Banks Springs, Start, Winnsboro",11.213,10.652,11.773,103315,9.689,9.204,10.173,66035,12.509,11.884,13.134,68969,29.44,40.28,37.63,68.42
"B0047","https://nci-naaccr-zone-design.github.io/louisiana-2020/?address=B0047","Male","Urinary","05yrs","Madison, Caldwell, Richland, Franklin, Tensas","Delta, Banks Springs, Start, Winnsboro",47.988,45.589,50.387,99722,46.877,44.533,49.22,63183,21.117,20.062,22.173,68969,29.44,40.28,37.63,68.42
"B0047","https://nci-naaccr-zone-design.github.io/louisiana-2020/?address=B0047","Both","Mela","05yrs","Madison, Caldwell, Richland, Franklin, Tensas","Delta, Banks Springs, Start, Winnsboro",19.755,18.767,20.743,203037,3.366,3.198,3.534,129218,12.92,12.274,13.566,68969,29.44,40.28,37.63,68.42
"B0047","https://nci-naaccr-zone-design.github.io/louisiana-2020/?address=B0047","Female","Mela","05yrs","Madison, Caldwell, Richland, Franklin, Tensas","Delta, Banks Springs, Start, Winnsboro",3.94,3.743,4.137,103315,15.027,14.276,15.778,66035,"","","",68969,29.44,40.28,37.63,68.42
"B0047","https://nci-naaccr-zone-design.github.io/louisiana-2020/?address=B0047","Male","Mela","05yrs","Madison, Caldwell, Richland, Franklin, Tensas","Delta, Banks Springs, Start, Winnsboro",13.367,12.699,14.036,99722,15.485,14.711,16.259,63183,28.212,26.801,29.622,68969,29.44,40.28,37.63,68.42
"B0047","https://nci-naaccr-zone-design.github.io/louisiana-2020/?address=B0047","Both","Pancreas","05yrs","Madison, Caldwell, Richland, Franklin, Tensas","Delta, Banks Springs, Start, Winnsboro",12.095,11.491,12.7,203037,16.784,15.945,17.624,129218,15.568,14.79,16.347,68969,29.44,40.28,37.63,68.42
"B0047","https://nci-naaccr-zone-design.github.io/louisiana-2020/?address=B0047","Female","Pancreas","05yrs","Madison, Caldwell, Richland, Franklin, Tensas","Delta, Banks Springs, Start, Winnsboro",9.617,9.137,10.098,103315,17.297,16.432,18.162,66035,12.094,11.489,12.699,68969,29.44,40.28,37.63,68.42
"B0047","https://nci-naaccr-zone-design.github.io/louisiana-2020/?address=B0047","Male","Pancreas","05yrs","Madison, Caldwell, Richland, Franklin, Tensas","Delta, Banks Springs, Start, Winnsboro",19.897,18.902,20.892,99722,13.666,12.983,14.35,63183,16.159,15.351,16.967,68969,29.44,40.28,37.63,68.42
"B0047","https://nci-naaccr-zone-design.github.io/louisiana-2020/?address=B0047","Both","Leuks","05yrs","Madison, Caldwell, Richland, Franklin, Tensas","Delta, Banks Springs, Start, Winnsboro",10.534,10.007,11.061,203037,17.946,17.049,18.844,129218,17.757,16.87,18.645,68969,29.44,40.28,37.63,68.42
"B0047","https://nci-naaccr-zone-design.github.io/louisiana-2020/?address=B0047","Female","Leuks","05yrs","Madison, Caldwell, Richland, Franklin, Tensas","Delta, Banks Springs, Start, Winnsboro",14.658,13.925,15.391,103315,14.973,14.224,15.722,66035,7.694,7.309,8.078,68969,29.44,40.28,37.63,68.42
"B0047","https://nci-naaccr-zone-design.github.io/louisiana-2020/?address=B0047","Male","Leuks","05yrs","Madison, Caldwell, Richland, Franklin, Tensas","Delta, Banks Springs, Start, Winnsboro",9.333,8.866,9.8,99722,9.591,9.111,10.071,63183,8.369,7.95,8.787,68969,29.44,40.28,37.63,68.42
"B0047","https://nci-naaccr-zone-design.github.io/louisiana-2020/?address=B0047","Both","Oral","05yrs","Madison, Caldwell, Richland, Franklin, Tensas","Delta, Banks Springs, Start, Winnsboro",7.801,7.411,8.191,203037,15.87,15.076,16.663,129218,15.129,14.373,15.885,68969,29.44,40.28,37.63,68.42
"B0047","https://nci-naaccr-zone-design.github.io/louisiana-2020/?address=B0047","Female","Oral","05yrs","Madison, Caldwell, Richland, Franklin, Tensas","Delta, Banks Springs, Start, Winnsboro",6.969,6.62,7.317,103315,6.306,5.99,6.621,66035,7.952,7.554,8.349,68969,29.44,40.28,37.63,68.42
"B0047","https://nci-naaccr-zone-design.github.io/louisiana-2020/?address=B0047","Male","Oral","05yrs","Madison, Caldwell, Richland, Franklin, Tensas","Delta, Banks Springs, Start, Winnsboro",20.027,19.026,21.028,99722,12.234,11.622,12.846,63183,18.734,17.797,19.67,68969,29.44,40.28,37.63,68.42
"B0047","https://nci-naaccr-zone-design.github.io/louisiana-2020/?address=B0047","Both","Thyroid","05yrs","Madison, Caldwell, Richland, Franklin, Tensas","Delta, Banks Springs, Start, Winnsboro",10.518,9.992,11.044,203037,16.044,15.242,16.846,129218,9.192,8.732,9.651,68969,29.44,40.28,37.63,68.42
"B0047","https://nci-naaccr-zone-design.github.io/louisiana-2020/?address=B0047","Female","Thyroid","05yrs","Madison, Caldwell, Richland, Franklin, Tensas","Delta, Banks Springs, Start, Winnsboro",21.777,20.688,22.866,103315,13.508,12.833,14.184,66035,12.46,11.837,13.083,68969,29.44,40.28,37.63,68.42
"B0047","https://nci-naaccr-zone-design.github.io/louisiana-2020/?address=B0047","Male","Thyroid","05yrs","Madison, Caldwell, Richland, Franklin, Tensas","Delta, Banks Springs, Start, Winnsboro",9.828,9.337,10.319,99722,3.181,3.022,3.34,63183,8.241,7.829,8.653,68969,29.44,40.28,37.63,68.42
"B0047","https://nci-naaccr-zone-design.github.io/louisiana-2020/?address=B0047","Female","Uterine","05yrs","Madison, Caldwell, Richland, Franklin, Tensas","Delta, Banks Springs, Start, Winnsboro",23.05,21.898,24.203,103315,24.216,23.005,25.426,66035,24.112,22.906,25.318,68969,29.44,40.28,37.63,68.42
"B0047","https://nci-naaccr-zone-design.github.io/louisiana-2020/?address=B0047","Both","Liver","05yrs","Madison, Caldwell, Richland, Franklin, Tensas","Delta, Banks Springs, Start, Winnsboro",10.395,9.875,10.914,203037,13.238,12.576,13.9,129218,8.181,7.772,8.59,68969,29.44,40.28,37.63,68.42
"B0047","https://nci-naaccr-zone-design.github.io/louisiana-2020/?address=B0047","Female","Liver","05yrs","Madison, Caldwell, Richland, Franklin, Tensas","Delta, Banks Springs, Start, Winnsboro",2.662,2.529,2.796,103315,6.339,6.022,6.656,66035,5.724,5.438,6.01,68969,29.44,40.28,37.63,68.42
"B0047","https://nci-naaccr-zone-design.github.io/louisiana-2020/?address=B0047","Male","Liver","05yrs","Madison, Caldwell, Richland, Franklin, Tensas","Delta, Banks Springs, Start, Winnsboro",22.007,20.907,23.108,99722,11.097,10.542,11.652,63183,11.47,10.897,12.044,68969,29.44,40.28,37.63,68.42
"B0047","https://nci-naaccr-zone-design.github.io/louisiana-2020/?address=B0047","Both","Stomach","05yrs","Madison, Caldwell, Richland, Franklin, Tensas","Delta, Banks Springs, Start, Winnsboro",8.489,8.064,8.913,203037,5.794,5.504,6.084,129218,5.435,5.164,5.707,68969,29.44,40.28,37.63,68.42
"B0047","https://nci-naaccr-zone-design.github.io/louisiana-2020/?address=B0047","Female","Stomach","05yrs","Madison, Caldwell, Richland, Franklin, Tensas","Delta, Banks Springs, Start, Winnsboro",5.617,5.337,5.898,103315,7.718,7.332,8.104,66035,8.2,7.79,8.61,68969,29.44,40.28,37.63,68.42
"B0047","https://nci-naaccr-zone-design.github.io/louisiana-2020/?address=B0047","Male","Stomach","05yrs","Madison, Caldwell, Richland, Franklin, Tensas","Delta, Banks Springs, Start, Winnsboro",10.536,10.009,11.063,99722,15.74,14.953,16.527,63183,10.796,10.256,11.336,68969,29.44,40.28,37.63,68.42
"B0047","https://nci-naaccr-zone-design.github.io/louisiana-2020/?address=B0047","Both","Myeloma","05yrs","Madison, Caldwell, Richland, Franklin, Tensas","Delta, Banks Springs, Start, Winnsboro",12.42,11.799,13.041,203037,10.113,9.607,10.618,129218,8.772,8.333,9.211,68969,29.44,40.28,37.63,68.42
"B0047","https://nci-naaccr-zone-design.github.io/louisiana-2020/?address=B0047","Female","Myeloma","05yrs","Madison, Caldwell, Richland, Franklin, Tensas","Delta, Banks Springs, Start, Winnsboro",6.644,6.312,6.977,103315,"","","",66035,12.914,12.268,13.559,68969,29.44,40.28,37.63,68.42
"B0047","https://nci-naaccr-zone-design.github.io/louisiana-2020/?address=B0047","Male","Myeloma","05yrs","Madison, Caldwell, Richland, Franklin, Tensas","Delta, Banks Springs, Start, Winnsboro",12.386,11.766,13.005,99722,5.355,5.087,5.622,63183,10.752,10.215,11.29,68969,29.44,40.28,37.63,68.42
"B0047","https://nci-naaccr-zone-design.github.io/louisiana-2020/?address=B0047","Both","Brain","05yrs","Madison, Caldwell, Richland, Franklin, Tensas","Delta, Banks Springs, Start, Winnsboro",6.502,6.177,6.827,203037,7.891,7.496,8.285,129218,4.576,4.347,4.804,68969,29.44,40.28,37.63,68.42
"B0047","https://nci-naaccr-zone-design.github.io/louisiana-2020/?address=B0047","Female","Brain","05yrs","Madison, Caldwell, Richland, Franklin, Tensas","Delta, Banks Springs, Start, Winnsboro",4.48,4.256,4.704,103315,6.52,6.194,6.846,66035,7.508,7.133,7.883,68969,29.44,40.28,37.63,68.42
"B0047","https://nci-naaccr-zone-design.github.io/louisiana-2020/?address=B0047","Male","Brain","05yrs","Madison, Caldwell, Richland, Franklin, Tensas","Delta, Banks Springs, Start, Winnsboro",8.909,8.464,9.355,99722,8.411,7.991,8.832,63183,"","","",68969,29.44,40.28,37.63,68.42
"B0047","https://nci-naaccr-zone-design.github.io/louisiana-2020/?address=B0047","Both","Larynx","05yrs","Madison, Caldwell, Richland, Franklin, Tensas","Delta, Banks Springs, Start, Winnsboro",8.292,7.877,8.706,203037,5.265,5.002,5.529,129218,5.12,4.864,5.376,68969,29.44,40.28,37.63,68.42
"B0047","https://nci-naaccr-zone-design.github.io/louisiana-2020/?address=B0047","Female","Larynx","05yrs","Madison, Caldwell, Richland, Franklin, Tensas","Delta, Banks Springs, Start, Winnsboro",4.091,3.887,4.296,103315,"","","",66035,"","","",68969,29.44,40.28,37.63,68.42
"B0047","https://nci-naaccr-zone-design.github.io/louisiana-2020/?address=B0047","Male","Larynx","05yrs","Madison, Caldwell, Richland, Franklin, Tensas","Delta, Banks Springs, Start, Winnsboro",9.817,9.326,10.307,99722,12.5,11.875,13.124,63183,"","","",68969,29.44,40.28,37.63,68.42
"B0047","https://nci-naaccr-zone-design.github.io/louisiana-2020/?address=B0047","Female","Ovary","05yrs","Madison, Caldwell, Richland, Franklin, Tensas","Delta, Banks Springs, Start, Winnsboro",15.408,14.638,16.179,103315,8.014,7.613,8.414,66035,11.515,10.939,12.09,68969,29.44,40.28,37.63,68.42
"B0047","https://nci-naaccr-zone-design.github.io/louisiana-2020/?address=B0047","Both","Esoph","05yrs","Madison, Caldwell, Richland, Franklin, Tensas","Delta, Banks Springs, Start, Winnsboro",3.399,3.229,3.569,203037,8.015,7.614,8.416,129218,6.536,6.209,6.863,68969,29.44,40.28,37.63,68.42
"B0047","https://nci-naaccr-zone-design.github.io/louisiana-2020/?address=B0047","Female","Esoph","05yrs","Madison, Caldwell, Richland, Franklin, Tensas","Delta, Banks Springs, Start, Winnsboro",1.876,1.782,1.97,103315,"","","",66035,"","","",68969,29.44,40.28,37.63,68.42
"B0047","https://nci-naaccr-zone-design.github.io/louisiana-2020/?address=B0047","Male","Esoph","05yrs","Madison, Caldwell, Richland, Franklin, Tensas","Delta, Banks Springs, Start, Winnsboro",12.623,11.992,13.254,99722,6.717,6.381,7.053,63183,13.189,12.53,13.849,68969,29.44,40.28,37.63,68.42
"B0047","https://nci-naaccr-zone-design.github.io/louisiana-2020/?address=B0047","Both","AllSite","10yrs","Madison, Caldwell, Richland, Franklin, Tensas","Delta, Banks Springs, Start, Winnsboro",522.297,496.182,548.412,410103,515.692,489.908,541.477,262410,467.022,443.671,490.373,68969,29.44,40.28,37.63,68.42
"B0047","https://nci-naaccr-zone-design.github.io/louisiana-2020/?address=B0047","Female","AllSite","10yrs","Madison, Caldwell, Richland, Franklin, Tensas","Delta, Banks Springs, Start, Winnsboro",427.366,405.998,448.735,208740,455.943,433.145,478.74,134565,374.256,355.543,392.968,68969,29.44,40.28,37.63,68.42
"B0047","https://nci-naaccr-zone-design.github.io/louisiana-2020/?address=B0047","Male","AllSite","10yrs","Madison, Caldwell, Richland, Franklin, Tensas","Delta, Banks Springs, Start, Winnsboro",591.903,562.308,621.499,201363,642.121,610.015,674.227,127845,567.708,539.323,596.093,68969,29.44,40.28,37.63,68.42
"B0047","https://nci-naaccr-zone-design.github.io/louisiana-2020/?address=B0047","Male","Prostate","10yrs","Madison, Caldwell, Richland, Franklin, Tensas","Delta, Banks Springs, Start, Winnsboro",160.524,152.498,168.55,201363,214.679,203.945,225.413,127845,159.201,151.241,167.161,68969,29.44,40.28,37.63,68.42
"B0047","https://nci-naaccr-zone-design.github.io/louisiana-2020/?address=B0047","Both","Lung","10yrs","Madison, Caldwell, Richland, Franklin, Tensas","Delta, Banks Springs, Start, Winnsboro",65.231,61.97,68.493,410103,53.156,50.498,55.814,262410,67.818,64.427,71.209,68969,29.44,40.28,37.63,68.42
"B0047","https://nci-naaccr-zone-design.github.io/louisiana-2020/?address=B0047","Female","Lung","10yrs","Madison, Caldwell, Richland, Franklin, Tensas","Delta, Banks Springs, Start, Winnsboro",63.949,60.752,67.147,208740,61.58,58.501,64.659,134565,46.665,44.332,48.998,68969,29.44,40.28,37.63,68.42
"B0047","https://nci-naaccr-zone-design.github.io/louisiana-2020/?address=B0047","Male","Lung","10yrs","Madison, Caldwell, Richland, Franklin, Tensas","Delta, Banks Springs, Start, Winnsboro",107.686,102.302,113.07,201363,95.068,90.315,99.822,127845,79.546,75.569,83.523,68969,29.44,40.28,37.63,68.42
"B0047","https://nci-naaccr-zone-design.github.io/louisiana-2020/?address=B0047","Female","Breast","10yrs","Madison, Caldwell, Richland, Franklin, Tensas","Delta, Banks Springs, Start, Winnsboro",142.58,135.451,149.709,208740,109.119,103.663,114.575,134565,105.286,100.022,110.55,68969,29.44,40.28,37.63,68.42
"B0047","https://nci-naaccr-zone-design.github.io/louisiana-2020/?address=B0047","Both","CRC","10yrs","Madison, Caldwell, Richland, Franklin, Tensas","Delta, Banks Springs, Start, Winnsboro",46.106,43.8,48.411,410103,46.356,44.038,48.674,262410,47.965,45.567,50.363,68969,29.44,40.28,37.63,68.42
"B0047","https://nci-naaccr-zone-design.github.io/louisiana-2020/?address=B0047","Female","CRC","10yrs","Madison, Caldwell, Richland, Franklin, Tensas","Delta, Banks Springs, Start, Winnsboro",51.585,49.006,54.164,208740,35.151,33.393,36.908,134565,44.916,42.67,47.162,68969,29.44,40.28,37.63,68.42
"B0047","https://nci-naaccr-zone-design.github.io/louisiana-2020/?address=B0047","Male","CRC","10yrs","Madison, Caldwell, Richland, Franklin, Tensas","Delta, Banks Springs, Start, Winnsboro",74.537,70.81,78.264,201363,67.46,64.087,70.833,127845,72.661,69.028,76.295,68969,29.44,40.28,37.63,68.42
"B0047","https://nci-naaccr-zone-design.github.io/louisiana-2020/?address=B0047","Both","Kidney","10yrs","Madison, Caldwell, Richland, Franklin, Tensas","Delta, Banks Springs, Start, Winnsboro",21.984,20.885,23.083,410103,18.514,17.588,19.439,262410,21.832,20.74,22.923,68969,29.44,40.28,37.63,68.42
"B0047","https://nci-naaccr-zone-design.github.io/louisiana-2020/?address=B0047","Female","Kidney","10yrs","Madison, Caldwell, Richland, Franklin, Tensas","Delta, Banks Springs, Start, Winnsboro",12.654,12.021,13.286,208740,20.84,19.798,21.882,134565,15.987,15.187,16.786,68969,29.44,40.28,37.63,68.42
"B0047","https://nci-naaccr-zone-design.github.io/louisiana-2020/?address=B0047","Male","Kidney","10yrs","Madison, Caldwell, Richland, Franklin, Tensas","Delta, Banks Springs, Start, Winnsboro",34.492,32.767,36.216,201363,26.458,25.135,27.781,127845,24.048,22.845,25.25,68969,29.44,40.28,37.63,68.42
"B0047","https://nci-naaccr-zone-design.github.io/louisiana-2020/?address=B0047","Both","NHL","10yrs","Madison, Caldwell, Richland, Franklin, Tensas","Delta, Banks Springs, Start, Winnsboro",16.533,15.706,17.359,410103,22.167,21.059,23.275,262410,17.513,16.638,18.389,68969,29.44,40.28,37.63,68.42
"B0047","https://nci-naaccr-zone-design.github.io/louisiana-2020/?address=B0047","Female","NHL","10yrs","Madison, Caldwell, Richland, Franklin, Tensas","Delta, Banks Springs, Start, Winnsboro",18.174,17.266,19.083,208740,10.212,9.701,10.723,134565,16.947,16.099,17.794,68969,29.44,40.28,37.63,68.42
"B0047","https://nci-naaccr-zone-design.github.io/louisiana-2020/?address=B0047","Male","NHL","10yrs","Madison, Caldwell, Richland, Franklin, Tensas","Delta, Banks Springs, Start, Winnsboro",16.37,15.551,17.188,201363,23.056,21.903,24.208,127845,17.419,16.548,18.29,68969,29.44,40.28,37.63,68.42
"B0047","https://nci-naaccr-zone-design.github.io/louisiana-2020/?address=B0047","Both","Urinary","10yrs","Madison, Caldwell, Richland, Franklin, Tensas","Delta, Banks Springs, Start, Winnsboro",14.008,13.308,14.708,410103,15.86,15.067,16.653,262410,18.741,17.804,19.678,68969,29.44,40.28,37.63,68.42
"B0047","https://nci-naaccr-zone-design.github.io/louisiana-2020/?address=B0047","Female","Urinary","10yrs","Madison, Caldwell, Richland, Franklin, Tensas","Delta, Banks Springs, Start, Winnsboro",9.713,9.227,10.198,208740,4.238,4.026,4.45,134565,5.355,5.088,5.623,68969,29.44,40.28,37.63,68.42
"B0047","https://nci-naaccr-zone-design.github.io/louisiana-2020/?address=B0047","Male","Urinary","10yrs","Madison, Caldwell, Richland, Franklin, Tensas","Delta, Banks Springs, Start, Winnsboro",33.764,32.076,35.453,201363,21.901,20.806,22.996,127845,21.79,20.701,22.88,68969,29.44,40.28,37.63,68.42
"B0047","https://nci-naaccr-zone-design.github.io/louisiana-2020/?address=B0047","Both","Mela","10yrs","Madison, Caldwell, Richland, Franklin, Tensas","Delta, Banks Springs, Start, Winnsboro",27.256,25.893,28.619,410103,12.603,11.973,13.234,262410,13.704,13.018,14.389,68969,29.44,40.28,37.63,68.42
"B0047","https://nci-naaccr-zone-design.github.io/louisiana-2020/?address=B0047","Female","Mela","10yrs","Madison, Caldwell, Richland, Franklin, Tensas","Delta, Banks Springs, Start, Winnsboro",20.518,19.492,21.544,208740,15.351,14.583,16.118,134565,13.576,12.897,14.254,68969,29.44,40.28,37.63,68.42
"B0047","https://nci-naaccr-zone-design.github.io/louisiana-2020/?address=B0047","Male","Mela","10yrs","Madison, Caldwell, Richland, Franklin, Tensas","Delta, Banks Springs, Start, Winnsboro",15.632,14.851,16.414,201363,38.635,36.703,40.567,127845,18.3,17.385,19.215,68969,29.44,40.28,37.63,68.42
"B0047","https://nci-naaccr-zone-design.github.io/louisiana-2020/?address=B0047","Both","Pancreas","10yrs","Madison, Caldwell, Richland, Franklin, Tensas","Delta, Banks Springs, Start, Winnsboro",16.433,15.611,17.254,410103,15.684,14.9,16.468,262410,17.111,16.255,17.966,68969,29.44,40.28,37.63,68.42
"B0047","https://nci-naaccr-zone-design.github.io/louisiana-2020/?address=B0047","Female","Pancreas","10yrs","Madison, Caldwell, Richland, Franklin, Tensas","Delta, Banks Springs, Start, Winnsboro",9.828,9.336,10.319,208740,9.881,9.387,10.375,134565,16.57,15.741,17.398,68969,29.44,40.28,37.63,68.42
"B0047","https://nci-naaccr-zone-design.github.io/louisiana-2020/?address=B0047","Male","Pancreas","10yrs","Madison, Caldwell, Richland, Franklin, Tensas","Delta, Banks Springs, Start, Winnsboro",14.146,13.439,14.854,201363,17.572,16.694,18.451,127845,13.309,12.644,13.975,68969,29.44,40.28,37.63,68.42
"B0047","https://nci-naaccr-zone-design.github.io/louisiana-2020/?address=B0047","Both","Leuks","10yrs","Madison, Caldwell, Richland, Franklin, Tensas","Delta, Banks Springs, Start, Winnsboro",15.723,14.937,16.509,410103,11.042,10.489,11.594,262410,9.614,9.133,10.095,68969,29.44,40.28,37.63,68.42
"B0047","https://nci-naaccr-zone-design.github.io/louisiana-2020/?address=B0047","Female","Leuks","10yrs","Madison, Caldwell, Richland, Franklin, Tensas","Delta, Banks Springs, Start, Winnsboro",13.924,13.228,14.62,208740,9.83,9.339,10.322,134565,9.01,8.56,9.461,68969,29.44,40.28,37.63,68.42
"B0047","https://nci-naaccr-zone-design.github.io/louisiana-2020/?address=B0047","Male","Leuks","10yrs","Madison, Caldwell, Richland, Franklin, Tensas","Delta, Banks Springs, Start, Winnsboro",9.683,9.199,10.167,201363,11.269,10.706,11.833,127845,20.669,19.636,21.703,68969,29.44,40.28,37.63,68.42
"B0047","https://nci-naaccr-zone-design.github.io/louisiana-2020/?address=B0047","Both","Oral","10yrs","Madison, Caldwell, Richland, Franklin, Tensas","Delta, Banks Springs, Start, Winnsboro",13.847,13.155,14.54,410103,13.319,12.653,13.985,262410,11.293,10.728,11.857,68969,29.44,40.28,37.63,68.42
"B0047","https://nci-naaccr-zone-design.github.io/louisiana-2020/?address=B0047","Female","Oral","10yrs","Madison, Caldwell, Richland, Franklin, Tensas","Delta, Banks Springs, Start, Winnsboro",6.192,5.882,6.501,208740,3.476,3.302,3.65,134565,2.482,2.358,2.606,68969,29.44,40.28,37.63,68.42
"B0047","https://nci-naaccr-zone-design.github.io/louisiana-2020/?address=B0047","Male","Oral","10yrs","Madison, Caldwell, Richland, Franklin, Tensas","Delta, Banks Springs, Start, Winnsboro",15.483,14.709,16.257,201363,12.145,11.538,12.753,127845,22.129,21.023,23.235,68969,29.44,40.28,37.63,68.42
"B0047","https://nci-naaccr-zone-design.github.io/louisiana-2020/?address=B0047","Both","Thyroid","10yrs","Madison, Caldwell, Richland, Franklin, Tensas","Delta, Banks Springs, Start, Winnsboro",10.168,9.66,10.677,410103,10.605,10.075,11.135,262410,12.191,11.582,12.801,68969,29.44,40.28,37.63,68.42
"B0047","https://nci-naaccr-zone-design.github.io/louisiana-2020/?address=B0047","Female","Thyroid","10yrs","Madison, Caldwell, Richland, Franklin, Tensas","Delta, Banks Springs, Start, Winnsboro",9.882,9.388,10.376,208740,18.134,17.227,19.041,134565,22.405,21.285,23.525,68969,29.44,40.28,37.63,68.42
"B0047","https://nci-naaccr-zone-design.github.io/louisiana-2020/?address=B0047","Male","Thyroid","10yrs","Madison, Caldwell, Richland, Franklin, Tensas","Delta, Banks Springs, Start, Winnsboro",5.254,4.992,5.517,201363,7.427,7.056,7.799,127845,3.831,3.639,4.022,68969,29.44,40.28,37.63,68.42
"B0047","https://nci-naaccr-zone-design.github.io/louisiana-2020/?address=B0047","Female","Uterine","10yrs","Madison, Caldwell, Richland, Franklin, Tensas","Delta, Banks Springs, Start, Winnsboro",24.716,23.481,25.952,208740,17.564,16.685,18.442,134565,15.838,15.046,16.63,68969,29.44,40.28,37.63,68.42
"B0047","https://nci-naaccr-zone-design.github.io/louisiana-2020/?address=B0047","Both","Liver","10yrs","Madison, Caldwell, Richland, Franklin, Tensas","Delta, Banks Springs, Start, Winnsboro",8.025,7.624,8.426,410103,10.018,9.517,10.519,262410,12.787,12.148,13.427,68969,29.44,40.28,37.63,68.42
"B0047","https://nci-naaccr-zone-design.github.io/louisiana-2020/?address=B0047","Female","Liver","10yrs","Madison, Caldwell, Richland, Franklin, Tensas","Delta, Banks Springs, Start, Winnsboro",4.934,4.687,5.18,208740,4.767,4.529,5.005,134565,2.394,2.274,2.514,68969,29.44,40.28,37.63,68.42
"B0047","https://nci-naaccr-zone-design.github.io/louisiana-2020/?address=B0047","Male","Liver","10yrs","Madison, Caldwell, Richland, Franklin, Tensas","Delta, Banks Springs, Start, Winnsboro",8.515,8.089,8.941,201363,8.765,8.327,9.204,127845,13.089,12.434,13.743,68969,29.44,40.28,37.63,68.42
"B0047","https://nci-naaccr-zone-design.github.io/louisiana-2020/?address=B0047","Both","Stomach","10yrs","Madison, Caldwell, Richland, Franklin, Tensas","Delta, Banks Springs, Start, Winnsboro",5.034,4.782,5.286,410103,7.091,6.736,7.445,262410,6.212,5.901,6.522,68969,29.44,40.28,37.63,68.42
"B0047","https://nci-naaccr-zone-design.github.io/louisiana-2020/?address=B0047","Female","Stomach","10yrs","Madison, Caldwell, Richland, Franklin, Tensas","Delta, Banks Springs, Start, Winnsboro",8.761,8.323,9.199,208740,3.617,3.436,3.798,134565,4.916,4.67,5.161,68969,29.44,40.28,37.63,68.42
"B0047","https://nci-naaccr-zone-design.github.io/louisiana-2020/?address=B0047","Male","Stomach","10yrs","Madison, Caldwell, Richland, Franklin, Tensas","Delta, Banks Springs, Start, Winnsboro",14.629,13.897,15.36,201363,9.523,9.047,9.999,127845,5.414,5.143,5.685,68969,29.44,40.28,37.63,68.42
"B0047","https://nci-naaccr-zone-design.github.io/louisiana-2020/?address=B0047","Both","Myeloma","10yrs","Madison, Caldwell, Richland, Franklin, Tensas","Delta, Banks Springs, Start, Winnsboro",5.839,5.547,6.131,410103,10.859,10.316,11.402,262410,5.698,5.413,5.983,68969,29.44,40.28,37.63,68.42
"B0047","https://nci-naaccr-zone-design.github.io/louisiana-2020/?address=B0047","Female","Myeloma","10yrs","Madison, Caldwell, Richland, Franklin, Tensas","Delta, Banks Springs, Start, Winnsboro",7.163,6.805,7.521,208740,8.559,8.131,8.987,134565,7.724,7.338,8.11,68969,29.44,40.28,37.63,68.42
"B0047","https://nci-naaccr-zone-design.github.io/louisiana-2020/?address=B0047","Male","Myeloma","10yrs","Madison, Caldwell, Richland, Franklin, Tensas","Delta, Banks Springs, Start, Winnsboro",7.66,7.277,8.043,201363,9.608,9.127,10.088,127845,13.857,13.164,14.549,68969,29.44,40.28,37.63,68.42
"B0047","https://nci-naaccr-zone-design.github.io/louisiana-2020/?address=B0047","Both","Brain","10yrs","Madison, Caldwell, Richland, Franklin, Tensas","Delta, Banks Springs, Start, Winnsboro",6.656,6.324,6.989,410103,6.099,5.794,6.404,262410,5.604,5.324,5.885,68969,29.44,40.28,37.63,68.42
"B0047","https://nci-naaccr-zone-design.github.io/louisiana-2020/?address=B0047","Female","Brain","10yrs","Madison, Caldwell, Richland, Franklin, Tensas","Delta, Banks Springs, Start, Winnsboro",6.45,6.128,6.773,208740,7.453,7.081,7.826,134565,4.569,4.34,4.797,68969,29.44,40.28,37.63,68.42
"B0047","https://nci-naaccr-zone-design.github.io/louisiana-2020/?address=B0047","Male","Brain","10yrs","Madison, Caldwell, Richland, Franklin, Tensas","Delta, Banks Springs, Start, Winnsboro",4.279,4.065,4.493,201363,6.475,6.151,6.798,127845,6.744,6.407,7.082,68969,29.44,40.28,37.63,68.42
"B0047","https://nci-naaccr-zone-design.github.io/louisiana-2020/?address=B0047","Both","Larynx","10yrs","Madison, Caldwell, Richland, Franklin, Tensas","Delta, Banks Springs, Start, Winnsboro",5.007,4.757,5.258,410103,6.947,6.599,7.294,262410,7.774,7.386,8.163,68969,29.44,40.28,37.63,68.42
"B0047","https://nci-naaccr-zone-design.github.io/louisiana-2020/?address=B0047","Female","Larynx","10yrs","Madison, Caldwell, Richland, Franklin, Tensas","Delta, Banks Springs, Start, Winnsboro",0.975,0.926,1.024,208740,3.247,3.085,3.41,134565,1.663,1.58,1.746,68969,29.44,40.28,37.63,68.42
"B0047","https://nci-naaccr-zone-design.github.io/louisiana-2020/?address=B0047","Male","Larynx","10yrs","Madison, Caldwell, Richland, Franklin, Tensas","Delta, Banks Springs, Start, Winnsboro",15.274,14.51,16.038,201363,10.817,10.276,11.358,127845,9.839,9.347,10.331,68969,29.44,40.28,37.63,68.42
"B0047","https://nci-naaccr-zone-design.github.io/louisiana-2020/?address=B0047","Female","Ovary","10yrs","Madison, Caldwell, Richland, Franklin, Tensas","Delta, Banks Springs, Start, Winnsboro",14.352,13.635,15.07,208740,13.028,12.377,13.679,134565,11.949,11.351,12.546,68969,29.44,40.28,37.63,68.42
"B0047","https://nci-naaccr-zone-design.github.io/louisiana-2020/?address=B0047","Both","Esoph","10yrs","Madison, Caldwell, Richland, Franklin, Tensas","Delta, Banks Springs, Start, Winnsboro",7.608,7.228,7.989,410103,7.197,6.837,7.557,262410,5.852,5.56,6.145,68969,29.44,40.28,37.63,68.42
"B0047","https://nci-naaccr-zone-design.github.io/louisiana-2020/?address=B0047","Female","Esoph","10yrs","Madison, Caldwell, Richland, Franklin, Tensas","Delta, Banks Springs, Start, Winnsboro","","","",208740,2.619,2.488,2.75,134565,1.332,1.266,1.399,68969,29.44,40.28,37.63,68.42
"B0047","https://nci-naaccr-zone-design.github.io/louisiana-2020/?address=B0047","Male","Esoph","10yrs","Madison, Caldwell, Richland, Franklin, Tensas","Delta, Banks Springs, Start, Winnsboro",6.978,6.629,7.326,201363,9.283,8.819,9.747,127845,7.272,6.908,7.636,68969,29.44,40.28,37.63,68.42
