"Zone","URL","Sex","Cancer","Years","Counties","Places","AAIR","LCI","UCI","White_PopTot","White_AAIR","White_LCI","White_UCI","Black_PopTot","Black_AAIR","Black_LCI","Black_UCI","TotalPop","Pct100Pov","PctMinority","PctBlackNH","PctRural"
"B0016","https://nci-naaccr-zone-design.github.io/louisiana-2020/?address=B0016","Both","AllSite","05yrs","Pointe Coupee, East Feliciana, West Feliciana","Slaughter, Jackson, New Roads, Norwood",491.067,466.514,515.621,161534,490.042,465.54,514.544,120627,511.216,485.655,536.777,58694,17.91,44.77,41.8,83.61
"B0016","https://nci-naaccr-zone-design.github.io/louisiana-2020/?address=B0016","Female","AllSite","05yrs","Pointe Coupee, East Feliciana, West Feliciana","Slaughter, Jackson, New Roads, Norwood",359.087,341.132,377.041,77207,391.539,371.962,411.116,50304,374.842,356.1,393.584,58694,17.91,44.77,41.8,83.61
"B0016","https://nci-naaccr-zone-design.github.io/louisiana-2020/?address=B0016","Male","AllSite","05yrs","Pointe Coupee, East Feliciana, West Feliciana","Slaughter, Jackson, New Roads, Norwood",574.936,546.189,603.682,84327,551.119,523.563,578.675,70323,593.564,563.886,623.243,58694,17.91,44.77,41.8,83.61
"B0016","https://nci-naaccr-zone-design.github.io/louisiana-2020/?address=B0016","Male","Prostate","05yrs","Pointe Coupee, East Feliciana, West Feliciana","Slaughter, Jackson, New Roads, Norwood",157.903,150.008,165.798,84327,214.749,204.012,225.486,70323,171.659,163.076,180.242,58694,17.91,44.77,41.8,83.61
"B0016","https://nci-naaccr-zone-design.github.io/louisiana-2020/?address=B0016","Both","Lung","05yrs","Pointe Coupee, East Feliciana, West Feliciana","Slaughter, Jackson, New Roads, Norwood",84.25,80.038,88.463,161534,79.561,75.583,83.539,120627,89.413,84.943,93.884,58694,17.91,44.77,41.8,83.61
"B0016","https://nci-naaccr-zone-design.github.io/louisiana-2020/?address=B0016","Female","Lung","05yrs","Pointe Coupee, East Feliciana, West Feliciana","Slaughter, Jackson, New Roads, Norwood",51.003,48.453,53.553,77207,56.11,53.305,58.916,50304,47.281,44.917,49.645,58694,17.91,44.77,41.8,83.61
"B0016","https://nci-naaccr-zone-design.github.io/louisiana-2020/?address=B0016","Male","Lung","05yrs","Pointe Coupee, East Feliciana, West Feliciana","Slaughter, Jackson, New Roads, Norwood",73.776,70.088,77.465,84327,59.932,56.935,62.928,70323,66.099,62.794,69.404,58694,17.91,44.77,41.8,83.61
"B0016","https://nci-naaccr-zone-design.github.io/louisiana-2020/?address=B0016","Female","Breast","05yrs","Pointe Coupee, East Feliciana, West Feliciana","Slaughter, Jackson, New Roads, Norwood",112.127,106.521,117.734,77207,135.843,129.051,142.635,50304,105.539,100.262,110.816,58694,17.91,44.77,41.8,83.61
"B0016","https://nci-naaccr-zone-design.github.io/louisiana-2020/?address=B0016","Both","CRC","05yrs","Pointe Coupee, East Feliciana, West Feliciana","Slaughter, Jackson, New Roads, Norwood",56.643,53.811,59.475,161534,36.754,34.916,38.591,120627,41.169,39.111,43.227,58694,17.91,44.77,41.8,83.61
"B0016","https://nci-naaccr-zone-design.github.io/louisiana-2020/?address=B0016","Female","CRC","05yrs","Pointe Coupee, East Feliciana, West Feliciana","Slaughter, Jackson, New Roads, Norwood",53.868,51.174,56.561,77207,31.092,29.537,32.646,50304,36.772,34.934,38.611,58694,17.91,44.77,41.8,83.61
"B0016","https://nci-naaccr-zone-design.github.io/louisiana-2020/?address=B0016","Male","CRC","05yrs","Pointe Coupee, East Feliciana, West Feliciana","Slaughter, Jackson, New Roads, Norwood",51.688,49.104,54.273,84327,62.291,59.177,65.406,70323,53.874,51.18,56.568,58694,17.91,44.77,41.8,83.61
"B0016","https://nci-naaccr-zone-design.github.io/louisiana-2020/?address=B0016","Both","Kidney","05yrs","Pointe Coupee, East Feliciana, West Feliciana","Slaughter, Jackson, New Roads, Norwood",25.83,24.538,27.121,161534,18.177,17.268,19.086,120627,16.766,15.928,17.604,58694,17.91,44.77,41.8,83.61
"B0016","https://nci-naaccr-zone-design.github.io/louisiana-2020/?address=B0016","Female","Kidney","05yrs","Pointe Coupee, East Feliciana, West Feliciana","Slaughter, Jackson, New Roads, Norwood",16.96,16.112,17.809,77207,18.367,17.449,19.286,50304,18.683,17.749,19.617,58694,17.91,44.77,41.8,83.61
"B0016","https://nci-naaccr-zone-design.github.io/louisiana-2020/?address=B0016","Male","Kidney","05yrs","Pointe Coupee, East Feliciana, West Feliciana","Slaughter, Jackson, New Roads, Norwood",30.097,28.592,31.602,84327,33.012,31.361,34.662,70323,29.458,27.985,30.931,58694,17.91,44.77,41.8,83.61
"B0016","https://nci-naaccr-zone-design.github.io/louisiana-2020/?address=B0016","Both","NHL","05yrs","Pointe Coupee, East Feliciana, West Feliciana","Slaughter, Jackson, New Roads, Norwood",23.632,22.451,24.814,161534,24.551,23.323,25.779,120627,16.071,15.268,16.875,58694,17.91,44.77,41.8,83.61
"B0016","https://nci-naaccr-zone-design.github.io/louisiana-2020/?address=B0016","Female","NHL","05yrs","Pointe Coupee, East Feliciana, West Feliciana","Slaughter, Jackson, New Roads, Norwood",19.124,18.168,20.08,77207,18.198,17.288,19.108,50304,22.539,21.412,23.666,58694,17.91,44.77,41.8,83.61
"B0016","https://nci-naaccr-zone-design.github.io/louisiana-2020/?address=B0016","Male","NHL","05yrs","Pointe Coupee, East Feliciana, West Feliciana","Slaughter, Jackson, New Roads, Norwood",28.615,27.185,30.046,84327,18.187,17.277,19.096,70323,21.283,20.219,22.347,58694,17.91,44.77,41.8,83.61
"B0016","https://nci-naaccr-zone-design.github.io/louisiana-2020/?address=B0016","Both","Urinary","05yrs","Pointe Coupee, East Feliciana, West Feliciana","Slaughter, Jackson, New Roads, Norwood",17.152,16.294,18.01,161534,13.217,12.557,13.878,120627,13.278,12.614,13.942,58694,17.91,44.77,41.8,83.61
"B0016","https://nci-naaccr-zone-design.github.io/louisiana-2020/?address=B0016","Female","Urinary","05yrs","Pointe Coupee, East Feliciana, West Feliciana","Slaughter, Jackson, New Roads, Norwood",6.676,6.342,7.01,77207,7.112,6.756,7.468,50304,"","","",58694,17.91,44.77,41.8,83.61
"B0016","https://nci-naaccr-zone-design.github.io/louisiana-2020/?address=B0016","Male","Urinary","05yrs","Pointe Coupee, East Feliciana, West Feliciana","Slaughter, Jackson, New Roads, Norwood",21.873,20.779,22.966,84327,19.179,18.22,20.138,70323,39.35,37.382,41.317,58694,17.91,44.77,41.8,83.61
"B0016","https://nci-naaccr-zone-design.github.io/louisiana-2020/?address=B0016","Both","Mela","05yrs","Pointe Coupee, East Feliciana, West Feliciana","Slaughter, Jackson, New Roads, Norwood",27.857,26.464,29.249,161534,23.749,22.562,24.937,120627,3.543,3.366,3.72,58694,17.91,44.77,41.8,83.61
"B0016","https://nci-naaccr-zone-design.github.io/louisiana-2020/?address=B0016","Female","Mela","05yrs","Pointe Coupee, East Feliciana, West Feliciana","Slaughter, Jackson, New Roads, Norwood",13.816,13.126,14.507,77207,"","","",50304,20.935,19.888,21.981,58694,17.91,44.77,41.8,83.61
"B0016","https://nci-naaccr-zone-design.github.io/louisiana-2020/?address=B0016","Male","Mela","05yrs","Pointe Coupee, East Feliciana, West Feliciana","Slaughter, Jackson, New Roads, Norwood",38.683,36.749,40.617,84327,11.497,10.922,12.072,70323,17.085,16.231,17.94,58694,17.91,44.77,41.8,83.61
"B0016","https://nci-naaccr-zone-design.github.io/louisiana-2020/?address=B0016","Both","Pancreas","05yrs","Pointe Coupee, East Feliciana, West Feliciana","Slaughter, Jackson, New Roads, Norwood",15.896,15.102,16.691,161534,11.469,10.896,12.043,120627,13.548,12.87,14.225,58694,17.91,44.77,41.8,83.61
"B0016","https://nci-naaccr-zone-design.github.io/louisiana-2020/?address=B0016","Female","Pancreas","05yrs","Pointe Coupee, East Feliciana, West Feliciana","Slaughter, Jackson, New Roads, Norwood",9.647,9.165,10.13,77207,16.091,15.286,16.895,50304,12.708,12.073,13.343,58694,17.91,44.77,41.8,83.61
"B0016","https://nci-naaccr-zone-design.github.io/louisiana-2020/?address=B0016","Male","Pancreas","05yrs","Pointe Coupee, East Feliciana, West Feliciana","Slaughter, Jackson, New Roads, Norwood",16.374,15.555,17.192,84327,15.988,15.188,16.787,70323,10.454,9.931,10.977,58694,17.91,44.77,41.8,83.61
"B0016","https://nci-naaccr-zone-design.github.io/louisiana-2020/?address=B0016","Both","Leuks","05yrs","Pointe Coupee, East Feliciana, West Feliciana","Slaughter, Jackson, New Roads, Norwood",15.227,14.466,15.988,161534,14.233,13.521,14.945,120627,15.824,15.032,16.615,58694,17.91,44.77,41.8,83.61
"B0016","https://nci-naaccr-zone-design.github.io/louisiana-2020/?address=B0016","Female","Leuks","05yrs","Pointe Coupee, East Feliciana, West Feliciana","Slaughter, Jackson, New Roads, Norwood",7.784,7.395,8.173,77207,11.606,11.025,12.186,50304,10.657,10.124,11.19,58694,17.91,44.77,41.8,83.61
"B0016","https://nci-naaccr-zone-design.github.io/louisiana-2020/?address=B0016","Male","Leuks","05yrs","Pointe Coupee, East Feliciana, West Feliciana","Slaughter, Jackson, New Roads, Norwood",24.309,23.094,25.525,84327,18.231,17.319,19.142,70323,17.024,16.173,17.876,58694,17.91,44.77,41.8,83.61
"B0016","https://nci-naaccr-zone-design.github.io/louisiana-2020/?address=B0016","Both","Oral","05yrs","Pointe Coupee, East Feliciana, West Feliciana","Slaughter, Jackson, New Roads, Norwood",12.982,12.333,13.632,161534,7.425,7.054,7.796,120627,10.492,9.967,11.016,58694,17.91,44.77,41.8,83.61
"B0016","https://nci-naaccr-zone-design.github.io/louisiana-2020/?address=B0016","Female","Oral","05yrs","Pointe Coupee, East Feliciana, West Feliciana","Slaughter, Jackson, New Roads, Norwood",8.991,8.541,9.44,77207,"","","",50304,"","","",58694,17.91,44.77,41.8,83.61
"B0016","https://nci-naaccr-zone-design.github.io/louisiana-2020/?address=B0016","Male","Oral","05yrs","Pointe Coupee, East Feliciana, West Feliciana","Slaughter, Jackson, New Roads, Norwood",27.605,26.225,28.985,84327,19.119,18.163,20.075,70323,17.758,16.87,18.646,58694,17.91,44.77,41.8,83.61
"B0016","https://nci-naaccr-zone-design.github.io/louisiana-2020/?address=B0016","Both","Thyroid","05yrs","Pointe Coupee, East Feliciana, West Feliciana","Slaughter, Jackson, New Roads, Norwood",8.268,7.854,8.681,161534,11.132,10.576,11.689,120627,17.465,16.592,18.339,58694,17.91,44.77,41.8,83.61
"B0016","https://nci-naaccr-zone-design.github.io/louisiana-2020/?address=B0016","Female","Thyroid","05yrs","Pointe Coupee, East Feliciana, West Feliciana","Slaughter, Jackson, New Roads, Norwood",19.792,18.803,20.782,77207,20.905,19.859,21.95,50304,19.324,18.358,20.29,58694,17.91,44.77,41.8,83.61
"B0016","https://nci-naaccr-zone-design.github.io/louisiana-2020/?address=B0016","Male","Thyroid","05yrs","Pointe Coupee, East Feliciana, West Feliciana","Slaughter, Jackson, New Roads, Norwood",5.969,5.671,6.268,84327,6.068,5.765,6.372,70323,5.34,5.073,5.607,58694,17.91,44.77,41.8,83.61
"B0016","https://nci-naaccr-zone-design.github.io/louisiana-2020/?address=B0016","Female","Uterine","05yrs","Pointe Coupee, East Feliciana, West Feliciana","Slaughter, Jackson, New Roads, Norwood",16.385,15.566,17.204,77207,17.413,16.542,18.283,50304,24.102,22.897,25.307,58694,17.91,44.77,41.8,83.61
"B0016","https://nci-naaccr-zone-design.github.io/louisiana-2020/?address=B0016","Both","Liver","05yrs","Pointe Coupee, East Feliciana, West Feliciana","Slaughter, Jackson, New Roads, Norwood",11.74,11.153,12.327,161534,5.674,5.39,5.958,120627,5.549,5.271,5.826,58694,17.91,44.77,41.8,83.61
"B0016","https://nci-naaccr-zone-design.github.io/louisiana-2020/?address=B0016","Female","Liver","05yrs","Pointe Coupee, East Feliciana, West Feliciana","Slaughter, Jackson, New Roads, Norwood",5.612,5.331,5.892,77207,7.512,7.136,7.887,50304,"","","",58694,17.91,44.77,41.8,83.61
"B0016","https://nci-naaccr-zone-design.github.io/louisiana-2020/?address=B0016","Male","Liver","05yrs","Pointe Coupee, East Feliciana, West Feliciana","Slaughter, Jackson, New Roads, Norwood",18.544,17.617,19.471,84327,9.279,8.815,9.743,70323,17.858,16.965,18.751,58694,17.91,44.77,41.8,83.61
"B0016","https://nci-naaccr-zone-design.github.io/louisiana-2020/?address=B0016","Both","Stomach","05yrs","Pointe Coupee, East Feliciana, West Feliciana","Slaughter, Jackson, New Roads, Norwood",11.45,10.877,12.022,161534,4.742,4.505,4.979,120627,6.503,6.178,6.828,58694,17.91,44.77,41.8,83.61
"B0016","https://nci-naaccr-zone-design.github.io/louisiana-2020/?address=B0016","Female","Stomach","05yrs","Pointe Coupee, East Feliciana, West Feliciana","Slaughter, Jackson, New Roads, Norwood",6.441,6.119,6.763,77207,6.643,6.311,6.976,50304,"","","",58694,17.91,44.77,41.8,83.61
"B0016","https://nci-naaccr-zone-design.github.io/louisiana-2020/?address=B0016","Male","Stomach","05yrs","Pointe Coupee, East Feliciana, West Feliciana","Slaughter, Jackson, New Roads, Norwood",13.816,13.126,14.507,84327,5.099,4.844,5.353,70323,13.841,13.149,14.533,58694,17.91,44.77,41.8,83.61
"B0016","https://nci-naaccr-zone-design.github.io/louisiana-2020/?address=B0016","Both","Myeloma","05yrs","Pointe Coupee, East Feliciana, West Feliciana","Slaughter, Jackson, New Roads, Norwood",14.369,13.651,15.088,161534,12.803,12.163,13.443,120627,12.809,12.168,13.449,58694,17.91,44.77,41.8,83.61
"B0016","https://nci-naaccr-zone-design.github.io/louisiana-2020/?address=B0016","Female","Myeloma","05yrs","Pointe Coupee, East Feliciana, West Feliciana","Slaughter, Jackson, New Roads, Norwood",2.615,2.484,2.746,77207,6.339,6.022,6.656,50304,6.838,6.496,7.18,58694,17.91,44.77,41.8,83.61
"B0016","https://nci-naaccr-zone-design.github.io/louisiana-2020/?address=B0016","Male","Myeloma","05yrs","Pointe Coupee, East Feliciana, West Feliciana","Slaughter, Jackson, New Roads, Norwood",6.235,5.924,6.547,84327,5.921,5.625,6.217,70323,7.436,7.064,7.808,58694,17.91,44.77,41.8,83.61
"B0016","https://nci-naaccr-zone-design.github.io/louisiana-2020/?address=B0016","Both","Brain","05yrs","Pointe Coupee, East Feliciana, West Feliciana","Slaughter, Jackson, New Roads, Norwood",4.385,4.165,4.604,161534,6.804,6.464,7.144,120627,7.21,6.85,7.571,58694,17.91,44.77,41.8,83.61
"B0016","https://nci-naaccr-zone-design.github.io/louisiana-2020/?address=B0016","Female","Brain","05yrs","Pointe Coupee, East Feliciana, West Feliciana","Slaughter, Jackson, New Roads, Norwood",5.073,4.82,5.327,77207,7.587,7.208,7.966,50304,"","","",58694,17.91,44.77,41.8,83.61
"B0016","https://nci-naaccr-zone-design.github.io/louisiana-2020/?address=B0016","Male","Brain","05yrs","Pointe Coupee, East Feliciana, West Feliciana","Slaughter, Jackson, New Roads, Norwood",8.157,7.749,8.565,84327,10.009,9.509,10.51,70323,10.99,10.44,11.539,58694,17.91,44.77,41.8,83.61
"B0016","https://nci-naaccr-zone-design.github.io/louisiana-2020/?address=B0016","Both","Larynx","05yrs","Pointe Coupee, East Feliciana, West Feliciana","Slaughter, Jackson, New Roads, Norwood",8.954,8.506,9.401,161534,8.461,8.038,8.884,120627,4.284,4.069,4.498,58694,17.91,44.77,41.8,83.61
"B0016","https://nci-naaccr-zone-design.github.io/louisiana-2020/?address=B0016","Female","Larynx","05yrs","Pointe Coupee, East Feliciana, West Feliciana","Slaughter, Jackson, New Roads, Norwood","","","",77207,"","","",50304,"","","",58694,17.91,44.77,41.8,83.61
"B0016","https://nci-naaccr-zone-design.github.io/louisiana-2020/?address=B0016","Male","Larynx","05yrs","Pointe Coupee, East Feliciana, West Feliciana","Slaughter, Jackson, New Roads, Norwood",7.136,6.78,7.493,84327,14.702,13.967,15.437,70323,12.265,11.652,12.878,58694,17.91,44.77,41.8,83.61
"B0016","https://nci-naaccr-zone-design.github.io/louisiana-2020/?address=B0016","Female","Ovary","05yrs","Pointe Coupee, East Feliciana, West Feliciana","Slaughter, Jackson, New Roads, Norwood",5.742,5.455,6.029,77207,12.105,11.499,12.71,50304,"","","",58694,17.91,44.77,41.8,83.61
"B0016","https://nci-naaccr-zone-design.github.io/louisiana-2020/?address=B0016","Both","Esoph","05yrs","Pointe Coupee, East Feliciana, West Feliciana","Slaughter, Jackson, New Roads, Norwood",4.804,4.564,5.044,161534,5.931,5.635,6.228,120627,3.688,3.503,3.872,58694,17.91,44.77,41.8,83.61
"B0016","https://nci-naaccr-zone-design.github.io/louisiana-2020/?address=B0016","Female","Esoph","05yrs","Pointe Coupee, East Feliciana, West Feliciana","Slaughter, Jackson, New Roads, Norwood","","","",77207,"","","",50304,"","","",58694,17.91,44.77,41.8,83.61
"B0016","https://nci-naaccr-zone-design.github.io/louisiana-2020/?address=B0016","Male","Esoph","05yrs","Pointe Coupee, East Feliciana, West Feliciana","Slaughter, Jackson, New Roads, Norwood",13.93,13.234,14.627,84327,6.802,6.462,7.142,70323,11.54,10.963,12.117,58694,17.91,44.77,41.8,83.61
"B0016","https://nci-naaccr-zone-design.github.io/louisiana-2020/?address=B0016","Both","AllSite","10yrs","Pointe Coupee, East Feliciana, West Feliciana","Slaughter, Jackson, New Roads, Norwood",544.613,517.382,571.844,324400,505.035,479.783,530.287,246780,536.373,509.554,563.192,58694,17.91,44.77,41.8,83.61
"B0016","https://nci-naaccr-zone-design.github.io/louisiana-2020/?address=B0016","Female","AllSite","10yrs","Pointe Coupee, East Feliciana, West Feliciana","Slaughter, Jackson, New Roads, Norwood",415.013,394.262,435.764,154673,390.622,371.091,410.153,103515,379.172,360.213,398.13,58694,17.91,44.77,41.8,83.61
"B0016","https://nci-naaccr-zone-design.github.io/louisiana-2020/?address=B0016","Male","AllSite","10yrs","Pointe Coupee, East Feliciana, West Feliciana","Slaughter, Jackson, New Roads, Norwood",537.877,510.983,564.771,169727,537.139,510.282,563.996,143265,596.091,566.287,625.896,58694,17.91,44.77,41.8,83.61
"B0016","https://nci-naaccr-zone-design.github.io/louisiana-2020/?address=B0016","Male","Prostate","10yrs","Pointe Coupee, East Feliciana, West Feliciana","Slaughter, Jackson, New Roads, Norwood",168.255,159.842,176.667,169727,205.965,195.666,216.263,143265,159.687,151.703,167.671,58694,17.91,44.77,41.8,83.61
"B0016","https://nci-naaccr-zone-design.github.io/louisiana-2020/?address=B0016","Both","Lung","10yrs","Pointe Coupee, East Feliciana, West Feliciana","Slaughter, Jackson, New Roads, Norwood",60.538,57.511,63.565,324400,62.897,59.752,66.042,246780,86.067,81.764,90.37,58694,17.91,44.77,41.8,83.61
"B0016","https://nci-naaccr-zone-design.github.io/louisiana-2020/?address=B0016","Female","Lung","10yrs","Pointe Coupee, East Feliciana, West Feliciana","Slaughter, Jackson, New Roads, Norwood",56.803,53.963,59.643,154673,42.26,40.147,44.373,103515,62.551,59.424,65.679,58694,17.91,44.77,41.8,83.61
"B0016","https://nci-naaccr-zone-design.github.io/louisiana-2020/?address=B0016","Male","Lung","10yrs","Pointe Coupee, East Feliciana, West Feliciana","Slaughter, Jackson, New Roads, Norwood",110.932,105.385,116.478,169727,82.607,78.476,86.737,143265,67.845,64.453,71.238,58694,17.91,44.77,41.8,83.61
"B0016","https://nci-naaccr-zone-design.github.io/louisiana-2020/?address=B0016","Female","Breast","10yrs","Pointe Coupee, East Feliciana, West Feliciana","Slaughter, Jackson, New Roads, Norwood",103.939,98.742,109.136,154673,105.838,100.546,111.13,103515,113.514,107.838,119.19,58694,17.91,44.77,41.8,83.61
"B0016","https://nci-naaccr-zone-design.github.io/louisiana-2020/?address=B0016","Both","CRC","10yrs","Pointe Coupee, East Feliciana, West Feliciana","Slaughter, Jackson, New Roads, Norwood",56.391,53.572,59.211,324400,51.395,48.825,53.964,246780,36.263,34.45,38.076,58694,17.91,44.77,41.8,83.61
"B0016","https://nci-naaccr-zone-design.github.io/louisiana-2020/?address=B0016","Female","CRC","10yrs","Pointe Coupee, East Feliciana, West Feliciana","Slaughter, Jackson, New Roads, Norwood",49.091,46.637,51.546,154673,53.269,50.606,55.933,103515,51.156,48.598,53.714,58694,17.91,44.77,41.8,83.61
"B0016","https://nci-naaccr-zone-design.github.io/louisiana-2020/?address=B0016","Male","CRC","10yrs","Pointe Coupee, East Feliciana, West Feliciana","Slaughter, Jackson, New Roads, Norwood",60.779,57.74,63.818,169727,66.559,63.231,69.887,143265,59.721,56.735,62.707,58694,17.91,44.77,41.8,83.61
"B0016","https://nci-naaccr-zone-design.github.io/louisiana-2020/?address=B0016","Both","Kidney","10yrs","Pointe Coupee, East Feliciana, West Feliciana","Slaughter, Jackson, New Roads, Norwood",16.118,15.312,16.923,324400,21.539,20.462,22.616,246780,22.413,21.292,23.533,58694,17.91,44.77,41.8,83.61
"B0016","https://nci-naaccr-zone-design.github.io/louisiana-2020/?address=B0016","Female","Kidney","10yrs","Pointe Coupee, East Feliciana, West Feliciana","Slaughter, Jackson, New Roads, Norwood",19.481,18.507,20.455,154673,16.48,15.656,17.304,103515,22.353,21.235,23.47,58694,17.91,44.77,41.8,83.61
"B0016","https://nci-naaccr-zone-design.github.io/louisiana-2020/?address=B0016","Male","Kidney","10yrs","Pointe Coupee, East Feliciana, West Feliciana","Slaughter, Jackson, New Roads, Norwood",24.748,23.511,25.986,169727,20.892,19.848,21.937,143265,17.221,16.36,18.083,58694,17.91,44.77,41.8,83.61
"B0016","https://nci-naaccr-zone-design.github.io/louisiana-2020/?address=B0016","Both","NHL","10yrs","Pointe Coupee, East Feliciana, West Feliciana","Slaughter, Jackson, New Roads, Norwood",16.463,15.64,17.286,324400,17.001,16.151,17.851,246780,21.14,20.083,22.197,58694,17.91,44.77,41.8,83.61
"B0016","https://nci-naaccr-zone-design.github.io/louisiana-2020/?address=B0016","Female","NHL","10yrs","Pointe Coupee, East Feliciana, West Feliciana","Slaughter, Jackson, New Roads, Norwood",10.771,10.232,11.309,154673,9.623,9.142,10.104,103515,11.615,11.034,12.196,58694,17.91,44.77,41.8,83.61
"B0016","https://nci-naaccr-zone-design.github.io/louisiana-2020/?address=B0016","Male","NHL","10yrs","Pointe Coupee, East Feliciana, West Feliciana","Slaughter, Jackson, New Roads, Norwood",25.479,24.205,26.753,169727,18.538,17.611,19.465,143265,31.119,29.563,32.675,58694,17.91,44.77,41.8,83.61
"B0016","https://nci-naaccr-zone-design.github.io/louisiana-2020/?address=B0016","Both","Urinary","10yrs","Pointe Coupee, East Feliciana, West Feliciana","Slaughter, Jackson, New Roads, Norwood",18.046,17.144,18.948,324400,24.705,23.469,25.94,246780,26.121,24.815,27.427,58694,17.91,44.77,41.8,83.61
"B0016","https://nci-naaccr-zone-design.github.io/louisiana-2020/?address=B0016","Female","Urinary","10yrs","Pointe Coupee, East Feliciana, West Feliciana","Slaughter, Jackson, New Roads, Norwood",5.965,5.667,6.264,154673,8.353,7.936,8.771,103515,4.507,4.281,4.732,58694,17.91,44.77,41.8,83.61
"B0016","https://nci-naaccr-zone-design.github.io/louisiana-2020/?address=B0016","Male","Urinary","10yrs","Pointe Coupee, East Feliciana, West Feliciana","Slaughter, Jackson, New Roads, Norwood",39.929,37.932,41.925,169727,31.576,29.997,33.155,143265,42.949,40.801,45.096,58694,17.91,44.77,41.8,83.61
"B0016","https://nci-naaccr-zone-design.github.io/louisiana-2020/?address=B0016","Both","Mela","10yrs","Pointe Coupee, East Feliciana, West Feliciana","Slaughter, Jackson, New Roads, Norwood",25.458,24.185,26.731,324400,4.622,4.39,4.853,246780,13.306,12.641,13.971,58694,17.91,44.77,41.8,83.61
"B0016","https://nci-naaccr-zone-design.github.io/louisiana-2020/?address=B0016","Female","Mela","10yrs","Pointe Coupee, East Feliciana, West Feliciana","Slaughter, Jackson, New Roads, Norwood",14.529,13.802,15.255,154673,13.195,12.535,13.855,103515,16.315,15.499,17.131,58694,17.91,44.77,41.8,83.61
"B0016","https://nci-naaccr-zone-design.github.io/louisiana-2020/?address=B0016","Male","Mela","10yrs","Pointe Coupee, East Feliciana, West Feliciana","Slaughter, Jackson, New Roads, Norwood",30.398,28.878,31.918,169727,15.014,14.263,15.764,143265,23.39,22.22,24.559,58694,17.91,44.77,41.8,83.61
"B0016","https://nci-naaccr-zone-design.github.io/louisiana-2020/?address=B0016","Both","Pancreas","10yrs","Pointe Coupee, East Feliciana, West Feliciana","Slaughter, Jackson, New Roads, Norwood",10.925,10.379,11.471,324400,17.452,16.579,18.324,246780,16.899,16.054,17.743,58694,17.91,44.77,41.8,83.61
"B0016","https://nci-naaccr-zone-design.github.io/louisiana-2020/?address=B0016","Female","Pancreas","10yrs","Pointe Coupee, East Feliciana, West Feliciana","Slaughter, Jackson, New Roads, Norwood",12.537,11.91,13.164,154673,14.071,13.368,14.775,103515,8.783,8.344,9.223,58694,17.91,44.77,41.8,83.61
"B0016","https://nci-naaccr-zone-design.github.io/louisiana-2020/?address=B0016","Male","Pancreas","10yrs","Pointe Coupee, East Feliciana, West Feliciana","Slaughter, Jackson, New Roads, Norwood",10.675,10.142,11.209,169727,9.825,9.334,10.316,143265,17.156,16.299,18.014,58694,17.91,44.77,41.8,83.61
"B0016","https://nci-naaccr-zone-design.github.io/louisiana-2020/?address=B0016","Both","Leuks","10yrs","Pointe Coupee, East Feliciana, West Feliciana","Slaughter, Jackson, New Roads, Norwood",15.269,14.505,16.032,324400,14.947,14.2,15.694,246780,12.864,12.221,13.508,58694,17.91,44.77,41.8,83.61
"B0016","https://nci-naaccr-zone-design.github.io/louisiana-2020/?address=B0016","Female","Leuks","10yrs","Pointe Coupee, East Feliciana, West Feliciana","Slaughter, Jackson, New Roads, Norwood",11.666,11.082,12.249,154673,10.559,10.031,11.087,103515,6.605,6.274,6.935,58694,17.91,44.77,41.8,83.61
"B0016","https://nci-naaccr-zone-design.github.io/louisiana-2020/?address=B0016","Male","Leuks","10yrs","Pointe Coupee, East Feliciana, West Feliciana","Slaughter, Jackson, New Roads, Norwood",18.923,17.976,19.869,169727,13.149,12.491,13.806,143265,11.096,10.541,11.651,58694,17.91,44.77,41.8,83.61
"B0016","https://nci-naaccr-zone-design.github.io/louisiana-2020/?address=B0016","Both","Oral","10yrs","Pointe Coupee, East Feliciana, West Feliciana","Slaughter, Jackson, New Roads, Norwood",13.372,12.703,14.041,324400,10.094,9.59,10.599,246780,11.823,11.232,12.415,58694,17.91,44.77,41.8,83.61
"B0016","https://nci-naaccr-zone-design.github.io/louisiana-2020/?address=B0016","Female","Oral","10yrs","Pointe Coupee, East Feliciana, West Feliciana","Slaughter, Jackson, New Roads, Norwood",6.155,5.848,6.463,154673,4.686,4.452,4.92,103515,2.065,1.962,2.168,58694,17.91,44.77,41.8,83.61
"B0016","https://nci-naaccr-zone-design.github.io/louisiana-2020/?address=B0016","Male","Oral","10yrs","Pointe Coupee, East Feliciana, West Feliciana","Slaughter, Jackson, New Roads, Norwood",10.052,9.549,10.554,169727,12.929,12.282,13.575,143265,21.89,20.795,22.984,58694,17.91,44.77,41.8,83.61
"B0016","https://nci-naaccr-zone-design.github.io/louisiana-2020/?address=B0016","Both","Thyroid","10yrs","Pointe Coupee, East Feliciana, West Feliciana","Slaughter, Jackson, New Roads, Norwood",12.298,11.683,12.913,324400,11.505,10.93,12.081,246780,17.101,16.246,17.957,58694,17.91,44.77,41.8,83.61
"B0016","https://nci-naaccr-zone-design.github.io/louisiana-2020/?address=B0016","Female","Thyroid","10yrs","Pointe Coupee, East Feliciana, West Feliciana","Slaughter, Jackson, New Roads, Norwood",19.315,18.349,20.281,154673,10.551,10.024,11.079,103515,15.416,14.645,16.187,58694,17.91,44.77,41.8,83.61
"B0016","https://nci-naaccr-zone-design.github.io/louisiana-2020/?address=B0016","Male","Thyroid","10yrs","Pointe Coupee, East Feliciana, West Feliciana","Slaughter, Jackson, New Roads, Norwood",6.791,6.451,7.13,169727,4.72,4.484,4.957,143265,9.747,9.259,10.234,58694,17.91,44.77,41.8,83.61
"B0016","https://nci-naaccr-zone-design.github.io/louisiana-2020/?address=B0016","Female","Uterine","10yrs","Pointe Coupee, East Feliciana, West Feliciana","Slaughter, Jackson, New Roads, Norwood",15.013,14.262,15.763,154673,25.076,23.822,26.33,103515,16.72,15.884,17.556,58694,17.91,44.77,41.8,83.61
"B0016","https://nci-naaccr-zone-design.github.io/louisiana-2020/?address=B0016","Both","Liver","10yrs","Pointe Coupee, East Feliciana, West Feliciana","Slaughter, Jackson, New Roads, Norwood",15.548,14.77,16.325,324400,12.182,11.573,12.791,246780,9.982,9.483,10.481,58694,17.91,44.77,41.8,83.61
"B0016","https://nci-naaccr-zone-design.github.io/louisiana-2020/?address=B0016","Female","Liver","10yrs","Pointe Coupee, East Feliciana, West Feliciana","Slaughter, Jackson, New Roads, Norwood",2.212,2.101,2.323,154673,5.511,5.235,5.786,103515,3.049,2.896,3.201,58694,17.91,44.77,41.8,83.61
"B0016","https://nci-naaccr-zone-design.github.io/louisiana-2020/?address=B0016","Male","Liver","10yrs","Pointe Coupee, East Feliciana, West Feliciana","Slaughter, Jackson, New Roads, Norwood",16.375,15.556,17.193,169727,8.463,8.04,8.886,143265,8.913,8.467,9.359,58694,17.91,44.77,41.8,83.61
"B0016","https://nci-naaccr-zone-design.github.io/louisiana-2020/?address=B0016","Both","Stomach","10yrs","Pointe Coupee, East Feliciana, West Feliciana","Slaughter, Jackson, New Roads, Norwood",4.263,4.05,4.476,324400,10.737,10.2,11.273,246780,7.783,7.393,8.172,58694,17.91,44.77,41.8,83.61
"B0016","https://nci-naaccr-zone-design.github.io/louisiana-2020/?address=B0016","Female","Stomach","10yrs","Pointe Coupee, East Feliciana, West Feliciana","Slaughter, Jackson, New Roads, Norwood",4.152,3.944,4.359,154673,8.467,8.043,8.89,103515,3.578,3.399,3.757,58694,17.91,44.77,41.8,83.61
"B0016","https://nci-naaccr-zone-design.github.io/louisiana-2020/?address=B0016","Male","Stomach","10yrs","Pointe Coupee, East Feliciana, West Feliciana","Slaughter, Jackson, New Roads, Norwood",14.831,14.09,15.573,169727,13.974,13.276,14.673,143265,14.844,14.102,15.586,58694,17.91,44.77,41.8,83.61
"B0016","https://nci-naaccr-zone-design.github.io/louisiana-2020/?address=B0016","Both","Myeloma","10yrs","Pointe Coupee, East Feliciana, West Feliciana","Slaughter, Jackson, New Roads, Norwood",5.783,5.494,6.072,324400,5.268,5.004,5.531,246780,13.718,13.032,14.404,58694,17.91,44.77,41.8,83.61
"B0016","https://nci-naaccr-zone-design.github.io/louisiana-2020/?address=B0016","Female","Myeloma","10yrs","Pointe Coupee, East Feliciana, West Feliciana","Slaughter, Jackson, New Roads, Norwood",9.174,8.715,9.633,154673,2.953,2.806,3.101,103515,10.204,9.694,10.714,58694,17.91,44.77,41.8,83.61
"B0016","https://nci-naaccr-zone-design.github.io/louisiana-2020/?address=B0016","Male","Myeloma","10yrs","Pointe Coupee, East Feliciana, West Feliciana","Slaughter, Jackson, New Roads, Norwood",7.971,7.573,8.37,169727,8.062,7.659,8.465,143265,16.038,15.236,16.839,58694,17.91,44.77,41.8,83.61
"B0016","https://nci-naaccr-zone-design.github.io/louisiana-2020/?address=B0016","Both","Brain","10yrs","Pointe Coupee, East Feliciana, West Feliciana","Slaughter, Jackson, New Roads, Norwood",4.085,3.881,4.29,324400,8.113,7.707,8.518,246780,4.479,4.255,4.703,58694,17.91,44.77,41.8,83.61
"B0016","https://nci-naaccr-zone-design.github.io/louisiana-2020/?address=B0016","Female","Brain","10yrs","Pointe Coupee, East Feliciana, West Feliciana","Slaughter, Jackson, New Roads, Norwood",5.424,5.153,5.695,154673,4.891,4.646,5.135,103515,6.813,6.472,7.154,58694,17.91,44.77,41.8,83.61
"B0016","https://nci-naaccr-zone-design.github.io/louisiana-2020/?address=B0016","Male","Brain","10yrs","Pointe Coupee, East Feliciana, West Feliciana","Slaughter, Jackson, New Roads, Norwood",4.077,3.873,4.28,169727,4.631,4.399,4.862,143265,10.095,9.591,10.6,58694,17.91,44.77,41.8,83.61
"B0016","https://nci-naaccr-zone-design.github.io/louisiana-2020/?address=B0016","Both","Larynx","10yrs","Pointe Coupee, East Feliciana, West Feliciana","Slaughter, Jackson, New Roads, Norwood",3.595,3.415,3.775,324400,5.353,5.086,5.621,246780,6.97,6.622,7.319,58694,17.91,44.77,41.8,83.61
"B0016","https://nci-naaccr-zone-design.github.io/louisiana-2020/?address=B0016","Female","Larynx","10yrs","Pointe Coupee, East Feliciana, West Feliciana","Slaughter, Jackson, New Roads, Norwood",2.598,2.468,2.728,154673,1.659,1.576,1.742,103515,3.858,3.665,4.051,58694,17.91,44.77,41.8,83.61
"B0016","https://nci-naaccr-zone-design.github.io/louisiana-2020/?address=B0016","Male","Larynx","10yrs","Pointe Coupee, East Feliciana, West Feliciana","Slaughter, Jackson, New Roads, Norwood",13.712,13.027,14.398,169727,8.552,8.124,8.979,143265,5.789,5.499,6.078,58694,17.91,44.77,41.8,83.61
"B0016","https://nci-naaccr-zone-design.github.io/louisiana-2020/?address=B0016","Female","Ovary","10yrs","Pointe Coupee, East Feliciana, West Feliciana","Slaughter, Jackson, New Roads, Norwood",9.558,9.08,10.036,154673,4.919,4.673,5.165,103515,15.468,14.694,16.241,58694,17.91,44.77,41.8,83.61
"B0016","https://nci-naaccr-zone-design.github.io/louisiana-2020/?address=B0016","Both","Esoph","10yrs","Pointe Coupee, East Feliciana, West Feliciana","Slaughter, Jackson, New Roads, Norwood",4.453,4.23,4.675,324400,8.066,7.663,8.47,246780,6.247,5.935,6.559,58694,17.91,44.77,41.8,83.61
"B0016","https://nci-naaccr-zone-design.github.io/louisiana-2020/?address=B0016","Female","Esoph","10yrs","Pointe Coupee, East Feliciana, West Feliciana","Slaughter, Jackson, New Roads, Norwood",3.517,3.342,3.693,154673,3.539,3.362,3.716,103515,"","","",58694,17.91,44.77,41.8,83.61
"B0016","https://nci-naaccr-zone-design.github.io/louisiana-2020/?address=B0016","Male","Esoph","10yrs","Pointe Coupee, East Feliciana, West Feliciana","Slaughter, Jackson, New Roads, Norwood",11.355,10.787,11.923,169727,9.267,8.803,9.73,143265,11.861,11.268,12.454,58694,17.91,44.77,41.8,83.61
