"Zone","URL","Sex","Cancer","Years","Counties","Places","AAIR","LCI","UCI","White_PopTot","White_AAIR","White_LCI","White_UCI","Black_PopTot","Black_AAIR","Black_LCI","Black_UCI","TotalPop","Pct100Pov","PctMinority","PctBlackNH","PctRural"
"A9040","https://nci-naaccr-zone-design.github.io/louisiana-2020/?address=A9040","Both","AllSite","05yrs","Terrebonne","Bayou Cane, Bourg, Bayou Blue, Houma",478.523,454.596,502.449,190264,503.456,478.283,528.629,63049,452.264,429.651,474.877,56801,20.81,33.61,21.38,6.58
"A9040","https://nci-naaccr-zone-design.github.io/louisiana-2020/?address=A9040","Female","AllSite","05yrs","Terrebonne","Bayou Cane, Bourg, Bayou Blue, Houma",453.15,430.493,475.808,97817,425.581,404.302,446.86,32980,450.114,427.608,472.619,56801,20.81,33.61,21.38,6.58
"A9040","https://nci-naaccr-zone-design.github.io/louisiana-2020/?address=A9040","Male","AllSite","05yrs","Terrebonne","Bayou Cane, Bourg, Bayou Blue, Houma",537.368,510.5,564.236,92447,668.975,635.526,702.424,30070,668.811,635.371,702.252,56801,20.81,33.61,21.38,6.58
"A9040","https://nci-naaccr-zone-design.github.io/louisiana-2020/?address=A9040","Male","Prostate","05yrs","Terrebonne","Bayou Cane, Bourg, Bayou Blue, Houma",191.188,181.629,200.748,92447,206.49,196.165,216.814,30070,189.969,180.471,199.468,56801,20.81,33.61,21.38,6.58
"A9040","https://nci-naaccr-zone-design.github.io/louisiana-2020/?address=A9040","Both","Lung","05yrs","Terrebonne","Bayou Cane, Bourg, Bayou Blue, Houma",69.102,65.647,72.557,190264,49.85,47.358,52.343,63049,65.236,61.974,68.498,56801,20.81,33.61,21.38,6.58
"A9040","https://nci-naaccr-zone-design.github.io/louisiana-2020/?address=A9040","Female","Lung","05yrs","Terrebonne","Bayou Cane, Bourg, Bayou Blue, Houma",61.388,58.319,64.458,97817,65.679,62.395,68.963,32980,44.583,42.354,46.812,56801,20.81,33.61,21.38,6.58
"A9040","https://nci-naaccr-zone-design.github.io/louisiana-2020/?address=A9040","Male","Lung","05yrs","Terrebonne","Bayou Cane, Bourg, Bayou Blue, Houma",94.021,89.32,98.722,92447,113.611,107.93,119.291,30070,93.885,89.191,98.58,56801,20.81,33.61,21.38,6.58
"A9040","https://nci-naaccr-zone-design.github.io/louisiana-2020/?address=A9040","Female","Breast","05yrs","Terrebonne","Bayou Cane, Bourg, Bayou Blue, Houma",138.253,131.34,145.165,97817,130.348,123.831,136.866,32980,115.497,109.722,121.271,56801,20.81,33.61,21.38,6.58
"A9040","https://nci-naaccr-zone-design.github.io/louisiana-2020/?address=A9040","Both","CRC","05yrs","Terrebonne","Bayou Cane, Bourg, Bayou Blue, Houma",37.449,35.576,39.321,190264,45.468,43.194,47.741,63049,41.887,39.792,43.981,56801,20.81,33.61,21.38,6.58
"A9040","https://nci-naaccr-zone-design.github.io/louisiana-2020/?address=A9040","Female","CRC","05yrs","Terrebonne","Bayou Cane, Bourg, Bayou Blue, Houma",33.203,31.543,34.863,97817,54.038,51.336,56.74,32980,33.201,31.541,34.861,56801,20.81,33.61,21.38,6.58
"A9040","https://nci-naaccr-zone-design.github.io/louisiana-2020/?address=A9040","Male","CRC","05yrs","Terrebonne","Bayou Cane, Bourg, Bayou Blue, Houma",62.651,59.518,65.783,92447,45.608,43.328,47.889,30070,58.03,55.129,60.932,56801,20.81,33.61,21.38,6.58
"A9040","https://nci-naaccr-zone-design.github.io/louisiana-2020/?address=A9040","Both","Kidney","05yrs","Terrebonne","Bayou Cane, Bourg, Bayou Blue, Houma",21.063,20.01,22.116,190264,25.555,24.277,26.833,63049,25.396,24.126,26.666,56801,20.81,33.61,21.38,6.58
"A9040","https://nci-naaccr-zone-design.github.io/louisiana-2020/?address=A9040","Female","Kidney","05yrs","Terrebonne","Bayou Cane, Bourg, Bayou Blue, Houma",20.764,19.726,21.802,97817,22.473,21.349,23.596,32980,19.385,18.416,20.355,56801,20.81,33.61,21.38,6.58
"A9040","https://nci-naaccr-zone-design.github.io/louisiana-2020/?address=A9040","Male","Kidney","05yrs","Terrebonne","Bayou Cane, Bourg, Bayou Blue, Houma",25.899,24.604,27.194,92447,20.534,19.507,21.56,30070,23.195,22.035,24.354,56801,20.81,33.61,21.38,6.58
"A9040","https://nci-naaccr-zone-design.github.io/louisiana-2020/?address=A9040","Both","NHL","05yrs","Terrebonne","Bayou Cane, Bourg, Bayou Blue, Houma",18.9,17.955,19.845,190264,16.103,15.298,16.908,63049,24.504,23.278,25.729,56801,20.81,33.61,21.38,6.58
"A9040","https://nci-naaccr-zone-design.github.io/louisiana-2020/?address=A9040","Female","NHL","05yrs","Terrebonne","Bayou Cane, Bourg, Bayou Blue, Houma",17.716,16.83,18.602,97817,17.465,16.592,18.338,32980,10.77,10.232,11.309,56801,20.81,33.61,21.38,6.58
"A9040","https://nci-naaccr-zone-design.github.io/louisiana-2020/?address=A9040","Male","NHL","05yrs","Terrebonne","Bayou Cane, Bourg, Bayou Blue, Houma",30.802,29.262,32.342,92447,19.725,18.739,20.712,30070,24.345,23.128,25.563,56801,20.81,33.61,21.38,6.58
"A9040","https://nci-naaccr-zone-design.github.io/louisiana-2020/?address=A9040","Both","Urinary","05yrs","Terrebonne","Bayou Cane, Bourg, Bayou Blue, Houma",25.241,23.979,26.503,190264,24.731,23.495,25.968,63049,22.013,20.912,23.114,56801,20.81,33.61,21.38,6.58
"A9040","https://nci-naaccr-zone-design.github.io/louisiana-2020/?address=A9040","Female","Urinary","05yrs","Terrebonne","Bayou Cane, Bourg, Bayou Blue, Houma",7.702,7.317,8.088,97817,4.738,4.501,4.975,32980,"","","",56801,20.81,33.61,21.38,6.58
"A9040","https://nci-naaccr-zone-design.github.io/louisiana-2020/?address=A9040","Male","Urinary","05yrs","Terrebonne","Bayou Cane, Bourg, Bayou Blue, Houma",20.656,19.623,21.689,92447,38.74,36.803,40.677,30070,23.47,22.297,24.644,56801,20.81,33.61,21.38,6.58
"A9040","https://nci-naaccr-zone-design.github.io/louisiana-2020/?address=A9040","Both","Mela","05yrs","Terrebonne","Bayou Cane, Bourg, Bayou Blue, Houma",5.471,5.197,5.744,190264,28.398,26.978,29.818,63049,5.913,5.617,6.208,56801,20.81,33.61,21.38,6.58
"A9040","https://nci-naaccr-zone-design.github.io/louisiana-2020/?address=A9040","Female","Mela","05yrs","Terrebonne","Bayou Cane, Bourg, Bayou Blue, Houma",18.292,17.377,19.206,97817,22.027,20.926,23.129,32980,"","","",56801,20.81,33.61,21.38,6.58
"A9040","https://nci-naaccr-zone-design.github.io/louisiana-2020/?address=A9040","Male","Mela","05yrs","Terrebonne","Bayou Cane, Bourg, Bayou Blue, Houma",12.896,12.251,13.541,92447,10.421,9.9,10.943,30070,10.894,10.349,11.438,56801,20.81,33.61,21.38,6.58
"A9040","https://nci-naaccr-zone-design.github.io/louisiana-2020/?address=A9040","Both","Pancreas","05yrs","Terrebonne","Bayou Cane, Bourg, Bayou Blue, Houma",12.427,11.806,13.048,190264,14.848,14.105,15.59,63049,14.368,13.65,15.086,56801,20.81,33.61,21.38,6.58
"A9040","https://nci-naaccr-zone-design.github.io/louisiana-2020/?address=A9040","Female","Pancreas","05yrs","Terrebonne","Bayou Cane, Bourg, Bayou Blue, Houma",10.282,9.768,10.796,97817,11.002,10.451,11.552,32980,13.872,13.179,14.566,56801,20.81,33.61,21.38,6.58
"A9040","https://nci-naaccr-zone-design.github.io/louisiana-2020/?address=A9040","Male","Pancreas","05yrs","Terrebonne","Bayou Cane, Bourg, Bayou Blue, Houma",15.953,15.155,16.751,92447,14.051,13.349,14.754,30070,13.808,13.117,14.498,56801,20.81,33.61,21.38,6.58
"A9040","https://nci-naaccr-zone-design.github.io/louisiana-2020/?address=A9040","Both","Leuks","05yrs","Terrebonne","Bayou Cane, Bourg, Bayou Blue, Houma",11.636,11.054,12.218,190264,10.998,10.448,11.548,63049,15.27,14.507,16.034,56801,20.81,33.61,21.38,6.58
"A9040","https://nci-naaccr-zone-design.github.io/louisiana-2020/?address=A9040","Female","Leuks","05yrs","Terrebonne","Bayou Cane, Bourg, Bayou Blue, Houma",7.99,7.591,8.39,97817,12.368,11.75,12.987,32980,"","","",56801,20.81,33.61,21.38,6.58
"A9040","https://nci-naaccr-zone-design.github.io/louisiana-2020/?address=A9040","Male","Leuks","05yrs","Terrebonne","Bayou Cane, Bourg, Bayou Blue, Houma",23.82,22.629,25.011,92447,17.217,16.356,18.078,30070,18.918,17.972,19.864,56801,20.81,33.61,21.38,6.58
"A9040","https://nci-naaccr-zone-design.github.io/louisiana-2020/?address=A9040","Both","Oral","05yrs","Terrebonne","Bayou Cane, Bourg, Bayou Blue, Houma",8.759,8.321,9.197,190264,14.128,13.421,14.834,63049,6.719,6.383,7.055,56801,20.81,33.61,21.38,6.58
"A9040","https://nci-naaccr-zone-design.github.io/louisiana-2020/?address=A9040","Female","Oral","05yrs","Terrebonne","Bayou Cane, Bourg, Bayou Blue, Houma",2.518,2.392,2.644,97817,8.123,7.717,8.529,32980,"","","",56801,20.81,33.61,21.38,6.58
"A9040","https://nci-naaccr-zone-design.github.io/louisiana-2020/?address=A9040","Male","Oral","05yrs","Terrebonne","Bayou Cane, Bourg, Bayou Blue, Houma",23.237,22.075,24.399,92447,17.384,16.515,18.254,30070,16.403,15.583,17.223,56801,20.81,33.61,21.38,6.58
"A9040","https://nci-naaccr-zone-design.github.io/louisiana-2020/?address=A9040","Both","Thyroid","05yrs","Terrebonne","Bayou Cane, Bourg, Bayou Blue, Houma",11.048,10.496,11.601,190264,7.588,7.209,7.968,63049,8.256,7.844,8.669,56801,20.81,33.61,21.38,6.58
"A9040","https://nci-naaccr-zone-design.github.io/louisiana-2020/?address=A9040","Female","Thyroid","05yrs","Terrebonne","Bayou Cane, Bourg, Bayou Blue, Houma",11.9,11.305,12.495,97817,19.236,18.274,20.198,32980,16.91,16.065,17.756,56801,20.81,33.61,21.38,6.58
"A9040","https://nci-naaccr-zone-design.github.io/louisiana-2020/?address=A9040","Male","Thyroid","05yrs","Terrebonne","Bayou Cane, Bourg, Bayou Blue, Houma",6.861,6.518,7.204,92447,9.281,8.817,9.745,30070,"","","",56801,20.81,33.61,21.38,6.58
"A9040","https://nci-naaccr-zone-design.github.io/louisiana-2020/?address=A9040","Female","Uterine","05yrs","Terrebonne","Bayou Cane, Bourg, Bayou Blue, Houma",14.501,13.776,15.227,97817,17.595,16.715,18.475,32980,14.496,13.771,15.22,56801,20.81,33.61,21.38,6.58
"A9040","https://nci-naaccr-zone-design.github.io/louisiana-2020/?address=A9040","Both","Liver","05yrs","Terrebonne","Bayou Cane, Bourg, Bayou Blue, Houma",6.935,6.588,7.281,190264,13.775,13.086,14.464,63049,9.842,9.35,10.334,56801,20.81,33.61,21.38,6.58
"A9040","https://nci-naaccr-zone-design.github.io/louisiana-2020/?address=A9040","Female","Liver","05yrs","Terrebonne","Bayou Cane, Bourg, Bayou Blue, Houma",5.305,5.04,5.571,97817,5.87,5.577,6.164,32980,"","","",56801,20.81,33.61,21.38,6.58
"A9040","https://nci-naaccr-zone-design.github.io/louisiana-2020/?address=A9040","Male","Liver","05yrs","Terrebonne","Bayou Cane, Bourg, Bayou Blue, Houma",17.503,16.628,18.378,92447,9.057,8.604,9.509,30070,15.046,14.294,15.799,56801,20.81,33.61,21.38,6.58
"A9040","https://nci-naaccr-zone-design.github.io/louisiana-2020/?address=A9040","Both","Stomach","05yrs","Terrebonne","Bayou Cane, Bourg, Bayou Blue, Houma",8.775,8.336,9.214,190264,10.77,10.231,11.308,63049,10.732,10.195,11.269,56801,20.81,33.61,21.38,6.58
"A9040","https://nci-naaccr-zone-design.github.io/louisiana-2020/?address=A9040","Female","Stomach","05yrs","Terrebonne","Bayou Cane, Bourg, Bayou Blue, Houma",9.158,8.7,9.616,97817,3.986,3.786,4.185,32980,9.901,9.406,10.396,56801,20.81,33.61,21.38,6.58
"A9040","https://nci-naaccr-zone-design.github.io/louisiana-2020/?address=A9040","Male","Stomach","05yrs","Terrebonne","Bayou Cane, Bourg, Bayou Blue, Houma",8.53,8.104,8.957,92447,8.136,7.729,8.543,30070,"","","",56801,20.81,33.61,21.38,6.58
"A9040","https://nci-naaccr-zone-design.github.io/louisiana-2020/?address=A9040","Both","Myeloma","05yrs","Terrebonne","Bayou Cane, Bourg, Bayou Blue, Houma",4.178,3.969,4.387,190264,8.175,7.767,8.584,63049,14.0,13.3,14.7,56801,20.81,33.61,21.38,6.58
"A9040","https://nci-naaccr-zone-design.github.io/louisiana-2020/?address=A9040","Female","Myeloma","05yrs","Terrebonne","Bayou Cane, Bourg, Bayou Blue, Houma",7.329,6.963,7.696,97817,11.799,11.209,12.389,32980,"","","",56801,20.81,33.61,21.38,6.58
"A9040","https://nci-naaccr-zone-design.github.io/louisiana-2020/?address=A9040","Male","Myeloma","05yrs","Terrebonne","Bayou Cane, Bourg, Bayou Blue, Houma",14.765,14.027,15.503,92447,7.525,7.149,7.901,30070,13.657,12.974,14.34,56801,20.81,33.61,21.38,6.58
"A9040","https://nci-naaccr-zone-design.github.io/louisiana-2020/?address=A9040","Both","Brain","05yrs","Terrebonne","Bayou Cane, Bourg, Bayou Blue, Houma",4.66,4.427,4.893,190264,4.74,4.503,4.977,63049,5.013,4.762,5.264,56801,20.81,33.61,21.38,6.58
"A9040","https://nci-naaccr-zone-design.github.io/louisiana-2020/?address=A9040","Female","Brain","05yrs","Terrebonne","Bayou Cane, Bourg, Bayou Blue, Houma",4.201,3.991,4.411,97817,6.514,6.188,6.84,32980,"","","",56801,20.81,33.61,21.38,6.58
"A9040","https://nci-naaccr-zone-design.github.io/louisiana-2020/?address=A9040","Male","Brain","05yrs","Terrebonne","Bayou Cane, Bourg, Bayou Blue, Houma",9.486,9.011,9.96,92447,11.27,10.707,11.834,30070,"","","",56801,20.81,33.61,21.38,6.58
"A9040","https://nci-naaccr-zone-design.github.io/louisiana-2020/?address=A9040","Both","Larynx","05yrs","Terrebonne","Bayou Cane, Bourg, Bayou Blue, Houma",5.667,5.384,5.951,190264,9.165,8.706,9.623,63049,8.001,7.601,8.401,56801,20.81,33.61,21.38,6.58
"A9040","https://nci-naaccr-zone-design.github.io/louisiana-2020/?address=A9040","Female","Larynx","05yrs","Terrebonne","Bayou Cane, Bourg, Bayou Blue, Houma",2.147,2.04,2.255,97817,"","","",32980,"","","",56801,20.81,33.61,21.38,6.58
"A9040","https://nci-naaccr-zone-design.github.io/louisiana-2020/?address=A9040","Male","Larynx","05yrs","Terrebonne","Bayou Cane, Bourg, Bayou Blue, Houma",4.149,3.942,4.357,92447,8.416,7.995,8.836,30070,14.965,14.217,15.714,56801,20.81,33.61,21.38,6.58
"A9040","https://nci-naaccr-zone-design.github.io/louisiana-2020/?address=A9040","Female","Ovary","05yrs","Terrebonne","Bayou Cane, Bourg, Bayou Blue, Houma",6.423,6.102,6.744,97817,13.04,12.388,13.692,32980,"","","",56801,20.81,33.61,21.38,6.58
"A9040","https://nci-naaccr-zone-design.github.io/louisiana-2020/?address=A9040","Both","Esoph","05yrs","Terrebonne","Bayou Cane, Bourg, Bayou Blue, Houma",4.699,4.464,4.934,190264,3.005,2.855,3.156,63049,5.639,5.357,5.921,56801,20.81,33.61,21.38,6.58
"A9040","https://nci-naaccr-zone-design.github.io/louisiana-2020/?address=A9040","Female","Esoph","05yrs","Terrebonne","Bayou Cane, Bourg, Bayou Blue, Houma",2.314,2.198,2.429,97817,"","","",32980,"","","",56801,20.81,33.61,21.38,6.58
"A9040","https://nci-naaccr-zone-design.github.io/louisiana-2020/?address=A9040","Male","Esoph","05yrs","Terrebonne","Bayou Cane, Bourg, Bayou Blue, Houma",10.484,9.96,11.008,92447,4.985,4.736,5.235,30070,"","","",56801,20.81,33.61,21.38,6.58
"A9040","https://nci-naaccr-zone-design.github.io/louisiana-2020/?address=A9040","Both","AllSite","10yrs","Terrebonne","Bayou Cane, Bourg, Bayou Blue, Houma",470.357,446.839,493.875,384571,487.25,462.887,511.612,124713,474.789,451.05,498.528,56801,20.81,33.61,21.38,6.58
"A9040","https://nci-naaccr-zone-design.github.io/louisiana-2020/?address=A9040","Female","AllSite","10yrs","Terrebonne","Bayou Cane, Bourg, Bayou Blue, Houma",414.101,393.396,434.806,197531,397.733,377.846,417.619,65287,446.941,424.594,469.288,56801,20.81,33.61,21.38,6.58
"A9040","https://nci-naaccr-zone-design.github.io/louisiana-2020/?address=A9040","Male","AllSite","10yrs","Terrebonne","Bayou Cane, Bourg, Bayou Blue, Houma",639.953,607.955,671.951,187039,672.442,638.82,706.064,59425,651.183,618.623,683.742,56801,20.81,33.61,21.38,6.58
"A9040","https://nci-naaccr-zone-design.github.io/louisiana-2020/?address=A9040","Male","Prostate","10yrs","Terrebonne","Bayou Cane, Bourg, Bayou Blue, Houma",171.576,162.997,180.155,187039,126.651,120.319,132.984,59425,180.96,171.912,190.008,56801,20.81,33.61,21.38,6.58
"A9040","https://nci-naaccr-zone-design.github.io/louisiana-2020/?address=A9040","Both","Lung","10yrs","Terrebonne","Bayou Cane, Bourg, Bayou Blue, Houma",61.056,58.003,64.109,384571,49.02,46.569,51.471,124713,64.955,61.707,68.203,56801,20.81,33.61,21.38,6.58
"A9040","https://nci-naaccr-zone-design.github.io/louisiana-2020/?address=A9040","Female","Lung","10yrs","Terrebonne","Bayou Cane, Bourg, Bayou Blue, Houma",49.653,47.17,52.136,197531,58.15,55.242,61.057,65287,66.098,62.793,69.403,56801,20.81,33.61,21.38,6.58
"A9040","https://nci-naaccr-zone-design.github.io/louisiana-2020/?address=A9040","Male","Lung","10yrs","Terrebonne","Bayou Cane, Bourg, Bayou Blue, Houma",85.57,81.292,89.849,187039,117.666,111.782,123.549,59425,107.776,102.387,113.164,56801,20.81,33.61,21.38,6.58
"A9040","https://nci-naaccr-zone-design.github.io/louisiana-2020/?address=A9040","Female","Breast","10yrs","Terrebonne","Bayou Cane, Bourg, Bayou Blue, Houma",109.738,104.251,115.225,197531,114.717,108.981,120.453,65287,124.117,117.911,130.323,56801,20.81,33.61,21.38,6.58
"A9040","https://nci-naaccr-zone-design.github.io/louisiana-2020/?address=A9040","Both","CRC","10yrs","Terrebonne","Bayou Cane, Bourg, Bayou Blue, Houma",39.999,37.999,41.999,384571,51.44,48.868,54.012,124713,43.646,41.464,45.828,56801,20.81,33.61,21.38,6.58
"A9040","https://nci-naaccr-zone-design.github.io/louisiana-2020/?address=A9040","Female","CRC","10yrs","Terrebonne","Bayou Cane, Bourg, Bayou Blue, Houma",45.261,42.998,47.524,197531,47.835,45.443,50.226,65287,33.75,32.063,35.438,56801,20.81,33.61,21.38,6.58
"A9040","https://nci-naaccr-zone-design.github.io/louisiana-2020/?address=A9040","Male","CRC","10yrs","Terrebonne","Bayou Cane, Bourg, Bayou Blue, Houma",40.92,38.874,42.966,187039,59.996,56.997,62.996,59425,44.195,41.986,46.405,56801,20.81,33.61,21.38,6.58
"A9040","https://nci-naaccr-zone-design.github.io/louisiana-2020/?address=A9040","Both","Kidney","10yrs","Terrebonne","Bayou Cane, Bourg, Bayou Blue, Houma",23.972,22.773,25.17,384571,21.849,20.756,22.941,124713,24.251,23.039,25.464,56801,20.81,33.61,21.38,6.58
"A9040","https://nci-naaccr-zone-design.github.io/louisiana-2020/?address=A9040","Female","Kidney","10yrs","Terrebonne","Bayou Cane, Bourg, Bayou Blue, Houma",21.935,20.839,23.032,197531,21.693,20.608,22.777,65287,17.637,16.755,18.519,56801,20.81,33.61,21.38,6.58
"A9040","https://nci-naaccr-zone-design.github.io/louisiana-2020/?address=A9040","Male","Kidney","10yrs","Terrebonne","Bayou Cane, Bourg, Bayou Blue, Houma",24.821,23.58,26.062,187039,26.04,24.738,27.342,59425,17.293,16.428,18.158,56801,20.81,33.61,21.38,6.58
"A9040","https://nci-naaccr-zone-design.github.io/louisiana-2020/?address=A9040","Both","NHL","10yrs","Terrebonne","Bayou Cane, Bourg, Bayou Blue, Houma",17.786,16.896,18.675,384571,22.761,21.623,23.899,124713,23.834,22.642,25.025,56801,20.81,33.61,21.38,6.58
"A9040","https://nci-naaccr-zone-design.github.io/louisiana-2020/?address=A9040","Female","NHL","10yrs","Terrebonne","Bayou Cane, Bourg, Bayou Blue, Houma",19.322,18.355,20.288,197531,13.008,12.358,13.658,65287,20.31,19.294,21.325,56801,20.81,33.61,21.38,6.58
"A9040","https://nci-naaccr-zone-design.github.io/louisiana-2020/?address=A9040","Male","NHL","10yrs","Terrebonne","Bayou Cane, Bourg, Bayou Blue, Houma",20.404,19.384,21.424,187039,27.055,25.702,28.408,59425,19.381,18.412,20.35,56801,20.81,33.61,21.38,6.58
"A9040","https://nci-naaccr-zone-design.github.io/louisiana-2020/?address=A9040","Both","Urinary","10yrs","Terrebonne","Bayou Cane, Bourg, Bayou Blue, Houma",13.927,13.231,14.623,384571,13.646,12.963,14.328,124713,13.185,12.526,13.844,56801,20.81,33.61,21.38,6.58
"A9040","https://nci-naaccr-zone-design.github.io/louisiana-2020/?address=A9040","Female","Urinary","10yrs","Terrebonne","Bayou Cane, Bourg, Bayou Blue, Houma",13.287,12.623,13.952,197531,11.601,11.021,12.181,65287,13.648,12.965,14.33,56801,20.81,33.61,21.38,6.58
"A9040","https://nci-naaccr-zone-design.github.io/louisiana-2020/?address=A9040","Male","Urinary","10yrs","Terrebonne","Bayou Cane, Bourg, Bayou Blue, Houma",23.119,21.963,24.275,187039,22.994,21.844,24.143,59425,38.877,36.933,40.821,56801,20.81,33.61,21.38,6.58
"A9040","https://nci-naaccr-zone-design.github.io/louisiana-2020/?address=A9040","Both","Mela","10yrs","Terrebonne","Bayou Cane, Bourg, Bayou Blue, Houma",9.163,8.705,9.621,384571,28.317,26.902,29.733,124713,29.15,27.693,30.608,56801,20.81,33.61,21.38,6.58
"A9040","https://nci-naaccr-zone-design.github.io/louisiana-2020/?address=A9040","Female","Mela","10yrs","Terrebonne","Bayou Cane, Bourg, Bayou Blue, Houma",7.144,6.787,7.502,197531,2.663,2.53,2.796,65287,18.769,17.831,19.708,56801,20.81,33.61,21.38,6.58
"A9040","https://nci-naaccr-zone-design.github.io/louisiana-2020/?address=A9040","Male","Mela","10yrs","Terrebonne","Bayou Cane, Bourg, Bayou Blue, Houma",9.743,9.256,10.231,187039,29.556,28.078,31.034,59425,10.487,9.963,11.011,56801,20.81,33.61,21.38,6.58
"A9040","https://nci-naaccr-zone-design.github.io/louisiana-2020/?address=A9040","Both","Pancreas","10yrs","Terrebonne","Bayou Cane, Bourg, Bayou Blue, Houma",16.755,15.917,17.593,384571,17.217,16.356,18.078,124713,14.786,14.047,15.525,56801,20.81,33.61,21.38,6.58
"A9040","https://nci-naaccr-zone-design.github.io/louisiana-2020/?address=A9040","Female","Pancreas","10yrs","Terrebonne","Bayou Cane, Bourg, Bayou Blue, Houma",16.72,15.884,17.556,197531,16.638,15.806,17.47,65287,10.636,10.104,11.168,56801,20.81,33.61,21.38,6.58
"A9040","https://nci-naaccr-zone-design.github.io/louisiana-2020/?address=A9040","Male","Pancreas","10yrs","Terrebonne","Bayou Cane, Bourg, Bayou Blue, Houma",17.451,16.578,18.323,187039,18.789,17.85,19.729,59425,20.016,19.015,21.017,56801,20.81,33.61,21.38,6.58
"A9040","https://nci-naaccr-zone-design.github.io/louisiana-2020/?address=A9040","Both","Leuks","10yrs","Terrebonne","Bayou Cane, Bourg, Bayou Blue, Houma",17.75,16.863,18.638,384571,14.477,13.753,15.2,124713,14.946,14.199,15.694,56801,20.81,33.61,21.38,6.58
"A9040","https://nci-naaccr-zone-design.github.io/louisiana-2020/?address=A9040","Female","Leuks","10yrs","Terrebonne","Bayou Cane, Bourg, Bayou Blue, Houma",13.236,12.574,13.898,197531,8.704,8.269,9.139,65287,6.966,6.618,7.314,56801,20.81,33.61,21.38,6.58
"A9040","https://nci-naaccr-zone-design.github.io/louisiana-2020/?address=A9040","Male","Leuks","10yrs","Terrebonne","Bayou Cane, Bourg, Bayou Blue, Houma",22.173,21.064,23.282,187039,12.259,11.646,12.872,59425,25.666,24.382,26.949,56801,20.81,33.61,21.38,6.58
"A9040","https://nci-naaccr-zone-design.github.io/louisiana-2020/?address=A9040","Both","Oral","10yrs","Terrebonne","Bayou Cane, Bourg, Bayou Blue, Houma",9.03,8.578,9.481,384571,6.491,6.166,6.815,124713,8.243,7.831,8.656,56801,20.81,33.61,21.38,6.58
"A9040","https://nci-naaccr-zone-design.github.io/louisiana-2020/?address=A9040","Female","Oral","10yrs","Terrebonne","Bayou Cane, Bourg, Bayou Blue, Houma",3.103,2.948,3.258,197531,8.326,7.91,8.743,65287,4.205,3.994,4.415,56801,20.81,33.61,21.38,6.58
"A9040","https://nci-naaccr-zone-design.github.io/louisiana-2020/?address=A9040","Male","Oral","10yrs","Terrebonne","Bayou Cane, Bourg, Bayou Blue, Houma",18.05,17.147,18.952,187039,16.065,15.262,16.869,59425,27.042,25.69,28.394,56801,20.81,33.61,21.38,6.58
"A9040","https://nci-naaccr-zone-design.github.io/louisiana-2020/?address=A9040","Both","Thyroid","10yrs","Terrebonne","Bayou Cane, Bourg, Bayou Blue, Houma",14.713,13.977,15.449,384571,9.7,9.215,10.185,124713,17.057,16.204,17.91,56801,20.81,33.61,21.38,6.58
"A9040","https://nci-naaccr-zone-design.github.io/louisiana-2020/?address=A9040","Female","Thyroid","10yrs","Terrebonne","Bayou Cane, Bourg, Bayou Blue, Houma",21.055,20.002,22.107,197531,9.522,9.046,9.998,65287,23.419,22.248,24.59,56801,20.81,33.61,21.38,6.58
"A9040","https://nci-naaccr-zone-design.github.io/louisiana-2020/?address=A9040","Male","Thyroid","10yrs","Terrebonne","Bayou Cane, Bourg, Bayou Blue, Houma",7.848,7.456,8.24,187039,6.347,6.029,6.664,59425,2.805,2.664,2.945,56801,20.81,33.61,21.38,6.58
"A9040","https://nci-naaccr-zone-design.github.io/louisiana-2020/?address=A9040","Female","Uterine","10yrs","Terrebonne","Bayou Cane, Bourg, Bayou Blue, Houma",23.878,22.684,25.072,197531,25.535,24.258,26.812,65287,16.463,15.64,17.286,56801,20.81,33.61,21.38,6.58
"A9040","https://nci-naaccr-zone-design.github.io/louisiana-2020/?address=A9040","Both","Liver","10yrs","Terrebonne","Bayou Cane, Bourg, Bayou Blue, Houma",12.664,12.031,13.298,384571,6.988,6.638,7.337,124713,15.487,14.713,16.261,56801,20.81,33.61,21.38,6.58
"A9040","https://nci-naaccr-zone-design.github.io/louisiana-2020/?address=A9040","Female","Liver","10yrs","Terrebonne","Bayou Cane, Bourg, Bayou Blue, Houma",5.927,5.631,6.224,197531,3.349,3.181,3.516,65287,3.276,3.113,3.44,56801,20.81,33.61,21.38,6.58
"A9040","https://nci-naaccr-zone-design.github.io/louisiana-2020/?address=A9040","Male","Liver","10yrs","Terrebonne","Bayou Cane, Bourg, Bayou Blue, Houma",16.794,15.954,17.633,187039,14.58,13.851,15.309,59425,23.723,22.537,24.909,56801,20.81,33.61,21.38,6.58
"A9040","https://nci-naaccr-zone-design.github.io/louisiana-2020/?address=A9040","Both","Stomach","10yrs","Terrebonne","Bayou Cane, Bourg, Bayou Blue, Houma",10.842,10.3,11.385,384571,8.585,8.156,9.014,124713,9.274,8.81,9.738,56801,20.81,33.61,21.38,6.58
"A9040","https://nci-naaccr-zone-design.github.io/louisiana-2020/?address=A9040","Female","Stomach","10yrs","Terrebonne","Bayou Cane, Bourg, Bayou Blue, Houma",5.887,5.593,6.182,197531,3.889,3.695,4.083,65287,7.47,7.096,7.843,56801,20.81,33.61,21.38,6.58
"A9040","https://nci-naaccr-zone-design.github.io/louisiana-2020/?address=A9040","Male","Stomach","10yrs","Terrebonne","Bayou Cane, Bourg, Bayou Blue, Houma",14.222,13.511,14.933,187039,14.116,13.41,14.822,59425,4.565,4.337,4.794,56801,20.81,33.61,21.38,6.58
"A9040","https://nci-naaccr-zone-design.github.io/louisiana-2020/?address=A9040","Both","Myeloma","10yrs","Terrebonne","Bayou Cane, Bourg, Bayou Blue, Houma",8.605,8.175,9.035,384571,8.716,8.28,9.151,124713,12.323,11.707,12.939,56801,20.81,33.61,21.38,6.58
"A9040","https://nci-naaccr-zone-design.github.io/louisiana-2020/?address=A9040","Female","Myeloma","10yrs","Terrebonne","Bayou Cane, Bourg, Bayou Blue, Houma",9.932,9.435,10.428,197531,7.174,6.815,7.533,65287,7.961,7.563,8.359,56801,20.81,33.61,21.38,6.58
"A9040","https://nci-naaccr-zone-design.github.io/louisiana-2020/?address=A9040","Male","Myeloma","10yrs","Terrebonne","Bayou Cane, Bourg, Bayou Blue, Houma",17.051,16.199,17.904,187039,9.819,9.328,10.31,59425,13.418,12.747,14.089,56801,20.81,33.61,21.38,6.58
"A9040","https://nci-naaccr-zone-design.github.io/louisiana-2020/?address=A9040","Both","Brain","10yrs","Terrebonne","Bayou Cane, Bourg, Bayou Blue, Houma",3.575,3.396,3.754,384571,5.318,5.053,5.584,124713,6.184,5.875,6.493,56801,20.81,33.61,21.38,6.58
"A9040","https://nci-naaccr-zone-design.github.io/louisiana-2020/?address=A9040","Female","Brain","10yrs","Terrebonne","Bayou Cane, Bourg, Bayou Blue, Houma",3.764,3.576,3.952,197531,4.323,4.107,4.54,65287,5.299,5.034,5.564,56801,20.81,33.61,21.38,6.58
"A9040","https://nci-naaccr-zone-design.github.io/louisiana-2020/?address=A9040","Male","Brain","10yrs","Terrebonne","Bayou Cane, Bourg, Bayou Blue, Houma",7.343,6.976,7.71,187039,8.539,8.112,8.966,59425,3.478,3.304,3.652,56801,20.81,33.61,21.38,6.58
"A9040","https://nci-naaccr-zone-design.github.io/louisiana-2020/?address=A9040","Both","Larynx","10yrs","Terrebonne","Bayou Cane, Bourg, Bayou Blue, Houma",5.38,5.111,5.649,384571,4.08,3.876,4.284,124713,4.206,3.996,4.416,56801,20.81,33.61,21.38,6.58
"A9040","https://nci-naaccr-zone-design.github.io/louisiana-2020/?address=A9040","Female","Larynx","10yrs","Terrebonne","Bayou Cane, Bourg, Bayou Blue, Houma",2.569,2.44,2.697,197531,1.808,1.717,1.898,65287,3.908,3.712,4.103,56801,20.81,33.61,21.38,6.58
"A9040","https://nci-naaccr-zone-design.github.io/louisiana-2020/?address=A9040","Male","Larynx","10yrs","Terrebonne","Bayou Cane, Bourg, Bayou Blue, Houma",6.675,6.341,7.008,187039,12.52,11.894,13.146,59425,10.312,9.797,10.828,56801,20.81,33.61,21.38,6.58
"A9040","https://nci-naaccr-zone-design.github.io/louisiana-2020/?address=A9040","Female","Ovary","10yrs","Terrebonne","Bayou Cane, Bourg, Bayou Blue, Houma",6.323,6.007,6.639,197531,14.147,13.44,14.854,65287,5.646,5.363,5.928,56801,20.81,33.61,21.38,6.58
"A9040","https://nci-naaccr-zone-design.github.io/louisiana-2020/?address=A9040","Both","Esoph","10yrs","Terrebonne","Bayou Cane, Bourg, Bayou Blue, Houma",7.13,6.773,7.486,384571,3.161,3.003,3.319,124713,6.468,6.144,6.791,56801,20.81,33.61,21.38,6.58
"A9040","https://nci-naaccr-zone-design.github.io/louisiana-2020/?address=A9040","Female","Esoph","10yrs","Terrebonne","Bayou Cane, Bourg, Bayou Blue, Houma",1.711,1.626,1.797,197531,1.325,1.259,1.391,65287,"","","",56801,20.81,33.61,21.38,6.58
"A9040","https://nci-naaccr-zone-design.github.io/louisiana-2020/?address=A9040","Male","Esoph","10yrs","Terrebonne","Bayou Cane, Bourg, Bayou Blue, Houma",12.433,11.811,13.054,187039,5.94,5.643,6.237,59425,12.054,11.451,12.657,56801,20.81,33.61,21.38,6.58
