"Zone","URL","Sex","Cancer","Years","Counties","Places","AAIR","LCI","UCI","White_PopTot","White_AAIR","White_LCI","White_UCI","Black_PopTot","Black_AAIR","Black_LCI","Black_UCI","TotalPop","Pct100Pov","PctMinority","PctBlackNH","PctRural"
"A9037","https://nci-naaccr-zone-design.github.io/louisiana-2020/?address=A9037","Both","AllSite","05yrs","Jefferson","Metairie, River Ridge, Elmwood",542.981,515.832,570.13,223980,466.705,443.369,490.04,45682,522.804,496.663,548.944,59950,11.26,25.25,14.62,0.0
"A9037","https://nci-naaccr-zone-design.github.io/louisiana-2020/?address=A9037","Female","AllSite","05yrs","Jefferson","Metairie, River Ridge, Elmwood",388.58,369.151,408.009,116158,448.432,426.011,470.854,24186,452.521,429.895,475.147,59950,11.26,25.25,14.62,0.0
"A9037","https://nci-naaccr-zone-design.github.io/louisiana-2020/?address=A9037","Male","AllSite","05yrs","Jefferson","Metairie, River Ridge, Elmwood",631.376,599.807,662.944,107821,648.463,616.04,680.887,21497,598.788,568.849,628.728,59950,11.26,25.25,14.62,0.0
"A9037","https://nci-naaccr-zone-design.github.io/louisiana-2020/?address=A9037","Male","Prostate","05yrs","Jefferson","Metairie, River Ridge, Elmwood",147.927,140.53,155.323,107821,142.344,135.227,149.461,21497,186.943,177.595,196.29,59950,11.26,25.25,14.62,0.0
"A9037","https://nci-naaccr-zone-design.github.io/louisiana-2020/?address=A9037","Both","Lung","05yrs","Jefferson","Metairie, River Ridge, Elmwood",88.021,83.62,92.422,223980,50.88,48.336,53.425,45682,61.032,57.98,64.083,59950,11.26,25.25,14.62,0.0
"A9037","https://nci-naaccr-zone-design.github.io/louisiana-2020/?address=A9037","Female","Lung","05yrs","Jefferson","Metairie, River Ridge, Elmwood",72.099,68.494,75.704,116158,59.887,56.893,62.881,24186,49.704,47.219,52.19,59950,11.26,25.25,14.62,0.0
"A9037","https://nci-naaccr-zone-design.github.io/louisiana-2020/?address=A9037","Male","Lung","05yrs","Jefferson","Metairie, River Ridge, Elmwood",96.232,91.42,101.043,107821,116.865,111.022,122.708,21497,101.281,96.217,106.345,59950,11.26,25.25,14.62,0.0
"A9037","https://nci-naaccr-zone-design.github.io/louisiana-2020/?address=A9037","Female","Breast","05yrs","Jefferson","Metairie, River Ridge, Elmwood",143.913,136.717,151.109,116158,133.723,127.037,140.409,24186,136.786,129.947,143.625,59950,11.26,25.25,14.62,0.0
"A9037","https://nci-naaccr-zone-design.github.io/louisiana-2020/?address=A9037","Both","CRC","05yrs","Jefferson","Metairie, River Ridge, Elmwood",48.93,46.484,51.377,223980,45.62,43.339,47.901,45682,40.583,38.554,42.613,59950,11.26,25.25,14.62,0.0
"A9037","https://nci-naaccr-zone-design.github.io/louisiana-2020/?address=A9037","Female","CRC","05yrs","Jefferson","Metairie, River Ridge, Elmwood",51.124,48.568,53.68,116158,42.46,40.337,44.583,24186,47.133,44.777,49.49,59950,11.26,25.25,14.62,0.0
"A9037","https://nci-naaccr-zone-design.github.io/louisiana-2020/?address=A9037","Male","CRC","05yrs","Jefferson","Metairie, River Ridge, Elmwood",41.5,39.425,43.575,107821,60.655,57.623,63.688,21497,54.814,52.073,57.555,59950,11.26,25.25,14.62,0.0
"A9037","https://nci-naaccr-zone-design.github.io/louisiana-2020/?address=A9037","Both","Kidney","05yrs","Jefferson","Metairie, River Ridge, Elmwood",20.177,19.169,21.186,223980,23.974,22.776,25.173,45682,25.316,24.05,26.582,59950,11.26,25.25,14.62,0.0
"A9037","https://nci-naaccr-zone-design.github.io/louisiana-2020/?address=A9037","Female","Kidney","05yrs","Jefferson","Metairie, River Ridge, Elmwood",12.011,11.41,12.611,116158,11.456,10.884,12.029,24186,18.582,17.653,19.511,59950,11.26,25.25,14.62,0.0
"A9037","https://nci-naaccr-zone-design.github.io/louisiana-2020/?address=A9037","Male","Kidney","05yrs","Jefferson","Metairie, River Ridge, Elmwood",24.456,23.233,25.678,107821,21.092,20.037,22.146,21497,29.473,28.0,30.947,59950,11.26,25.25,14.62,0.0
"A9037","https://nci-naaccr-zone-design.github.io/louisiana-2020/?address=A9037","Both","NHL","05yrs","Jefferson","Metairie, River Ridge, Elmwood",13.789,13.1,14.479,223980,24.316,23.1,25.532,45682,23.561,22.383,24.739,59950,11.26,25.25,14.62,0.0
"A9037","https://nci-naaccr-zone-design.github.io/louisiana-2020/?address=A9037","Female","NHL","05yrs","Jefferson","Metairie, River Ridge, Elmwood",10.412,9.891,10.933,116158,21.634,20.552,22.715,24186,23.236,22.074,24.398,59950,11.26,25.25,14.62,0.0
"A9037","https://nci-naaccr-zone-design.github.io/louisiana-2020/?address=A9037","Male","NHL","05yrs","Jefferson","Metairie, River Ridge, Elmwood",26.276,24.962,27.589,107821,18.251,17.338,19.163,21497,21.237,20.175,22.299,59950,11.26,25.25,14.62,0.0
"A9037","https://nci-naaccr-zone-design.github.io/louisiana-2020/?address=A9037","Both","Urinary","05yrs","Jefferson","Metairie, River Ridge, Elmwood",18.227,17.316,19.139,223980,21.984,20.885,23.084,45682,26.674,25.341,28.008,59950,11.26,25.25,14.62,0.0
"A9037","https://nci-naaccr-zone-design.github.io/louisiana-2020/?address=A9037","Female","Urinary","05yrs","Jefferson","Metairie, River Ridge, Elmwood",13.419,12.748,14.09,116158,13.157,12.499,13.815,24186,"","","",59950,11.26,25.25,14.62,0.0
"A9037","https://nci-naaccr-zone-design.github.io/louisiana-2020/?address=A9037","Male","Urinary","05yrs","Jefferson","Metairie, River Ridge, Elmwood",34.686,32.951,36.42,107821,30.933,29.387,32.48,21497,33.737,32.051,35.424,59950,11.26,25.25,14.62,0.0
"A9037","https://nci-naaccr-zone-design.github.io/louisiana-2020/?address=A9037","Both","Mela","05yrs","Jefferson","Metairie, River Ridge, Elmwood",18.147,17.24,19.055,223980,25.415,24.144,26.685,45682,21.778,20.69,22.867,59950,11.26,25.25,14.62,0.0
"A9037","https://nci-naaccr-zone-design.github.io/louisiana-2020/?address=A9037","Female","Mela","05yrs","Jefferson","Metairie, River Ridge, Elmwood",7.519,7.143,7.895,116158,12.286,11.672,12.9,24186,20.385,19.366,21.405,59950,11.26,25.25,14.62,0.0
"A9037","https://nci-naaccr-zone-design.github.io/louisiana-2020/?address=A9037","Male","Mela","05yrs","Jefferson","Metairie, River Ridge, Elmwood",22.781,21.642,23.92,107821,5.402,5.132,5.672,21497,33.714,32.028,35.4,59950,11.26,25.25,14.62,0.0
"A9037","https://nci-naaccr-zone-design.github.io/louisiana-2020/?address=A9037","Both","Pancreas","05yrs","Jefferson","Metairie, River Ridge, Elmwood",11.127,10.571,11.683,223980,11.444,10.872,12.016,45682,15.136,14.379,15.893,59950,11.26,25.25,14.62,0.0
"A9037","https://nci-naaccr-zone-design.github.io/louisiana-2020/?address=A9037","Female","Pancreas","05yrs","Jefferson","Metairie, River Ridge, Elmwood",12.242,11.629,12.854,116158,9.354,8.887,9.822,24186,"","","",59950,11.26,25.25,14.62,0.0
"A9037","https://nci-naaccr-zone-design.github.io/louisiana-2020/?address=A9037","Male","Pancreas","05yrs","Jefferson","Metairie, River Ridge, Elmwood",17.014,16.163,17.865,107821,20.581,19.552,21.61,21497,"","","",59950,11.26,25.25,14.62,0.0
"A9037","https://nci-naaccr-zone-design.github.io/louisiana-2020/?address=A9037","Both","Leuks","05yrs","Jefferson","Metairie, River Ridge, Elmwood",13.155,12.498,13.813,223980,9.515,9.039,9.991,45682,15.938,15.141,16.735,59950,11.26,25.25,14.62,0.0
"A9037","https://nci-naaccr-zone-design.github.io/louisiana-2020/?address=A9037","Female","Leuks","05yrs","Jefferson","Metairie, River Ridge, Elmwood",9.08,8.626,9.534,116158,15.346,14.579,16.114,24186,"","","",59950,11.26,25.25,14.62,0.0
"A9037","https://nci-naaccr-zone-design.github.io/louisiana-2020/?address=A9037","Male","Leuks","05yrs","Jefferson","Metairie, River Ridge, Elmwood",17.433,16.561,18.304,107821,23.143,21.986,24.3,21497,"","","",59950,11.26,25.25,14.62,0.0
"A9037","https://nci-naaccr-zone-design.github.io/louisiana-2020/?address=A9037","Both","Oral","05yrs","Jefferson","Metairie, River Ridge, Elmwood",14.426,13.705,15.148,223980,6.466,6.143,6.789,45682,13.209,12.549,13.87,59950,11.26,25.25,14.62,0.0
"A9037","https://nci-naaccr-zone-design.github.io/louisiana-2020/?address=A9037","Female","Oral","05yrs","Jefferson","Metairie, River Ridge, Elmwood",5.937,5.641,6.234,116158,5.45,5.177,5.722,24186,"","","",59950,11.26,25.25,14.62,0.0
"A9037","https://nci-naaccr-zone-design.github.io/louisiana-2020/?address=A9037","Male","Oral","05yrs","Jefferson","Metairie, River Ridge, Elmwood",12.178,11.569,12.787,107821,10.963,10.414,11.511,21497,"","","",59950,11.26,25.25,14.62,0.0
"A9037","https://nci-naaccr-zone-design.github.io/louisiana-2020/?address=A9037","Both","Thyroid","05yrs","Jefferson","Metairie, River Ridge, Elmwood",12.367,11.749,12.985,223980,13.973,13.275,14.672,45682,10.059,9.556,10.561,59950,11.26,25.25,14.62,0.0
"A9037","https://nci-naaccr-zone-design.github.io/louisiana-2020/?address=A9037","Female","Thyroid","05yrs","Jefferson","Metairie, River Ridge, Elmwood",24.986,23.737,26.236,116158,19.491,18.517,20.466,24186,15.092,14.337,15.846,59950,11.26,25.25,14.62,0.0
"A9037","https://nci-naaccr-zone-design.github.io/louisiana-2020/?address=A9037","Male","Thyroid","05yrs","Jefferson","Metairie, River Ridge, Elmwood",7.133,6.776,7.489,107821,7.881,7.487,8.275,21497,"","","",59950,11.26,25.25,14.62,0.0
"A9037","https://nci-naaccr-zone-design.github.io/louisiana-2020/?address=A9037","Female","Uterine","05yrs","Jefferson","Metairie, River Ridge, Elmwood",12.632,12.0,13.264,116158,21.293,20.229,22.358,24186,18.239,17.327,19.151,59950,11.26,25.25,14.62,0.0
"A9037","https://nci-naaccr-zone-design.github.io/louisiana-2020/?address=A9037","Both","Liver","05yrs","Jefferson","Metairie, River Ridge, Elmwood",9.767,9.278,10.255,223980,7.174,6.816,7.533,45682,"","","",59950,11.26,25.25,14.62,0.0
"A9037","https://nci-naaccr-zone-design.github.io/louisiana-2020/?address=A9037","Female","Liver","05yrs","Jefferson","Metairie, River Ridge, Elmwood",7.15,6.792,7.507,116158,4.634,4.402,4.866,24186,"","","",59950,11.26,25.25,14.62,0.0
"A9037","https://nci-naaccr-zone-design.github.io/louisiana-2020/?address=A9037","Male","Liver","05yrs","Jefferson","Metairie, River Ridge, Elmwood",12.883,12.239,13.527,107821,13.504,12.828,14.179,21497,14.984,14.235,15.733,59950,11.26,25.25,14.62,0.0
"A9037","https://nci-naaccr-zone-design.github.io/louisiana-2020/?address=A9037","Both","Stomach","05yrs","Jefferson","Metairie, River Ridge, Elmwood",9.505,9.03,9.98,223980,11.305,10.74,11.871,45682,8.924,8.478,9.37,59950,11.26,25.25,14.62,0.0
"A9037","https://nci-naaccr-zone-design.github.io/louisiana-2020/?address=A9037","Female","Stomach","05yrs","Jefferson","Metairie, River Ridge, Elmwood",6.029,5.728,6.331,116158,2.986,2.837,3.136,24186,"","","",59950,11.26,25.25,14.62,0.0
"A9037","https://nci-naaccr-zone-design.github.io/louisiana-2020/?address=A9037","Male","Stomach","05yrs","Jefferson","Metairie, River Ridge, Elmwood",5.204,4.943,5.464,107821,12.89,12.246,13.535,21497,"","","",59950,11.26,25.25,14.62,0.0
"A9037","https://nci-naaccr-zone-design.github.io/louisiana-2020/?address=A9037","Both","Myeloma","05yrs","Jefferson","Metairie, River Ridge, Elmwood",8.622,8.191,9.054,223980,5.423,5.152,5.694,45682,8.588,8.158,9.017,59950,11.26,25.25,14.62,0.0
"A9037","https://nci-naaccr-zone-design.github.io/louisiana-2020/?address=A9037","Female","Myeloma","05yrs","Jefferson","Metairie, River Ridge, Elmwood",12.536,11.909,13.162,116158,8.405,7.985,8.825,24186,"","","",59950,11.26,25.25,14.62,0.0
"A9037","https://nci-naaccr-zone-design.github.io/louisiana-2020/?address=A9037","Male","Myeloma","05yrs","Jefferson","Metairie, River Ridge, Elmwood",7.387,7.017,7.756,107821,12.609,11.978,13.239,21497,15.722,14.936,16.508,59950,11.26,25.25,14.62,0.0
"A9037","https://nci-naaccr-zone-design.github.io/louisiana-2020/?address=A9037","Both","Brain","05yrs","Jefferson","Metairie, River Ridge, Elmwood",6.827,6.486,7.169,223980,4.397,4.177,4.617,45682,"","","",59950,11.26,25.25,14.62,0.0
"A9037","https://nci-naaccr-zone-design.github.io/louisiana-2020/?address=A9037","Female","Brain","05yrs","Jefferson","Metairie, River Ridge, Elmwood",6.94,6.593,7.287,116158,7.49,7.116,7.865,24186,"","","",59950,11.26,25.25,14.62,0.0
"A9037","https://nci-naaccr-zone-design.github.io/louisiana-2020/?address=A9037","Male","Brain","05yrs","Jefferson","Metairie, River Ridge, Elmwood",9.746,9.259,10.233,107821,5.724,5.438,6.01,21497,"","","",59950,11.26,25.25,14.62,0.0
"A9037","https://nci-naaccr-zone-design.github.io/louisiana-2020/?address=A9037","Both","Larynx","05yrs","Jefferson","Metairie, River Ridge, Elmwood",8.337,7.92,8.753,223980,5.066,4.813,5.32,45682,"","","",59950,11.26,25.25,14.62,0.0
"A9037","https://nci-naaccr-zone-design.github.io/louisiana-2020/?address=A9037","Female","Larynx","05yrs","Jefferson","Metairie, River Ridge, Elmwood","","","",116158,3.98,3.781,4.179,24186,"","","",59950,11.26,25.25,14.62,0.0
"A9037","https://nci-naaccr-zone-design.github.io/louisiana-2020/?address=A9037","Male","Larynx","05yrs","Jefferson","Metairie, River Ridge, Elmwood",12.072,11.468,12.676,107821,11.75,11.162,12.337,21497,"","","",59950,11.26,25.25,14.62,0.0
"A9037","https://nci-naaccr-zone-design.github.io/louisiana-2020/?address=A9037","Female","Ovary","05yrs","Jefferson","Metairie, River Ridge, Elmwood",10.829,10.288,11.371,116158,15.094,14.339,15.848,24186,15.077,14.323,15.831,59950,11.26,25.25,14.62,0.0
"A9037","https://nci-naaccr-zone-design.github.io/louisiana-2020/?address=A9037","Both","Esoph","05yrs","Jefferson","Metairie, River Ridge, Elmwood",6.07,5.766,6.373,223980,4.658,4.426,4.891,45682,"","","",59950,11.26,25.25,14.62,0.0
"A9037","https://nci-naaccr-zone-design.github.io/louisiana-2020/?address=A9037","Female","Esoph","05yrs","Jefferson","Metairie, River Ridge, Elmwood",2.206,2.096,2.316,116158,"","","",24186,"","","",59950,11.26,25.25,14.62,0.0
"A9037","https://nci-naaccr-zone-design.github.io/louisiana-2020/?address=A9037","Male","Esoph","05yrs","Jefferson","Metairie, River Ridge, Elmwood",7.863,7.47,8.256,107821,8.394,7.974,8.813,21497,"","","",59950,11.26,25.25,14.62,0.0
"A9037","https://nci-naaccr-zone-design.github.io/louisiana-2020/?address=A9037","Both","AllSite","10yrs","Jefferson","Metairie, River Ridge, Elmwood",510.6,485.07,536.13,452017,449.628,427.146,472.109,91730,477.243,453.381,501.105,59950,11.26,25.25,14.62,0.0
"A9037","https://nci-naaccr-zone-design.github.io/louisiana-2020/?address=A9037","Female","AllSite","10yrs","Jefferson","Metairie, River Ridge, Elmwood",377.804,358.913,396.694,234525,400.714,380.678,420.749,48781,381.24,362.178,400.302,59950,11.26,25.25,14.62,0.0
"A9037","https://nci-naaccr-zone-design.github.io/louisiana-2020/?address=A9037","Male","AllSite","10yrs","Jefferson","Metairie, River Ridge, Elmwood",652.126,619.519,684.732,217492,621.015,589.964,652.065,42949,587.491,558.117,616.866,59950,11.26,25.25,14.62,0.0
"A9037","https://nci-naaccr-zone-design.github.io/louisiana-2020/?address=A9037","Male","Prostate","10yrs","Jefferson","Metairie, River Ridge, Elmwood",205.864,195.57,216.157,217492,173.373,164.704,182.042,42949,178.755,169.818,187.693,59950,11.26,25.25,14.62,0.0
"A9037","https://nci-naaccr-zone-design.github.io/louisiana-2020/?address=A9037","Both","Lung","10yrs","Jefferson","Metairie, River Ridge, Elmwood",53.972,51.273,56.67,452017,84.088,79.883,88.292,91730,52.892,50.247,55.536,59950,11.26,25.25,14.62,0.0
"A9037","https://nci-naaccr-zone-design.github.io/louisiana-2020/?address=A9037","Female","Lung","10yrs","Jefferson","Metairie, River Ridge, Elmwood",49.002,46.552,51.452,234525,72.904,69.258,76.549,48781,63.205,60.044,66.365,59950,11.26,25.25,14.62,0.0
"A9037","https://nci-naaccr-zone-design.github.io/louisiana-2020/?address=A9037","Male","Lung","10yrs","Jefferson","Metairie, River Ridge, Elmwood",90.912,86.367,95.458,217492,83.078,78.924,87.232,42949,62.435,59.314,65.557,59950,11.26,25.25,14.62,0.0
"A9037","https://nci-naaccr-zone-design.github.io/louisiana-2020/?address=A9037","Female","Breast","10yrs","Jefferson","Metairie, River Ridge, Elmwood",109.233,103.771,114.695,234525,102.012,96.911,107.112,48781,112.14,106.533,117.747,59950,11.26,25.25,14.62,0.0
"A9037","https://nci-naaccr-zone-design.github.io/louisiana-2020/?address=A9037","Both","CRC","10yrs","Jefferson","Metairie, River Ridge, Elmwood",35.402,33.632,37.172,452017,44.0,41.8,46.2,91730,44.741,42.504,46.978,59950,11.26,25.25,14.62,0.0
"A9037","https://nci-naaccr-zone-design.github.io/louisiana-2020/?address=A9037","Female","CRC","10yrs","Jefferson","Metairie, River Ridge, Elmwood",50.406,47.885,52.926,234525,40.825,38.784,42.866,48781,32.946,31.299,34.594,59950,11.26,25.25,14.62,0.0
"A9037","https://nci-naaccr-zone-design.github.io/louisiana-2020/?address=A9037","Male","CRC","10yrs","Jefferson","Metairie, River Ridge, Elmwood",44.804,42.564,47.044,217492,48.72,46.284,51.156,42949,56.563,53.735,59.392,59950,11.26,25.25,14.62,0.0
"A9037","https://nci-naaccr-zone-design.github.io/louisiana-2020/?address=A9037","Both","Kidney","10yrs","Jefferson","Metairie, River Ridge, Elmwood",15.408,14.637,16.178,452017,25.683,24.399,26.967,91730,21.378,20.309,22.447,59950,11.26,25.25,14.62,0.0
"A9037","https://nci-naaccr-zone-design.github.io/louisiana-2020/?address=A9037","Female","Kidney","10yrs","Jefferson","Metairie, River Ridge, Elmwood",20.589,19.56,21.619,234525,18.576,17.647,19.505,48781,19.398,18.428,20.368,59950,11.26,25.25,14.62,0.0
"A9037","https://nci-naaccr-zone-design.github.io/louisiana-2020/?address=A9037","Male","Kidney","10yrs","Jefferson","Metairie, River Ridge, Elmwood",28.937,27.49,30.384,217492,23.787,22.598,24.977,42949,18.142,17.235,19.05,59950,11.26,25.25,14.62,0.0
"A9037","https://nci-naaccr-zone-design.github.io/louisiana-2020/?address=A9037","Both","NHL","10yrs","Jefferson","Metairie, River Ridge, Elmwood",20.365,19.346,21.383,452017,13.756,13.069,14.444,91730,15.981,15.182,16.78,59950,11.26,25.25,14.62,0.0
"A9037","https://nci-naaccr-zone-design.github.io/louisiana-2020/?address=A9037","Female","NHL","10yrs","Jefferson","Metairie, River Ridge, Elmwood",12.6,11.97,13.23,234525,20.498,19.473,21.523,48781,18.493,17.568,19.417,59950,11.26,25.25,14.62,0.0
"A9037","https://nci-naaccr-zone-design.github.io/louisiana-2020/?address=A9037","Male","NHL","10yrs","Jefferson","Metairie, River Ridge, Elmwood",18.523,17.597,19.449,217492,27.214,25.854,28.575,42949,17.621,16.74,18.502,59950,11.26,25.25,14.62,0.0
"A9037","https://nci-naaccr-zone-design.github.io/louisiana-2020/?address=A9037","Both","Urinary","10yrs","Jefferson","Metairie, River Ridge, Elmwood",18.894,17.949,19.839,452017,15.815,15.024,16.605,91730,19.669,18.686,20.652,59950,11.26,25.25,14.62,0.0
"A9037","https://nci-naaccr-zone-design.github.io/louisiana-2020/?address=A9037","Female","Urinary","10yrs","Jefferson","Metairie, River Ridge, Elmwood",11.28,10.716,11.844,234525,5.313,5.047,5.579,48781,5.451,5.178,5.724,59950,11.26,25.25,14.62,0.0
"A9037","https://nci-naaccr-zone-design.github.io/louisiana-2020/?address=A9037","Male","Urinary","10yrs","Jefferson","Metairie, River Ridge, Elmwood",37.948,36.051,39.846,217492,22.242,21.13,23.354,42949,37.223,35.362,39.084,59950,11.26,25.25,14.62,0.0
"A9037","https://nci-naaccr-zone-design.github.io/louisiana-2020/?address=A9037","Both","Mela","10yrs","Jefferson","Metairie, River Ridge, Elmwood",24.112,22.907,25.318,452017,7.838,7.447,8.23,91730,10.251,9.738,10.763,59950,11.26,25.25,14.62,0.0
"A9037","https://nci-naaccr-zone-design.github.io/louisiana-2020/?address=A9037","Female","Mela","10yrs","Jefferson","Metairie, River Ridge, Elmwood",10.008,9.507,10.508,234525,8.773,8.334,9.211,48781,13.967,13.268,14.665,59950,11.26,25.25,14.62,0.0
"A9037","https://nci-naaccr-zone-design.github.io/louisiana-2020/?address=A9037","Male","Mela","10yrs","Jefferson","Metairie, River Ridge, Elmwood",40.683,38.649,42.717,217492,11.196,10.636,11.756,42949,11.259,10.696,11.822,59950,11.26,25.25,14.62,0.0
"A9037","https://nci-naaccr-zone-design.github.io/louisiana-2020/?address=A9037","Both","Pancreas","10yrs","Jefferson","Metairie, River Ridge, Elmwood",15.333,14.567,16.1,452017,18.36,17.442,19.278,91730,16.399,15.579,17.219,59950,11.26,25.25,14.62,0.0
"A9037","https://nci-naaccr-zone-design.github.io/louisiana-2020/?address=A9037","Female","Pancreas","10yrs","Jefferson","Metairie, River Ridge, Elmwood",13.296,12.632,13.961,234525,8.956,8.509,9.404,48781,10.029,9.527,10.53,59950,11.26,25.25,14.62,0.0
"A9037","https://nci-naaccr-zone-design.github.io/louisiana-2020/?address=A9037","Male","Pancreas","10yrs","Jefferson","Metairie, River Ridge, Elmwood",21.114,20.058,22.169,217492,20.231,19.219,21.242,42949,19.475,18.501,20.449,59950,11.26,25.25,14.62,0.0
"A9037","https://nci-naaccr-zone-design.github.io/louisiana-2020/?address=A9037","Both","Leuks","10yrs","Jefferson","Metairie, River Ridge, Elmwood",12.156,11.548,12.764,452017,12.259,11.646,12.872,91730,12.888,12.244,13.533,59950,11.26,25.25,14.62,0.0
"A9037","https://nci-naaccr-zone-design.github.io/louisiana-2020/?address=A9037","Female","Leuks","10yrs","Jefferson","Metairie, River Ridge, Elmwood",15.389,14.619,16.158,234525,10.57,10.042,11.099,48781,12.112,11.506,12.718,59950,11.26,25.25,14.62,0.0
"A9037","https://nci-naaccr-zone-design.github.io/louisiana-2020/?address=A9037","Male","Leuks","10yrs","Jefferson","Metairie, River Ridge, Elmwood",20.274,19.26,21.287,217492,17.379,16.51,18.248,42949,18.058,17.155,18.961,59950,11.26,25.25,14.62,0.0
"A9037","https://nci-naaccr-zone-design.github.io/louisiana-2020/?address=A9037","Both","Oral","10yrs","Jefferson","Metairie, River Ridge, Elmwood",14.729,13.992,15.465,452017,10.391,9.871,10.91,91730,14.926,14.179,15.672,59950,11.26,25.25,14.62,0.0
"A9037","https://nci-naaccr-zone-design.github.io/louisiana-2020/?address=A9037","Female","Oral","10yrs","Jefferson","Metairie, River Ridge, Elmwood",4.961,4.713,5.209,234525,5.556,5.278,5.833,48781,3.671,3.487,3.855,59950,11.26,25.25,14.62,0.0
"A9037","https://nci-naaccr-zone-design.github.io/louisiana-2020/?address=A9037","Male","Oral","10yrs","Jefferson","Metairie, River Ridge, Elmwood",18.05,17.147,18.952,217492,19.486,18.511,20.46,42949,24.282,23.068,25.496,59950,11.26,25.25,14.62,0.0
"A9037","https://nci-naaccr-zone-design.github.io/louisiana-2020/?address=A9037","Both","Thyroid","10yrs","Jefferson","Metairie, River Ridge, Elmwood",16.148,15.341,16.956,452017,12.677,12.043,13.31,91730,12.204,11.594,12.814,59950,11.26,25.25,14.62,0.0
"A9037","https://nci-naaccr-zone-design.github.io/louisiana-2020/?address=A9037","Female","Thyroid","10yrs","Jefferson","Metairie, River Ridge, Elmwood",17.865,16.972,18.758,234525,9.689,9.204,10.173,48781,22.124,21.018,23.23,59950,11.26,25.25,14.62,0.0
"A9037","https://nci-naaccr-zone-design.github.io/louisiana-2020/?address=A9037","Male","Thyroid","10yrs","Jefferson","Metairie, River Ridge, Elmwood",7.457,7.084,7.83,217492,3.038,2.886,3.189,42949,9.347,8.88,9.815,59950,11.26,25.25,14.62,0.0
"A9037","https://nci-naaccr-zone-design.github.io/louisiana-2020/?address=A9037","Female","Uterine","10yrs","Jefferson","Metairie, River Ridge, Elmwood",16.385,15.566,17.205,234525,20.991,19.942,22.041,48781,23.266,22.103,24.43,59950,11.26,25.25,14.62,0.0
"A9037","https://nci-naaccr-zone-design.github.io/louisiana-2020/?address=A9037","Both","Liver","10yrs","Jefferson","Metairie, River Ridge, Elmwood",5.568,5.289,5.846,452017,11.224,10.663,11.785,91730,14.264,13.551,14.978,59950,11.26,25.25,14.62,0.0
"A9037","https://nci-naaccr-zone-design.github.io/louisiana-2020/?address=A9037","Female","Liver","10yrs","Jefferson","Metairie, River Ridge, Elmwood",1.584,1.505,1.663,234525,1.929,1.833,2.026,48781,"","","",59950,11.26,25.25,14.62,0.0
"A9037","https://nci-naaccr-zone-design.github.io/louisiana-2020/?address=A9037","Male","Liver","10yrs","Jefferson","Metairie, River Ridge, Elmwood",23.595,22.415,24.775,217492,19.613,18.633,20.594,42949,22.697,21.562,23.832,59950,11.26,25.25,14.62,0.0
"A9037","https://nci-naaccr-zone-design.github.io/louisiana-2020/?address=A9037","Both","Stomach","10yrs","Jefferson","Metairie, River Ridge, Elmwood",5.94,5.643,6.237,452017,9.806,9.315,10.296,91730,6.403,6.082,6.723,59950,11.26,25.25,14.62,0.0
"A9037","https://nci-naaccr-zone-design.github.io/louisiana-2020/?address=A9037","Female","Stomach","10yrs","Jefferson","Metairie, River Ridge, Elmwood",3.174,3.015,3.333,234525,6.411,6.091,6.732,48781,4.165,3.957,4.373,59950,11.26,25.25,14.62,0.0
"A9037","https://nci-naaccr-zone-design.github.io/louisiana-2020/?address=A9037","Male","Stomach","10yrs","Jefferson","Metairie, River Ridge, Elmwood",13.484,12.81,14.158,217492,9.677,9.193,10.16,42949,9.205,8.745,9.665,59950,11.26,25.25,14.62,0.0
"A9037","https://nci-naaccr-zone-design.github.io/louisiana-2020/?address=A9037","Both","Myeloma","10yrs","Jefferson","Metairie, River Ridge, Elmwood",9.022,8.571,9.474,452017,10.134,9.627,10.64,91730,7.853,7.46,8.245,59950,11.26,25.25,14.62,0.0
"A9037","https://nci-naaccr-zone-design.github.io/louisiana-2020/?address=A9037","Female","Myeloma","10yrs","Jefferson","Metairie, River Ridge, Elmwood",6.76,6.422,7.098,234525,5.458,5.185,5.731,48781,3.263,3.1,3.426,59950,11.26,25.25,14.62,0.0
"A9037","https://nci-naaccr-zone-design.github.io/louisiana-2020/?address=A9037","Male","Myeloma","10yrs","Jefferson","Metairie, River Ridge, Elmwood",5.828,5.537,6.12,217492,17.734,16.847,18.62,42949,8.585,8.155,9.014,59950,11.26,25.25,14.62,0.0
"A9037","https://nci-naaccr-zone-design.github.io/louisiana-2020/?address=A9037","Both","Brain","10yrs","Jefferson","Metairie, River Ridge, Elmwood",7.257,6.894,7.62,452017,4.817,4.577,5.058,91730,7.332,6.966,7.699,59950,11.26,25.25,14.62,0.0
"A9037","https://nci-naaccr-zone-design.github.io/louisiana-2020/?address=A9037","Female","Brain","10yrs","Jefferson","Metairie, River Ridge, Elmwood",5.697,5.412,5.982,234525,7.264,6.9,7.627,48781,5.956,5.659,6.254,59950,11.26,25.25,14.62,0.0
"A9037","https://nci-naaccr-zone-design.github.io/louisiana-2020/?address=A9037","Male","Brain","10yrs","Jefferson","Metairie, River Ridge, Elmwood",6.225,5.914,6.536,217492,6.276,5.962,6.59,42949,6.635,6.303,6.966,59950,11.26,25.25,14.62,0.0
"A9037","https://nci-naaccr-zone-design.github.io/louisiana-2020/?address=A9037","Both","Larynx","10yrs","Jefferson","Metairie, River Ridge, Elmwood",5.455,5.182,5.728,452017,2.835,2.693,2.976,91730,7.621,7.24,8.002,59950,11.26,25.25,14.62,0.0
"A9037","https://nci-naaccr-zone-design.github.io/louisiana-2020/?address=A9037","Female","Larynx","10yrs","Jefferson","Metairie, River Ridge, Elmwood",1.318,1.252,1.384,234525,1.753,1.665,1.84,48781,"","","",59950,11.26,25.25,14.62,0.0
"A9037","https://nci-naaccr-zone-design.github.io/louisiana-2020/?address=A9037","Male","Larynx","10yrs","Jefferson","Metairie, River Ridge, Elmwood",6.606,6.275,6.936,217492,10.747,10.209,11.284,42949,11.913,11.318,12.509,59950,11.26,25.25,14.62,0.0
"A9037","https://nci-naaccr-zone-design.github.io/louisiana-2020/?address=A9037","Female","Ovary","10yrs","Jefferson","Metairie, River Ridge, Elmwood",7.057,6.704,7.41,234525,5.145,4.888,5.402,48781,10.077,9.573,10.581,59950,11.26,25.25,14.62,0.0
"A9037","https://nci-naaccr-zone-design.github.io/louisiana-2020/?address=A9037","Both","Esoph","10yrs","Jefferson","Metairie, River Ridge, Elmwood",4.705,4.47,4.94,452017,2.913,2.767,3.059,91730,3.576,3.397,3.754,59950,11.26,25.25,14.62,0.0
"A9037","https://nci-naaccr-zone-design.github.io/louisiana-2020/?address=A9037","Female","Esoph","10yrs","Jefferson","Metairie, River Ridge, Elmwood",2.026,1.925,2.127,234525,4.223,4.012,4.434,48781,"","","",59950,11.26,25.25,14.62,0.0
"A9037","https://nci-naaccr-zone-design.github.io/louisiana-2020/?address=A9037","Male","Esoph","10yrs","Jefferson","Metairie, River Ridge, Elmwood",4.708,4.473,4.943,217492,10.831,10.289,11.372,42949,12.765,12.126,13.403,59950,11.26,25.25,14.62,0.0
