"Zone","URL","Sex","Cancer","Years","Counties","Places","AAIR","LCI","UCI","White_PopTot","White_AAIR","White_LCI","White_UCI","Black_PopTot","Black_AAIR","Black_LCI","Black_UCI","TotalPop","Pct100Pov","PctMinority","PctBlackNH","PctRural"
"A9004","https://nci-naaccr-zone-design.github.io/louisiana-2020/?address=A9004","Both","AllSite","05yrs","Rapides","Alexandria, Pineville",488.404,463.984,512.825,149027,458.789,435.85,481.729,160079,494.467,469.743,519.19,64602,25.04,54.58,48.87,9.86
"A9004","https://nci-naaccr-zone-design.github.io/louisiana-2020/?address=A9004","Female","AllSite","05yrs","Rapides","Alexandria, Pineville",385.325,366.059,404.592,78505,431.433,409.861,453.004,85128,422.439,401.317,443.561,64602,25.04,54.58,48.87,9.86
"A9004","https://nci-naaccr-zone-design.github.io/louisiana-2020/?address=A9004","Male","AllSite","05yrs","Rapides","Alexandria, Pineville",522.807,496.667,548.947,70522,675.556,641.778,709.334,74951,528.195,501.785,554.604,64602,25.04,54.58,48.87,9.86
"A9004","https://nci-naaccr-zone-design.github.io/louisiana-2020/?address=A9004","Male","Prostate","05yrs","Rapides","Alexandria, Pineville",129.689,123.204,136.173,70522,198.742,188.805,208.679,74951,203.032,192.881,213.184,64602,25.04,54.58,48.87,9.86
"A9004","https://nci-naaccr-zone-design.github.io/louisiana-2020/?address=A9004","Both","Lung","05yrs","Rapides","Alexandria, Pineville",47.829,45.438,50.221,149027,84.497,80.272,88.722,160079,55.488,52.714,58.263,64602,25.04,54.58,48.87,9.86
"A9004","https://nci-naaccr-zone-design.github.io/louisiana-2020/?address=A9004","Female","Lung","05yrs","Rapides","Alexandria, Pineville",63.814,60.623,67.005,78505,57.991,55.091,60.89,85128,40.527,38.5,42.553,64602,25.04,54.58,48.87,9.86
"A9004","https://nci-naaccr-zone-design.github.io/louisiana-2020/?address=A9004","Male","Lung","05yrs","Rapides","Alexandria, Pineville",78.715,74.78,82.651,70522,86.048,81.746,90.35,74951,72.213,68.602,75.824,64602,25.04,54.58,48.87,9.86
"A9004","https://nci-naaccr-zone-design.github.io/louisiana-2020/?address=A9004","Female","Breast","05yrs","Rapides","Alexandria, Pineville",104.992,99.742,110.241,78505,103.507,98.331,108.682,85128,132.794,126.154,139.433,64602,25.04,54.58,48.87,9.86
"A9004","https://nci-naaccr-zone-design.github.io/louisiana-2020/?address=A9004","Both","CRC","05yrs","Rapides","Alexandria, Pineville",54.354,51.637,57.072,149027,56.016,53.215,58.817,160079,48.409,45.988,50.829,64602,25.04,54.58,48.87,9.86
"A9004","https://nci-naaccr-zone-design.github.io/louisiana-2020/?address=A9004","Female","CRC","05yrs","Rapides","Alexandria, Pineville",49.441,46.969,51.913,78505,31.917,30.321,33.513,85128,46.752,44.414,49.089,64602,25.04,54.58,48.87,9.86
"A9004","https://nci-naaccr-zone-design.github.io/louisiana-2020/?address=A9004","Male","CRC","05yrs","Rapides","Alexandria, Pineville",51.961,49.362,54.559,70522,69.171,65.712,72.629,74951,54.383,51.664,57.102,64602,25.04,54.58,48.87,9.86
"A9004","https://nci-naaccr-zone-design.github.io/louisiana-2020/?address=A9004","Both","Kidney","05yrs","Rapides","Alexandria, Pineville",19.703,18.718,20.688,149027,25.667,24.384,26.951,160079,15.837,15.045,16.628,64602,25.04,54.58,48.87,9.86
"A9004","https://nci-naaccr-zone-design.github.io/louisiana-2020/?address=A9004","Female","Kidney","05yrs","Rapides","Alexandria, Pineville",16.902,16.057,17.747,78505,21.617,20.536,22.698,85128,15.379,14.61,16.148,64602,25.04,54.58,48.87,9.86
"A9004","https://nci-naaccr-zone-design.github.io/louisiana-2020/?address=A9004","Male","Kidney","05yrs","Rapides","Alexandria, Pineville",35.747,33.96,37.535,70522,21.552,20.474,22.629,74951,34.351,32.633,36.068,64602,25.04,54.58,48.87,9.86
"A9004","https://nci-naaccr-zone-design.github.io/louisiana-2020/?address=A9004","Both","NHL","05yrs","Rapides","Alexandria, Pineville",21.115,20.059,22.171,149027,14.353,13.635,15.07,160079,17.156,16.298,18.013,64602,25.04,54.58,48.87,9.86
"A9004","https://nci-naaccr-zone-design.github.io/louisiana-2020/?address=A9004","Female","NHL","05yrs","Rapides","Alexandria, Pineville",12.308,11.692,12.923,78505,14.901,14.156,15.646,85128,13.218,12.557,13.878,64602,25.04,54.58,48.87,9.86
"A9004","https://nci-naaccr-zone-design.github.io/louisiana-2020/?address=A9004","Male","NHL","05yrs","Rapides","Alexandria, Pineville",21.059,20.006,22.112,70522,30.356,28.838,31.874,74951,24.695,23.46,25.929,64602,25.04,54.58,48.87,9.86
"A9004","https://nci-naaccr-zone-design.github.io/louisiana-2020/?address=A9004","Both","Urinary","05yrs","Rapides","Alexandria, Pineville",16.704,15.868,17.539,149027,18.348,17.43,19.265,160079,16.705,15.87,17.54,64602,25.04,54.58,48.87,9.86
"A9004","https://nci-naaccr-zone-design.github.io/louisiana-2020/?address=A9004","Female","Urinary","05yrs","Rapides","Alexandria, Pineville",6.222,5.911,6.533,78505,"","","",85128,13.913,13.217,14.609,64602,25.04,54.58,48.87,9.86
"A9004","https://nci-naaccr-zone-design.github.io/louisiana-2020/?address=A9004","Male","Urinary","05yrs","Rapides","Alexandria, Pineville",27.071,25.717,28.424,70522,21.45,20.378,22.523,74951,35.636,33.854,37.418,64602,25.04,54.58,48.87,9.86
"A9004","https://nci-naaccr-zone-design.github.io/louisiana-2020/?address=A9004","Both","Mela","05yrs","Rapides","Alexandria, Pineville",7.129,6.773,7.486,149027,21.571,20.493,22.65,160079,13.622,12.941,14.303,64602,25.04,54.58,48.87,9.86
"A9004","https://nci-naaccr-zone-design.github.io/louisiana-2020/?address=A9004","Female","Mela","05yrs","Rapides","Alexandria, Pineville",22.692,21.558,23.827,78505,8.037,7.635,8.439,85128,12.374,11.755,12.992,64602,25.04,54.58,48.87,9.86
"A9004","https://nci-naaccr-zone-design.github.io/louisiana-2020/?address=A9004","Male","Mela","05yrs","Rapides","Alexandria, Pineville",36.367,34.549,38.186,70522,27.637,26.256,29.019,74951,34.692,32.957,36.426,64602,25.04,54.58,48.87,9.86
"A9004","https://nci-naaccr-zone-design.github.io/louisiana-2020/?address=A9004","Both","Pancreas","05yrs","Rapides","Alexandria, Pineville",13.428,12.757,14.1,149027,13.047,12.395,13.699,160079,16.527,15.701,17.353,64602,25.04,54.58,48.87,9.86
"A9004","https://nci-naaccr-zone-design.github.io/louisiana-2020/?address=A9004","Female","Pancreas","05yrs","Rapides","Alexandria, Pineville",14.238,13.526,14.95,78505,9.811,9.32,10.301,85128,10.867,10.324,11.41,64602,25.04,54.58,48.87,9.86
"A9004","https://nci-naaccr-zone-design.github.io/louisiana-2020/?address=A9004","Male","Pancreas","05yrs","Rapides","Alexandria, Pineville",15.739,14.952,16.526,70522,11.794,11.204,12.384,74951,11.513,10.937,12.088,64602,25.04,54.58,48.87,9.86
"A9004","https://nci-naaccr-zone-design.github.io/louisiana-2020/?address=A9004","Both","Leuks","05yrs","Rapides","Alexandria, Pineville",13.747,13.059,14.434,149027,12.42,11.799,13.041,160079,17.664,16.781,18.548,64602,25.04,54.58,48.87,9.86
"A9004","https://nci-naaccr-zone-design.github.io/louisiana-2020/?address=A9004","Female","Leuks","05yrs","Rapides","Alexandria, Pineville",14.343,13.626,15.06,78505,9.961,9.463,10.459,85128,9.954,9.456,10.452,64602,25.04,54.58,48.87,9.86
"A9004","https://nci-naaccr-zone-design.github.io/louisiana-2020/?address=A9004","Male","Leuks","05yrs","Rapides","Alexandria, Pineville",20.782,19.743,21.822,70522,15.261,14.498,16.024,74951,22.208,21.098,23.318,64602,25.04,54.58,48.87,9.86
"A9004","https://nci-naaccr-zone-design.github.io/louisiana-2020/?address=A9004","Both","Oral","05yrs","Rapides","Alexandria, Pineville",11.993,11.393,12.592,149027,7.197,6.837,7.557,160079,6.607,6.277,6.938,64602,25.04,54.58,48.87,9.86
"A9004","https://nci-naaccr-zone-design.github.io/louisiana-2020/?address=A9004","Female","Oral","05yrs","Rapides","Alexandria, Pineville",7.711,7.326,8.097,78505,"","","",85128,6.85,6.507,7.192,64602,25.04,54.58,48.87,9.86
"A9004","https://nci-naaccr-zone-design.github.io/louisiana-2020/?address=A9004","Male","Oral","05yrs","Rapides","Alexandria, Pineville",27.169,25.81,28.527,70522,20.873,19.829,21.917,74951,14.696,13.962,15.431,64602,25.04,54.58,48.87,9.86
"A9004","https://nci-naaccr-zone-design.github.io/louisiana-2020/?address=A9004","Both","Thyroid","05yrs","Rapides","Alexandria, Pineville",10.693,10.158,11.228,149027,16.308,15.493,17.123,160079,16.62,15.789,17.451,64602,25.04,54.58,48.87,9.86
"A9004","https://nci-naaccr-zone-design.github.io/louisiana-2020/?address=A9004","Female","Thyroid","05yrs","Rapides","Alexandria, Pineville",14.543,13.816,15.27,78505,14.696,13.962,15.431,85128,21.932,20.836,23.029,64602,25.04,54.58,48.87,9.86
"A9004","https://nci-naaccr-zone-design.github.io/louisiana-2020/?address=A9004","Male","Thyroid","05yrs","Rapides","Alexandria, Pineville",5.797,5.507,6.087,70522,5.196,4.936,5.456,74951,7.198,6.838,7.558,64602,25.04,54.58,48.87,9.86
"A9004","https://nci-naaccr-zone-design.github.io/louisiana-2020/?address=A9004","Female","Uterine","05yrs","Rapides","Alexandria, Pineville",25.764,24.475,27.052,78505,21.781,20.692,22.87,85128,18.131,17.224,19.037,64602,25.04,54.58,48.87,9.86
"A9004","https://nci-naaccr-zone-design.github.io/louisiana-2020/?address=A9004","Both","Liver","05yrs","Rapides","Alexandria, Pineville",11.399,10.829,11.969,149027,11.863,11.269,12.456,160079,13.882,13.188,14.576,64602,25.04,54.58,48.87,9.86
"A9004","https://nci-naaccr-zone-design.github.io/louisiana-2020/?address=A9004","Female","Liver","05yrs","Rapides","Alexandria, Pineville",7.562,7.184,7.94,78505,"","","",85128,3.997,3.797,4.196,64602,25.04,54.58,48.87,9.86
"A9004","https://nci-naaccr-zone-design.github.io/louisiana-2020/?address=A9004","Male","Liver","05yrs","Rapides","Alexandria, Pineville",16.422,15.601,17.243,70522,13.372,12.703,14.04,74951,7.826,7.435,8.217,64602,25.04,54.58,48.87,9.86
"A9004","https://nci-naaccr-zone-design.github.io/louisiana-2020/?address=A9004","Both","Stomach","05yrs","Rapides","Alexandria, Pineville",11.195,10.635,11.755,149027,7.006,6.655,7.356,160079,7.256,6.894,7.619,64602,25.04,54.58,48.87,9.86
"A9004","https://nci-naaccr-zone-design.github.io/louisiana-2020/?address=A9004","Female","Stomach","05yrs","Rapides","Alexandria, Pineville",2.977,2.828,3.126,78505,8.186,7.777,8.596,85128,3.647,3.465,3.829,64602,25.04,54.58,48.87,9.86
"A9004","https://nci-naaccr-zone-design.github.io/louisiana-2020/?address=A9004","Male","Stomach","05yrs","Rapides","Alexandria, Pineville",11.319,10.753,11.885,70522,14.755,14.018,15.493,74951,15.725,14.939,16.512,64602,25.04,54.58,48.87,9.86
"A9004","https://nci-naaccr-zone-design.github.io/louisiana-2020/?address=A9004","Both","Myeloma","05yrs","Rapides","Alexandria, Pineville",14.03,13.328,14.731,149027,13.601,12.921,14.281,160079,6.078,5.774,6.382,64602,25.04,54.58,48.87,9.86
"A9004","https://nci-naaccr-zone-design.github.io/louisiana-2020/?address=A9004","Female","Myeloma","05yrs","Rapides","Alexandria, Pineville",11.027,10.476,11.578,78505,10.19,9.681,10.7,85128,11.761,11.172,12.349,64602,25.04,54.58,48.87,9.86
"A9004","https://nci-naaccr-zone-design.github.io/louisiana-2020/?address=A9004","Male","Myeloma","05yrs","Rapides","Alexandria, Pineville",12.905,12.259,13.55,70522,5.028,4.776,5.279,74951,9.168,8.71,9.626,64602,25.04,54.58,48.87,9.86
"A9004","https://nci-naaccr-zone-design.github.io/louisiana-2020/?address=A9004","Both","Brain","05yrs","Rapides","Alexandria, Pineville",6.243,5.931,6.555,149027,4.755,4.517,4.993,160079,5.873,5.58,6.167,64602,25.04,54.58,48.87,9.86
"A9004","https://nci-naaccr-zone-design.github.io/louisiana-2020/?address=A9004","Female","Brain","05yrs","Rapides","Alexandria, Pineville",6.485,6.16,6.809,78505,5.755,5.467,6.042,85128,"","","",64602,25.04,54.58,48.87,9.86
"A9004","https://nci-naaccr-zone-design.github.io/louisiana-2020/?address=A9004","Male","Brain","05yrs","Rapides","Alexandria, Pineville",10.364,9.846,10.882,70522,10.843,10.301,11.385,74951,10.984,10.435,11.533,64602,25.04,54.58,48.87,9.86
"A9004","https://nci-naaccr-zone-design.github.io/louisiana-2020/?address=A9004","Both","Larynx","05yrs","Rapides","Alexandria, Pineville",7.458,7.085,7.831,149027,6.021,5.72,6.322,160079,3.796,3.606,3.986,64602,25.04,54.58,48.87,9.86
"A9004","https://nci-naaccr-zone-design.github.io/louisiana-2020/?address=A9004","Female","Larynx","05yrs","Rapides","Alexandria, Pineville","","","",78505,"","","",85128,"","","",64602,25.04,54.58,48.87,9.86
"A9004","https://nci-naaccr-zone-design.github.io/louisiana-2020/?address=A9004","Male","Larynx","05yrs","Rapides","Alexandria, Pineville",14.346,13.629,15.063,70522,9.411,8.94,9.881,74951,8.649,8.217,9.082,64602,25.04,54.58,48.87,9.86
"A9004","https://nci-naaccr-zone-design.github.io/louisiana-2020/?address=A9004","Female","Ovary","05yrs","Rapides","Alexandria, Pineville",9.486,9.012,9.961,78505,"","","",85128,5.083,4.829,5.337,64602,25.04,54.58,48.87,9.86
"A9004","https://nci-naaccr-zone-design.github.io/louisiana-2020/?address=A9004","Both","Esoph","05yrs","Rapides","Alexandria, Pineville",5.901,5.606,6.196,149027,3.872,3.679,4.066,160079,6.674,6.341,7.008,64602,25.04,54.58,48.87,9.86
"A9004","https://nci-naaccr-zone-design.github.io/louisiana-2020/?address=A9004","Female","Esoph","05yrs","Rapides","Alexandria, Pineville","","","",78505,"","","",85128,"","","",64602,25.04,54.58,48.87,9.86
"A9004","https://nci-naaccr-zone-design.github.io/louisiana-2020/?address=A9004","Male","Esoph","05yrs","Rapides","Alexandria, Pineville",5.963,5.664,6.261,70522,8.501,8.076,8.926,74951,7.141,6.784,7.498,64602,25.04,54.58,48.87,9.86
"A9004","https://nci-naaccr-zone-design.github.io/louisiana-2020/?address=A9004","Both","AllSite","10yrs","Rapides","Alexandria, Pineville",497.5,472.625,522.375,303384,446.501,424.176,468.826,316981,466.629,443.298,489.961,64602,25.04,54.58,48.87,9.86
"A9004","https://nci-naaccr-zone-design.github.io/louisiana-2020/?address=A9004","Female","AllSite","10yrs","Rapides","Alexandria, Pineville",446.062,423.759,468.365,159976,376.112,357.307,394.918,168892,429.729,408.243,451.216,64602,25.04,54.58,48.87,9.86
"A9004","https://nci-naaccr-zone-design.github.io/louisiana-2020/?address=A9004","Male","AllSite","10yrs","Rapides","Alexandria, Pineville",539.413,512.442,566.383,143409,545.239,517.977,572.501,148089,580.983,551.934,610.032,64602,25.04,54.58,48.87,9.86
"A9004","https://nci-naaccr-zone-design.github.io/louisiana-2020/?address=A9004","Male","Prostate","10yrs","Rapides","Alexandria, Pineville",173.097,164.443,181.752,143409,163.856,155.663,172.049,148089,161.403,153.333,169.474,64602,25.04,54.58,48.87,9.86
"A9004","https://nci-naaccr-zone-design.github.io/louisiana-2020/?address=A9004","Both","Lung","10yrs","Rapides","Alexandria, Pineville",90.627,86.095,95.158,303384,70.655,67.122,74.188,316981,57.5,54.625,60.375,64602,25.04,54.58,48.87,9.86
"A9004","https://nci-naaccr-zone-design.github.io/louisiana-2020/?address=A9004","Female","Lung","10yrs","Rapides","Alexandria, Pineville",67.74,64.353,71.127,159976,68.209,64.799,71.62,168892,71.38,67.811,74.949,64602,25.04,54.58,48.87,9.86
"A9004","https://nci-naaccr-zone-design.github.io/louisiana-2020/?address=A9004","Male","Lung","10yrs","Rapides","Alexandria, Pineville",114.545,108.818,120.272,143409,88.553,84.125,92.981,148089,89.655,85.172,94.137,64602,25.04,54.58,48.87,9.86
"A9004","https://nci-naaccr-zone-design.github.io/louisiana-2020/?address=A9004","Female","Breast","10yrs","Rapides","Alexandria, Pineville",96.614,91.783,101.445,159976,104.632,99.4,109.864,168892,141.395,134.325,148.465,64602,25.04,54.58,48.87,9.86
"A9004","https://nci-naaccr-zone-design.github.io/louisiana-2020/?address=A9004","Both","CRC","10yrs","Rapides","Alexandria, Pineville",50.848,48.305,53.39,303384,48.469,46.046,50.893,316981,58.858,55.915,61.801,64602,25.04,54.58,48.87,9.86
"A9004","https://nci-naaccr-zone-design.github.io/louisiana-2020/?address=A9004","Female","CRC","10yrs","Rapides","Alexandria, Pineville",34.654,32.921,36.387,159976,42.738,40.601,44.875,168892,30.493,28.969,32.018,64602,25.04,54.58,48.87,9.86
"A9004","https://nci-naaccr-zone-design.github.io/louisiana-2020/?address=A9004","Male","CRC","10yrs","Rapides","Alexandria, Pineville",48.792,46.352,51.231,143409,66.938,63.591,70.285,148089,69.888,66.393,73.382,64602,25.04,54.58,48.87,9.86
"A9004","https://nci-naaccr-zone-design.github.io/louisiana-2020/?address=A9004","Both","Kidney","10yrs","Rapides","Alexandria, Pineville",19.213,18.253,20.174,303384,15.31,14.544,16.075,316981,21.344,20.277,22.412,64602,25.04,54.58,48.87,9.86
"A9004","https://nci-naaccr-zone-design.github.io/louisiana-2020/?address=A9004","Female","Kidney","10yrs","Rapides","Alexandria, Pineville",19.982,18.983,20.981,159976,14.053,13.351,14.756,168892,21.497,20.422,22.572,64602,25.04,54.58,48.87,9.86
"A9004","https://nci-naaccr-zone-design.github.io/louisiana-2020/?address=A9004","Male","Kidney","10yrs","Rapides","Alexandria, Pineville",21.397,20.327,22.467,143409,26.415,25.094,27.735,148089,24.841,23.599,26.083,64602,25.04,54.58,48.87,9.86
"A9004","https://nci-naaccr-zone-design.github.io/louisiana-2020/?address=A9004","Both","NHL","10yrs","Rapides","Alexandria, Pineville",18.591,17.662,19.521,303384,17.752,16.864,18.64,316981,16.825,15.984,17.666,64602,25.04,54.58,48.87,9.86
"A9004","https://nci-naaccr-zone-design.github.io/louisiana-2020/?address=A9004","Female","NHL","10yrs","Rapides","Alexandria, Pineville",21.398,20.328,22.468,159976,13.783,13.094,14.472,168892,9.045,8.592,9.497,64602,25.04,54.58,48.87,9.86
"A9004","https://nci-naaccr-zone-design.github.io/louisiana-2020/?address=A9004","Male","NHL","10yrs","Rapides","Alexandria, Pineville",23.542,22.365,24.719,143409,31.96,30.362,33.558,148089,22.837,21.695,23.979,64602,25.04,54.58,48.87,9.86
"A9004","https://nci-naaccr-zone-design.github.io/louisiana-2020/?address=A9004","Both","Urinary","10yrs","Rapides","Alexandria, Pineville",22.824,21.683,23.965,303384,27.012,25.661,28.362,316981,18.494,17.57,19.419,64602,25.04,54.58,48.87,9.86
"A9004","https://nci-naaccr-zone-design.github.io/louisiana-2020/?address=A9004","Female","Urinary","10yrs","Rapides","Alexandria, Pineville",3.985,3.786,4.184,159976,8.0,7.6,8.4,168892,4.165,3.956,4.373,64602,25.04,54.58,48.87,9.86
"A9004","https://nci-naaccr-zone-design.github.io/louisiana-2020/?address=A9004","Male","Urinary","10yrs","Rapides","Alexandria, Pineville",31.244,29.682,32.806,143409,43.96,41.762,46.158,148089,27.953,26.555,29.351,64602,25.04,54.58,48.87,9.86
"A9004","https://nci-naaccr-zone-design.github.io/louisiana-2020/?address=A9004","Both","Mela","10yrs","Rapides","Alexandria, Pineville",13.094,12.439,13.749,303384,8.594,8.165,9.024,316981,17.107,16.252,17.962,64602,25.04,54.58,48.87,9.86
"A9004","https://nci-naaccr-zone-design.github.io/louisiana-2020/?address=A9004","Female","Mela","10yrs","Rapides","Alexandria, Pineville",14.093,13.388,14.797,159976,18.573,17.644,19.502,168892,8.392,7.972,8.811,64602,25.04,54.58,48.87,9.86
"A9004","https://nci-naaccr-zone-design.github.io/louisiana-2020/?address=A9004","Male","Mela","10yrs","Rapides","Alexandria, Pineville",6.414,6.093,6.734,143409,35.469,33.696,37.242,148089,15.726,14.94,16.512,64602,25.04,54.58,48.87,9.86
"A9004","https://nci-naaccr-zone-design.github.io/louisiana-2020/?address=A9004","Both","Pancreas","10yrs","Rapides","Alexandria, Pineville",10.336,9.819,10.853,303384,13.903,13.208,14.598,316981,17.39,16.521,18.26,64602,25.04,54.58,48.87,9.86
"A9004","https://nci-naaccr-zone-design.github.io/louisiana-2020/?address=A9004","Female","Pancreas","10yrs","Rapides","Alexandria, Pineville",15.946,15.149,16.743,159976,10.135,9.628,10.642,168892,13.655,12.972,14.337,64602,25.04,54.58,48.87,9.86
"A9004","https://nci-naaccr-zone-design.github.io/louisiana-2020/?address=A9004","Male","Pancreas","10yrs","Rapides","Alexandria, Pineville",9.842,9.35,10.334,143409,16.279,15.465,17.093,148089,9.696,9.211,10.181,64602,25.04,54.58,48.87,9.86
"A9004","https://nci-naaccr-zone-design.github.io/louisiana-2020/?address=A9004","Both","Leuks","10yrs","Rapides","Alexandria, Pineville",15.159,14.401,15.917,303384,16.884,16.04,17.729,316981,9.789,9.299,10.278,64602,25.04,54.58,48.87,9.86
"A9004","https://nci-naaccr-zone-design.github.io/louisiana-2020/?address=A9004","Female","Leuks","10yrs","Rapides","Alexandria, Pineville",11.558,10.98,12.136,159976,9.694,9.209,10.178,168892,12.288,11.673,12.902,64602,25.04,54.58,48.87,9.86
"A9004","https://nci-naaccr-zone-design.github.io/louisiana-2020/?address=A9004","Male","Leuks","10yrs","Rapides","Alexandria, Pineville",13.42,12.749,14.091,143409,8.744,8.307,9.181,148089,15.5,14.725,16.275,64602,25.04,54.58,48.87,9.86
"A9004","https://nci-naaccr-zone-design.github.io/louisiana-2020/?address=A9004","Both","Oral","10yrs","Rapides","Alexandria, Pineville",15.337,14.57,16.104,303384,13.86,13.167,14.554,316981,11.933,11.336,12.529,64602,25.04,54.58,48.87,9.86
"A9004","https://nci-naaccr-zone-design.github.io/louisiana-2020/?address=A9004","Female","Oral","10yrs","Rapides","Alexandria, Pineville",3.436,3.265,3.608,159976,5.116,4.86,5.371,168892,3.29,3.126,3.455,64602,25.04,54.58,48.87,9.86
"A9004","https://nci-naaccr-zone-design.github.io/louisiana-2020/?address=A9004","Male","Oral","10yrs","Rapides","Alexandria, Pineville",11.295,10.73,11.86,143409,28.187,26.778,29.597,148089,18.995,18.045,19.944,64602,25.04,54.58,48.87,9.86
"A9004","https://nci-naaccr-zone-design.github.io/louisiana-2020/?address=A9004","Both","Thyroid","10yrs","Rapides","Alexandria, Pineville",9.717,9.232,10.203,303384,11.079,10.525,11.633,316981,7.703,7.318,8.088,64602,25.04,54.58,48.87,9.86
"A9004","https://nci-naaccr-zone-design.github.io/louisiana-2020/?address=A9004","Female","Thyroid","10yrs","Rapides","Alexandria, Pineville",24.373,23.155,25.592,159976,12.903,12.258,13.548,168892,25.865,24.571,27.158,64602,25.04,54.58,48.87,9.86
"A9004","https://nci-naaccr-zone-design.github.io/louisiana-2020/?address=A9004","Male","Thyroid","10yrs","Rapides","Alexandria, Pineville",9.407,8.936,9.877,143409,5.348,5.081,5.616,148089,6.169,5.861,6.478,64602,25.04,54.58,48.87,9.86
"A9004","https://nci-naaccr-zone-design.github.io/louisiana-2020/?address=A9004","Female","Uterine","10yrs","Rapides","Alexandria, Pineville",13.031,12.379,13.682,159976,19.157,18.199,20.115,168892,22.46,21.337,23.583,64602,25.04,54.58,48.87,9.86
"A9004","https://nci-naaccr-zone-design.github.io/louisiana-2020/?address=A9004","Both","Liver","10yrs","Rapides","Alexandria, Pineville",6.763,6.425,7.101,303384,10.461,9.938,10.984,316981,8.274,7.86,8.687,64602,25.04,54.58,48.87,9.86
"A9004","https://nci-naaccr-zone-design.github.io/louisiana-2020/?address=A9004","Female","Liver","10yrs","Rapides","Alexandria, Pineville",2.091,1.986,2.196,159976,6.435,6.113,6.757,168892,3.381,3.212,3.55,64602,25.04,54.58,48.87,9.86
"A9004","https://nci-naaccr-zone-design.github.io/louisiana-2020/?address=A9004","Male","Liver","10yrs","Rapides","Alexandria, Pineville",20.41,19.389,21.43,143409,17.424,16.553,18.295,148089,21.587,20.508,22.666,64602,25.04,54.58,48.87,9.86
"A9004","https://nci-naaccr-zone-design.github.io/louisiana-2020/?address=A9004","Both","Stomach","10yrs","Rapides","Alexandria, Pineville",9.857,9.364,10.349,303384,7.678,7.294,8.062,316981,4.166,3.957,4.374,64602,25.04,54.58,48.87,9.86
"A9004","https://nci-naaccr-zone-design.github.io/louisiana-2020/?address=A9004","Female","Stomach","10yrs","Rapides","Alexandria, Pineville",8.888,8.444,9.332,159976,4.181,3.972,4.39,168892,3.005,2.855,3.156,64602,25.04,54.58,48.87,9.86
"A9004","https://nci-naaccr-zone-design.github.io/louisiana-2020/?address=A9004","Male","Stomach","10yrs","Rapides","Alexandria, Pineville",4.891,4.647,5.136,143409,7.01,6.66,7.361,148089,7.035,6.684,7.387,64602,25.04,54.58,48.87,9.86
"A9004","https://nci-naaccr-zone-design.github.io/louisiana-2020/?address=A9004","Both","Myeloma","10yrs","Rapides","Alexandria, Pineville",4.942,4.695,5.189,303384,10.245,9.733,10.758,316981,13.609,12.929,14.29,64602,25.04,54.58,48.87,9.86
"A9004","https://nci-naaccr-zone-design.github.io/louisiana-2020/?address=A9004","Female","Myeloma","10yrs","Rapides","Alexandria, Pineville",3.097,2.943,3.252,159976,11.52,10.944,12.096,168892,8.54,8.113,8.967,64602,25.04,54.58,48.87,9.86
"A9004","https://nci-naaccr-zone-design.github.io/louisiana-2020/?address=A9004","Male","Myeloma","10yrs","Rapides","Alexandria, Pineville",8.283,7.869,8.697,143409,8.576,8.147,9.005,148089,13.435,12.763,14.107,64602,25.04,54.58,48.87,9.86
"A9004","https://nci-naaccr-zone-design.github.io/louisiana-2020/?address=A9004","Both","Brain","10yrs","Rapides","Alexandria, Pineville",3.536,3.359,3.713,303384,4.024,3.822,4.225,316981,6.011,5.711,6.312,64602,25.04,54.58,48.87,9.86
"A9004","https://nci-naaccr-zone-design.github.io/louisiana-2020/?address=A9004","Female","Brain","10yrs","Rapides","Alexandria, Pineville",6.524,6.198,6.85,159976,7.122,6.766,7.478,168892,4.469,4.246,4.693,64602,25.04,54.58,48.87,9.86
"A9004","https://nci-naaccr-zone-design.github.io/louisiana-2020/?address=A9004","Male","Brain","10yrs","Rapides","Alexandria, Pineville",8.144,7.737,8.551,143409,10.451,9.929,10.974,148089,10.089,9.584,10.593,64602,25.04,54.58,48.87,9.86
"A9004","https://nci-naaccr-zone-design.github.io/louisiana-2020/?address=A9004","Both","Larynx","10yrs","Rapides","Alexandria, Pineville",6.898,6.553,7.243,303384,6.687,6.352,7.021,316981,5.426,5.154,5.697,64602,25.04,54.58,48.87,9.86
"A9004","https://nci-naaccr-zone-design.github.io/louisiana-2020/?address=A9004","Female","Larynx","10yrs","Rapides","Alexandria, Pineville",2.846,2.704,2.988,159976,2.158,2.05,2.266,168892,1.51,1.434,1.585,64602,25.04,54.58,48.87,9.86
"A9004","https://nci-naaccr-zone-design.github.io/louisiana-2020/?address=A9004","Male","Larynx","10yrs","Rapides","Alexandria, Pineville",11.019,10.468,11.57,143409,14.719,13.983,15.455,148089,4.414,4.193,4.635,64602,25.04,54.58,48.87,9.86
"A9004","https://nci-naaccr-zone-design.github.io/louisiana-2020/?address=A9004","Female","Ovary","10yrs","Rapides","Alexandria, Pineville",8.197,7.788,8.607,159976,14.621,13.89,15.352,168892,8.072,7.669,8.476,64602,25.04,54.58,48.87,9.86
"A9004","https://nci-naaccr-zone-design.github.io/louisiana-2020/?address=A9004","Both","Esoph","10yrs","Rapides","Alexandria, Pineville",3.745,3.558,3.933,303384,4.222,4.011,4.434,316981,4.748,4.51,4.985,64602,25.04,54.58,48.87,9.86
"A9004","https://nci-naaccr-zone-design.github.io/louisiana-2020/?address=A9004","Female","Esoph","10yrs","Rapides","Alexandria, Pineville","","","",159976,2.553,2.426,2.681,168892,4.173,3.964,4.382,64602,25.04,54.58,48.87,9.86
"A9004","https://nci-naaccr-zone-design.github.io/louisiana-2020/?address=A9004","Male","Esoph","10yrs","Rapides","Alexandria, Pineville",12.095,11.49,12.699,143409,13.246,12.584,13.909,148089,10.118,9.612,10.624,64602,25.04,54.58,48.87,9.86
