"Zone","URL","Sex","Cancer","Years","Counties","Places","AAIR","LCI","UCI","White_PopTot","White_AAIR","White_LCI","White_UCI","Black_PopTot","Black_AAIR","Black_LCI","Black_UCI","TotalPop","Pct100Pov","PctMinority","PctBlackNH","PctRural"
"A9025","https://nci-naaccr-zone-design.github.io/louisiana-2020/?address=A9025","Both","AllSite","05yrs","Lafayette","Lafayette, Scott, Ossun",507.651,482.268,533.033,182928,532.839,506.197,559.481,88238,466.494,443.169,489.819,55764,21.71,36.81,28.93,8.29
"A9025","https://nci-naaccr-zone-design.github.io/louisiana-2020/?address=A9025","Female","AllSite","05yrs","Lafayette","Lafayette, Scott, Ossun",445.29,423.025,467.554,93424,431.071,409.517,452.624,47250,407.582,387.203,427.961,55764,21.71,36.81,28.93,8.29
"A9025","https://nci-naaccr-zone-design.github.io/louisiana-2020/?address=A9025","Male","AllSite","05yrs","Lafayette","Lafayette, Scott, Ossun",525.364,499.095,551.632,89504,618.127,587.221,649.033,40988,590.193,560.684,619.703,55764,21.71,36.81,28.93,8.29
"A9025","https://nci-naaccr-zone-design.github.io/louisiana-2020/?address=A9025","Male","Prostate","05yrs","Lafayette","Lafayette, Scott, Ossun",180.713,171.677,189.748,89504,172.324,163.708,180.94,40988,197.145,187.287,207.002,55764,21.71,36.81,28.93,8.29
"A9025","https://nci-naaccr-zone-design.github.io/louisiana-2020/?address=A9025","Both","Lung","05yrs","Lafayette","Lafayette, Scott, Ossun",46.151,43.844,48.459,182928,83.017,78.866,87.168,88238,84.066,79.862,88.269,55764,21.71,36.81,28.93,8.29
"A9025","https://nci-naaccr-zone-design.github.io/louisiana-2020/?address=A9025","Female","Lung","05yrs","Lafayette","Lafayette, Scott, Ossun",69.586,66.107,73.065,93424,65.787,62.498,69.077,47250,55.655,52.872,58.438,55764,21.71,36.81,28.93,8.29
"A9025","https://nci-naaccr-zone-design.github.io/louisiana-2020/?address=A9025","Male","Lung","05yrs","Lafayette","Lafayette, Scott, Ossun",67.215,63.854,70.575,89504,101.057,96.004,106.11,40988,117.549,111.671,123.426,55764,21.71,36.81,28.93,8.29
"A9025","https://nci-naaccr-zone-design.github.io/louisiana-2020/?address=A9025","Female","Breast","05yrs","Lafayette","Lafayette, Scott, Ossun",108.179,102.77,113.588,93424,115.481,109.707,121.255,47250,103.197,98.037,108.357,55764,21.71,36.81,28.93,8.29
"A9025","https://nci-naaccr-zone-design.github.io/louisiana-2020/?address=A9025","Both","CRC","05yrs","Lafayette","Lafayette, Scott, Ossun",40.019,38.018,42.02,182928,47.979,45.58,50.378,88238,56.689,53.854,59.523,55764,21.71,36.81,28.93,8.29
"A9025","https://nci-naaccr-zone-design.github.io/louisiana-2020/?address=A9025","Female","CRC","05yrs","Lafayette","Lafayette, Scott, Ossun",40.684,38.65,42.719,93424,47.019,44.668,49.37,47250,38.517,36.591,40.443,55764,21.71,36.81,28.93,8.29
"A9025","https://nci-naaccr-zone-design.github.io/louisiana-2020/?address=A9025","Male","CRC","05yrs","Lafayette","Lafayette, Scott, Ossun",62.912,59.767,66.058,89504,36.689,34.855,38.524,40988,47.651,45.269,50.034,55764,21.71,36.81,28.93,8.29
"A9025","https://nci-naaccr-zone-design.github.io/louisiana-2020/?address=A9025","Both","Kidney","05yrs","Lafayette","Lafayette, Scott, Ossun",19.047,18.095,19.999,182928,19.482,18.508,20.456,88238,22.402,21.282,23.523,55764,21.71,36.81,28.93,8.29
"A9025","https://nci-naaccr-zone-design.github.io/louisiana-2020/?address=A9025","Female","Kidney","05yrs","Lafayette","Lafayette, Scott, Ossun",15.984,15.185,16.783,93424,19.25,18.287,20.212,47250,13.811,13.12,14.501,55764,21.71,36.81,28.93,8.29
"A9025","https://nci-naaccr-zone-design.github.io/louisiana-2020/?address=A9025","Male","Kidney","05yrs","Lafayette","Lafayette, Scott, Ossun",28.294,26.88,29.709,89504,34.922,33.175,36.668,40988,28.003,26.603,29.403,55764,21.71,36.81,28.93,8.29
"A9025","https://nci-naaccr-zone-design.github.io/louisiana-2020/?address=A9025","Both","NHL","05yrs","Lafayette","Lafayette, Scott, Ossun",19.589,18.609,20.568,182928,21.599,20.519,22.679,88238,22.178,21.069,23.287,55764,21.71,36.81,28.93,8.29
"A9025","https://nci-naaccr-zone-design.github.io/louisiana-2020/?address=A9025","Female","NHL","05yrs","Lafayette","Lafayette, Scott, Ossun",14.265,13.552,14.978,93424,22.716,21.581,23.852,47250,21.554,20.476,22.631,55764,21.71,36.81,28.93,8.29
"A9025","https://nci-naaccr-zone-design.github.io/louisiana-2020/?address=A9025","Male","NHL","05yrs","Lafayette","Lafayette, Scott, Ossun",30.902,29.357,32.447,89504,23.129,21.972,24.285,40988,32.782,31.143,34.421,55764,21.71,36.81,28.93,8.29
"A9025","https://nci-naaccr-zone-design.github.io/louisiana-2020/?address=A9025","Both","Urinary","05yrs","Lafayette","Lafayette, Scott, Ossun",16.096,15.291,16.901,182928,20.618,19.587,21.649,88238,17.018,16.167,17.869,55764,21.71,36.81,28.93,8.29
"A9025","https://nci-naaccr-zone-design.github.io/louisiana-2020/?address=A9025","Female","Urinary","05yrs","Lafayette","Lafayette, Scott, Ossun",4.332,4.116,4.549,93424,8.724,8.287,9.16,47250,9.664,9.181,10.147,55764,21.71,36.81,28.93,8.29
"A9025","https://nci-naaccr-zone-design.github.io/louisiana-2020/?address=A9025","Male","Urinary","05yrs","Lafayette","Lafayette, Scott, Ossun",41.519,39.443,43.595,89504,49.157,46.699,51.615,40988,49.12,46.664,51.576,55764,21.71,36.81,28.93,8.29
"A9025","https://nci-naaccr-zone-design.github.io/louisiana-2020/?address=A9025","Both","Mela","05yrs","Lafayette","Lafayette, Scott, Ossun",3.276,3.112,3.44,182928,15.545,14.768,16.322,88238,7.8,7.41,8.19,55764,21.71,36.81,28.93,8.29
"A9025","https://nci-naaccr-zone-design.github.io/louisiana-2020/?address=A9025","Female","Mela","05yrs","Lafayette","Lafayette, Scott, Ossun",14.279,13.565,14.993,93424,19.065,18.112,20.018,47250,7.562,7.183,7.94,55764,21.71,36.81,28.93,8.29
"A9025","https://nci-naaccr-zone-design.github.io/louisiana-2020/?address=A9025","Male","Mela","05yrs","Lafayette","Lafayette, Scott, Ossun",27.868,26.475,29.262,89504,33.192,31.533,34.852,40988,22.268,21.154,23.381,55764,21.71,36.81,28.93,8.29
"A9025","https://nci-naaccr-zone-design.github.io/louisiana-2020/?address=A9025","Both","Pancreas","05yrs","Lafayette","Lafayette, Scott, Ossun",15.571,14.793,16.35,182928,18.195,17.285,19.105,88238,18.173,17.264,19.082,55764,21.71,36.81,28.93,8.29
"A9025","https://nci-naaccr-zone-design.github.io/louisiana-2020/?address=A9025","Female","Pancreas","05yrs","Lafayette","Lafayette, Scott, Ossun",15.175,14.417,15.934,93424,15.459,14.686,16.231,47250,12.289,11.675,12.904,55764,21.71,36.81,28.93,8.29
"A9025","https://nci-naaccr-zone-design.github.io/louisiana-2020/?address=A9025","Male","Pancreas","05yrs","Lafayette","Lafayette, Scott, Ossun",10.748,10.21,11.285,89504,11.442,10.87,12.014,40988,21.063,20.01,22.117,55764,21.71,36.81,28.93,8.29
"A9025","https://nci-naaccr-zone-design.github.io/louisiana-2020/?address=A9025","Both","Leuks","05yrs","Lafayette","Lafayette, Scott, Ossun",11.901,11.306,12.496,182928,14.34,13.623,15.058,88238,13.217,12.556,13.878,55764,21.71,36.81,28.93,8.29
"A9025","https://nci-naaccr-zone-design.github.io/louisiana-2020/?address=A9025","Female","Leuks","05yrs","Lafayette","Lafayette, Scott, Ossun",8.767,8.329,9.206,93424,15.378,14.609,16.147,47250,7.33,6.963,7.696,55764,21.71,36.81,28.93,8.29
"A9025","https://nci-naaccr-zone-design.github.io/louisiana-2020/?address=A9025","Male","Leuks","05yrs","Lafayette","Lafayette, Scott, Ossun",8.351,7.933,8.769,89504,19.525,18.548,20.501,40988,11.168,10.61,11.727,55764,21.71,36.81,28.93,8.29
"A9025","https://nci-naaccr-zone-design.github.io/louisiana-2020/?address=A9025","Both","Oral","05yrs","Lafayette","Lafayette, Scott, Ossun",10.17,9.661,10.678,182928,13.172,12.513,13.83,88238,14.144,13.436,14.851,55764,21.71,36.81,28.93,8.29
"A9025","https://nci-naaccr-zone-design.github.io/louisiana-2020/?address=A9025","Female","Oral","05yrs","Lafayette","Lafayette, Scott, Ossun",7.069,6.716,7.423,93424,8.94,8.493,9.387,47250,"","","",55764,21.71,36.81,28.93,8.29
"A9025","https://nci-naaccr-zone-design.github.io/louisiana-2020/?address=A9025","Male","Oral","05yrs","Lafayette","Lafayette, Scott, Ossun",18.775,17.836,19.713,89504,26.93,25.584,28.277,40988,15.887,15.093,16.682,55764,21.71,36.81,28.93,8.29
"A9025","https://nci-naaccr-zone-design.github.io/louisiana-2020/?address=A9025","Both","Thyroid","05yrs","Lafayette","Lafayette, Scott, Ossun",8.116,7.711,8.522,182928,15.887,15.093,16.682,88238,11.14,10.583,11.697,55764,21.71,36.81,28.93,8.29
"A9025","https://nci-naaccr-zone-design.github.io/louisiana-2020/?address=A9025","Female","Thyroid","05yrs","Lafayette","Lafayette, Scott, Ossun",23.125,21.969,24.282,93424,24.672,23.439,25.906,47250,26.045,24.743,27.347,55764,21.71,36.81,28.93,8.29
"A9025","https://nci-naaccr-zone-design.github.io/louisiana-2020/?address=A9025","Male","Thyroid","05yrs","Lafayette","Lafayette, Scott, Ossun",2.932,2.785,3.078,89504,4.919,4.673,5.165,40988,"","","",55764,21.71,36.81,28.93,8.29
"A9025","https://nci-naaccr-zone-design.github.io/louisiana-2020/?address=A9025","Female","Uterine","05yrs","Lafayette","Lafayette, Scott, Ossun",17.025,16.174,17.877,93424,18.453,17.531,19.376,47250,20.725,19.689,21.762,55764,21.71,36.81,28.93,8.29
"A9025","https://nci-naaccr-zone-design.github.io/louisiana-2020/?address=A9025","Both","Liver","05yrs","Lafayette","Lafayette, Scott, Ossun",6.303,5.988,6.618,182928,12.876,12.232,13.52,88238,6.068,5.765,6.372,55764,21.71,36.81,28.93,8.29
"A9025","https://nci-naaccr-zone-design.github.io/louisiana-2020/?address=A9025","Female","Liver","05yrs","Lafayette","Lafayette, Scott, Ossun",3.917,3.722,4.113,93424,"","","",47250,"","","",55764,21.71,36.81,28.93,8.29
"A9025","https://nci-naaccr-zone-design.github.io/louisiana-2020/?address=A9025","Male","Liver","05yrs","Lafayette","Lafayette, Scott, Ossun",8.552,8.124,8.979,89504,7.884,7.49,8.278,40988,21.772,20.683,22.861,55764,21.71,36.81,28.93,8.29
"A9025","https://nci-naaccr-zone-design.github.io/louisiana-2020/?address=A9025","Both","Stomach","05yrs","Lafayette","Lafayette, Scott, Ossun",8.218,7.807,8.628,182928,10.932,10.386,11.479,88238,10.538,10.011,11.065,55764,21.71,36.81,28.93,8.29
"A9025","https://nci-naaccr-zone-design.github.io/louisiana-2020/?address=A9025","Female","Stomach","05yrs","Lafayette","Lafayette, Scott, Ossun",8.516,8.09,8.942,93424,9.782,9.293,10.271,47250,7.0,6.65,7.35,55764,21.71,36.81,28.93,8.29
"A9025","https://nci-naaccr-zone-design.github.io/louisiana-2020/?address=A9025","Male","Stomach","05yrs","Lafayette","Lafayette, Scott, Ossun",13.45,12.777,14.122,89504,10.396,9.876,10.915,40988,8.46,8.037,8.883,55764,21.71,36.81,28.93,8.29
"A9025","https://nci-naaccr-zone-design.github.io/louisiana-2020/?address=A9025","Both","Myeloma","05yrs","Lafayette","Lafayette, Scott, Ossun",4.769,4.53,5.007,182928,7.167,6.808,7.525,88238,4.603,4.373,4.833,55764,21.71,36.81,28.93,8.29
"A9025","https://nci-naaccr-zone-design.github.io/louisiana-2020/?address=A9025","Female","Myeloma","05yrs","Lafayette","Lafayette, Scott, Ossun",7.336,6.969,7.702,93424,3.847,3.655,4.04,47250,"","","",55764,21.71,36.81,28.93,8.29
"A9025","https://nci-naaccr-zone-design.github.io/louisiana-2020/?address=A9025","Male","Myeloma","05yrs","Lafayette","Lafayette, Scott, Ossun",6.75,6.412,7.087,89504,17.619,16.738,18.5,40988,13.871,13.177,14.564,55764,21.71,36.81,28.93,8.29
"A9025","https://nci-naaccr-zone-design.github.io/louisiana-2020/?address=A9025","Both","Brain","05yrs","Lafayette","Lafayette, Scott, Ossun",4.579,4.35,4.808,182928,6.166,5.857,6.474,88238,8.026,7.625,8.428,55764,21.71,36.81,28.93,8.29
"A9025","https://nci-naaccr-zone-design.github.io/louisiana-2020/?address=A9025","Female","Brain","05yrs","Lafayette","Lafayette, Scott, Ossun",5.502,5.227,5.777,93424,"","","",47250,6.822,6.481,7.163,55764,21.71,36.81,28.93,8.29
"A9025","https://nci-naaccr-zone-design.github.io/louisiana-2020/?address=A9025","Male","Brain","05yrs","Lafayette","Lafayette, Scott, Ossun",7.797,7.408,8.187,89504,10.366,9.848,10.884,40988,8.512,8.086,8.937,55764,21.71,36.81,28.93,8.29
"A9025","https://nci-naaccr-zone-design.github.io/louisiana-2020/?address=A9025","Both","Larynx","05yrs","Lafayette","Lafayette, Scott, Ossun",7.949,7.552,8.346,182928,5.102,4.847,5.357,88238,3.702,3.517,3.887,55764,21.71,36.81,28.93,8.29
"A9025","https://nci-naaccr-zone-design.github.io/louisiana-2020/?address=A9025","Female","Larynx","05yrs","Lafayette","Lafayette, Scott, Ossun",2.25,2.138,2.363,93424,"","","",47250,"","","",55764,21.71,36.81,28.93,8.29
"A9025","https://nci-naaccr-zone-design.github.io/louisiana-2020/?address=A9025","Male","Larynx","05yrs","Lafayette","Lafayette, Scott, Ossun",12.943,12.296,13.59,89504,5.291,5.027,5.556,40988,"","","",55764,21.71,36.81,28.93,8.29
"A9025","https://nci-naaccr-zone-design.github.io/louisiana-2020/?address=A9025","Female","Ovary","05yrs","Lafayette","Lafayette, Scott, Ossun",12.811,12.17,13.451,93424,11.346,10.779,11.914,47250,"","","",55764,21.71,36.81,28.93,8.29
"A9025","https://nci-naaccr-zone-design.github.io/louisiana-2020/?address=A9025","Both","Esoph","05yrs","Lafayette","Lafayette, Scott, Ossun",6.923,6.577,7.269,182928,5.191,4.932,5.451,88238,4.59,4.361,4.82,55764,21.71,36.81,28.93,8.29
"A9025","https://nci-naaccr-zone-design.github.io/louisiana-2020/?address=A9025","Female","Esoph","05yrs","Lafayette","Lafayette, Scott, Ossun","","","",93424,3.387,3.218,3.557,47250,"","","",55764,21.71,36.81,28.93,8.29
"A9025","https://nci-naaccr-zone-design.github.io/louisiana-2020/?address=A9025","Male","Esoph","05yrs","Lafayette","Lafayette, Scott, Ossun",4.779,4.54,5.018,89504,13.048,12.395,13.7,40988,10.065,9.562,10.568,55764,21.71,36.81,28.93,8.29
"A9025","https://nci-naaccr-zone-design.github.io/louisiana-2020/?address=A9025","Both","AllSite","10yrs","Lafayette","Lafayette, Scott, Ossun",445.398,423.128,467.668,360670,491.74,467.153,516.327,166763,484.68,460.446,508.914,55764,21.71,36.81,28.93,8.29
"A9025","https://nci-naaccr-zone-design.github.io/louisiana-2020/?address=A9025","Female","AllSite","10yrs","Lafayette","Lafayette, Scott, Ossun",445.325,423.059,467.591,184762,400.104,380.099,420.109,89361,418.172,397.263,439.081,55764,21.71,36.81,28.93,8.29
"A9025","https://nci-naaccr-zone-design.github.io/louisiana-2020/?address=A9025","Male","AllSite","10yrs","Lafayette","Lafayette, Scott, Ossun",567.89,539.496,596.285,175908,573.455,544.782,602.128,77402,622.806,591.665,653.946,55764,21.71,36.81,28.93,8.29
"A9025","https://nci-naaccr-zone-design.github.io/louisiana-2020/?address=A9025","Male","Prostate","10yrs","Lafayette","Lafayette, Scott, Ossun",195.084,185.33,204.838,175908,172.782,164.143,181.421,77402,164.013,155.812,172.213,55764,21.71,36.81,28.93,8.29
"A9025","https://nci-naaccr-zone-design.github.io/louisiana-2020/?address=A9025","Both","Lung","10yrs","Lafayette","Lafayette, Scott, Ossun",88.947,84.499,93.394,360670,63.418,60.247,66.589,166763,84.116,79.91,88.322,55764,21.71,36.81,28.93,8.29
"A9025","https://nci-naaccr-zone-design.github.io/louisiana-2020/?address=A9025","Female","Lung","10yrs","Lafayette","Lafayette, Scott, Ossun",39.647,37.664,41.629,184762,57.881,54.987,60.775,89361,62.943,59.796,66.09,55764,21.71,36.81,28.93,8.29
"A9025","https://nci-naaccr-zone-design.github.io/louisiana-2020/?address=A9025","Male","Lung","10yrs","Lafayette","Lafayette, Scott, Ossun",80.193,76.183,84.202,175908,85.705,81.42,89.99,77402,117.615,111.734,123.495,55764,21.71,36.81,28.93,8.29
"A9025","https://nci-naaccr-zone-design.github.io/louisiana-2020/?address=A9025","Female","Breast","10yrs","Lafayette","Lafayette, Scott, Ossun",119.192,113.233,125.152,184762,132.205,125.595,138.815,89361,110.439,104.917,115.961,55764,21.71,36.81,28.93,8.29
"A9025","https://nci-naaccr-zone-design.github.io/louisiana-2020/?address=A9025","Both","CRC","10yrs","Lafayette","Lafayette, Scott, Ossun",46.189,43.88,48.499,360670,38.45,36.528,40.373,166763,42.444,40.322,44.566,55764,21.71,36.81,28.93,8.29
"A9025","https://nci-naaccr-zone-design.github.io/louisiana-2020/?address=A9025","Female","CRC","10yrs","Lafayette","Lafayette, Scott, Ossun",32.901,31.256,34.546,184762,50.158,47.65,52.666,89361,47.312,44.947,49.678,55764,21.71,36.81,28.93,8.29
"A9025","https://nci-naaccr-zone-design.github.io/louisiana-2020/?address=A9025","Male","CRC","10yrs","Lafayette","Lafayette, Scott, Ossun",37.924,36.028,39.82,175908,49.568,47.089,52.046,77402,40.602,38.572,42.632,55764,21.71,36.81,28.93,8.29
"A9025","https://nci-naaccr-zone-design.github.io/louisiana-2020/?address=A9025","Both","Kidney","10yrs","Lafayette","Lafayette, Scott, Ossun",24.967,23.719,26.215,360670,21.585,20.506,22.664,166763,23.39,22.22,24.559,55764,21.71,36.81,28.93,8.29
"A9025","https://nci-naaccr-zone-design.github.io/louisiana-2020/?address=A9025","Female","Kidney","10yrs","Lafayette","Lafayette, Scott, Ossun",11.195,10.636,11.755,184762,16.242,15.43,17.054,89361,18.132,17.226,19.039,55764,21.71,36.81,28.93,8.29
"A9025","https://nci-naaccr-zone-design.github.io/louisiana-2020/?address=A9025","Male","Kidney","10yrs","Lafayette","Lafayette, Scott, Ossun",32.654,31.021,34.287,175908,23.066,21.913,24.22,77402,20.692,19.657,21.726,55764,21.71,36.81,28.93,8.29
"A9025","https://nci-naaccr-zone-design.github.io/louisiana-2020/?address=A9025","Both","NHL","10yrs","Lafayette","Lafayette, Scott, Ossun",23.271,22.108,24.435,360670,18.411,17.491,19.332,166763,21.196,20.137,22.256,55764,21.71,36.81,28.93,8.29
"A9025","https://nci-naaccr-zone-design.github.io/louisiana-2020/?address=A9025","Female","NHL","10yrs","Lafayette","Lafayette, Scott, Ossun",12.739,12.102,13.376,184762,12.676,12.042,13.31,89361,14.312,13.596,15.027,55764,21.71,36.81,28.93,8.29
"A9025","https://nci-naaccr-zone-design.github.io/louisiana-2020/?address=A9025","Male","NHL","10yrs","Lafayette","Lafayette, Scott, Ossun",25.398,24.129,26.668,175908,32.231,30.62,33.843,77402,27.959,26.561,29.357,55764,21.71,36.81,28.93,8.29
"A9025","https://nci-naaccr-zone-design.github.io/louisiana-2020/?address=A9025","Both","Urinary","10yrs","Lafayette","Lafayette, Scott, Ossun",26.452,25.129,27.774,360670,21.251,20.189,22.314,166763,20.743,19.706,21.781,55764,21.71,36.81,28.93,8.29
"A9025","https://nci-naaccr-zone-design.github.io/louisiana-2020/?address=A9025","Female","Urinary","10yrs","Lafayette","Lafayette, Scott, Ossun",5.371,5.103,5.64,184762,8.249,7.836,8.661,89361,10.619,10.088,11.15,55764,21.71,36.81,28.93,8.29
"A9025","https://nci-naaccr-zone-design.github.io/louisiana-2020/?address=A9025","Male","Urinary","10yrs","Lafayette","Lafayette, Scott, Ossun",33.178,31.519,34.837,175908,44.882,42.638,47.126,77402,32.577,30.948,34.206,55764,21.71,36.81,28.93,8.29
"A9025","https://nci-naaccr-zone-design.github.io/louisiana-2020/?address=A9025","Both","Mela","10yrs","Lafayette","Lafayette, Scott, Ossun",6.032,5.731,6.334,360670,4.952,4.704,5.2,166763,9.245,8.783,9.708,55764,21.71,36.81,28.93,8.29
"A9025","https://nci-naaccr-zone-design.github.io/louisiana-2020/?address=A9025","Female","Mela","10yrs","Lafayette","Lafayette, Scott, Ossun",9.175,8.716,9.633,184762,3.033,2.881,3.184,89361,12.373,11.754,12.992,55764,21.71,36.81,28.93,8.29
"A9025","https://nci-naaccr-zone-design.github.io/louisiana-2020/?address=A9025","Male","Mela","10yrs","Lafayette","Lafayette, Scott, Ossun",21.299,20.234,22.364,175908,31.742,30.155,33.329,77402,36.953,35.106,38.801,55764,21.71,36.81,28.93,8.29
"A9025","https://nci-naaccr-zone-design.github.io/louisiana-2020/?address=A9025","Both","Pancreas","10yrs","Lafayette","Lafayette, Scott, Ossun",14.505,13.779,15.23,360670,14.737,14.0,15.474,166763,12.44,11.818,13.062,55764,21.71,36.81,28.93,8.29
"A9025","https://nci-naaccr-zone-design.github.io/louisiana-2020/?address=A9025","Female","Pancreas","10yrs","Lafayette","Lafayette, Scott, Ossun",9.117,8.661,9.573,184762,10.113,9.608,10.619,89361,11.992,11.393,12.592,55764,21.71,36.81,28.93,8.29
"A9025","https://nci-naaccr-zone-design.github.io/louisiana-2020/?address=A9025","Male","Pancreas","10yrs","Lafayette","Lafayette, Scott, Ossun",16.534,15.708,17.361,175908,9.588,9.108,10.067,77402,11.796,11.207,12.386,55764,21.71,36.81,28.93,8.29
"A9025","https://nci-naaccr-zone-design.github.io/louisiana-2020/?address=A9025","Both","Leuks","10yrs","Lafayette","Lafayette, Scott, Ossun",16.071,15.268,16.875,360670,11.579,11.0,12.157,166763,12.384,11.765,13.003,55764,21.71,36.81,28.93,8.29
"A9025","https://nci-naaccr-zone-design.github.io/louisiana-2020/?address=A9025","Female","Leuks","10yrs","Lafayette","Lafayette, Scott, Ossun",8.289,7.875,8.703,184762,13.976,13.277,14.674,89361,11.948,11.35,12.545,55764,21.71,36.81,28.93,8.29
"A9025","https://nci-naaccr-zone-design.github.io/louisiana-2020/?address=A9025","Male","Leuks","10yrs","Lafayette","Lafayette, Scott, Ossun",9.062,8.609,9.515,175908,11.34,10.773,11.907,77402,13.023,12.372,13.674,55764,21.71,36.81,28.93,8.29
"A9025","https://nci-naaccr-zone-design.github.io/louisiana-2020/?address=A9025","Both","Oral","10yrs","Lafayette","Lafayette, Scott, Ossun",7.435,7.063,7.806,360670,9.138,8.681,9.595,166763,8.091,7.686,8.495,55764,21.71,36.81,28.93,8.29
"A9025","https://nci-naaccr-zone-design.github.io/louisiana-2020/?address=A9025","Female","Oral","10yrs","Lafayette","Lafayette, Scott, Ossun",7.102,6.747,7.457,184762,6.257,5.944,6.57,89361,7.385,7.015,7.754,55764,21.71,36.81,28.93,8.29
"A9025","https://nci-naaccr-zone-design.github.io/louisiana-2020/?address=A9025","Male","Oral","10yrs","Lafayette","Lafayette, Scott, Ossun",23.521,22.345,24.697,175908,11.985,11.386,12.584,77402,26.909,25.563,28.254,55764,21.71,36.81,28.93,8.29
"A9025","https://nci-naaccr-zone-design.github.io/louisiana-2020/?address=A9025","Both","Thyroid","10yrs","Lafayette","Lafayette, Scott, Ossun",10.927,10.381,11.473,360670,10.831,10.29,11.373,166763,8.586,8.157,9.015,55764,21.71,36.81,28.93,8.29
"A9025","https://nci-naaccr-zone-design.github.io/louisiana-2020/?address=A9025","Female","Thyroid","10yrs","Lafayette","Lafayette, Scott, Ossun",19.47,18.497,20.444,184762,12.399,11.779,13.019,89361,16.626,15.795,17.458,55764,21.71,36.81,28.93,8.29
"A9025","https://nci-naaccr-zone-design.github.io/louisiana-2020/?address=A9025","Male","Thyroid","10yrs","Lafayette","Lafayette, Scott, Ossun",9.674,9.19,10.157,175908,6.56,6.232,6.888,77402,5.173,4.914,5.431,55764,21.71,36.81,28.93,8.29
"A9025","https://nci-naaccr-zone-design.github.io/louisiana-2020/?address=A9025","Female","Uterine","10yrs","Lafayette","Lafayette, Scott, Ossun",16.747,15.91,17.584,184762,13.627,12.945,14.308,89361,17.128,16.272,17.985,55764,21.71,36.81,28.93,8.29
"A9025","https://nci-naaccr-zone-design.github.io/louisiana-2020/?address=A9025","Both","Liver","10yrs","Lafayette","Lafayette, Scott, Ossun",15.15,14.392,15.907,360670,5.72,5.434,6.006,166763,13.862,13.169,14.555,55764,21.71,36.81,28.93,8.29
"A9025","https://nci-naaccr-zone-design.github.io/louisiana-2020/?address=A9025","Female","Liver","10yrs","Lafayette","Lafayette, Scott, Ossun",5.194,4.935,5.454,184762,3.132,2.975,3.289,89361,4.162,3.954,4.37,55764,21.71,36.81,28.93,8.29
"A9025","https://nci-naaccr-zone-design.github.io/louisiana-2020/?address=A9025","Male","Liver","10yrs","Lafayette","Lafayette, Scott, Ossun",16.552,15.725,17.38,175908,19.186,18.227,20.146,77402,11.155,10.597,11.712,55764,21.71,36.81,28.93,8.29
"A9025","https://nci-naaccr-zone-design.github.io/louisiana-2020/?address=A9025","Both","Stomach","10yrs","Lafayette","Lafayette, Scott, Ossun",9.054,8.602,9.507,360670,10.901,10.356,11.446,166763,5.675,5.391,5.959,55764,21.71,36.81,28.93,8.29
"A9025","https://nci-naaccr-zone-design.github.io/louisiana-2020/?address=A9025","Female","Stomach","10yrs","Lafayette","Lafayette, Scott, Ossun",4.864,4.62,5.107,184762,5.826,5.535,6.117,89361,8.814,8.373,9.255,55764,21.71,36.81,28.93,8.29
"A9025","https://nci-naaccr-zone-design.github.io/louisiana-2020/?address=A9025","Male","Stomach","10yrs","Lafayette","Lafayette, Scott, Ossun",15.276,14.512,16.039,175908,10.273,9.759,10.786,77402,14.324,13.608,15.04,55764,21.71,36.81,28.93,8.29
"A9025","https://nci-naaccr-zone-design.github.io/louisiana-2020/?address=A9025","Both","Myeloma","10yrs","Lafayette","Lafayette, Scott, Ossun",10.188,9.679,10.698,360670,12.703,12.068,13.338,166763,7.994,7.595,8.394,55764,21.71,36.81,28.93,8.29
"A9025","https://nci-naaccr-zone-design.github.io/louisiana-2020/?address=A9025","Female","Myeloma","10yrs","Lafayette","Lafayette, Scott, Ossun",5.993,5.693,6.292,184762,6.712,6.376,7.048,89361,8.935,8.488,9.382,55764,21.71,36.81,28.93,8.29
"A9025","https://nci-naaccr-zone-design.github.io/louisiana-2020/?address=A9025","Male","Myeloma","10yrs","Lafayette","Lafayette, Scott, Ossun",9.295,8.83,9.76,175908,7.223,6.862,7.584,77402,13.879,13.185,14.573,55764,21.71,36.81,28.93,8.29
"A9025","https://nci-naaccr-zone-design.github.io/louisiana-2020/?address=A9025","Both","Brain","10yrs","Lafayette","Lafayette, Scott, Ossun",7.742,7.354,8.129,360670,4.007,3.807,4.208,166763,4.192,3.982,4.402,55764,21.71,36.81,28.93,8.29
"A9025","https://nci-naaccr-zone-design.github.io/louisiana-2020/?address=A9025","Female","Brain","10yrs","Lafayette","Lafayette, Scott, Ossun",3.581,3.402,3.76,184762,4.775,4.536,5.014,89361,5.778,5.489,6.067,55764,21.71,36.81,28.93,8.29
"A9025","https://nci-naaccr-zone-design.github.io/louisiana-2020/?address=A9025","Male","Brain","10yrs","Lafayette","Lafayette, Scott, Ossun",10.62,10.089,11.151,175908,6.767,6.429,7.105,77402,9.579,9.1,10.058,55764,21.71,36.81,28.93,8.29
"A9025","https://nci-naaccr-zone-design.github.io/louisiana-2020/?address=A9025","Both","Larynx","10yrs","Lafayette","Lafayette, Scott, Ossun",4.796,4.556,5.035,360670,8.631,8.199,9.062,166763,8.294,7.879,8.709,55764,21.71,36.81,28.93,8.29
"A9025","https://nci-naaccr-zone-design.github.io/louisiana-2020/?address=A9025","Female","Larynx","10yrs","Lafayette","Lafayette, Scott, Ossun",2.594,2.465,2.724,184762,1.62,1.539,1.701,89361,"","","",55764,21.71,36.81,28.93,8.29
"A9025","https://nci-naaccr-zone-design.github.io/louisiana-2020/?address=A9025","Male","Larynx","10yrs","Lafayette","Lafayette, Scott, Ossun",6.295,5.98,6.61,175908,11.704,11.119,12.289,77402,9.324,8.858,9.79,55764,21.71,36.81,28.93,8.29
"A9025","https://nci-naaccr-zone-design.github.io/louisiana-2020/?address=A9025","Female","Ovary","10yrs","Lafayette","Lafayette, Scott, Ossun",5.694,5.409,5.978,184762,5.087,4.833,5.342,89361,15.463,14.69,16.236,55764,21.71,36.81,28.93,8.29
"A9025","https://nci-naaccr-zone-design.github.io/louisiana-2020/?address=A9025","Both","Esoph","10yrs","Lafayette","Lafayette, Scott, Ossun",7.803,7.413,8.193,360670,3.146,2.988,3.303,166763,3.92,3.724,4.116,55764,21.71,36.81,28.93,8.29
"A9025","https://nci-naaccr-zone-design.github.io/louisiana-2020/?address=A9025","Female","Esoph","10yrs","Lafayette","Lafayette, Scott, Ossun",2.14,2.033,2.247,184762,3.234,3.073,3.396,89361,"","","",55764,21.71,36.81,28.93,8.29
"A9025","https://nci-naaccr-zone-design.github.io/louisiana-2020/?address=A9025","Male","Esoph","10yrs","Lafayette","Lafayette, Scott, Ossun",9.778,9.289,10.266,175908,10.769,10.231,11.307,77402,11.366,10.798,11.934,55764,21.71,36.81,28.93,8.29
