"Zone","URL","Sex","Cancer","Years","Counties","Places","AAIR","LCI","UCI","White_PopTot","White_AAIR","White_LCI","White_UCI","Black_PopTot","Black_AAIR","Black_LCI","Black_UCI","TotalPop","Pct100Pov","PctMinority","PctBlackNH","PctRural"
"A9035","https://nci-naaccr-zone-design.github.io/louisiana-2020/?address=A9035","Both","AllSite","05yrs","Calcasieu","Westlake, Lake Charles, Moss Bluff, Iowa",509.675,484.191,535.158,159098,485.907,461.612,510.203,147172,509.047,483.595,534.5,62689,23.61,51.44,46.28,16.31
"A9035","https://nci-naaccr-zone-design.github.io/louisiana-2020/?address=A9035","Female","AllSite","05yrs","Calcasieu","Westlake, Lake Charles, Moss Bluff, Iowa",410.8,390.26,431.34,80212,367.477,349.104,385.851,75058,361.572,343.494,379.651,62689,23.61,51.44,46.28,16.31
"A9035","https://nci-naaccr-zone-design.github.io/louisiana-2020/?address=A9035","Male","AllSite","05yrs","Calcasieu","Westlake, Lake Charles, Moss Bluff, Iowa",672.526,638.9,706.152,78885,675.09,641.335,708.844,72115,587.824,558.433,617.215,62689,23.61,51.44,46.28,16.31
"A9035","https://nci-naaccr-zone-design.github.io/louisiana-2020/?address=A9035","Male","Prostate","05yrs","Calcasieu","Westlake, Lake Charles, Moss Bluff, Iowa",200.573,190.544,210.602,78885,187.464,178.091,196.837,72115,160.182,152.173,168.191,62689,23.61,51.44,46.28,16.31
"A9035","https://nci-naaccr-zone-design.github.io/louisiana-2020/?address=A9035","Both","Lung","05yrs","Calcasieu","Westlake, Lake Charles, Moss Bluff, Iowa",49.489,47.015,51.964,159098,89.216,84.755,93.677,147172,62.674,59.54,65.807,62689,23.61,51.44,46.28,16.31
"A9035","https://nci-naaccr-zone-design.github.io/louisiana-2020/?address=A9035","Female","Lung","05yrs","Calcasieu","Westlake, Lake Charles, Moss Bluff, Iowa",63.692,60.508,66.877,80212,56.154,53.346,58.961,75058,49.548,47.07,52.025,62689,23.61,51.44,46.28,16.31
"A9035","https://nci-naaccr-zone-design.github.io/louisiana-2020/?address=A9035","Male","Lung","05yrs","Calcasieu","Westlake, Lake Charles, Moss Bluff, Iowa",90.861,86.318,95.404,78885,69.37,65.902,72.839,72115,108.848,103.406,114.291,62689,23.61,51.44,46.28,16.31
"A9035","https://nci-naaccr-zone-design.github.io/louisiana-2020/?address=A9035","Female","Breast","05yrs","Calcasieu","Westlake, Lake Charles, Moss Bluff, Iowa",96.14,91.333,100.947,80212,128.605,122.174,135.035,75058,119.719,113.733,125.705,62689,23.61,51.44,46.28,16.31
"A9035","https://nci-naaccr-zone-design.github.io/louisiana-2020/?address=A9035","Both","CRC","05yrs","Calcasieu","Westlake, Lake Charles, Moss Bluff, Iowa",35.888,34.094,37.682,159098,41.103,39.048,43.158,147172,57.908,55.013,60.803,62689,23.61,51.44,46.28,16.31
"A9035","https://nci-naaccr-zone-design.github.io/louisiana-2020/?address=A9035","Female","CRC","05yrs","Calcasieu","Westlake, Lake Charles, Moss Bluff, Iowa",33.988,32.289,35.688,80212,37.406,35.536,39.276,75058,49.425,46.954,51.897,62689,23.61,51.44,46.28,16.31
"A9035","https://nci-naaccr-zone-design.github.io/louisiana-2020/?address=A9035","Male","CRC","05yrs","Calcasieu","Westlake, Lake Charles, Moss Bluff, Iowa",75.049,71.296,78.801,78885,45.258,42.995,47.52,72115,74.345,70.628,78.063,62689,23.61,51.44,46.28,16.31
"A9035","https://nci-naaccr-zone-design.github.io/louisiana-2020/?address=A9035","Both","Kidney","05yrs","Calcasieu","Westlake, Lake Charles, Moss Bluff, Iowa",18.111,17.205,19.016,159098,22.695,21.56,23.83,147172,21.83,20.738,22.921,62689,23.61,51.44,46.28,16.31
"A9035","https://nci-naaccr-zone-design.github.io/louisiana-2020/?address=A9035","Female","Kidney","05yrs","Calcasieu","Westlake, Lake Charles, Moss Bluff, Iowa",20.36,19.342,21.379,80212,13.852,13.16,14.545,75058,16.981,16.132,17.83,62689,23.61,51.44,46.28,16.31
"A9035","https://nci-naaccr-zone-design.github.io/louisiana-2020/?address=A9035","Male","Kidney","05yrs","Calcasieu","Westlake, Lake Charles, Moss Bluff, Iowa",18.366,17.448,19.285,78885,34.13,32.423,35.836,72115,18.552,17.624,19.479,62689,23.61,51.44,46.28,16.31
"A9035","https://nci-naaccr-zone-design.github.io/louisiana-2020/?address=A9035","Both","NHL","05yrs","Calcasieu","Westlake, Lake Charles, Moss Bluff, Iowa",24.008,22.807,25.208,159098,24.436,23.214,25.657,147172,22.928,21.782,24.075,62689,23.61,51.44,46.28,16.31
"A9035","https://nci-naaccr-zone-design.github.io/louisiana-2020/?address=A9035","Female","NHL","05yrs","Calcasieu","Westlake, Lake Charles, Moss Bluff, Iowa",16.95,16.103,17.798,80212,14.814,14.073,15.555,75058,21.143,20.086,22.2,62689,23.61,51.44,46.28,16.31
"A9035","https://nci-naaccr-zone-design.github.io/louisiana-2020/?address=A9035","Male","NHL","05yrs","Calcasieu","Westlake, Lake Charles, Moss Bluff, Iowa",28.579,27.15,30.008,78885,18.713,17.777,19.648,72115,25.898,24.604,27.193,62689,23.61,51.44,46.28,16.31
"A9035","https://nci-naaccr-zone-design.github.io/louisiana-2020/?address=A9035","Both","Urinary","05yrs","Calcasieu","Westlake, Lake Charles, Moss Bluff, Iowa",15.477,14.703,16.25,159098,25.921,24.625,27.217,147172,26.832,25.491,28.174,62689,23.61,51.44,46.28,16.31
"A9035","https://nci-naaccr-zone-design.github.io/louisiana-2020/?address=A9035","Female","Urinary","05yrs","Calcasieu","Westlake, Lake Charles, Moss Bluff, Iowa",11.591,11.011,12.17,80212,9.099,8.644,9.554,75058,10.134,9.628,10.641,62689,23.61,51.44,46.28,16.31
"A9035","https://nci-naaccr-zone-design.github.io/louisiana-2020/?address=A9035","Male","Urinary","05yrs","Calcasieu","Westlake, Lake Charles, Moss Bluff, Iowa",19.036,18.084,19.988,78885,42.997,40.847,45.147,72115,48.035,45.633,50.437,62689,23.61,51.44,46.28,16.31
"A9035","https://nci-naaccr-zone-design.github.io/louisiana-2020/?address=A9035","Both","Mela","05yrs","Calcasieu","Westlake, Lake Charles, Moss Bluff, Iowa",14.514,13.789,15.24,159098,8.134,7.727,8.541,147172,7.673,7.289,8.057,62689,23.61,51.44,46.28,16.31
"A9035","https://nci-naaccr-zone-design.github.io/louisiana-2020/?address=A9035","Female","Mela","05yrs","Calcasieu","Westlake, Lake Charles, Moss Bluff, Iowa",17.081,16.227,17.935,80212,23.471,22.297,24.644,75058,19.436,18.465,20.408,62689,23.61,51.44,46.28,16.31
"A9035","https://nci-naaccr-zone-design.github.io/louisiana-2020/?address=A9035","Male","Mela","05yrs","Calcasieu","Westlake, Lake Charles, Moss Bluff, Iowa",28.195,26.785,29.605,78885,32.824,31.182,34.465,72115,14.081,13.377,14.785,62689,23.61,51.44,46.28,16.31
"A9035","https://nci-naaccr-zone-design.github.io/louisiana-2020/?address=A9035","Both","Pancreas","05yrs","Calcasieu","Westlake, Lake Charles, Moss Bluff, Iowa",11.755,11.168,12.343,159098,12.655,12.022,13.287,147172,15.945,15.148,16.743,62689,23.61,51.44,46.28,16.31
"A9035","https://nci-naaccr-zone-design.github.io/louisiana-2020/?address=A9035","Female","Pancreas","05yrs","Calcasieu","Westlake, Lake Charles, Moss Bluff, Iowa",14.215,13.505,14.926,80212,15.228,14.467,15.989,75058,9.346,8.878,9.813,62689,23.61,51.44,46.28,16.31
"A9035","https://nci-naaccr-zone-design.github.io/louisiana-2020/?address=A9035","Male","Pancreas","05yrs","Calcasieu","Westlake, Lake Charles, Moss Bluff, Iowa",9.787,9.298,10.277,78885,19.188,18.228,20.147,72115,10.606,10.076,11.136,62689,23.61,51.44,46.28,16.31
"A9035","https://nci-naaccr-zone-design.github.io/louisiana-2020/?address=A9035","Both","Leuks","05yrs","Calcasieu","Westlake, Lake Charles, Moss Bluff, Iowa",12.762,12.124,13.4,159098,11.257,10.694,11.82,147172,14.368,13.65,15.086,62689,23.61,51.44,46.28,16.31
"A9035","https://nci-naaccr-zone-design.github.io/louisiana-2020/?address=A9035","Female","Leuks","05yrs","Calcasieu","Westlake, Lake Charles, Moss Bluff, Iowa",14.95,14.202,15.697,80212,8.43,8.009,8.852,75058,12.134,11.527,12.74,62689,23.61,51.44,46.28,16.31
"A9035","https://nci-naaccr-zone-design.github.io/louisiana-2020/?address=A9035","Male","Leuks","05yrs","Calcasieu","Westlake, Lake Charles, Moss Bluff, Iowa",23.455,22.282,24.628,78885,24.193,22.984,25.403,72115,20.874,19.831,21.918,62689,23.61,51.44,46.28,16.31
"A9035","https://nci-naaccr-zone-design.github.io/louisiana-2020/?address=A9035","Both","Oral","05yrs","Calcasieu","Westlake, Lake Charles, Moss Bluff, Iowa",11.858,11.265,12.451,159098,13.07,12.417,13.724,147172,14.142,13.435,14.849,62689,23.61,51.44,46.28,16.31
"A9035","https://nci-naaccr-zone-design.github.io/louisiana-2020/?address=A9035","Female","Oral","05yrs","Calcasieu","Westlake, Lake Charles, Moss Bluff, Iowa",2.147,2.039,2.254,80212,"","","",75058,7.269,6.906,7.633,62689,23.61,51.44,46.28,16.31
"A9035","https://nci-naaccr-zone-design.github.io/louisiana-2020/?address=A9035","Male","Oral","05yrs","Calcasieu","Westlake, Lake Charles, Moss Bluff, Iowa",18.213,17.303,19.124,78885,24.773,23.535,26.012,72115,26.34,25.023,27.657,62689,23.61,51.44,46.28,16.31
"A9035","https://nci-naaccr-zone-design.github.io/louisiana-2020/?address=A9035","Both","Thyroid","05yrs","Calcasieu","Westlake, Lake Charles, Moss Bluff, Iowa",9.785,9.296,10.275,159098,14.267,13.554,14.98,147172,11.718,11.132,12.304,62689,23.61,51.44,46.28,16.31
"A9035","https://nci-naaccr-zone-design.github.io/louisiana-2020/?address=A9035","Female","Thyroid","05yrs","Calcasieu","Westlake, Lake Charles, Moss Bluff, Iowa",25.186,23.927,26.445,80212,19.721,18.735,20.707,75058,19.755,18.767,20.743,62689,23.61,51.44,46.28,16.31
"A9035","https://nci-naaccr-zone-design.github.io/louisiana-2020/?address=A9035","Male","Thyroid","05yrs","Calcasieu","Westlake, Lake Charles, Moss Bluff, Iowa",2.268,2.154,2.381,78885,4.3,4.085,4.515,72115,"","","",62689,23.61,51.44,46.28,16.31
"A9035","https://nci-naaccr-zone-design.github.io/louisiana-2020/?address=A9035","Female","Uterine","05yrs","Calcasieu","Westlake, Lake Charles, Moss Bluff, Iowa",16.848,16.006,17.691,80212,22.406,21.286,23.527,75058,12.757,12.119,13.395,62689,23.61,51.44,46.28,16.31
"A9035","https://nci-naaccr-zone-design.github.io/louisiana-2020/?address=A9035","Both","Liver","05yrs","Calcasieu","Westlake, Lake Charles, Moss Bluff, Iowa",6.144,5.837,6.451,159098,6.886,6.541,7.23,147172,14.413,13.692,15.133,62689,23.61,51.44,46.28,16.31
"A9035","https://nci-naaccr-zone-design.github.io/louisiana-2020/?address=A9035","Female","Liver","05yrs","Calcasieu","Westlake, Lake Charles, Moss Bluff, Iowa",5.677,5.393,5.961,80212,"","","",75058,"","","",62689,23.61,51.44,46.28,16.31
"A9035","https://nci-naaccr-zone-design.github.io/louisiana-2020/?address=A9035","Male","Liver","05yrs","Calcasieu","Westlake, Lake Charles, Moss Bluff, Iowa",22.742,21.605,23.879,78885,9.424,8.952,9.895,72115,16.277,15.463,17.091,62689,23.61,51.44,46.28,16.31
"A9035","https://nci-naaccr-zone-design.github.io/louisiana-2020/?address=A9035","Both","Stomach","05yrs","Calcasieu","Westlake, Lake Charles, Moss Bluff, Iowa",4.801,4.561,5.041,159098,7.467,7.093,7.84,147172,6.423,6.102,6.745,62689,23.61,51.44,46.28,16.31
"A9035","https://nci-naaccr-zone-design.github.io/louisiana-2020/?address=A9035","Female","Stomach","05yrs","Calcasieu","Westlake, Lake Charles, Moss Bluff, Iowa",4.72,4.484,4.956,80212,"","","",75058,5.348,5.081,5.616,62689,23.61,51.44,46.28,16.31
"A9035","https://nci-naaccr-zone-design.github.io/louisiana-2020/?address=A9035","Male","Stomach","05yrs","Calcasieu","Westlake, Lake Charles, Moss Bluff, Iowa",6.363,6.045,6.681,78885,5.49,5.216,5.765,72115,6.008,5.708,6.309,62689,23.61,51.44,46.28,16.31
"A9035","https://nci-naaccr-zone-design.github.io/louisiana-2020/?address=A9035","Both","Myeloma","05yrs","Calcasieu","Westlake, Lake Charles, Moss Bluff, Iowa",10.19,9.68,10.699,159098,13.789,13.099,14.478,147172,6.124,5.818,6.43,62689,23.61,51.44,46.28,16.31
"A9035","https://nci-naaccr-zone-design.github.io/louisiana-2020/?address=A9035","Female","Myeloma","05yrs","Calcasieu","Westlake, Lake Charles, Moss Bluff, Iowa",11.013,10.463,11.564,80212,"","","",75058,5.702,5.416,5.987,62689,23.61,51.44,46.28,16.31
"A9035","https://nci-naaccr-zone-design.github.io/louisiana-2020/?address=A9035","Male","Myeloma","05yrs","Calcasieu","Westlake, Lake Charles, Moss Bluff, Iowa",13.755,13.068,14.443,78885,9.916,9.42,10.412,72115,16.091,15.286,16.895,62689,23.61,51.44,46.28,16.31
"A9035","https://nci-naaccr-zone-design.github.io/louisiana-2020/?address=A9035","Both","Brain","05yrs","Calcasieu","Westlake, Lake Charles, Moss Bluff, Iowa",6.097,5.792,6.402,159098,8.225,7.814,8.636,147172,6.062,5.759,6.365,62689,23.61,51.44,46.28,16.31
"A9035","https://nci-naaccr-zone-design.github.io/louisiana-2020/?address=A9035","Female","Brain","05yrs","Calcasieu","Westlake, Lake Charles, Moss Bluff, Iowa",3.172,3.013,3.331,80212,4.861,4.618,5.104,75058,5.367,5.099,5.636,62689,23.61,51.44,46.28,16.31
"A9035","https://nci-naaccr-zone-design.github.io/louisiana-2020/?address=A9035","Male","Brain","05yrs","Calcasieu","Westlake, Lake Charles, Moss Bluff, Iowa",8.756,8.318,9.194,78885,10.18,9.671,10.689,72115,9.316,8.851,9.782,62689,23.61,51.44,46.28,16.31
"A9035","https://nci-naaccr-zone-design.github.io/louisiana-2020/?address=A9035","Both","Larynx","05yrs","Calcasieu","Westlake, Lake Charles, Moss Bluff, Iowa",4.445,4.223,4.667,159098,4.573,4.345,4.802,147172,6.575,6.246,6.903,62689,23.61,51.44,46.28,16.31
"A9035","https://nci-naaccr-zone-design.github.io/louisiana-2020/?address=A9035","Female","Larynx","05yrs","Calcasieu","Westlake, Lake Charles, Moss Bluff, Iowa","","","",80212,"","","",75058,"","","",62689,23.61,51.44,46.28,16.31
"A9035","https://nci-naaccr-zone-design.github.io/louisiana-2020/?address=A9035","Male","Larynx","05yrs","Calcasieu","Westlake, Lake Charles, Moss Bluff, Iowa",8.842,8.4,9.284,78885,"","","",72115,"","","",62689,23.61,51.44,46.28,16.31
"A9035","https://nci-naaccr-zone-design.github.io/louisiana-2020/?address=A9035","Female","Ovary","05yrs","Calcasieu","Westlake, Lake Charles, Moss Bluff, Iowa",6.693,6.359,7.028,80212,11.642,11.06,12.224,75058,4.699,4.464,4.934,62689,23.61,51.44,46.28,16.31
"A9035","https://nci-naaccr-zone-design.github.io/louisiana-2020/?address=A9035","Both","Esoph","05yrs","Calcasieu","Westlake, Lake Charles, Moss Bluff, Iowa",3.337,3.17,3.504,159098,3.262,3.099,3.425,147172,7.2,6.84,7.56,62689,23.61,51.44,46.28,16.31
"A9035","https://nci-naaccr-zone-design.github.io/louisiana-2020/?address=A9035","Female","Esoph","05yrs","Calcasieu","Westlake, Lake Charles, Moss Bluff, Iowa",4.037,3.835,4.238,80212,"","","",75058,"","","",62689,23.61,51.44,46.28,16.31
"A9035","https://nci-naaccr-zone-design.github.io/louisiana-2020/?address=A9035","Male","Esoph","05yrs","Calcasieu","Westlake, Lake Charles, Moss Bluff, Iowa",13.87,13.176,14.563,78885,6.024,5.723,6.325,72115,5.792,5.503,6.082,62689,23.61,51.44,46.28,16.31
"A9035","https://nci-naaccr-zone-design.github.io/louisiana-2020/?address=A9035","Both","AllSite","10yrs","Calcasieu","Westlake, Lake Charles, Moss Bluff, Iowa",438.235,416.323,460.147,314845,511.553,485.976,537.131,292848,475.779,451.99,499.568,62689,23.61,51.44,46.28,16.31
"A9035","https://nci-naaccr-zone-design.github.io/louisiana-2020/?address=A9035","Female","AllSite","10yrs","Calcasieu","Westlake, Lake Charles, Moss Bluff, Iowa",434.963,413.215,456.711,158685,445.834,423.542,468.126,149775,386.136,366.829,405.443,62689,23.61,51.44,46.28,16.31
"A9035","https://nci-naaccr-zone-design.github.io/louisiana-2020/?address=A9035","Male","AllSite","10yrs","Calcasieu","Westlake, Lake Charles, Moss Bluff, Iowa",577.947,549.049,606.844,156160,605.964,575.666,636.263,143072,663.772,630.584,696.961,62689,23.61,51.44,46.28,16.31
"A9035","https://nci-naaccr-zone-design.github.io/louisiana-2020/?address=A9035","Male","Prostate","10yrs","Calcasieu","Westlake, Lake Charles, Moss Bluff, Iowa",133.879,127.185,140.573,156160,173.81,165.12,182.501,143072,144.796,137.557,152.036,62689,23.61,51.44,46.28,16.31
"A9035","https://nci-naaccr-zone-design.github.io/louisiana-2020/?address=A9035","Both","Lung","10yrs","Calcasieu","Westlake, Lake Charles, Moss Bluff, Iowa",87.682,83.298,92.066,314845,86.735,82.399,91.072,292848,44.903,42.658,47.148,62689,23.61,51.44,46.28,16.31
"A9035","https://nci-naaccr-zone-design.github.io/louisiana-2020/?address=A9035","Female","Lung","10yrs","Calcasieu","Westlake, Lake Charles, Moss Bluff, Iowa",64.041,60.839,67.243,158685,65.797,62.507,69.086,149775,61.853,58.76,64.945,62689,23.61,51.44,46.28,16.31
"A9035","https://nci-naaccr-zone-design.github.io/louisiana-2020/?address=A9035","Male","Lung","10yrs","Calcasieu","Westlake, Lake Charles, Moss Bluff, Iowa",117.538,111.661,123.415,156160,52.99,50.34,55.639,143072,112.447,106.824,118.069,62689,23.61,51.44,46.28,16.31
"A9035","https://nci-naaccr-zone-design.github.io/louisiana-2020/?address=A9035","Female","Breast","10yrs","Calcasieu","Westlake, Lake Charles, Moss Bluff, Iowa",98.547,93.62,103.475,158685,107.373,102.004,112.742,149775,114.144,108.437,119.851,62689,23.61,51.44,46.28,16.31
"A9035","https://nci-naaccr-zone-design.github.io/louisiana-2020/?address=A9035","Both","CRC","10yrs","Calcasieu","Westlake, Lake Charles, Moss Bluff, Iowa",47.238,44.876,49.6,314845,50.609,48.079,53.14,292848,59.267,56.304,62.231,62689,23.61,51.44,46.28,16.31
"A9035","https://nci-naaccr-zone-design.github.io/louisiana-2020/?address=A9035","Female","CRC","10yrs","Calcasieu","Westlake, Lake Charles, Moss Bluff, Iowa",35.916,34.12,37.712,158685,42.454,40.331,44.577,149775,44.5,42.275,46.725,62689,23.61,51.44,46.28,16.31
"A9035","https://nci-naaccr-zone-design.github.io/louisiana-2020/?address=A9035","Male","CRC","10yrs","Calcasieu","Westlake, Lake Charles, Moss Bluff, Iowa",69.909,66.413,73.404,156160,73.927,70.23,77.623,143072,47.313,44.947,49.679,62689,23.61,51.44,46.28,16.31
"A9035","https://nci-naaccr-zone-design.github.io/louisiana-2020/?address=A9035","Both","Kidney","10yrs","Calcasieu","Westlake, Lake Charles, Moss Bluff, Iowa",21.137,20.08,22.194,314845,19.281,18.317,20.246,292848,23.546,22.368,24.723,62689,23.61,51.44,46.28,16.31
"A9035","https://nci-naaccr-zone-design.github.io/louisiana-2020/?address=A9035","Female","Kidney","10yrs","Calcasieu","Westlake, Lake Charles, Moss Bluff, Iowa",13.229,12.568,13.89,158685,15.184,14.425,15.943,149775,15.68,14.896,16.464,62689,23.61,51.44,46.28,16.31
"A9035","https://nci-naaccr-zone-design.github.io/louisiana-2020/?address=A9035","Male","Kidney","10yrs","Calcasieu","Westlake, Lake Charles, Moss Bluff, Iowa",33.622,31.941,35.303,156160,19.652,18.67,20.635,143072,26.674,25.34,28.007,62689,23.61,51.44,46.28,16.31
"A9035","https://nci-naaccr-zone-design.github.io/louisiana-2020/?address=A9035","Both","NHL","10yrs","Calcasieu","Westlake, Lake Charles, Moss Bluff, Iowa",14.167,13.459,14.875,314845,18.103,17.197,19.008,292848,15.641,14.859,16.423,62689,23.61,51.44,46.28,16.31
"A9035","https://nci-naaccr-zone-design.github.io/louisiana-2020/?address=A9035","Female","NHL","10yrs","Calcasieu","Westlake, Lake Charles, Moss Bluff, Iowa",11.321,10.755,11.887,158685,21.268,20.205,22.331,149775,21.055,20.002,22.108,62689,23.61,51.44,46.28,16.31
"A9035","https://nci-naaccr-zone-design.github.io/louisiana-2020/?address=A9035","Male","NHL","10yrs","Calcasieu","Westlake, Lake Charles, Moss Bluff, Iowa",29.138,27.681,30.595,156160,21.246,20.183,22.308,143072,19.126,18.17,20.083,62689,23.61,51.44,46.28,16.31
"A9035","https://nci-naaccr-zone-design.github.io/louisiana-2020/?address=A9035","Both","Urinary","10yrs","Calcasieu","Westlake, Lake Charles, Moss Bluff, Iowa",14.133,13.427,14.84,314845,15.317,14.551,16.083,292848,22.827,21.686,23.968,62689,23.61,51.44,46.28,16.31
"A9035","https://nci-naaccr-zone-design.github.io/louisiana-2020/?address=A9035","Female","Urinary","10yrs","Calcasieu","Westlake, Lake Charles, Moss Bluff, Iowa",13.136,12.479,13.793,158685,11.685,11.101,12.269,149775,10.592,10.063,11.122,62689,23.61,51.44,46.28,16.31
"A9035","https://nci-naaccr-zone-design.github.io/louisiana-2020/?address=A9035","Male","Urinary","10yrs","Calcasieu","Westlake, Lake Charles, Moss Bluff, Iowa",44.964,42.716,47.212,156160,32.2,30.59,33.81,143072,37.41,35.54,39.281,62689,23.61,51.44,46.28,16.31
"A9035","https://nci-naaccr-zone-design.github.io/louisiana-2020/?address=A9035","Both","Mela","10yrs","Calcasieu","Westlake, Lake Charles, Moss Bluff, Iowa",25.352,24.084,26.619,314845,22.913,21.768,24.059,292848,21.101,20.046,22.156,62689,23.61,51.44,46.28,16.31
"A9035","https://nci-naaccr-zone-design.github.io/louisiana-2020/?address=A9035","Female","Mela","10yrs","Calcasieu","Westlake, Lake Charles, Moss Bluff, Iowa",8.193,7.784,8.603,158685,3.118,2.962,3.274,149775,20.838,19.796,21.88,62689,23.61,51.44,46.28,16.31
"A9035","https://nci-naaccr-zone-design.github.io/louisiana-2020/?address=A9035","Male","Mela","10yrs","Calcasieu","Westlake, Lake Charles, Moss Bluff, Iowa",7.842,7.45,8.234,156160,29.8,28.31,31.29,143072,33.668,31.984,35.351,62689,23.61,51.44,46.28,16.31
"A9035","https://nci-naaccr-zone-design.github.io/louisiana-2020/?address=A9035","Both","Pancreas","10yrs","Calcasieu","Westlake, Lake Charles, Moss Bluff, Iowa",11.002,10.451,11.552,314845,11.429,10.857,12.0,292848,11.066,10.513,11.62,62689,23.61,51.44,46.28,16.31
"A9035","https://nci-naaccr-zone-design.github.io/louisiana-2020/?address=A9035","Female","Pancreas","10yrs","Calcasieu","Westlake, Lake Charles, Moss Bluff, Iowa",10.237,9.725,10.749,158685,11.846,11.254,12.439,149775,16.047,15.245,16.85,62689,23.61,51.44,46.28,16.31
"A9035","https://nci-naaccr-zone-design.github.io/louisiana-2020/?address=A9035","Male","Pancreas","10yrs","Calcasieu","Westlake, Lake Charles, Moss Bluff, Iowa",20.384,19.365,21.403,156160,10.305,9.79,10.821,143072,10.358,9.84,10.876,62689,23.61,51.44,46.28,16.31
"A9035","https://nci-naaccr-zone-design.github.io/louisiana-2020/?address=A9035","Both","Leuks","10yrs","Calcasieu","Westlake, Lake Charles, Moss Bluff, Iowa",16.645,15.813,17.477,314845,12.88,12.236,13.524,292848,17.647,16.765,18.53,62689,23.61,51.44,46.28,16.31
"A9035","https://nci-naaccr-zone-design.github.io/louisiana-2020/?address=A9035","Female","Leuks","10yrs","Calcasieu","Westlake, Lake Charles, Moss Bluff, Iowa",11.734,11.147,12.32,158685,14.38,13.661,15.099,149775,14.42,13.699,15.141,62689,23.61,51.44,46.28,16.31
"A9035","https://nci-naaccr-zone-design.github.io/louisiana-2020/?address=A9035","Male","Leuks","10yrs","Calcasieu","Westlake, Lake Charles, Moss Bluff, Iowa",16.615,15.785,17.446,156160,21.709,20.624,22.794,143072,19.312,18.347,20.278,62689,23.61,51.44,46.28,16.31
"A9035","https://nci-naaccr-zone-design.github.io/louisiana-2020/?address=A9035","Both","Oral","10yrs","Calcasieu","Westlake, Lake Charles, Moss Bluff, Iowa",7.625,7.244,8.006,314845,11.958,11.36,12.556,292848,11.072,10.518,11.625,62689,23.61,51.44,46.28,16.31
"A9035","https://nci-naaccr-zone-design.github.io/louisiana-2020/?address=A9035","Female","Oral","10yrs","Calcasieu","Westlake, Lake Charles, Moss Bluff, Iowa",3.829,3.638,4.021,158685,4.669,4.436,4.903,149775,6.972,6.623,7.32,62689,23.61,51.44,46.28,16.31
"A9035","https://nci-naaccr-zone-design.github.io/louisiana-2020/?address=A9035","Male","Oral","10yrs","Calcasieu","Westlake, Lake Charles, Moss Bluff, Iowa",11.545,10.968,12.122,156160,14.262,13.549,14.976,143072,12.834,12.192,13.475,62689,23.61,51.44,46.28,16.31
"A9035","https://nci-naaccr-zone-design.github.io/louisiana-2020/?address=A9035","Both","Thyroid","10yrs","Calcasieu","Westlake, Lake Charles, Moss Bluff, Iowa",12.173,11.564,12.782,314845,15.456,14.684,16.229,292848,10.941,10.394,11.489,62689,23.61,51.44,46.28,16.31
"A9035","https://nci-naaccr-zone-design.github.io/louisiana-2020/?address=A9035","Female","Thyroid","10yrs","Calcasieu","Westlake, Lake Charles, Moss Bluff, Iowa",9.638,9.156,10.12,158685,10.573,10.044,11.101,149775,13.189,12.529,13.848,62689,23.61,51.44,46.28,16.31
"A9035","https://nci-naaccr-zone-design.github.io/louisiana-2020/?address=A9035","Male","Thyroid","10yrs","Calcasieu","Westlake, Lake Charles, Moss Bluff, Iowa",8.823,8.382,9.264,156160,9.074,8.621,9.528,143072,8.367,7.949,8.785,62689,23.61,51.44,46.28,16.31
"A9035","https://nci-naaccr-zone-design.github.io/louisiana-2020/?address=A9035","Female","Uterine","10yrs","Calcasieu","Westlake, Lake Charles, Moss Bluff, Iowa",16.376,15.557,17.195,158685,24.872,23.628,26.115,149775,12.564,11.935,13.192,62689,23.61,51.44,46.28,16.31
"A9035","https://nci-naaccr-zone-design.github.io/louisiana-2020/?address=A9035","Both","Liver","10yrs","Calcasieu","Westlake, Lake Charles, Moss Bluff, Iowa",8.19,7.781,8.6,314845,15.053,14.3,15.805,292848,7.01,6.659,7.36,62689,23.61,51.44,46.28,16.31
"A9035","https://nci-naaccr-zone-design.github.io/louisiana-2020/?address=A9035","Female","Liver","10yrs","Calcasieu","Westlake, Lake Charles, Moss Bluff, Iowa",4.655,4.423,4.888,158685,4.929,4.683,5.176,149775,6.61,6.279,6.94,62689,23.61,51.44,46.28,16.31
"A9035","https://nci-naaccr-zone-design.github.io/louisiana-2020/?address=A9035","Male","Liver","10yrs","Calcasieu","Westlake, Lake Charles, Moss Bluff, Iowa",23.365,22.196,24.533,156160,19.781,18.792,20.77,143072,23.978,22.779,25.177,62689,23.61,51.44,46.28,16.31
"A9035","https://nci-naaccr-zone-design.github.io/louisiana-2020/?address=A9035","Both","Stomach","10yrs","Calcasieu","Westlake, Lake Charles, Moss Bluff, Iowa",5.379,5.11,5.648,314845,4.483,4.259,4.707,292848,5.919,5.623,6.215,62689,23.61,51.44,46.28,16.31
"A9035","https://nci-naaccr-zone-design.github.io/louisiana-2020/?address=A9035","Female","Stomach","10yrs","Calcasieu","Westlake, Lake Charles, Moss Bluff, Iowa",3.698,3.513,3.883,158685,7.932,7.535,8.328,149775,4.96,4.712,5.208,62689,23.61,51.44,46.28,16.31
"A9035","https://nci-naaccr-zone-design.github.io/louisiana-2020/?address=A9035","Male","Stomach","10yrs","Calcasieu","Westlake, Lake Charles, Moss Bluff, Iowa",9.171,8.713,9.63,156160,4.523,4.297,4.749,143072,4.588,4.359,4.818,62689,23.61,51.44,46.28,16.31
"A9035","https://nci-naaccr-zone-design.github.io/louisiana-2020/?address=A9035","Both","Myeloma","10yrs","Calcasieu","Westlake, Lake Charles, Moss Bluff, Iowa",10.264,9.751,10.777,314845,12.195,11.585,12.804,292848,8.523,8.096,8.949,62689,23.61,51.44,46.28,16.31
"A9035","https://nci-naaccr-zone-design.github.io/louisiana-2020/?address=A9035","Female","Myeloma","10yrs","Calcasieu","Westlake, Lake Charles, Moss Bluff, Iowa",8.766,8.328,9.205,158685,5.226,4.964,5.487,149775,8.867,8.424,9.311,62689,23.61,51.44,46.28,16.31
"A9035","https://nci-naaccr-zone-design.github.io/louisiana-2020/?address=A9035","Male","Myeloma","10yrs","Calcasieu","Westlake, Lake Charles, Moss Bluff, Iowa",14.413,13.692,15.133,156160,13.596,12.917,14.276,143072,11.256,10.693,11.819,62689,23.61,51.44,46.28,16.31
"A9035","https://nci-naaccr-zone-design.github.io/louisiana-2020/?address=A9035","Both","Brain","10yrs","Calcasieu","Westlake, Lake Charles, Moss Bluff, Iowa",3.627,3.445,3.808,314845,5.236,4.974,5.497,292848,4.215,4.004,4.425,62689,23.61,51.44,46.28,16.31
"A9035","https://nci-naaccr-zone-design.github.io/louisiana-2020/?address=A9035","Female","Brain","10yrs","Calcasieu","Westlake, Lake Charles, Moss Bluff, Iowa",6.437,6.115,6.759,158685,6.473,6.149,6.796,149775,4.044,3.841,4.246,62689,23.61,51.44,46.28,16.31
"A9035","https://nci-naaccr-zone-design.github.io/louisiana-2020/?address=A9035","Male","Brain","10yrs","Calcasieu","Westlake, Lake Charles, Moss Bluff, Iowa",8.299,7.884,8.714,156160,6.546,6.219,6.874,143072,11.615,11.034,12.196,62689,23.61,51.44,46.28,16.31
"A9035","https://nci-naaccr-zone-design.github.io/louisiana-2020/?address=A9035","Both","Larynx","10yrs","Calcasieu","Westlake, Lake Charles, Moss Bluff, Iowa",5.275,5.011,5.538,314845,8.04,7.638,8.442,292848,3.878,3.684,4.072,62689,23.61,51.44,46.28,16.31
"A9035","https://nci-naaccr-zone-design.github.io/louisiana-2020/?address=A9035","Female","Larynx","10yrs","Calcasieu","Westlake, Lake Charles, Moss Bluff, Iowa",0.996,0.947,1.046,158685,2.268,2.154,2.381,149775,"","","",62689,23.61,51.44,46.28,16.31
"A9035","https://nci-naaccr-zone-design.github.io/louisiana-2020/?address=A9035","Male","Larynx","10yrs","Calcasieu","Westlake, Lake Charles, Moss Bluff, Iowa",12.131,11.524,12.737,156160,9.109,8.654,9.565,143072,8.447,8.024,8.869,62689,23.61,51.44,46.28,16.31
"A9035","https://nci-naaccr-zone-design.github.io/louisiana-2020/?address=A9035","Female","Ovary","10yrs","Calcasieu","Westlake, Lake Charles, Moss Bluff, Iowa",12.666,12.032,13.299,158685,10.216,9.705,10.727,149775,13.33,12.664,13.997,62689,23.61,51.44,46.28,16.31
"A9035","https://nci-naaccr-zone-design.github.io/louisiana-2020/?address=A9035","Both","Esoph","10yrs","Calcasieu","Westlake, Lake Charles, Moss Bluff, Iowa",7.816,7.425,8.207,314845,5.617,5.336,5.897,292848,3.841,3.649,4.033,62689,23.61,51.44,46.28,16.31
"A9035","https://nci-naaccr-zone-design.github.io/louisiana-2020/?address=A9035","Female","Esoph","10yrs","Calcasieu","Westlake, Lake Charles, Moss Bluff, Iowa","","","",158685,3.329,3.162,3.495,149775,1.192,1.132,1.251,62689,23.61,51.44,46.28,16.31
"A9035","https://nci-naaccr-zone-design.github.io/louisiana-2020/?address=A9035","Male","Esoph","10yrs","Calcasieu","Westlake, Lake Charles, Moss Bluff, Iowa",6.488,6.164,6.813,156160,12.514,11.889,13.14,143072,12.783,12.144,13.423,62689,23.61,51.44,46.28,16.31
