"Zone","URL","Sex","Cancer","Years","Counties","Places","AAIR","LCI","UCI","White_PopTot","White_AAIR","White_LCI","White_UCI","Black_PopTot","Black_AAIR","Black_LCI","Black_UCI","TotalPop","Pct100Pov","PctMinority","PctBlackNH","PctRural"
"A9002","https://nci-naaccr-zone-design.github.io/louisiana-2020/?address=A9002","Both","AllSite","05yrs","Jefferson","Kenner",513.685,488.001,539.369,143779,502.334,477.217,527.45,70310,539.836,512.844,566.828,60820,16.22,52.19,22.76,0.0
"A9002","https://nci-naaccr-zone-design.github.io/louisiana-2020/?address=A9002","Female","AllSite","05yrs","Jefferson","Kenner",423.509,402.334,444.684,74703,450.73,428.193,473.266,38022,452.595,429.965,475.225,60820,16.22,52.19,22.76,0.0
"A9002","https://nci-naaccr-zone-design.github.io/louisiana-2020/?address=A9002","Male","AllSite","05yrs","Jefferson","Kenner",561.595,533.515,589.675,69076,623.293,592.128,654.457,32288,622.328,591.212,653.444,60820,16.22,52.19,22.76,0.0
"A9002","https://nci-naaccr-zone-design.github.io/louisiana-2020/?address=A9002","Male","Prostate","05yrs","Jefferson","Kenner",150.625,143.094,158.156,69076,131.72,125.134,138.306,32288,162.313,154.197,170.429,60820,16.22,52.19,22.76,0.0
"A9002","https://nci-naaccr-zone-design.github.io/louisiana-2020/?address=A9002","Both","Lung","05yrs","Jefferson","Kenner",72.714,69.079,76.35,143779,71.252,67.689,74.814,70310,84.209,79.998,88.419,60820,16.22,52.19,22.76,0.0
"A9002","https://nci-naaccr-zone-design.github.io/louisiana-2020/?address=A9002","Female","Lung","05yrs","Jefferson","Kenner",68.475,65.052,71.899,74703,50.981,48.432,53.53,38022,47.257,44.894,49.62,60820,16.22,52.19,22.76,0.0
"A9002","https://nci-naaccr-zone-design.github.io/louisiana-2020/?address=A9002","Male","Lung","05yrs","Jefferson","Kenner",95.743,90.956,100.53,69076,117.608,111.728,123.489,32288,78.324,74.408,82.24,60820,16.22,52.19,22.76,0.0
"A9002","https://nci-naaccr-zone-design.github.io/louisiana-2020/?address=A9002","Female","Breast","05yrs","Jefferson","Kenner",96.68,91.846,101.514,74703,107.366,101.998,112.734,38022,104.92,99.674,110.166,60820,16.22,52.19,22.76,0.0
"A9002","https://nci-naaccr-zone-design.github.io/louisiana-2020/?address=A9002","Both","CRC","05yrs","Jefferson","Kenner",49.292,46.828,51.757,143779,39.913,37.917,41.908,70310,57.977,55.078,60.876,60820,16.22,52.19,22.76,0.0
"A9002","https://nci-naaccr-zone-design.github.io/louisiana-2020/?address=A9002","Female","CRC","05yrs","Jefferson","Kenner",31.981,30.382,33.58,74703,43.0,40.85,45.15,38022,40.52,38.494,42.546,60820,16.22,52.19,22.76,0.0
"A9002","https://nci-naaccr-zone-design.github.io/louisiana-2020/?address=A9002","Male","CRC","05yrs","Jefferson","Kenner",55.416,52.645,58.187,69076,74.306,70.59,78.021,32288,63.461,60.288,66.634,60820,16.22,52.19,22.76,0.0
"A9002","https://nci-naaccr-zone-design.github.io/louisiana-2020/?address=A9002","Both","Kidney","05yrs","Jefferson","Kenner",16.755,15.918,17.593,143779,24.537,23.31,25.764,70310,25.741,24.454,27.028,60820,16.22,52.19,22.76,0.0
"A9002","https://nci-naaccr-zone-design.github.io/louisiana-2020/?address=A9002","Female","Kidney","05yrs","Jefferson","Kenner",20.746,19.709,21.783,74703,15.855,15.062,16.647,38022,12.602,11.972,13.232,60820,16.22,52.19,22.76,0.0
"A9002","https://nci-naaccr-zone-design.github.io/louisiana-2020/?address=A9002","Male","Kidney","05yrs","Jefferson","Kenner",21.401,20.331,22.471,69076,19.251,18.288,20.213,32288,33.633,31.952,35.315,60820,16.22,52.19,22.76,0.0
"A9002","https://nci-naaccr-zone-design.github.io/louisiana-2020/?address=A9002","Both","NHL","05yrs","Jefferson","Kenner",17.692,16.807,18.577,143779,23.626,22.445,24.807,70310,18.041,17.139,18.943,60820,16.22,52.19,22.76,0.0
"A9002","https://nci-naaccr-zone-design.github.io/louisiana-2020/?address=A9002","Female","NHL","05yrs","Jefferson","Kenner",21.148,20.091,22.205,74703,11.953,11.355,12.55,38022,16.646,15.814,17.478,60820,16.22,52.19,22.76,0.0
"A9002","https://nci-naaccr-zone-design.github.io/louisiana-2020/?address=A9002","Male","NHL","05yrs","Jefferson","Kenner",18.867,17.923,19.81,69076,29.069,27.615,30.522,32288,23.445,22.273,24.618,60820,16.22,52.19,22.76,0.0
"A9002","https://nci-naaccr-zone-design.github.io/louisiana-2020/?address=A9002","Both","Urinary","05yrs","Jefferson","Kenner",22.083,20.979,23.188,143779,21.21,20.149,22.27,70310,19.003,18.053,19.954,60820,16.22,52.19,22.76,0.0
"A9002","https://nci-naaccr-zone-design.github.io/louisiana-2020/?address=A9002","Female","Urinary","05yrs","Jefferson","Kenner",5.082,4.828,5.336,74703,8.46,8.037,8.883,38022,11.812,11.221,12.402,60820,16.22,52.19,22.76,0.0
"A9002","https://nci-naaccr-zone-design.github.io/louisiana-2020/?address=A9002","Male","Urinary","05yrs","Jefferson","Kenner",41.773,39.684,43.861,69076,31.803,30.213,33.393,32288,20.359,19.341,21.377,60820,16.22,52.19,22.76,0.0
"A9002","https://nci-naaccr-zone-design.github.io/louisiana-2020/?address=A9002","Both","Mela","05yrs","Jefferson","Kenner",24.99,23.741,26.24,143779,16.477,15.653,17.301,70310,13.161,12.503,13.819,60820,16.22,52.19,22.76,0.0
"A9002","https://nci-naaccr-zone-design.github.io/louisiana-2020/?address=A9002","Female","Mela","05yrs","Jefferson","Kenner",11.116,10.561,11.672,74703,19.003,18.053,19.953,38022,22.773,21.635,23.912,60820,16.22,52.19,22.76,0.0
"A9002","https://nci-naaccr-zone-design.github.io/louisiana-2020/?address=A9002","Male","Mela","05yrs","Jefferson","Kenner",32.114,30.508,33.72,69076,30.169,28.661,31.678,32288,39.92,37.924,41.916,60820,16.22,52.19,22.76,0.0
"A9002","https://nci-naaccr-zone-design.github.io/louisiana-2020/?address=A9002","Both","Pancreas","05yrs","Jefferson","Kenner",11.517,10.941,12.093,143779,13.305,12.64,13.971,70310,13.137,12.48,13.794,60820,16.22,52.19,22.76,0.0
"A9002","https://nci-naaccr-zone-design.github.io/louisiana-2020/?address=A9002","Female","Pancreas","05yrs","Jefferson","Kenner",15.042,14.29,15.794,74703,10.605,10.075,11.135,38022,10.93,10.384,11.477,60820,16.22,52.19,22.76,0.0
"A9002","https://nci-naaccr-zone-design.github.io/louisiana-2020/?address=A9002","Male","Pancreas","05yrs","Jefferson","Kenner",9.746,9.259,10.234,69076,16.388,15.569,17.208,32288,10.505,9.98,11.03,60820,16.22,52.19,22.76,0.0
"A9002","https://nci-naaccr-zone-design.github.io/louisiana-2020/?address=A9002","Both","Leuks","05yrs","Jefferson","Kenner",13.31,12.644,13.975,143779,10.395,9.875,10.915,70310,15.012,14.261,15.763,60820,16.22,52.19,22.76,0.0
"A9002","https://nci-naaccr-zone-design.github.io/louisiana-2020/?address=A9002","Female","Leuks","05yrs","Jefferson","Kenner",6.449,6.127,6.772,74703,9.421,8.95,9.892,38022,"","","",60820,16.22,52.19,22.76,0.0
"A9002","https://nci-naaccr-zone-design.github.io/louisiana-2020/?address=A9002","Male","Leuks","05yrs","Jefferson","Kenner",14.844,14.102,15.586,69076,19.702,18.717,20.687,32288,22.296,21.181,23.411,60820,16.22,52.19,22.76,0.0
"A9002","https://nci-naaccr-zone-design.github.io/louisiana-2020/?address=A9002","Both","Oral","05yrs","Jefferson","Kenner",11.992,11.393,12.592,143779,11.65,11.068,12.233,70310,12.568,11.94,13.197,60820,16.22,52.19,22.76,0.0
"A9002","https://nci-naaccr-zone-design.github.io/louisiana-2020/?address=A9002","Female","Oral","05yrs","Jefferson","Kenner",5.731,5.445,6.018,74703,"","","",38022,"","","",60820,16.22,52.19,22.76,0.0
"A9002","https://nci-naaccr-zone-design.github.io/louisiana-2020/?address=A9002","Male","Oral","05yrs","Jefferson","Kenner",25.923,24.627,27.219,69076,21.241,20.179,22.303,32288,22.179,21.07,23.288,60820,16.22,52.19,22.76,0.0
"A9002","https://nci-naaccr-zone-design.github.io/louisiana-2020/?address=A9002","Both","Thyroid","05yrs","Jefferson","Kenner",12.683,12.048,13.317,143779,11.359,10.791,11.927,70310,7.751,7.363,8.138,60820,16.22,52.19,22.76,0.0
"A9002","https://nci-naaccr-zone-design.github.io/louisiana-2020/?address=A9002","Female","Thyroid","05yrs","Jefferson","Kenner",12.08,11.476,12.684,74703,24.351,23.133,25.568,38022,20.022,19.021,21.024,60820,16.22,52.19,22.76,0.0
"A9002","https://nci-naaccr-zone-design.github.io/louisiana-2020/?address=A9002","Male","Thyroid","05yrs","Jefferson","Kenner",9.382,8.913,9.852,69076,7.419,7.048,7.79,32288,"","","",60820,16.22,52.19,22.76,0.0
"A9002","https://nci-naaccr-zone-design.github.io/louisiana-2020/?address=A9002","Female","Uterine","05yrs","Jefferson","Kenner",20.728,19.692,21.764,74703,16.163,15.355,16.971,38022,21.904,20.809,22.999,60820,16.22,52.19,22.76,0.0
"A9002","https://nci-naaccr-zone-design.github.io/louisiana-2020/?address=A9002","Both","Liver","05yrs","Jefferson","Kenner",5.711,5.426,5.997,143779,10.915,10.369,11.46,70310,10.212,9.702,10.723,60820,16.22,52.19,22.76,0.0
"A9002","https://nci-naaccr-zone-design.github.io/louisiana-2020/?address=A9002","Female","Liver","05yrs","Jefferson","Kenner",4.795,4.556,5.035,74703,7.553,7.175,7.93,38022,"","","",60820,16.22,52.19,22.76,0.0
"A9002","https://nci-naaccr-zone-design.github.io/louisiana-2020/?address=A9002","Male","Liver","05yrs","Jefferson","Kenner",19.228,18.266,20.189,69076,9.246,8.784,9.709,32288,23.737,22.55,24.924,60820,16.22,52.19,22.76,0.0
"A9002","https://nci-naaccr-zone-design.github.io/louisiana-2020/?address=A9002","Both","Stomach","05yrs","Jefferson","Kenner",8.242,7.83,8.654,143779,7.215,6.854,7.576,70310,11.301,10.736,11.867,60820,16.22,52.19,22.76,0.0
"A9002","https://nci-naaccr-zone-design.github.io/louisiana-2020/?address=A9002","Female","Stomach","05yrs","Jefferson","Kenner",5.686,5.402,5.97,74703,5.88,5.586,6.174,38022,10.058,9.555,10.561,60820,16.22,52.19,22.76,0.0
"A9002","https://nci-naaccr-zone-design.github.io/louisiana-2020/?address=A9002","Male","Stomach","05yrs","Jefferson","Kenner",15.819,15.028,16.61,69076,14.263,13.55,14.976,32288,11.022,10.471,11.573,60820,16.22,52.19,22.76,0.0
"A9002","https://nci-naaccr-zone-design.github.io/louisiana-2020/?address=A9002","Both","Myeloma","05yrs","Jefferson","Kenner",6.545,6.218,6.873,143779,14.178,13.469,14.886,70310,12.423,11.801,13.044,60820,16.22,52.19,22.76,0.0
"A9002","https://nci-naaccr-zone-design.github.io/louisiana-2020/?address=A9002","Female","Myeloma","05yrs","Jefferson","Kenner",3.731,3.545,3.918,74703,12.314,11.698,12.93,38022,"","","",60820,16.22,52.19,22.76,0.0
"A9002","https://nci-naaccr-zone-design.github.io/louisiana-2020/?address=A9002","Male","Myeloma","05yrs","Jefferson","Kenner",9.871,9.377,10.364,69076,14.614,13.883,15.345,32288,16.986,16.136,17.835,60820,16.22,52.19,22.76,0.0
"A9002","https://nci-naaccr-zone-design.github.io/louisiana-2020/?address=A9002","Both","Brain","05yrs","Jefferson","Kenner",8.01,7.61,8.411,143779,4.818,4.577,5.058,70310,7.57,7.191,7.948,60820,16.22,52.19,22.76,0.0
"A9002","https://nci-naaccr-zone-design.github.io/louisiana-2020/?address=A9002","Female","Brain","05yrs","Jefferson","Kenner",6.45,6.127,6.772,74703,6.81,6.469,7.15,38022,"","","",60820,16.22,52.19,22.76,0.0
"A9002","https://nci-naaccr-zone-design.github.io/louisiana-2020/?address=A9002","Male","Brain","05yrs","Jefferson","Kenner",7.661,7.278,8.045,69076,9.022,8.571,9.473,32288,"","","",60820,16.22,52.19,22.76,0.0
"A9002","https://nci-naaccr-zone-design.github.io/louisiana-2020/?address=A9002","Both","Larynx","05yrs","Jefferson","Kenner",6.738,6.401,7.075,143779,5.391,5.122,5.661,70310,8.986,8.537,9.435,60820,16.22,52.19,22.76,0.0
"A9002","https://nci-naaccr-zone-design.github.io/louisiana-2020/?address=A9002","Female","Larynx","05yrs","Jefferson","Kenner",3.013,2.862,3.163,74703,"","","",38022,"","","",60820,16.22,52.19,22.76,0.0
"A9002","https://nci-naaccr-zone-design.github.io/louisiana-2020/?address=A9002","Male","Larynx","05yrs","Jefferson","Kenner",7.429,7.058,7.801,69076,6.368,6.049,6.686,32288,"","","",60820,16.22,52.19,22.76,0.0
"A9002","https://nci-naaccr-zone-design.github.io/louisiana-2020/?address=A9002","Female","Ovary","05yrs","Jefferson","Kenner",3.79,3.601,3.98,74703,13.171,12.513,13.83,38022,15.303,14.538,16.068,60820,16.22,52.19,22.76,0.0
"A9002","https://nci-naaccr-zone-design.github.io/louisiana-2020/?address=A9002","Both","Esoph","05yrs","Jefferson","Kenner",3.799,3.609,3.989,143779,6.845,6.503,7.187,70310,5.778,5.489,6.067,60820,16.22,52.19,22.76,0.0
"A9002","https://nci-naaccr-zone-design.github.io/louisiana-2020/?address=A9002","Female","Esoph","05yrs","Jefferson","Kenner",4.131,3.924,4.337,74703,"","","",38022,"","","",60820,16.22,52.19,22.76,0.0
"A9002","https://nci-naaccr-zone-design.github.io/louisiana-2020/?address=A9002","Male","Esoph","05yrs","Jefferson","Kenner",8.178,7.769,8.587,69076,12.888,12.244,13.533,32288,14.419,13.698,15.14,60820,16.22,52.19,22.76,0.0
"A9002","https://nci-naaccr-zone-design.github.io/louisiana-2020/?address=A9002","Both","AllSite","10yrs","Jefferson","Kenner",541.542,514.464,568.619,297612,511.988,486.388,537.587,141325,539.618,512.637,566.598,60820,16.22,52.19,22.76,0.0
"A9002","https://nci-naaccr-zone-design.github.io/louisiana-2020/?address=A9002","Female","AllSite","10yrs","Jefferson","Kenner",381.349,362.282,400.417,154473,403.934,383.738,424.131,76302,442.698,420.563,464.833,60820,16.22,52.19,22.76,0.0
"A9002","https://nci-naaccr-zone-design.github.io/louisiana-2020/?address=A9002","Male","AllSite","10yrs","Jefferson","Kenner",524.659,498.426,550.892,143140,648.939,616.492,681.386,65022,658.874,625.93,691.818,60820,16.22,52.19,22.76,0.0
"A9002","https://nci-naaccr-zone-design.github.io/louisiana-2020/?address=A9002","Male","Prostate","10yrs","Jefferson","Kenner",172.705,164.07,181.341,143140,137.62,130.739,144.501,65022,206.785,196.446,217.125,60820,16.22,52.19,22.76,0.0
"A9002","https://nci-naaccr-zone-design.github.io/louisiana-2020/?address=A9002","Both","Lung","10yrs","Jefferson","Kenner",57.43,54.559,60.302,297612,84.557,80.329,88.785,141325,87.021,82.67,91.372,60820,16.22,52.19,22.76,0.0
"A9002","https://nci-naaccr-zone-design.github.io/louisiana-2020/?address=A9002","Female","Lung","10yrs","Jefferson","Kenner",58.094,55.189,60.999,154473,64.748,61.511,67.986,76302,55.665,52.882,58.449,60820,16.22,52.19,22.76,0.0
"A9002","https://nci-naaccr-zone-design.github.io/louisiana-2020/?address=A9002","Male","Lung","10yrs","Jefferson","Kenner",75.006,71.256,78.756,143140,82.475,78.351,86.599,65022,68.989,65.539,72.438,60820,16.22,52.19,22.76,0.0
"A9002","https://nci-naaccr-zone-design.github.io/louisiana-2020/?address=A9002","Female","Breast","10yrs","Jefferson","Kenner",137.212,130.351,144.072,154473,123.3,117.135,129.465,76302,116.522,110.696,122.348,60820,16.22,52.19,22.76,0.0
"A9002","https://nci-naaccr-zone-design.github.io/louisiana-2020/?address=A9002","Both","CRC","10yrs","Jefferson","Kenner",58.814,55.873,61.755,297612,41.557,39.479,43.635,141325,35.706,33.921,37.491,60820,16.22,52.19,22.76,0.0
"A9002","https://nci-naaccr-zone-design.github.io/louisiana-2020/?address=A9002","Female","CRC","10yrs","Jefferson","Kenner",44.664,42.431,46.897,154473,51.141,48.584,53.698,76302,31.014,29.464,32.565,60820,16.22,52.19,22.76,0.0
"A9002","https://nci-naaccr-zone-design.github.io/louisiana-2020/?address=A9002","Male","CRC","10yrs","Jefferson","Kenner",47.227,44.865,49.588,143140,53.385,50.715,56.054,65022,73.403,69.733,77.073,60820,16.22,52.19,22.76,0.0
"A9002","https://nci-naaccr-zone-design.github.io/louisiana-2020/?address=A9002","Both","Kidney","10yrs","Jefferson","Kenner",16.395,15.575,17.214,297612,18.08,17.176,18.984,141325,21.325,20.258,22.391,60820,16.22,52.19,22.76,0.0
"A9002","https://nci-naaccr-zone-design.github.io/louisiana-2020/?address=A9002","Female","Kidney","10yrs","Jefferson","Kenner",9.507,9.032,9.982,154473,11.35,10.783,11.918,76302,13.294,12.63,13.959,60820,16.22,52.19,22.76,0.0
"A9002","https://nci-naaccr-zone-design.github.io/louisiana-2020/?address=A9002","Male","Kidney","10yrs","Jefferson","Kenner",18.453,17.53,19.376,143140,25.094,23.84,26.349,65022,36.574,34.745,38.403,60820,16.22,52.19,22.76,0.0
"A9002","https://nci-naaccr-zone-design.github.io/louisiana-2020/?address=A9002","Both","NHL","10yrs","Jefferson","Kenner",19.99,18.991,20.99,297612,18.659,17.726,19.592,141325,19.705,18.72,20.69,60820,16.22,52.19,22.76,0.0
"A9002","https://nci-naaccr-zone-design.github.io/louisiana-2020/?address=A9002","Female","NHL","10yrs","Jefferson","Kenner",15.585,14.806,16.364,154473,17.749,16.861,18.636,76302,12.752,12.114,13.389,60820,16.22,52.19,22.76,0.0
"A9002","https://nci-naaccr-zone-design.github.io/louisiana-2020/?address=A9002","Male","NHL","10yrs","Jefferson","Kenner",18.86,17.917,19.803,143140,29.255,27.792,30.718,65022,32.769,31.13,34.407,60820,16.22,52.19,22.76,0.0
"A9002","https://nci-naaccr-zone-design.github.io/louisiana-2020/?address=A9002","Both","Urinary","10yrs","Jefferson","Kenner",16.365,15.546,17.183,297612,24.775,23.537,26.014,141325,23.137,21.98,24.294,60820,16.22,52.19,22.76,0.0
"A9002","https://nci-naaccr-zone-design.github.io/louisiana-2020/?address=A9002","Female","Urinary","10yrs","Jefferson","Kenner",4.255,4.042,4.468,154473,11.262,10.698,11.825,76302,8.794,8.355,9.234,60820,16.22,52.19,22.76,0.0
"A9002","https://nci-naaccr-zone-design.github.io/louisiana-2020/?address=A9002","Male","Urinary","10yrs","Jefferson","Kenner",37.006,35.156,38.856,143140,27.064,25.711,28.417,65022,31.637,30.055,33.219,60820,16.22,52.19,22.76,0.0
"A9002","https://nci-naaccr-zone-design.github.io/louisiana-2020/?address=A9002","Both","Mela","10yrs","Jefferson","Kenner",5.713,5.427,5.999,297612,11.114,10.559,11.67,141325,18.822,17.881,19.763,60820,16.22,52.19,22.76,0.0
"A9002","https://nci-naaccr-zone-design.github.io/louisiana-2020/?address=A9002","Female","Mela","10yrs","Jefferson","Kenner",18.374,17.455,19.293,154473,21.062,20.009,22.115,76302,18.462,17.538,19.385,60820,16.22,52.19,22.76,0.0
"A9002","https://nci-naaccr-zone-design.github.io/louisiana-2020/?address=A9002","Male","Mela","10yrs","Jefferson","Kenner",40.699,38.664,42.734,143140,29.363,27.894,30.831,65022,18.166,17.258,19.075,60820,16.22,52.19,22.76,0.0
"A9002","https://nci-naaccr-zone-design.github.io/louisiana-2020/?address=A9002","Both","Pancreas","10yrs","Jefferson","Kenner",14.353,13.636,15.071,297612,14.298,13.583,15.013,141325,10.617,10.086,11.148,60820,16.22,52.19,22.76,0.0
"A9002","https://nci-naaccr-zone-design.github.io/louisiana-2020/?address=A9002","Female","Pancreas","10yrs","Jefferson","Kenner",11.884,11.29,12.478,154473,16.246,15.434,17.059,76302,10.425,9.904,10.946,60820,16.22,52.19,22.76,0.0
"A9002","https://nci-naaccr-zone-design.github.io/louisiana-2020/?address=A9002","Male","Pancreas","10yrs","Jefferson","Kenner",17.166,16.307,18.024,143140,13.114,12.458,13.77,65022,10.511,9.985,11.036,60820,16.22,52.19,22.76,0.0
"A9002","https://nci-naaccr-zone-design.github.io/louisiana-2020/?address=A9002","Both","Leuks","10yrs","Jefferson","Kenner",14.167,13.459,14.875,297612,14.544,13.817,15.271,141325,12.181,11.572,12.79,60820,16.22,52.19,22.76,0.0
"A9002","https://nci-naaccr-zone-design.github.io/louisiana-2020/?address=A9002","Female","Leuks","10yrs","Jefferson","Kenner",8.17,7.762,8.579,154473,11.696,11.111,12.281,76302,7.782,7.393,8.171,60820,16.22,52.19,22.76,0.0
"A9002","https://nci-naaccr-zone-design.github.io/louisiana-2020/?address=A9002","Male","Leuks","10yrs","Jefferson","Kenner",19.314,18.348,20.28,143140,12.287,11.672,12.901,65022,19.058,18.105,20.011,60820,16.22,52.19,22.76,0.0
"A9002","https://nci-naaccr-zone-design.github.io/louisiana-2020/?address=A9002","Both","Oral","10yrs","Jefferson","Kenner",6.587,6.258,6.917,297612,7.753,7.365,8.141,141325,12.49,11.865,13.114,60820,16.22,52.19,22.76,0.0
"A9002","https://nci-naaccr-zone-design.github.io/louisiana-2020/?address=A9002","Female","Oral","10yrs","Jefferson","Kenner",6.354,6.036,6.671,154473,7.432,7.06,7.803,76302,7.052,6.699,7.404,60820,16.22,52.19,22.76,0.0
"A9002","https://nci-naaccr-zone-design.github.io/louisiana-2020/?address=A9002","Male","Oral","10yrs","Jefferson","Kenner",15.7,14.915,16.485,143140,19.36,18.392,20.328,65022,16.674,15.84,17.508,60820,16.22,52.19,22.76,0.0
"A9002","https://nci-naaccr-zone-design.github.io/louisiana-2020/?address=A9002","Both","Thyroid","10yrs","Jefferson","Kenner",10.86,10.317,11.403,297612,8.004,7.604,8.405,141325,17.389,16.52,18.259,60820,16.22,52.19,22.76,0.0
"A9002","https://nci-naaccr-zone-design.github.io/louisiana-2020/?address=A9002","Female","Thyroid","10yrs","Jefferson","Kenner",15.019,14.268,15.77,154473,12.894,12.249,13.538,76302,11.278,10.714,11.842,60820,16.22,52.19,22.76,0.0
"A9002","https://nci-naaccr-zone-design.github.io/louisiana-2020/?address=A9002","Male","Thyroid","10yrs","Jefferson","Kenner",4.677,4.443,4.911,143140,2.884,2.74,3.028,65022,5.178,4.919,5.437,60820,16.22,52.19,22.76,0.0
"A9002","https://nci-naaccr-zone-design.github.io/louisiana-2020/?address=A9002","Female","Uterine","10yrs","Jefferson","Kenner",23.91,22.715,25.106,154473,20.379,19.36,21.398,76302,21.018,19.967,22.068,60820,16.22,52.19,22.76,0.0
"A9002","https://nci-naaccr-zone-design.github.io/louisiana-2020/?address=A9002","Both","Liver","10yrs","Jefferson","Kenner",10.658,10.125,11.191,297612,7.191,6.832,7.551,141325,13.984,13.285,14.684,60820,16.22,52.19,22.76,0.0
"A9002","https://nci-naaccr-zone-design.github.io/louisiana-2020/?address=A9002","Female","Liver","10yrs","Jefferson","Kenner",6.633,6.301,6.965,154473,3.161,3.003,3.319,76302,5.874,5.581,6.168,60820,16.22,52.19,22.76,0.0
"A9002","https://nci-naaccr-zone-design.github.io/louisiana-2020/?address=A9002","Male","Liver","10yrs","Jefferson","Kenner",23.093,21.938,24.248,143140,11.638,11.056,12.22,65022,12.479,11.855,13.103,60820,16.22,52.19,22.76,0.0
"A9002","https://nci-naaccr-zone-design.github.io/louisiana-2020/?address=A9002","Both","Stomach","10yrs","Jefferson","Kenner",5.472,5.199,5.746,297612,6.296,5.982,6.611,141325,6.343,6.026,6.66,60820,16.22,52.19,22.76,0.0
"A9002","https://nci-naaccr-zone-design.github.io/louisiana-2020/?address=A9002","Female","Stomach","10yrs","Jefferson","Kenner",4.494,4.269,4.719,154473,3.571,3.392,3.749,76302,6.797,6.457,7.137,60820,16.22,52.19,22.76,0.0
"A9002","https://nci-naaccr-zone-design.github.io/louisiana-2020/?address=A9002","Male","Stomach","10yrs","Jefferson","Kenner",5.474,5.2,5.748,143140,12.21,11.599,12.82,65022,5.997,5.697,6.296,60820,16.22,52.19,22.76,0.0
"A9002","https://nci-naaccr-zone-design.github.io/louisiana-2020/?address=A9002","Both","Myeloma","10yrs","Jefferson","Kenner",14.244,13.532,14.956,297612,9.174,8.715,9.633,141325,6.395,6.075,6.714,60820,16.22,52.19,22.76,0.0
"A9002","https://nci-naaccr-zone-design.github.io/louisiana-2020/?address=A9002","Female","Myeloma","10yrs","Jefferson","Kenner",11.985,11.386,12.584,154473,2.996,2.846,3.145,76302,6.65,6.318,6.983,60820,16.22,52.19,22.76,0.0
"A9002","https://nci-naaccr-zone-design.github.io/louisiana-2020/?address=A9002","Male","Myeloma","10yrs","Jefferson","Kenner",10.709,10.173,11.244,143140,8.519,8.093,8.945,65022,12.593,11.964,13.223,60820,16.22,52.19,22.76,0.0
"A9002","https://nci-naaccr-zone-design.github.io/louisiana-2020/?address=A9002","Both","Brain","10yrs","Jefferson","Kenner",4.222,4.011,4.433,297612,8.137,7.73,8.544,141325,4.629,4.397,4.86,60820,16.22,52.19,22.76,0.0
"A9002","https://nci-naaccr-zone-design.github.io/louisiana-2020/?address=A9002","Female","Brain","10yrs","Jefferson","Kenner",4.086,3.882,4.29,154473,3.472,3.298,3.645,76302,6.439,6.117,6.761,60820,16.22,52.19,22.76,0.0
"A9002","https://nci-naaccr-zone-design.github.io/louisiana-2020/?address=A9002","Male","Brain","10yrs","Jefferson","Kenner",6.013,5.712,6.314,143140,3.453,3.281,3.626,65022,7.603,7.223,7.984,60820,16.22,52.19,22.76,0.0
"A9002","https://nci-naaccr-zone-design.github.io/louisiana-2020/?address=A9002","Both","Larynx","10yrs","Jefferson","Kenner",8.731,8.295,9.168,297612,4.472,4.249,4.696,141325,5.613,5.332,5.894,60820,16.22,52.19,22.76,0.0
"A9002","https://nci-naaccr-zone-design.github.io/louisiana-2020/?address=A9002","Female","Larynx","10yrs","Jefferson","Kenner",2.677,2.543,2.81,154473,"","","",76302,4.008,3.808,4.209,60820,16.22,52.19,22.76,0.0
"A9002","https://nci-naaccr-zone-design.github.io/louisiana-2020/?address=A9002","Male","Larynx","10yrs","Jefferson","Kenner",5.887,5.593,6.182,143140,13.906,13.211,14.602,65022,9.911,9.415,10.406,60820,16.22,52.19,22.76,0.0
"A9002","https://nci-naaccr-zone-design.github.io/louisiana-2020/?address=A9002","Female","Ovary","10yrs","Jefferson","Kenner",10.544,10.017,11.072,154473,4.98,4.731,5.229,76302,8.497,8.072,8.922,60820,16.22,52.19,22.76,0.0
"A9002","https://nci-naaccr-zone-design.github.io/louisiana-2020/?address=A9002","Both","Esoph","10yrs","Jefferson","Kenner",7.77,7.381,8.158,297612,5.185,4.926,5.444,141325,5.365,5.097,5.634,60820,16.22,52.19,22.76,0.0
"A9002","https://nci-naaccr-zone-design.github.io/louisiana-2020/?address=A9002","Female","Esoph","10yrs","Jefferson","Kenner",3.865,3.671,4.058,154473,2.732,2.595,2.868,76302,2.929,2.783,3.075,60820,16.22,52.19,22.76,0.0
"A9002","https://nci-naaccr-zone-design.github.io/louisiana-2020/?address=A9002","Male","Esoph","10yrs","Jefferson","Kenner",8.117,7.711,8.523,143140,5.868,5.575,6.161,65022,11.595,11.015,12.175,60820,16.22,52.19,22.76,0.0
