"Zone","URL","Sex","Cancer","Years","Counties","Places","AAIR","LCI","UCI","White_PopTot","White_AAIR","White_LCI","White_UCI","Black_PopTot","Black_AAIR","Black_LCI","Black_UCI","TotalPop","Pct100Pov","PctMinority","PctBlackNH","PctRural"
"A9023","https://nci-naaccr-zone-design.github.io/louisiana-2020/?address=A9023","Both","AllSite","05yrs","Orleans","New Orleans",494.867,470.123,519.61,102472,528.756,502.318,555.194,189096,524.28,498.066,550.494,57615,30.8,71.88,62.74,0.0
"A9023","https://nci-naaccr-zone-design.github.io/louisiana-2020/?address=A9023","Female","AllSite","05yrs","Orleans","New Orleans",355.308,337.542,373.073,48371,453.708,431.023,476.394,101235,429.928,408.432,451.424,57615,30.8,71.88,62.74,0.0
"A9023","https://nci-naaccr-zone-design.github.io/louisiana-2020/?address=A9023","Male","AllSite","05yrs","Orleans","New Orleans",649.328,616.861,681.794,54101,556.798,528.958,584.638,87862,579.952,550.954,608.949,57615,30.8,71.88,62.74,0.0
"A9023","https://nci-naaccr-zone-design.github.io/louisiana-2020/?address=A9023","Male","Prostate","05yrs","Orleans","New Orleans",130.402,123.882,136.922,54101,195.196,185.436,204.955,87862,142.723,135.587,149.859,57615,30.8,71.88,62.74,0.0
"A9023","https://nci-naaccr-zone-design.github.io/louisiana-2020/?address=A9023","Both","Lung","05yrs","Orleans","New Orleans",61.968,58.87,65.066,102472,53.081,50.427,55.735,189096,44.941,42.694,47.188,57615,30.8,71.88,62.74,0.0
"A9023","https://nci-naaccr-zone-design.github.io/louisiana-2020/?address=A9023","Female","Lung","05yrs","Orleans","New Orleans",63.613,60.432,66.793,48371,67.017,63.666,70.367,101235,71.533,67.957,75.11,57615,30.8,71.88,62.74,0.0
"A9023","https://nci-naaccr-zone-design.github.io/louisiana-2020/?address=A9023","Male","Lung","05yrs","Orleans","New Orleans",79.342,75.375,83.309,54101,99.172,94.214,104.131,87862,86.579,82.25,90.908,57615,30.8,71.88,62.74,0.0
"A9023","https://nci-naaccr-zone-design.github.io/louisiana-2020/?address=A9023","Female","Breast","05yrs","Orleans","New Orleans",108.087,102.683,113.492,48371,128.894,122.449,135.338,101235,116.371,110.553,122.19,57615,30.8,71.88,62.74,0.0
"A9023","https://nci-naaccr-zone-design.github.io/louisiana-2020/?address=A9023","Both","CRC","05yrs","Orleans","New Orleans",59.932,56.935,62.929,102472,35.242,33.48,37.004,189096,49.958,47.46,52.456,57615,30.8,71.88,62.74,0.0
"A9023","https://nci-naaccr-zone-design.github.io/louisiana-2020/?address=A9023","Female","CRC","05yrs","Orleans","New Orleans",46.517,44.191,48.842,48371,35.672,33.888,37.455,101235,49.201,46.741,51.661,57615,30.8,71.88,62.74,0.0
"A9023","https://nci-naaccr-zone-design.github.io/louisiana-2020/?address=A9023","Male","CRC","05yrs","Orleans","New Orleans",39.14,37.183,41.097,54101,71.345,67.778,74.913,87862,50.691,48.156,53.226,57615,30.8,71.88,62.74,0.0
"A9023","https://nci-naaccr-zone-design.github.io/louisiana-2020/?address=A9023","Both","Kidney","05yrs","Orleans","New Orleans",21.426,20.355,22.498,102472,16.224,15.412,17.035,189096,17.6,16.72,18.48,57615,30.8,71.88,62.74,0.0
"A9023","https://nci-naaccr-zone-design.github.io/louisiana-2020/?address=A9023","Female","Kidney","05yrs","Orleans","New Orleans",21.838,20.746,22.93,48371,15.532,14.756,16.309,101235,13.614,12.933,14.295,57615,30.8,71.88,62.74,0.0
"A9023","https://nci-naaccr-zone-design.github.io/louisiana-2020/?address=A9023","Male","Kidney","05yrs","Orleans","New Orleans",20.879,19.835,21.923,54101,23.385,22.215,24.554,87862,25.1,23.845,26.355,57615,30.8,71.88,62.74,0.0
"A9023","https://nci-naaccr-zone-design.github.io/louisiana-2020/?address=A9023","Both","NHL","05yrs","Orleans","New Orleans",14.266,13.552,14.979,102472,22.877,21.734,24.021,189096,15.698,14.913,16.483,57615,30.8,71.88,62.74,0.0
"A9023","https://nci-naaccr-zone-design.github.io/louisiana-2020/?address=A9023","Female","NHL","05yrs","Orleans","New Orleans",20.227,19.216,21.239,48371,21.164,20.106,22.222,101235,10.33,9.814,10.847,57615,30.8,71.88,62.74,0.0
"A9023","https://nci-naaccr-zone-design.github.io/louisiana-2020/?address=A9023","Male","NHL","05yrs","Orleans","New Orleans",22.277,21.163,23.391,54101,30.834,29.292,32.375,87862,30.425,28.903,31.946,57615,30.8,71.88,62.74,0.0
"A9023","https://nci-naaccr-zone-design.github.io/louisiana-2020/?address=A9023","Both","Urinary","05yrs","Orleans","New Orleans",26.046,24.743,27.348,102472,21.263,20.2,22.327,189096,22.898,21.754,24.043,57615,30.8,71.88,62.74,0.0
"A9023","https://nci-naaccr-zone-design.github.io/louisiana-2020/?address=A9023","Female","Urinary","05yrs","Orleans","New Orleans",7.352,6.984,7.72,48371,"","","",101235,5.042,4.789,5.294,57615,30.8,71.88,62.74,0.0
"A9023","https://nci-naaccr-zone-design.github.io/louisiana-2020/?address=A9023","Male","Urinary","05yrs","Orleans","New Orleans",37.548,35.671,39.426,54101,22.453,21.33,23.576,87862,47.371,45.003,49.74,57615,30.8,71.88,62.74,0.0
"A9023","https://nci-naaccr-zone-design.github.io/louisiana-2020/?address=A9023","Both","Mela","05yrs","Orleans","New Orleans",25.361,24.093,26.629,102472,28.999,27.549,30.449,189096,19.59,18.61,20.569,57615,30.8,71.88,62.74,0.0
"A9023","https://nci-naaccr-zone-design.github.io/louisiana-2020/?address=A9023","Female","Mela","05yrs","Orleans","New Orleans",9.25,8.788,9.713,48371,7.821,7.43,8.212,101235,17.653,16.77,18.536,57615,30.8,71.88,62.74,0.0
"A9023","https://nci-naaccr-zone-design.github.io/louisiana-2020/?address=A9023","Male","Mela","05yrs","Orleans","New Orleans",17.042,16.19,17.894,54101,8.245,7.833,8.657,87862,25.506,24.231,26.782,57615,30.8,71.88,62.74,0.0
"A9023","https://nci-naaccr-zone-design.github.io/louisiana-2020/?address=A9023","Both","Pancreas","05yrs","Orleans","New Orleans",17.929,17.033,18.826,102472,15.404,14.634,16.175,189096,14.889,14.144,15.633,57615,30.8,71.88,62.74,0.0
"A9023","https://nci-naaccr-zone-design.github.io/louisiana-2020/?address=A9023","Female","Pancreas","05yrs","Orleans","New Orleans",9.524,9.048,10.0,48371,15.629,14.848,16.411,101235,10.936,10.389,11.483,57615,30.8,71.88,62.74,0.0
"A9023","https://nci-naaccr-zone-design.github.io/louisiana-2020/?address=A9023","Male","Pancreas","05yrs","Orleans","New Orleans",17.06,16.207,17.913,54101,17.04,16.188,17.892,87862,20.063,19.06,21.066,57615,30.8,71.88,62.74,0.0
"A9023","https://nci-naaccr-zone-design.github.io/louisiana-2020/?address=A9023","Both","Leuks","05yrs","Orleans","New Orleans",11.184,10.625,11.743,102472,11.289,10.724,11.853,189096,14.556,13.828,15.284,57615,30.8,71.88,62.74,0.0
"A9023","https://nci-naaccr-zone-design.github.io/louisiana-2020/?address=A9023","Female","Leuks","05yrs","Orleans","New Orleans",12.092,11.487,12.696,48371,12.019,11.418,12.62,101235,9.595,9.115,10.075,57615,30.8,71.88,62.74,0.0
"A9023","https://nci-naaccr-zone-design.github.io/louisiana-2020/?address=A9023","Male","Leuks","05yrs","Orleans","New Orleans",9.731,9.245,10.218,54101,11.026,10.474,11.577,87862,25.441,24.169,26.713,57615,30.8,71.88,62.74,0.0
"A9023","https://nci-naaccr-zone-design.github.io/louisiana-2020/?address=A9023","Both","Oral","05yrs","Orleans","New Orleans",14.351,13.634,15.069,102472,13.757,13.069,14.445,189096,8.594,8.165,9.024,57615,30.8,71.88,62.74,0.0
"A9023","https://nci-naaccr-zone-design.github.io/louisiana-2020/?address=A9023","Female","Oral","05yrs","Orleans","New Orleans",2.256,2.143,2.369,48371,8.359,7.941,8.777,101235,5.497,5.222,5.772,57615,30.8,71.88,62.74,0.0
"A9023","https://nci-naaccr-zone-design.github.io/louisiana-2020/?address=A9023","Male","Oral","05yrs","Orleans","New Orleans",26.181,24.872,27.49,54101,25.134,23.878,26.391,87862,10.587,10.058,11.116,57615,30.8,71.88,62.74,0.0
"A9023","https://nci-naaccr-zone-design.github.io/louisiana-2020/?address=A9023","Both","Thyroid","05yrs","Orleans","New Orleans",11.188,10.628,11.747,102472,17.116,16.26,17.971,189096,11.062,10.509,11.615,57615,30.8,71.88,62.74,0.0
"A9023","https://nci-naaccr-zone-design.github.io/louisiana-2020/?address=A9023","Female","Thyroid","05yrs","Orleans","New Orleans",23.12,21.964,24.276,48371,15.559,14.781,16.337,101235,12.139,11.532,12.746,57615,30.8,71.88,62.74,0.0
"A9023","https://nci-naaccr-zone-design.github.io/louisiana-2020/?address=A9023","Male","Thyroid","05yrs","Orleans","New Orleans",5.945,5.647,6.242,54101,"","","",87862,5.212,4.952,5.473,57615,30.8,71.88,62.74,0.0
"A9023","https://nci-naaccr-zone-design.github.io/louisiana-2020/?address=A9023","Female","Uterine","05yrs","Orleans","New Orleans",19.582,18.603,20.561,48371,16.032,15.23,16.834,101235,25.287,24.023,26.552,57615,30.8,71.88,62.74,0.0
"A9023","https://nci-naaccr-zone-design.github.io/louisiana-2020/?address=A9023","Both","Liver","05yrs","Orleans","New Orleans",5.593,5.314,5.873,102472,15.011,14.26,15.761,189096,11.175,10.616,11.733,57615,30.8,71.88,62.74,0.0
"A9023","https://nci-naaccr-zone-design.github.io/louisiana-2020/?address=A9023","Female","Liver","05yrs","Orleans","New Orleans",4.314,4.098,4.529,48371,6.695,6.361,7.03,101235,5.87,5.576,6.163,57615,30.8,71.88,62.74,0.0
"A9023","https://nci-naaccr-zone-design.github.io/louisiana-2020/?address=A9023","Male","Liver","05yrs","Orleans","New Orleans",21.673,20.589,22.757,54101,15.785,14.996,16.574,87862,8.98,8.531,9.429,57615,30.8,71.88,62.74,0.0
"A9023","https://nci-naaccr-zone-design.github.io/louisiana-2020/?address=A9023","Both","Stomach","05yrs","Orleans","New Orleans",10.95,10.402,11.497,102472,6.325,6.009,6.641,189096,7.274,6.91,7.638,57615,30.8,71.88,62.74,0.0
"A9023","https://nci-naaccr-zone-design.github.io/louisiana-2020/?address=A9023","Female","Stomach","05yrs","Orleans","New Orleans",9.812,9.321,10.302,48371,"","","",101235,7.986,7.586,8.385,57615,30.8,71.88,62.74,0.0
"A9023","https://nci-naaccr-zone-design.github.io/louisiana-2020/?address=A9023","Male","Stomach","05yrs","Orleans","New Orleans",7.848,7.456,8.241,54101,12.751,12.114,13.389,87862,5.705,5.419,5.99,57615,30.8,71.88,62.74,0.0
"A9023","https://nci-naaccr-zone-design.github.io/louisiana-2020/?address=A9023","Both","Myeloma","05yrs","Orleans","New Orleans",13.902,13.207,14.597,102472,11.278,10.715,11.842,189096,8.526,8.1,8.952,57615,30.8,71.88,62.74,0.0
"A9023","https://nci-naaccr-zone-design.github.io/louisiana-2020/?address=A9023","Female","Myeloma","05yrs","Orleans","New Orleans",7.209,6.849,7.57,48371,8.951,8.503,9.398,101235,9.718,9.232,10.204,57615,30.8,71.88,62.74,0.0
"A9023","https://nci-naaccr-zone-design.github.io/louisiana-2020/?address=A9023","Male","Myeloma","05yrs","Orleans","New Orleans",6.496,6.171,6.821,54101,11.629,11.048,12.211,87862,4.881,4.637,5.125,57615,30.8,71.88,62.74,0.0
"A9023","https://nci-naaccr-zone-design.github.io/louisiana-2020/?address=A9023","Both","Brain","05yrs","Orleans","New Orleans",4.562,4.334,4.79,102472,8.08,7.676,8.484,189096,8.302,7.887,8.717,57615,30.8,71.88,62.74,0.0
"A9023","https://nci-naaccr-zone-design.github.io/louisiana-2020/?address=A9023","Female","Brain","05yrs","Orleans","New Orleans",6.379,6.061,6.698,48371,7.688,7.303,8.072,101235,6.759,6.421,7.097,57615,30.8,71.88,62.74,0.0
"A9023","https://nci-naaccr-zone-design.github.io/louisiana-2020/?address=A9023","Male","Brain","05yrs","Orleans","New Orleans",6.327,6.011,6.644,54101,8.589,8.159,9.018,87862,7.092,6.737,7.446,57615,30.8,71.88,62.74,0.0
"A9023","https://nci-naaccr-zone-design.github.io/louisiana-2020/?address=A9023","Both","Larynx","05yrs","Orleans","New Orleans",8.614,8.183,9.044,102472,3.471,3.297,3.645,189096,4.384,4.165,4.604,57615,30.8,71.88,62.74,0.0
"A9023","https://nci-naaccr-zone-design.github.io/louisiana-2020/?address=A9023","Female","Larynx","05yrs","Orleans","New Orleans","","","",48371,"","","",101235,3.457,3.284,3.63,57615,30.8,71.88,62.74,0.0
"A9023","https://nci-naaccr-zone-design.github.io/louisiana-2020/?address=A9023","Male","Larynx","05yrs","Orleans","New Orleans",12.482,11.858,13.106,54101,14.634,13.902,15.365,87862,12.608,11.978,13.239,57615,30.8,71.88,62.74,0.0
"A9023","https://nci-naaccr-zone-design.github.io/louisiana-2020/?address=A9023","Female","Ovary","05yrs","Orleans","New Orleans",8.251,7.838,8.663,48371,"","","",101235,9.57,9.092,10.049,57615,30.8,71.88,62.74,0.0
"A9023","https://nci-naaccr-zone-design.github.io/louisiana-2020/?address=A9023","Both","Esoph","05yrs","Orleans","New Orleans",6.225,5.914,6.536,102472,5.556,5.278,5.834,189096,4.343,4.126,4.561,57615,30.8,71.88,62.74,0.0
"A9023","https://nci-naaccr-zone-design.github.io/louisiana-2020/?address=A9023","Female","Esoph","05yrs","Orleans","New Orleans","","","",48371,"","","",101235,"","","",57615,30.8,71.88,62.74,0.0
"A9023","https://nci-naaccr-zone-design.github.io/louisiana-2020/?address=A9023","Male","Esoph","05yrs","Orleans","New Orleans",13.563,12.885,14.242,54101,8.352,7.934,8.769,87862,5.027,4.776,5.278,57615,30.8,71.88,62.74,0.0
"A9023","https://nci-naaccr-zone-design.github.io/louisiana-2020/?address=A9023","Both","AllSite","10yrs","Orleans","New Orleans",543.268,516.104,570.431,172410,519.43,493.459,545.402,353128,471.258,447.695,494.821,57615,30.8,71.88,62.74,0.0
"A9023","https://nci-naaccr-zone-design.github.io/louisiana-2020/?address=A9023","Female","AllSite","10yrs","Orleans","New Orleans",412.707,392.072,433.343,80323,369.97,351.471,388.468,188030,420.004,399.004,441.004,57615,30.8,71.88,62.74,0.0
"A9023","https://nci-naaccr-zone-design.github.io/louisiana-2020/?address=A9023","Male","AllSite","10yrs","Orleans","New Orleans",604.791,574.552,635.031,92087,536.392,509.573,563.212,165097,567.902,539.507,596.297,57615,30.8,71.88,62.74,0.0
"A9023","https://nci-naaccr-zone-design.github.io/louisiana-2020/?address=A9023","Male","Prostate","10yrs","Orleans","New Orleans",176.028,167.226,184.829,92087,214.412,203.691,225.133,165097,196.758,186.92,206.596,57615,30.8,71.88,62.74,0.0
"A9023","https://nci-naaccr-zone-design.github.io/louisiana-2020/?address=A9023","Both","Lung","10yrs","Orleans","New Orleans",66.792,63.452,70.131,172410,60.669,57.635,63.702,353128,81.11,77.055,85.166,57615,30.8,71.88,62.74,0.0
"A9023","https://nci-naaccr-zone-design.github.io/louisiana-2020/?address=A9023","Female","Lung","10yrs","Orleans","New Orleans",73.903,70.207,77.598,80323,65.507,62.231,68.782,188030,66.992,63.643,70.342,57615,30.8,71.88,62.74,0.0
"A9023","https://nci-naaccr-zone-design.github.io/louisiana-2020/?address=A9023","Male","Lung","10yrs","Orleans","New Orleans",80.954,76.906,85.002,92087,78.819,74.878,82.76,165097,88.131,83.724,92.537,57615,30.8,71.88,62.74,0.0
"A9023","https://nci-naaccr-zone-design.github.io/louisiana-2020/?address=A9023","Female","Breast","10yrs","Orleans","New Orleans",130.208,123.698,136.719,80323,97.974,93.075,102.873,188030,127.328,120.962,133.695,57615,30.8,71.88,62.74,0.0
"A9023","https://nci-naaccr-zone-design.github.io/louisiana-2020/?address=A9023","Both","CRC","10yrs","Orleans","New Orleans",54.482,51.758,57.206,172410,42.997,40.847,45.147,353128,51.752,49.164,54.34,57615,30.8,71.88,62.74,0.0
"A9023","https://nci-naaccr-zone-design.github.io/louisiana-2020/?address=A9023","Female","CRC","10yrs","Orleans","New Orleans",40.263,38.25,42.276,80323,39.591,37.612,41.571,188030,30.713,29.178,32.249,57615,30.8,71.88,62.74,0.0
"A9023","https://nci-naaccr-zone-design.github.io/louisiana-2020/?address=A9023","Male","CRC","10yrs","Orleans","New Orleans",68.023,64.622,71.424,92087,74.088,70.383,77.792,165097,67.493,64.118,70.867,57615,30.8,71.88,62.74,0.0
"A9023","https://nci-naaccr-zone-design.github.io/louisiana-2020/?address=A9023","Both","Kidney","10yrs","Orleans","New Orleans",16.052,15.249,16.854,172410,21.964,20.866,23.062,353128,19.87,18.876,20.863,57615,30.8,71.88,62.74,0.0
"A9023","https://nci-naaccr-zone-design.github.io/louisiana-2020/?address=A9023","Female","Kidney","10yrs","Orleans","New Orleans",12.278,11.664,12.892,80323,21.789,20.699,22.878,188030,18.241,17.329,19.153,57615,30.8,71.88,62.74,0.0
"A9023","https://nci-naaccr-zone-design.github.io/louisiana-2020/?address=A9023","Male","Kidney","10yrs","Orleans","New Orleans",29.951,28.454,31.449,92087,24.924,23.678,26.17,165097,18.909,17.964,19.854,57615,30.8,71.88,62.74,0.0
"A9023","https://nci-naaccr-zone-design.github.io/louisiana-2020/?address=A9023","Both","NHL","10yrs","Orleans","New Orleans",20.662,19.629,21.695,172410,14.323,13.607,15.039,353128,14.421,13.7,15.142,57615,30.8,71.88,62.74,0.0
"A9023","https://nci-naaccr-zone-design.github.io/louisiana-2020/?address=A9023","Female","NHL","10yrs","Orleans","New Orleans",22.762,21.624,23.9,80323,15.699,14.914,16.484,188030,21.012,19.962,22.063,57615,30.8,71.88,62.74,0.0
"A9023","https://nci-naaccr-zone-design.github.io/louisiana-2020/?address=A9023","Male","NHL","10yrs","Orleans","New Orleans",27.408,26.037,28.778,92087,20.364,19.346,21.382,165097,16.661,15.828,17.494,57615,30.8,71.88,62.74,0.0
"A9023","https://nci-naaccr-zone-design.github.io/louisiana-2020/?address=A9023","Both","Urinary","10yrs","Orleans","New Orleans",23.657,22.474,24.84,172410,23.492,22.317,24.666,353128,17.479,16.605,18.353,57615,30.8,71.88,62.74,0.0
"A9023","https://nci-naaccr-zone-design.github.io/louisiana-2020/?address=A9023","Female","Urinary","10yrs","Orleans","New Orleans",10.313,9.798,10.829,80323,11.627,11.045,12.208,188030,11.994,11.395,12.594,57615,30.8,71.88,62.74,0.0
"A9023","https://nci-naaccr-zone-design.github.io/louisiana-2020/?address=A9023","Male","Urinary","10yrs","Orleans","New Orleans",42.302,40.186,44.417,92087,39.326,37.36,41.293,165097,49.487,47.012,51.961,57615,30.8,71.88,62.74,0.0
"A9023","https://nci-naaccr-zone-design.github.io/louisiana-2020/?address=A9023","Both","Mela","10yrs","Orleans","New Orleans",26.413,25.092,27.733,172410,9.973,9.474,10.471,353128,4.934,4.687,5.181,57615,30.8,71.88,62.74,0.0
"A9023","https://nci-naaccr-zone-design.github.io/louisiana-2020/?address=A9023","Female","Mela","10yrs","Orleans","New Orleans",9.127,8.67,9.583,80323,20.648,19.615,21.68,188030,10.897,10.352,11.441,57615,30.8,71.88,62.74,0.0
"A9023","https://nci-naaccr-zone-design.github.io/louisiana-2020/?address=A9023","Male","Mela","10yrs","Orleans","New Orleans",25.105,23.85,26.36,92087,24.756,23.518,25.994,165097,15.037,14.285,15.789,57615,30.8,71.88,62.74,0.0
"A9023","https://nci-naaccr-zone-design.github.io/louisiana-2020/?address=A9023","Both","Pancreas","10yrs","Orleans","New Orleans",10.413,9.893,10.934,172410,10.848,10.305,11.39,353128,15.139,14.382,15.896,57615,30.8,71.88,62.74,0.0
"A9023","https://nci-naaccr-zone-design.github.io/louisiana-2020/?address=A9023","Female","Pancreas","10yrs","Orleans","New Orleans",15.273,14.509,16.037,80323,15.098,14.343,15.853,188030,9.994,9.495,10.494,57615,30.8,71.88,62.74,0.0
"A9023","https://nci-naaccr-zone-design.github.io/louisiana-2020/?address=A9023","Male","Pancreas","10yrs","Orleans","New Orleans",14.538,13.812,15.265,92087,14.861,14.118,15.604,165097,10.201,9.691,10.711,57615,30.8,71.88,62.74,0.0
"A9023","https://nci-naaccr-zone-design.github.io/louisiana-2020/?address=A9023","Both","Leuks","10yrs","Orleans","New Orleans",13.158,12.5,13.816,172410,9.676,9.192,10.159,353128,14.457,13.734,15.18,57615,30.8,71.88,62.74,0.0
"A9023","https://nci-naaccr-zone-design.github.io/louisiana-2020/?address=A9023","Female","Leuks","10yrs","Orleans","New Orleans",8.462,8.039,8.885,80323,12.452,11.829,13.075,188030,12.873,12.229,13.516,57615,30.8,71.88,62.74,0.0
"A9023","https://nci-naaccr-zone-design.github.io/louisiana-2020/?address=A9023","Male","Leuks","10yrs","Orleans","New Orleans",20.872,19.829,21.916,92087,14.725,13.989,15.462,165097,16.092,15.287,16.896,57615,30.8,71.88,62.74,0.0
"A9023","https://nci-naaccr-zone-design.github.io/louisiana-2020/?address=A9023","Both","Oral","10yrs","Orleans","New Orleans",12.789,12.15,13.428,172410,14.312,13.596,15.027,353128,8.048,7.646,8.451,57615,30.8,71.88,62.74,0.0
"A9023","https://nci-naaccr-zone-design.github.io/louisiana-2020/?address=A9023","Female","Oral","10yrs","Orleans","New Orleans",8.589,8.159,9.018,80323,2.237,2.125,2.349,188030,8.084,7.68,8.488,57615,30.8,71.88,62.74,0.0
"A9023","https://nci-naaccr-zone-design.github.io/louisiana-2020/?address=A9023","Male","Oral","10yrs","Orleans","New Orleans",18.554,17.626,19.482,92087,13.326,12.66,13.992,165097,20.561,19.533,21.589,57615,30.8,71.88,62.74,0.0
"A9023","https://nci-naaccr-zone-design.github.io/louisiana-2020/?address=A9023","Both","Thyroid","10yrs","Orleans","New Orleans",13.849,13.156,14.541,172410,8.572,8.144,9.001,353128,10.105,9.6,10.61,57615,30.8,71.88,62.74,0.0
"A9023","https://nci-naaccr-zone-design.github.io/louisiana-2020/?address=A9023","Female","Thyroid","10yrs","Orleans","New Orleans",14.492,13.768,15.217,80323,19.569,18.59,20.547,188030,13.89,13.195,14.584,57615,30.8,71.88,62.74,0.0
"A9023","https://nci-naaccr-zone-design.github.io/louisiana-2020/?address=A9023","Male","Thyroid","10yrs","Orleans","New Orleans",4.56,4.332,4.788,92087,2.279,2.165,2.393,165097,6.383,6.064,6.702,57615,30.8,71.88,62.74,0.0
"A9023","https://nci-naaccr-zone-design.github.io/louisiana-2020/?address=A9023","Female","Uterine","10yrs","Orleans","New Orleans",14.149,13.442,14.857,80323,13.657,12.974,14.34,188030,14.856,14.113,15.599,57615,30.8,71.88,62.74,0.0
"A9023","https://nci-naaccr-zone-design.github.io/louisiana-2020/?address=A9023","Both","Liver","10yrs","Orleans","New Orleans",14.873,14.129,15.616,172410,5.206,4.946,5.467,353128,8.377,7.958,8.796,57615,30.8,71.88,62.74,0.0
"A9023","https://nci-naaccr-zone-design.github.io/louisiana-2020/?address=A9023","Female","Liver","10yrs","Orleans","New Orleans",4.551,4.324,4.779,80323,3.791,3.602,3.981,188030,5.985,5.686,6.285,57615,30.8,71.88,62.74,0.0
"A9023","https://nci-naaccr-zone-design.github.io/louisiana-2020/?address=A9023","Male","Liver","10yrs","Orleans","New Orleans",8.974,8.525,9.423,92087,12.942,12.295,13.589,165097,17.678,16.794,18.562,57615,30.8,71.88,62.74,0.0
"A9023","https://nci-naaccr-zone-design.github.io/louisiana-2020/?address=A9023","Both","Stomach","10yrs","Orleans","New Orleans",6.423,6.102,6.744,172410,9.202,8.742,9.662,353128,8.519,8.093,8.945,57615,30.8,71.88,62.74,0.0
"A9023","https://nci-naaccr-zone-design.github.io/louisiana-2020/?address=A9023","Female","Stomach","10yrs","Orleans","New Orleans",4.959,4.711,5.207,80323,4.98,4.731,5.229,188030,6.839,6.497,7.181,57615,30.8,71.88,62.74,0.0
"A9023","https://nci-naaccr-zone-design.github.io/louisiana-2020/?address=A9023","Male","Stomach","10yrs","Orleans","New Orleans",6.23,5.918,6.541,92087,12.703,12.068,13.339,165097,13.143,12.486,13.8,57615,30.8,71.88,62.74,0.0
"A9023","https://nci-naaccr-zone-design.github.io/louisiana-2020/?address=A9023","Both","Myeloma","10yrs","Orleans","New Orleans",12.705,12.069,13.34,172410,7.591,7.212,7.971,353128,10.472,9.948,10.996,57615,30.8,71.88,62.74,0.0
"A9023","https://nci-naaccr-zone-design.github.io/louisiana-2020/?address=A9023","Female","Myeloma","10yrs","Orleans","New Orleans",4.647,4.415,4.88,80323,5.713,5.427,5.999,188030,4.425,4.203,4.646,57615,30.8,71.88,62.74,0.0
"A9023","https://nci-naaccr-zone-design.github.io/louisiana-2020/?address=A9023","Male","Myeloma","10yrs","Orleans","New Orleans",11.07,10.517,11.624,92087,12.623,11.991,13.254,165097,11.458,10.885,12.031,57615,30.8,71.88,62.74,0.0
"A9023","https://nci-naaccr-zone-design.github.io/louisiana-2020/?address=A9023","Both","Brain","10yrs","Orleans","New Orleans",7.309,6.943,7.674,172410,7.303,6.937,7.668,353128,5.866,5.573,6.159,57615,30.8,71.88,62.74,0.0
"A9023","https://nci-naaccr-zone-design.github.io/louisiana-2020/?address=A9023","Female","Brain","10yrs","Orleans","New Orleans",4.185,3.976,4.395,80323,2.683,2.549,2.817,188030,6.705,6.37,7.04,57615,30.8,71.88,62.74,0.0
"A9023","https://nci-naaccr-zone-design.github.io/louisiana-2020/?address=A9023","Male","Brain","10yrs","Orleans","New Orleans",7.027,6.676,7.378,92087,7.35,6.982,7.717,165097,7.426,7.055,7.797,57615,30.8,71.88,62.74,0.0
"A9023","https://nci-naaccr-zone-design.github.io/louisiana-2020/?address=A9023","Both","Larynx","10yrs","Orleans","New Orleans",7.221,6.86,7.582,172410,6.57,6.241,6.898,353128,4.872,4.628,5.116,57615,30.8,71.88,62.74,0.0
"A9023","https://nci-naaccr-zone-design.github.io/louisiana-2020/?address=A9023","Female","Larynx","10yrs","Orleans","New Orleans",2.62,2.489,2.751,80323,2.952,2.805,3.1,188030,1.877,1.783,1.97,57615,30.8,71.88,62.74,0.0
"A9023","https://nci-naaccr-zone-design.github.io/louisiana-2020/?address=A9023","Male","Larynx","10yrs","Orleans","New Orleans",5.351,5.083,5.618,92087,7.19,6.83,7.549,165097,11.886,11.292,12.481,57615,30.8,71.88,62.74,0.0
"A9023","https://nci-naaccr-zone-design.github.io/louisiana-2020/?address=A9023","Female","Ovary","10yrs","Orleans","New Orleans",5.025,4.774,5.277,80323,5.633,5.351,5.915,188030,4.845,4.602,5.087,57615,30.8,71.88,62.74,0.0
"A9023","https://nci-naaccr-zone-design.github.io/louisiana-2020/?address=A9023","Both","Esoph","10yrs","Orleans","New Orleans",6.66,6.327,6.993,172410,7.41,7.039,7.78,353128,4.183,3.974,4.392,57615,30.8,71.88,62.74,0.0
"A9023","https://nci-naaccr-zone-design.github.io/louisiana-2020/?address=A9023","Female","Esoph","10yrs","Orleans","New Orleans",3.148,2.99,3.305,80323,2.343,2.226,2.461,188030,3.153,2.996,3.311,57615,30.8,71.88,62.74,0.0
"A9023","https://nci-naaccr-zone-design.github.io/louisiana-2020/?address=A9023","Male","Esoph","10yrs","Orleans","New Orleans",13.99,13.291,14.69,92087,13.437,12.765,14.108,165097,7.521,7.144,7.897,57615,30.8,71.88,62.74,0.0
