"Zone","URL","Sex","Cancer","Years","Counties","Places","AAIR","LCI","UCI","White_PopTot","White_AAIR","White_LCI","White_UCI","Black_PopTot","Black_AAIR","Black_LCI","Black_UCI","TotalPop","Pct100Pov","PctMinority","PctBlackNH","PctRural"
"A9009","https://nci-naaccr-zone-design.github.io/louisiana-2020/?address=A9009","Both","AllSite","05yrs","Tangipahoa","Hammond, Ponchatoula",515.702,489.917,541.487,195325,539.424,512.453,566.395,98494,441.748,419.661,463.836,59786,24.15,37.11,31.4,12.96
"A9009","https://nci-naaccr-zone-design.github.io/louisiana-2020/?address=A9009","Female","AllSite","05yrs","Tangipahoa","Hammond, Ponchatoula",433.178,411.519,454.837,101974,455.855,433.063,478.648,52714,439.857,417.864,461.85,59786,24.15,37.11,31.4,12.96
"A9009","https://nci-naaccr-zone-design.github.io/louisiana-2020/?address=A9009","Male","AllSite","05yrs","Tangipahoa","Hammond, Ponchatoula",576.786,547.946,605.625,93350,544.803,517.563,572.043,45780,548.149,520.741,575.556,59786,24.15,37.11,31.4,12.96
"A9009","https://nci-naaccr-zone-design.github.io/louisiana-2020/?address=A9009","Male","Prostate","05yrs","Tangipahoa","Hammond, Ponchatoula",167.544,159.167,175.921,93350,202.335,192.218,212.451,45780,159.071,151.118,167.025,59786,24.15,37.11,31.4,12.96
"A9009","https://nci-naaccr-zone-design.github.io/louisiana-2020/?address=A9009","Both","Lung","05yrs","Tangipahoa","Hammond, Ponchatoula",48.356,45.938,50.774,195325,67.95,64.552,71.347,98494,65.672,62.388,68.955,59786,24.15,37.11,31.4,12.96
"A9009","https://nci-naaccr-zone-design.github.io/louisiana-2020/?address=A9009","Female","Lung","05yrs","Tangipahoa","Hammond, Ponchatoula",43.301,41.136,45.466,101974,44.901,42.656,47.146,52714,50.921,48.375,53.467,59786,24.15,37.11,31.4,12.96
"A9009","https://nci-naaccr-zone-design.github.io/louisiana-2020/?address=A9009","Male","Lung","05yrs","Tangipahoa","Hammond, Ponchatoula",90.271,85.757,94.785,93350,113.569,107.891,119.248,45780,92.387,87.768,97.007,59786,24.15,37.11,31.4,12.96
"A9009","https://nci-naaccr-zone-design.github.io/louisiana-2020/?address=A9009","Female","Breast","05yrs","Tangipahoa","Hammond, Ponchatoula",104.042,98.84,109.244,101974,108.712,103.277,114.148,52714,106.623,101.291,111.954,59786,24.15,37.11,31.4,12.96
"A9009","https://nci-naaccr-zone-design.github.io/louisiana-2020/?address=A9009","Both","CRC","05yrs","Tangipahoa","Hammond, Ponchatoula",34.774,33.035,36.513,195325,57.631,54.75,60.513,98494,57.983,55.084,60.882,59786,24.15,37.11,31.4,12.96
"A9009","https://nci-naaccr-zone-design.github.io/louisiana-2020/?address=A9009","Female","CRC","05yrs","Tangipahoa","Hammond, Ponchatoula",47.35,44.983,49.718,101974,42.746,40.608,44.883,52714,44.473,42.249,46.697,59786,24.15,37.11,31.4,12.96
"A9009","https://nci-naaccr-zone-design.github.io/louisiana-2020/?address=A9009","Male","CRC","05yrs","Tangipahoa","Hammond, Ponchatoula",62.565,59.437,65.694,93350,42.317,40.201,44.433,45780,45.37,43.102,47.639,59786,24.15,37.11,31.4,12.96
"A9009","https://nci-naaccr-zone-design.github.io/louisiana-2020/?address=A9009","Both","Kidney","05yrs","Tangipahoa","Hammond, Ponchatoula",24.403,23.183,25.623,195325,25.216,23.955,26.476,98494,23.349,22.182,24.517,59786,24.15,37.11,31.4,12.96
"A9009","https://nci-naaccr-zone-design.github.io/louisiana-2020/?address=A9009","Female","Kidney","05yrs","Tangipahoa","Hammond, Ponchatoula",20.107,19.102,21.112,101974,10.771,10.233,11.31,52714,21.14,20.083,22.197,59786,24.15,37.11,31.4,12.96
"A9009","https://nci-naaccr-zone-design.github.io/louisiana-2020/?address=A9009","Male","Kidney","05yrs","Tangipahoa","Hammond, Ponchatoula",32.79,31.151,34.43,93350,28.078,26.674,29.482,45780,27.119,25.763,28.475,59786,24.15,37.11,31.4,12.96
"A9009","https://nci-naaccr-zone-design.github.io/louisiana-2020/?address=A9009","Both","NHL","05yrs","Tangipahoa","Hammond, Ponchatoula",14.652,13.919,15.384,195325,18.63,17.699,19.562,98494,15.985,15.185,16.784,59786,24.15,37.11,31.4,12.96
"A9009","https://nci-naaccr-zone-design.github.io/louisiana-2020/?address=A9009","Female","NHL","05yrs","Tangipahoa","Hammond, Ponchatoula",14.747,14.01,15.485,101974,22.817,21.676,23.958,52714,16.395,15.575,17.215,59786,24.15,37.11,31.4,12.96
"A9009","https://nci-naaccr-zone-design.github.io/louisiana-2020/?address=A9009","Male","NHL","05yrs","Tangipahoa","Hammond, Ponchatoula",19.121,18.165,20.077,93350,26.005,24.705,27.306,45780,28.854,27.412,30.297,59786,24.15,37.11,31.4,12.96
"A9009","https://nci-naaccr-zone-design.github.io/louisiana-2020/?address=A9009","Both","Urinary","05yrs","Tangipahoa","Hammond, Ponchatoula",13.467,12.794,14.141,195325,24.457,23.235,25.68,98494,17.579,16.7,18.458,59786,24.15,37.11,31.4,12.96
"A9009","https://nci-naaccr-zone-design.github.io/louisiana-2020/?address=A9009","Female","Urinary","05yrs","Tangipahoa","Hammond, Ponchatoula",5.996,5.696,6.296,101974,5.016,4.765,5.267,52714,6.152,5.844,6.459,59786,24.15,37.11,31.4,12.96
"A9009","https://nci-naaccr-zone-design.github.io/louisiana-2020/?address=A9009","Male","Urinary","05yrs","Tangipahoa","Hammond, Ponchatoula",34.601,32.871,36.331,93350,41.623,39.542,43.704,45780,45.375,43.106,47.644,59786,24.15,37.11,31.4,12.96
"A9009","https://nci-naaccr-zone-design.github.io/louisiana-2020/?address=A9009","Both","Mela","05yrs","Tangipahoa","Hammond, Ponchatoula",23.719,22.533,24.905,195325,14.99,14.24,15.739,98494,28.706,27.27,30.141,59786,24.15,37.11,31.4,12.96
"A9009","https://nci-naaccr-zone-design.github.io/louisiana-2020/?address=A9009","Female","Mela","05yrs","Tangipahoa","Hammond, Ponchatoula",9.645,9.162,10.127,101974,11.478,10.904,12.051,52714,21.966,20.867,23.064,59786,24.15,37.11,31.4,12.96
"A9009","https://nci-naaccr-zone-design.github.io/louisiana-2020/?address=A9009","Male","Mela","05yrs","Tangipahoa","Hammond, Ponchatoula",29.975,28.476,31.473,93350,11.915,11.319,12.511,45780,"","","",59786,24.15,37.11,31.4,12.96
"A9009","https://nci-naaccr-zone-design.github.io/louisiana-2020/?address=A9009","Both","Pancreas","05yrs","Tangipahoa","Hammond, Ponchatoula",10.357,9.84,10.875,195325,13.72,13.034,14.406,98494,14.427,13.706,15.149,59786,24.15,37.11,31.4,12.96
"A9009","https://nci-naaccr-zone-design.github.io/louisiana-2020/?address=A9009","Female","Pancreas","05yrs","Tangipahoa","Hammond, Ponchatoula",9.468,8.994,9.941,101974,8.755,8.317,9.193,52714,15.087,14.333,15.842,59786,24.15,37.11,31.4,12.96
"A9009","https://nci-naaccr-zone-design.github.io/louisiana-2020/?address=A9009","Male","Pancreas","05yrs","Tangipahoa","Hammond, Ponchatoula",15.013,14.262,15.763,93350,20.328,19.312,21.344,45780,16.099,15.294,16.904,59786,24.15,37.11,31.4,12.96
"A9009","https://nci-naaccr-zone-design.github.io/louisiana-2020/?address=A9009","Both","Leuks","05yrs","Tangipahoa","Hammond, Ponchatoula",10.35,9.833,10.868,195325,18.006,17.106,18.906,98494,13.77,13.082,14.459,59786,24.15,37.11,31.4,12.96
"A9009","https://nci-naaccr-zone-design.github.io/louisiana-2020/?address=A9009","Female","Leuks","05yrs","Tangipahoa","Hammond, Ponchatoula",11.607,11.027,12.188,101974,15.502,14.727,16.277,52714,7.306,6.941,7.671,59786,24.15,37.11,31.4,12.96
"A9009","https://nci-naaccr-zone-design.github.io/louisiana-2020/?address=A9009","Male","Leuks","05yrs","Tangipahoa","Hammond, Ponchatoula",23.513,22.337,24.688,93350,19.962,18.964,20.96,45780,9.036,8.584,9.488,59786,24.15,37.11,31.4,12.96
"A9009","https://nci-naaccr-zone-design.github.io/louisiana-2020/?address=A9009","Both","Oral","05yrs","Tangipahoa","Hammond, Ponchatoula",14.455,13.732,15.177,195325,8.169,7.76,8.577,98494,13.92,13.224,14.616,59786,24.15,37.11,31.4,12.96
"A9009","https://nci-naaccr-zone-design.github.io/louisiana-2020/?address=A9009","Female","Oral","05yrs","Tangipahoa","Hammond, Ponchatoula",5.261,4.998,5.524,101974,"","","",52714,"","","",59786,24.15,37.11,31.4,12.96
"A9009","https://nci-naaccr-zone-design.github.io/louisiana-2020/?address=A9009","Male","Oral","05yrs","Tangipahoa","Hammond, Ponchatoula",23.494,22.319,24.669,93350,16.767,15.929,17.605,45780,10.677,10.144,11.211,59786,24.15,37.11,31.4,12.96
"A9009","https://nci-naaccr-zone-design.github.io/louisiana-2020/?address=A9009","Both","Thyroid","05yrs","Tangipahoa","Hammond, Ponchatoula",14.41,13.69,15.131,195325,10.006,9.505,10.506,98494,10.683,10.149,11.217,59786,24.15,37.11,31.4,12.96
"A9009","https://nci-naaccr-zone-design.github.io/louisiana-2020/?address=A9009","Female","Thyroid","05yrs","Tangipahoa","Hammond, Ponchatoula",18.727,17.79,19.663,101974,26.309,24.994,27.625,52714,18.881,17.937,19.825,59786,24.15,37.11,31.4,12.96
"A9009","https://nci-naaccr-zone-design.github.io/louisiana-2020/?address=A9009","Male","Thyroid","05yrs","Tangipahoa","Hammond, Ponchatoula",3.899,3.704,4.094,93350,7.648,7.265,8.03,45780,"","","",59786,24.15,37.11,31.4,12.96
"A9009","https://nci-naaccr-zone-design.github.io/louisiana-2020/?address=A9009","Female","Uterine","05yrs","Tangipahoa","Hammond, Ponchatoula",18.537,17.611,19.464,101974,19.415,18.444,20.385,52714,16.775,15.936,17.614,59786,24.15,37.11,31.4,12.96
"A9009","https://nci-naaccr-zone-design.github.io/louisiana-2020/?address=A9009","Both","Liver","05yrs","Tangipahoa","Hammond, Ponchatoula",11.939,11.342,12.536,195325,7.543,7.165,7.92,98494,5.697,5.412,5.982,59786,24.15,37.11,31.4,12.96
"A9009","https://nci-naaccr-zone-design.github.io/louisiana-2020/?address=A9009","Female","Liver","05yrs","Tangipahoa","Hammond, Ponchatoula",7.256,6.893,7.619,101974,4.048,3.846,4.25,52714,"","","",59786,24.15,37.11,31.4,12.96
"A9009","https://nci-naaccr-zone-design.github.io/louisiana-2020/?address=A9009","Male","Liver","05yrs","Tangipahoa","Hammond, Ponchatoula",14.329,13.612,15.045,93350,22.93,21.783,24.076,45780,16.238,15.426,17.05,59786,24.15,37.11,31.4,12.96
"A9009","https://nci-naaccr-zone-design.github.io/louisiana-2020/?address=A9009","Both","Stomach","05yrs","Tangipahoa","Hammond, Ponchatoula",5.043,4.791,5.295,195325,9.801,9.311,10.291,98494,8.699,8.264,9.134,59786,24.15,37.11,31.4,12.96
"A9009","https://nci-naaccr-zone-design.github.io/louisiana-2020/?address=A9009","Female","Stomach","05yrs","Tangipahoa","Hammond, Ponchatoula",6.173,5.865,6.482,101974,6.116,5.81,6.422,52714,"","","",59786,24.15,37.11,31.4,12.96
"A9009","https://nci-naaccr-zone-design.github.io/louisiana-2020/?address=A9009","Male","Stomach","05yrs","Tangipahoa","Hammond, Ponchatoula",9.938,9.441,10.435,93350,14.706,13.971,15.441,45780,"","","",59786,24.15,37.11,31.4,12.96
"A9009","https://nci-naaccr-zone-design.github.io/louisiana-2020/?address=A9009","Both","Myeloma","05yrs","Tangipahoa","Hammond, Ponchatoula",4.835,4.594,5.077,195325,10.908,10.363,11.454,98494,5.187,4.928,5.447,59786,24.15,37.11,31.4,12.96
"A9009","https://nci-naaccr-zone-design.github.io/louisiana-2020/?address=A9009","Female","Myeloma","05yrs","Tangipahoa","Hammond, Ponchatoula",8.234,7.822,8.645,101974,3.153,2.996,3.311,52714,"","","",59786,24.15,37.11,31.4,12.96
"A9009","https://nci-naaccr-zone-design.github.io/louisiana-2020/?address=A9009","Male","Myeloma","05yrs","Tangipahoa","Hammond, Ponchatoula",16.841,15.999,17.683,93350,14.317,13.601,15.033,45780,"","","",59786,24.15,37.11,31.4,12.96
"A9009","https://nci-naaccr-zone-design.github.io/louisiana-2020/?address=A9009","Both","Brain","05yrs","Tangipahoa","Hammond, Ponchatoula",4.643,4.411,4.875,195325,6.18,5.871,6.489,98494,8.23,7.819,8.642,59786,24.15,37.11,31.4,12.96
"A9009","https://nci-naaccr-zone-design.github.io/louisiana-2020/?address=A9009","Female","Brain","05yrs","Tangipahoa","Hammond, Ponchatoula",4.319,4.103,4.535,101974,"","","",52714,"","","",59786,24.15,37.11,31.4,12.96
"A9009","https://nci-naaccr-zone-design.github.io/louisiana-2020/?address=A9009","Male","Brain","05yrs","Tangipahoa","Hammond, Ponchatoula",8.128,7.722,8.535,93350,4.402,4.182,4.622,45780,"","","",59786,24.15,37.11,31.4,12.96
"A9009","https://nci-naaccr-zone-design.github.io/louisiana-2020/?address=A9009","Both","Larynx","05yrs","Tangipahoa","Hammond, Ponchatoula",5.904,5.609,6.199,195325,3.514,3.338,3.69,98494,5.534,5.257,5.811,59786,24.15,37.11,31.4,12.96
"A9009","https://nci-naaccr-zone-design.github.io/louisiana-2020/?address=A9009","Female","Larynx","05yrs","Tangipahoa","Hammond, Ponchatoula",3.378,3.209,3.547,101974,3.824,3.633,4.015,52714,"","","",59786,24.15,37.11,31.4,12.96
"A9009","https://nci-naaccr-zone-design.github.io/louisiana-2020/?address=A9009","Male","Larynx","05yrs","Tangipahoa","Hammond, Ponchatoula",5.578,5.299,5.857,93350,12.515,11.889,13.14,45780,9.431,8.959,9.902,59786,24.15,37.11,31.4,12.96
"A9009","https://nci-naaccr-zone-design.github.io/louisiana-2020/?address=A9009","Female","Ovary","05yrs","Tangipahoa","Hammond, Ponchatoula",6.523,6.197,6.85,101974,5.782,5.493,6.071,52714,"","","",59786,24.15,37.11,31.4,12.96
"A9009","https://nci-naaccr-zone-design.github.io/louisiana-2020/?address=A9009","Both","Esoph","05yrs","Tangipahoa","Hammond, Ponchatoula",3.067,2.914,3.22,195325,3.358,3.19,3.526,98494,5.107,4.852,5.363,59786,24.15,37.11,31.4,12.96
"A9009","https://nci-naaccr-zone-design.github.io/louisiana-2020/?address=A9009","Female","Esoph","05yrs","Tangipahoa","Hammond, Ponchatoula","","","",101974,3.11,2.955,3.266,52714,"","","",59786,24.15,37.11,31.4,12.96
"A9009","https://nci-naaccr-zone-design.github.io/louisiana-2020/?address=A9009","Male","Esoph","05yrs","Tangipahoa","Hammond, Ponchatoula",4.82,4.579,5.061,93350,9.452,8.979,9.924,45780,13.158,12.5,13.815,59786,24.15,37.11,31.4,12.96
"A9009","https://nci-naaccr-zone-design.github.io/louisiana-2020/?address=A9009","Both","AllSite","10yrs","Tangipahoa","Hammond, Ponchatoula",441.984,419.885,464.084,383634,465.626,442.345,488.907,190322,510.019,484.518,535.52,59786,24.15,37.11,31.4,12.96
"A9009","https://nci-naaccr-zone-design.github.io/louisiana-2020/?address=A9009","Female","AllSite","10yrs","Tangipahoa","Hammond, Ponchatoula",372.956,354.308,391.604,200279,374.611,355.881,393.342,102254,410.047,389.545,430.549,59786,24.15,37.11,31.4,12.96
"A9009","https://nci-naaccr-zone-design.github.io/louisiana-2020/?address=A9009","Male","AllSite","10yrs","Tangipahoa","Hammond, Ponchatoula",654.197,621.487,686.907,183355,602.514,572.389,632.64,88067,574.404,545.684,603.124,59786,24.15,37.11,31.4,12.96
"A9009","https://nci-naaccr-zone-design.github.io/louisiana-2020/?address=A9009","Male","Prostate","10yrs","Tangipahoa","Hammond, Ponchatoula",195.242,185.48,205.004,183355,130.033,123.532,136.535,88067,135.208,128.447,141.968,59786,24.15,37.11,31.4,12.96
"A9009","https://nci-naaccr-zone-design.github.io/louisiana-2020/?address=A9009","Both","Lung","10yrs","Tangipahoa","Hammond, Ponchatoula",84.904,80.659,89.149,383634,75.888,72.093,79.682,190322,71.436,67.865,75.008,59786,24.15,37.11,31.4,12.96
"A9009","https://nci-naaccr-zone-design.github.io/louisiana-2020/?address=A9009","Female","Lung","10yrs","Tangipahoa","Hammond, Ponchatoula",70.888,67.344,74.433,200279,51.499,48.924,54.074,102254,55.46,52.687,58.233,59786,24.15,37.11,31.4,12.96
"A9009","https://nci-naaccr-zone-design.github.io/louisiana-2020/?address=A9009","Male","Lung","10yrs","Tangipahoa","Hammond, Ponchatoula",111.915,106.32,117.511,183355,111.757,106.169,117.345,88067,65.608,62.327,68.888,59786,24.15,37.11,31.4,12.96
"A9009","https://nci-naaccr-zone-design.github.io/louisiana-2020/?address=A9009","Female","Breast","10yrs","Tangipahoa","Hammond, Ponchatoula",120.144,114.137,126.152,200279,110.381,104.862,115.9,102254,115.045,109.293,120.798,59786,24.15,37.11,31.4,12.96
"A9009","https://nci-naaccr-zone-design.github.io/louisiana-2020/?address=A9009","Both","CRC","10yrs","Tangipahoa","Hammond, Ponchatoula",50.655,48.122,53.187,383634,54.917,52.172,57.663,190322,43.254,41.092,45.417,59786,24.15,37.11,31.4,12.96
"A9009","https://nci-naaccr-zone-design.github.io/louisiana-2020/?address=A9009","Female","CRC","10yrs","Tangipahoa","Hammond, Ponchatoula",48.469,46.046,50.893,200279,51.196,48.636,53.755,102254,46.18,43.871,48.489,59786,24.15,37.11,31.4,12.96
"A9009","https://nci-naaccr-zone-design.github.io/louisiana-2020/?address=A9009","Male","CRC","10yrs","Tangipahoa","Hammond, Ponchatoula",41.366,39.298,43.435,183355,70.644,67.112,74.176,88067,51.87,49.277,54.464,59786,24.15,37.11,31.4,12.96
"A9009","https://nci-naaccr-zone-design.github.io/louisiana-2020/?address=A9009","Both","Kidney","10yrs","Tangipahoa","Hammond, Ponchatoula",19.826,18.835,20.818,383634,22.227,21.116,23.339,190322,24.055,22.852,25.257,59786,24.15,37.11,31.4,12.96
"A9009","https://nci-naaccr-zone-design.github.io/louisiana-2020/?address=A9009","Female","Kidney","10yrs","Tangipahoa","Hammond, Ponchatoula",11.44,10.868,12.012,200279,11.28,10.716,11.844,102254,14.759,14.021,15.497,59786,24.15,37.11,31.4,12.96
"A9009","https://nci-naaccr-zone-design.github.io/louisiana-2020/?address=A9009","Male","Kidney","10yrs","Tangipahoa","Hammond, Ponchatoula",34.457,32.734,36.18,183355,30.329,28.813,31.845,88067,23.87,22.677,25.064,59786,24.15,37.11,31.4,12.96
"A9009","https://nci-naaccr-zone-design.github.io/louisiana-2020/?address=A9009","Both","NHL","10yrs","Tangipahoa","Hammond, Ponchatoula",21.635,20.553,22.717,383634,14.101,13.396,14.806,190322,16.176,15.367,16.985,59786,24.15,37.11,31.4,12.96
"A9009","https://nci-naaccr-zone-design.github.io/louisiana-2020/?address=A9009","Female","NHL","10yrs","Tangipahoa","Hammond, Ponchatoula",19.715,18.729,20.7,200279,21.33,20.263,22.396,102254,17.703,16.818,18.588,59786,24.15,37.11,31.4,12.96
"A9009","https://nci-naaccr-zone-design.github.io/louisiana-2020/?address=A9009","Male","NHL","10yrs","Tangipahoa","Hammond, Ponchatoula",22.73,21.593,23.866,183355,17.468,16.594,18.341,88067,19.464,18.491,20.437,59786,24.15,37.11,31.4,12.96
"A9009","https://nci-naaccr-zone-design.github.io/louisiana-2020/?address=A9009","Both","Urinary","10yrs","Tangipahoa","Hammond, Ponchatoula",22.113,21.007,23.219,383634,13.823,13.131,14.514,190322,22.26,21.147,23.373,59786,24.15,37.11,31.4,12.96
"A9009","https://nci-naaccr-zone-design.github.io/louisiana-2020/?address=A9009","Female","Urinary","10yrs","Tangipahoa","Hammond, Ponchatoula",7.144,6.787,7.501,200279,8.581,8.152,9.01,102254,13.826,13.135,14.517,59786,24.15,37.11,31.4,12.96
"A9009","https://nci-naaccr-zone-design.github.io/louisiana-2020/?address=A9009","Male","Urinary","10yrs","Tangipahoa","Hammond, Ponchatoula",29.36,27.892,30.828,183355,40.957,38.909,43.005,88067,38.405,36.485,40.325,59786,24.15,37.11,31.4,12.96
"A9009","https://nci-naaccr-zone-design.github.io/louisiana-2020/?address=A9009","Both","Mela","10yrs","Tangipahoa","Hammond, Ponchatoula",17.433,16.561,18.305,383634,27.002,25.651,28.352,190322,8.104,7.699,8.509,59786,24.15,37.11,31.4,12.96
"A9009","https://nci-naaccr-zone-design.github.io/louisiana-2020/?address=A9009","Female","Mela","10yrs","Tangipahoa","Hammond, Ponchatoula",4.157,3.949,4.365,200279,8.098,7.693,8.503,102254,21.837,20.745,22.929,59786,24.15,37.11,31.4,12.96
"A9009","https://nci-naaccr-zone-design.github.io/louisiana-2020/?address=A9009","Male","Mela","10yrs","Tangipahoa","Hammond, Ponchatoula",24.394,23.174,25.614,183355,35.416,33.645,37.187,88067,13.747,13.059,14.434,59786,24.15,37.11,31.4,12.96
"A9009","https://nci-naaccr-zone-design.github.io/louisiana-2020/?address=A9009","Both","Pancreas","10yrs","Tangipahoa","Hammond, Ponchatoula",13.316,12.65,13.982,383634,14.024,13.323,14.725,190322,10.892,10.347,11.437,59786,24.15,37.11,31.4,12.96
"A9009","https://nci-naaccr-zone-design.github.io/louisiana-2020/?address=A9009","Female","Pancreas","10yrs","Tangipahoa","Hammond, Ponchatoula",9.854,9.361,10.346,200279,15.891,15.097,16.686,102254,15.983,15.184,16.782,59786,24.15,37.11,31.4,12.96
"A9009","https://nci-naaccr-zone-design.github.io/louisiana-2020/?address=A9009","Male","Pancreas","10yrs","Tangipahoa","Hammond, Ponchatoula",14.635,13.904,15.367,183355,16.613,15.782,17.444,88067,10.651,10.118,11.183,59786,24.15,37.11,31.4,12.96
"A9009","https://nci-naaccr-zone-design.github.io/louisiana-2020/?address=A9009","Both","Leuks","10yrs","Tangipahoa","Hammond, Ponchatoula",9.264,8.801,9.727,383634,12.733,12.097,13.37,190322,9.671,9.187,10.155,59786,24.15,37.11,31.4,12.96
"A9009","https://nci-naaccr-zone-design.github.io/louisiana-2020/?address=A9009","Female","Leuks","10yrs","Tangipahoa","Hammond, Ponchatoula",8.776,8.337,9.214,200279,6.784,6.444,7.123,102254,8.036,7.634,8.438,59786,24.15,37.11,31.4,12.96
"A9009","https://nci-naaccr-zone-design.github.io/louisiana-2020/?address=A9009","Male","Leuks","10yrs","Tangipahoa","Hammond, Ponchatoula",12.353,11.735,12.97,183355,23.367,22.199,24.535,88067,22.751,21.614,23.889,59786,24.15,37.11,31.4,12.96
"A9009","https://nci-naaccr-zone-design.github.io/louisiana-2020/?address=A9009","Both","Oral","10yrs","Tangipahoa","Hammond, Ponchatoula",6.486,6.162,6.81,383634,14.0,13.3,14.7,190322,15.175,14.416,15.933,59786,24.15,37.11,31.4,12.96
"A9009","https://nci-naaccr-zone-design.github.io/louisiana-2020/?address=A9009","Female","Oral","10yrs","Tangipahoa","Hammond, Ponchatoula",8.804,8.364,9.245,200279,5.894,5.6,6.189,102254,3.626,3.445,3.807,59786,24.15,37.11,31.4,12.96
"A9009","https://nci-naaccr-zone-design.github.io/louisiana-2020/?address=A9009","Male","Oral","10yrs","Tangipahoa","Hammond, Ponchatoula",10.641,10.109,11.173,183355,19.367,18.399,20.335,88067,16.456,15.633,17.278,59786,24.15,37.11,31.4,12.96
"A9009","https://nci-naaccr-zone-design.github.io/louisiana-2020/?address=A9009","Both","Thyroid","10yrs","Tangipahoa","Hammond, Ponchatoula",13.684,13.0,14.369,383634,14.145,13.437,14.852,190322,8.96,8.512,9.408,59786,24.15,37.11,31.4,12.96
"A9009","https://nci-naaccr-zone-design.github.io/louisiana-2020/?address=A9009","Female","Thyroid","10yrs","Tangipahoa","Hammond, Ponchatoula",24.763,23.524,26.001,200279,25.858,24.565,27.151,102254,17.399,16.529,18.269,59786,24.15,37.11,31.4,12.96
"A9009","https://nci-naaccr-zone-design.github.io/louisiana-2020/?address=A9009","Male","Thyroid","10yrs","Tangipahoa","Hammond, Ponchatoula",7.148,6.791,7.506,183355,4.893,4.648,5.137,88067,4.804,4.564,5.045,59786,24.15,37.11,31.4,12.96
"A9009","https://nci-naaccr-zone-design.github.io/louisiana-2020/?address=A9009","Female","Uterine","10yrs","Tangipahoa","Hammond, Ponchatoula",15.094,14.339,15.848,200279,12.273,11.66,12.887,102254,24.133,22.926,25.339,59786,24.15,37.11,31.4,12.96
"A9009","https://nci-naaccr-zone-design.github.io/louisiana-2020/?address=A9009","Both","Liver","10yrs","Tangipahoa","Hammond, Ponchatoula",14.148,13.441,14.856,383634,15.281,14.517,16.045,190322,7.261,6.898,7.625,59786,24.15,37.11,31.4,12.96
"A9009","https://nci-naaccr-zone-design.github.io/louisiana-2020/?address=A9009","Female","Liver","10yrs","Tangipahoa","Hammond, Ponchatoula",4.997,4.747,5.247,200279,6.87,6.527,7.214,102254,3.264,3.101,3.428,59786,24.15,37.11,31.4,12.96
"A9009","https://nci-naaccr-zone-design.github.io/louisiana-2020/?address=A9009","Male","Liver","10yrs","Tangipahoa","Hammond, Ponchatoula",8.962,8.513,9.41,183355,10.645,10.113,11.178,88067,9.871,9.378,10.365,59786,24.15,37.11,31.4,12.96
"A9009","https://nci-naaccr-zone-design.github.io/louisiana-2020/?address=A9009","Both","Stomach","10yrs","Tangipahoa","Hammond, Ponchatoula",6.959,6.611,7.307,383634,10.72,10.184,11.256,190322,6.265,5.951,6.578,59786,24.15,37.11,31.4,12.96
"A9009","https://nci-naaccr-zone-design.github.io/louisiana-2020/?address=A9009","Female","Stomach","10yrs","Tangipahoa","Hammond, Ponchatoula",7.098,6.743,7.453,200279,5.799,5.509,6.089,102254,7.192,6.832,7.551,59786,24.15,37.11,31.4,12.96
"A9009","https://nci-naaccr-zone-design.github.io/louisiana-2020/?address=A9009","Male","Stomach","10yrs","Tangipahoa","Hammond, Ponchatoula",9.875,9.382,10.369,183355,10.496,9.971,11.021,88067,6.543,6.216,6.87,59786,24.15,37.11,31.4,12.96
"A9009","https://nci-naaccr-zone-design.github.io/louisiana-2020/?address=A9009","Both","Myeloma","10yrs","Tangipahoa","Hammond, Ponchatoula",8.821,8.38,9.262,383634,4.597,4.367,4.826,190322,5.272,5.008,5.535,59786,24.15,37.11,31.4,12.96
"A9009","https://nci-naaccr-zone-design.github.io/louisiana-2020/?address=A9009","Female","Myeloma","10yrs","Tangipahoa","Hammond, Ponchatoula",11.042,10.49,11.594,200279,11.044,10.492,11.596,102254,2.751,2.613,2.888,59786,24.15,37.11,31.4,12.96
"A9009","https://nci-naaccr-zone-design.github.io/louisiana-2020/?address=A9009","Male","Myeloma","10yrs","Tangipahoa","Hammond, Ponchatoula",5.429,5.158,5.701,183355,8.906,8.461,9.352,88067,6.356,6.039,6.674,59786,24.15,37.11,31.4,12.96
"A9009","https://nci-naaccr-zone-design.github.io/louisiana-2020/?address=A9009","Both","Brain","10yrs","Tangipahoa","Hammond, Ponchatoula",7.855,7.462,8.247,383634,7.416,7.045,7.787,190322,7.355,6.987,7.722,59786,24.15,37.11,31.4,12.96
"A9009","https://nci-naaccr-zone-design.github.io/louisiana-2020/?address=A9009","Female","Brain","10yrs","Tangipahoa","Hammond, Ponchatoula",5.286,5.022,5.55,200279,6.909,6.563,7.254,102254,6.178,5.869,6.487,59786,24.15,37.11,31.4,12.96
"A9009","https://nci-naaccr-zone-design.github.io/louisiana-2020/?address=A9009","Male","Brain","10yrs","Tangipahoa","Hammond, Ponchatoula",10.601,10.071,11.131,183355,5.89,5.595,6.184,88067,10.236,9.724,10.748,59786,24.15,37.11,31.4,12.96
"A9009","https://nci-naaccr-zone-design.github.io/louisiana-2020/?address=A9009","Both","Larynx","10yrs","Tangipahoa","Hammond, Ponchatoula",4.109,3.904,4.315,383634,7.317,6.951,7.683,190322,2.787,2.648,2.926,59786,24.15,37.11,31.4,12.96
"A9009","https://nci-naaccr-zone-design.github.io/louisiana-2020/?address=A9009","Female","Larynx","10yrs","Tangipahoa","Hammond, Ponchatoula",1.259,1.196,1.322,200279,0.998,0.948,1.048,102254,3.491,3.317,3.666,59786,24.15,37.11,31.4,12.96
"A9009","https://nci-naaccr-zone-design.github.io/louisiana-2020/?address=A9009","Male","Larynx","10yrs","Tangipahoa","Hammond, Ponchatoula",10.62,10.089,11.151,183355,15.474,14.7,16.248,88067,5.512,5.236,5.787,59786,24.15,37.11,31.4,12.96
"A9009","https://nci-naaccr-zone-design.github.io/louisiana-2020/?address=A9009","Female","Ovary","10yrs","Tangipahoa","Hammond, Ponchatoula",13.409,12.738,14.079,200279,14.197,13.487,14.907,102254,11.714,11.128,12.299,59786,24.15,37.11,31.4,12.96
"A9009","https://nci-naaccr-zone-design.github.io/louisiana-2020/?address=A9009","Both","Esoph","10yrs","Tangipahoa","Hammond, Ponchatoula",7.287,6.923,7.651,383634,3.272,3.108,3.435,190322,4.589,4.359,4.818,59786,24.15,37.11,31.4,12.96
"A9009","https://nci-naaccr-zone-design.github.io/louisiana-2020/?address=A9009","Female","Esoph","10yrs","Tangipahoa","Hammond, Ponchatoula",0.529,0.502,0.555,200279,3.675,3.492,3.859,102254,"","","",59786,24.15,37.11,31.4,12.96
"A9009","https://nci-naaccr-zone-design.github.io/louisiana-2020/?address=A9009","Male","Esoph","10yrs","Tangipahoa","Hammond, Ponchatoula",7.185,6.825,7.544,183355,12.81,12.169,13.45,88067,7.657,7.275,8.04,59786,24.15,37.11,31.4,12.96
