"Zone","URL","Sex","Cancer","Years","Counties","Places","AAIR","LCI","UCI","White_PopTot","White_AAIR","White_LCI","White_UCI","Black_PopTot","Black_AAIR","Black_LCI","Black_UCI","TotalPop","Pct100Pov","PctMinority","PctBlackNH","PctRural"
"B0067","https://nci-naaccr-zone-design.github.io/louisiana-2020/?address=B0067","Both","AllSite","05yrs","Washington, St. Tammany","Covington, Franklinton, Bogalusa, Mandeville",464.944,441.697,488.192,401577,524.58,498.351,550.81,96712,487.298,462.933,511.663,102680,17.44,23.91,18.86,53.24
"B0067","https://nci-naaccr-zone-design.github.io/louisiana-2020/?address=B0067","Female","AllSite","05yrs","Washington, St. Tammany","Covington, Franklinton, Bogalusa, Mandeville",378.454,359.531,397.377,205631,442.742,420.605,464.879,49915,358.015,340.114,375.916,102680,17.44,23.91,18.86,53.24
"B0067","https://nci-naaccr-zone-design.github.io/louisiana-2020/?address=B0067","Male","AllSite","05yrs","Washington, St. Tammany","Covington, Franklinton, Bogalusa, Mandeville",568.913,540.468,597.359,195946,610.555,580.028,641.083,46797,550.131,522.625,577.638,102680,17.44,23.91,18.86,53.24
"B0067","https://nci-naaccr-zone-design.github.io/louisiana-2020/?address=B0067","Male","Prostate","05yrs","Washington, St. Tammany","Covington, Franklinton, Bogalusa, Mandeville",169.704,161.219,178.189,195946,143.874,136.681,151.068,46797,163.599,155.419,171.779,102680,17.44,23.91,18.86,53.24
"B0067","https://nci-naaccr-zone-design.github.io/louisiana-2020/?address=B0067","Both","Lung","05yrs","Washington, St. Tammany","Covington, Franklinton, Bogalusa, Mandeville",57.827,54.936,60.718,401577,62.325,59.209,65.442,96712,64.137,60.931,67.344,102680,17.44,23.91,18.86,53.24
"B0067","https://nci-naaccr-zone-design.github.io/louisiana-2020/?address=B0067","Female","Lung","05yrs","Washington, St. Tammany","Covington, Franklinton, Bogalusa, Mandeville",61.006,57.955,64.056,205631,46.615,44.284,48.945,49915,49.151,46.694,51.609,102680,17.44,23.91,18.86,53.24
"B0067","https://nci-naaccr-zone-design.github.io/louisiana-2020/?address=B0067","Male","Lung","05yrs","Washington, St. Tammany","Covington, Franklinton, Bogalusa, Mandeville",90.676,86.142,95.21,195946,79.27,75.306,83.233,46797,117.576,111.697,123.455,102680,17.44,23.91,18.86,53.24
"B0067","https://nci-naaccr-zone-design.github.io/louisiana-2020/?address=B0067","Female","Breast","05yrs","Washington, St. Tammany","Covington, Franklinton, Bogalusa, Mandeville",108.883,103.439,114.327,205631,112.166,106.558,117.774,49915,141.725,134.639,148.812,102680,17.44,23.91,18.86,53.24
"B0067","https://nci-naaccr-zone-design.github.io/louisiana-2020/?address=B0067","Both","CRC","05yrs","Washington, St. Tammany","Covington, Franklinton, Bogalusa, Mandeville",41.127,39.071,43.184,401577,56.196,53.386,59.005,96712,59.927,56.93,62.923,102680,17.44,23.91,18.86,53.24
"B0067","https://nci-naaccr-zone-design.github.io/louisiana-2020/?address=B0067","Female","CRC","05yrs","Washington, St. Tammany","Covington, Franklinton, Bogalusa, Mandeville",45.53,43.253,47.806,205631,34.775,33.036,36.513,49915,50.408,47.888,52.929,102680,17.44,23.91,18.86,53.24
"B0067","https://nci-naaccr-zone-design.github.io/louisiana-2020/?address=B0067","Male","CRC","05yrs","Washington, St. Tammany","Covington, Franklinton, Bogalusa, Mandeville",67.267,63.904,70.631,195946,62.447,59.325,65.569,46797,55.754,52.966,58.542,102680,17.44,23.91,18.86,53.24
"B0067","https://nci-naaccr-zone-design.github.io/louisiana-2020/?address=B0067","Both","Kidney","05yrs","Washington, St. Tammany","Covington, Franklinton, Bogalusa, Mandeville",20.083,19.078,21.087,401577,20.249,19.237,21.262,96712,16.993,16.144,17.843,102680,17.44,23.91,18.86,53.24
"B0067","https://nci-naaccr-zone-design.github.io/louisiana-2020/?address=B0067","Female","Kidney","05yrs","Washington, St. Tammany","Covington, Franklinton, Bogalusa, Mandeville",17.179,16.32,18.038,205631,18.236,17.324,19.148,49915,10.103,9.598,10.608,102680,17.44,23.91,18.86,53.24
"B0067","https://nci-naaccr-zone-design.github.io/louisiana-2020/?address=B0067","Male","Kidney","05yrs","Washington, St. Tammany","Covington, Franklinton, Bogalusa, Mandeville",29.823,28.332,31.314,195946,18.265,17.352,19.178,46797,20.443,19.421,21.465,102680,17.44,23.91,18.86,53.24
"B0067","https://nci-naaccr-zone-design.github.io/louisiana-2020/?address=B0067","Both","NHL","05yrs","Washington, St. Tammany","Covington, Franklinton, Bogalusa, Mandeville",20.888,19.844,21.933,401577,15.058,14.305,15.811,96712,16.124,15.317,16.93,102680,17.44,23.91,18.86,53.24
"B0067","https://nci-naaccr-zone-design.github.io/louisiana-2020/?address=B0067","Female","NHL","05yrs","Washington, St. Tammany","Covington, Franklinton, Bogalusa, Mandeville",19.229,18.268,20.19,205631,15.59,14.811,16.37,49915,9.33,8.863,9.796,102680,17.44,23.91,18.86,53.24
"B0067","https://nci-naaccr-zone-design.github.io/louisiana-2020/?address=B0067","Male","NHL","05yrs","Washington, St. Tammany","Covington, Franklinton, Bogalusa, Mandeville",25.797,24.507,27.087,195946,31.37,29.801,32.938,46797,18.452,17.529,19.374,102680,17.44,23.91,18.86,53.24
"B0067","https://nci-naaccr-zone-design.github.io/louisiana-2020/?address=B0067","Both","Urinary","05yrs","Washington, St. Tammany","Covington, Franklinton, Bogalusa, Mandeville",25.711,24.425,26.997,401577,15.289,14.524,16.053,96712,16.697,15.863,17.532,102680,17.44,23.91,18.86,53.24
"B0067","https://nci-naaccr-zone-design.github.io/louisiana-2020/?address=B0067","Female","Urinary","05yrs","Washington, St. Tammany","Covington, Franklinton, Bogalusa, Mandeville",9.769,9.28,10.257,205631,7.99,7.59,8.389,49915,6.727,6.391,7.064,102680,17.44,23.91,18.86,53.24
"B0067","https://nci-naaccr-zone-design.github.io/louisiana-2020/?address=B0067","Male","Urinary","05yrs","Washington, St. Tammany","Covington, Franklinton, Bogalusa, Mandeville",38.697,36.763,40.632,195946,31.129,29.573,32.686,46797,47.977,45.578,50.376,102680,17.44,23.91,18.86,53.24
"B0067","https://nci-naaccr-zone-design.github.io/louisiana-2020/?address=B0067","Both","Mela","05yrs","Washington, St. Tammany","Covington, Franklinton, Bogalusa, Mandeville",4.188,3.978,4.397,401577,17.508,16.633,18.384,96712,25.877,24.584,27.171,102680,17.44,23.91,18.86,53.24
"B0067","https://nci-naaccr-zone-design.github.io/louisiana-2020/?address=B0067","Female","Mela","05yrs","Washington, St. Tammany","Covington, Franklinton, Bogalusa, Mandeville",6.032,5.73,6.333,205631,11.692,11.107,12.277,49915,"","","",102680,17.44,23.91,18.86,53.24
"B0067","https://nci-naaccr-zone-design.github.io/louisiana-2020/?address=B0067","Male","Mela","05yrs","Washington, St. Tammany","Covington, Franklinton, Bogalusa, Mandeville",8.585,8.156,9.015,195946,29.712,28.226,31.197,46797,17.472,16.598,18.345,102680,17.44,23.91,18.86,53.24
"B0067","https://nci-naaccr-zone-design.github.io/louisiana-2020/?address=B0067","Both","Pancreas","05yrs","Washington, St. Tammany","Covington, Franklinton, Bogalusa, Mandeville",16.47,15.647,17.294,401577,18.265,17.352,19.179,96712,10.425,9.904,10.946,102680,17.44,23.91,18.86,53.24
"B0067","https://nci-naaccr-zone-design.github.io/louisiana-2020/?address=B0067","Female","Pancreas","05yrs","Washington, St. Tammany","Covington, Franklinton, Bogalusa, Mandeville",14.907,14.161,15.652,205631,15.304,14.539,16.069,49915,8.868,8.424,9.311,102680,17.44,23.91,18.86,53.24
"B0067","https://nci-naaccr-zone-design.github.io/louisiana-2020/?address=B0067","Male","Pancreas","05yrs","Washington, St. Tammany","Covington, Franklinton, Bogalusa, Mandeville",20.208,19.198,21.218,195946,13.01,12.36,13.661,46797,17.157,16.3,18.015,102680,17.44,23.91,18.86,53.24
"B0067","https://nci-naaccr-zone-design.github.io/louisiana-2020/?address=B0067","Both","Leuks","05yrs","Washington, St. Tammany","Covington, Franklinton, Bogalusa, Mandeville",17.194,16.334,18.054,401577,10.831,10.29,11.373,96712,12.349,11.731,12.966,102680,17.44,23.91,18.86,53.24
"B0067","https://nci-naaccr-zone-design.github.io/louisiana-2020/?address=B0067","Female","Leuks","05yrs","Washington, St. Tammany","Covington, Franklinton, Bogalusa, Mandeville",6.983,6.634,7.332,205631,12.889,12.245,13.534,49915,11.417,10.846,11.987,102680,17.44,23.91,18.86,53.24
"B0067","https://nci-naaccr-zone-design.github.io/louisiana-2020/?address=B0067","Male","Leuks","05yrs","Washington, St. Tammany","Covington, Franklinton, Bogalusa, Mandeville",23.59,22.411,24.77,195946,10.047,9.545,10.55,46797,17.296,16.431,18.16,102680,17.44,23.91,18.86,53.24
"B0067","https://nci-naaccr-zone-design.github.io/louisiana-2020/?address=B0067","Both","Oral","05yrs","Washington, St. Tammany","Covington, Franklinton, Bogalusa, Mandeville",7.315,6.949,7.681,401577,12.166,11.558,12.775,96712,9.58,9.101,10.059,102680,17.44,23.91,18.86,53.24
"B0067","https://nci-naaccr-zone-design.github.io/louisiana-2020/?address=B0067","Female","Oral","05yrs","Washington, St. Tammany","Covington, Franklinton, Bogalusa, Mandeville",2.567,2.438,2.695,205631,3.402,3.232,3.572,49915,"","","",102680,17.44,23.91,18.86,53.24
"B0067","https://nci-naaccr-zone-design.github.io/louisiana-2020/?address=B0067","Male","Oral","05yrs","Washington, St. Tammany","Covington, Franklinton, Bogalusa, Mandeville",13.668,12.985,14.352,195946,17.075,16.221,17.928,46797,22.751,21.614,23.889,102680,17.44,23.91,18.86,53.24
"B0067","https://nci-naaccr-zone-design.github.io/louisiana-2020/?address=B0067","Both","Thyroid","05yrs","Washington, St. Tammany","Covington, Franklinton, Bogalusa, Mandeville",9.551,9.073,10.028,401577,16.276,15.462,17.09,96712,16.009,15.208,16.809,102680,17.44,23.91,18.86,53.24
"B0067","https://nci-naaccr-zone-design.github.io/louisiana-2020/?address=B0067","Female","Thyroid","05yrs","Washington, St. Tammany","Covington, Franklinton, Bogalusa, Mandeville",22.732,21.596,23.869,205631,25.695,24.41,26.979,49915,14.75,14.012,15.487,102680,17.44,23.91,18.86,53.24
"B0067","https://nci-naaccr-zone-design.github.io/louisiana-2020/?address=B0067","Male","Thyroid","05yrs","Washington, St. Tammany","Covington, Franklinton, Bogalusa, Mandeville",2.934,2.787,3.081,195946,6.168,5.86,6.477,46797,"","","",102680,17.44,23.91,18.86,53.24
"B0067","https://nci-naaccr-zone-design.github.io/louisiana-2020/?address=B0067","Female","Uterine","05yrs","Washington, St. Tammany","Covington, Franklinton, Bogalusa, Mandeville",22.962,21.814,24.11,205631,12.788,12.148,13.427,49915,14.196,13.486,14.906,102680,17.44,23.91,18.86,53.24
"B0067","https://nci-naaccr-zone-design.github.io/louisiana-2020/?address=B0067","Both","Liver","05yrs","Washington, St. Tammany","Covington, Franklinton, Bogalusa, Mandeville",7.849,7.457,8.242,401577,15.418,14.647,16.189,96712,6.085,5.781,6.389,102680,17.44,23.91,18.86,53.24
"B0067","https://nci-naaccr-zone-design.github.io/louisiana-2020/?address=B0067","Female","Liver","05yrs","Washington, St. Tammany","Covington, Franklinton, Bogalusa, Mandeville",5.394,5.125,5.664,205631,5.202,4.942,5.462,49915,"","","",102680,17.44,23.91,18.86,53.24
"B0067","https://nci-naaccr-zone-design.github.io/louisiana-2020/?address=B0067","Male","Liver","05yrs","Washington, St. Tammany","Covington, Franklinton, Bogalusa, Mandeville",22.749,21.611,23.886,195946,8.662,8.229,9.095,46797,23.032,21.88,24.183,102680,17.44,23.91,18.86,53.24
"B0067","https://nci-naaccr-zone-design.github.io/louisiana-2020/?address=B0067","Both","Stomach","05yrs","Washington, St. Tammany","Covington, Franklinton, Bogalusa, Mandeville",7.839,7.447,8.231,401577,9.094,8.64,9.549,96712,6.946,6.599,7.293,102680,17.44,23.91,18.86,53.24
"B0067","https://nci-naaccr-zone-design.github.io/louisiana-2020/?address=B0067","Female","Stomach","05yrs","Washington, St. Tammany","Covington, Franklinton, Bogalusa, Mandeville",2.729,2.593,2.865,205631,6.589,6.26,6.919,49915,8.224,7.813,8.635,102680,17.44,23.91,18.86,53.24
"B0067","https://nci-naaccr-zone-design.github.io/louisiana-2020/?address=B0067","Male","Stomach","05yrs","Washington, St. Tammany","Covington, Franklinton, Bogalusa, Mandeville",10.79,10.251,11.33,195946,12.694,12.059,13.328,46797,11.815,11.224,12.406,102680,17.44,23.91,18.86,53.24
"B0067","https://nci-naaccr-zone-design.github.io/louisiana-2020/?address=B0067","Both","Myeloma","05yrs","Washington, St. Tammany","Covington, Franklinton, Bogalusa, Mandeville",11.401,10.831,11.971,401577,6.593,6.263,6.923,96712,13.694,13.009,14.378,102680,17.44,23.91,18.86,53.24
"B0067","https://nci-naaccr-zone-design.github.io/louisiana-2020/?address=B0067","Female","Myeloma","05yrs","Washington, St. Tammany","Covington, Franklinton, Bogalusa, Mandeville",6.702,6.367,7.038,205631,8.65,8.218,9.083,49915,"","","",102680,17.44,23.91,18.86,53.24
"B0067","https://nci-naaccr-zone-design.github.io/louisiana-2020/?address=B0067","Male","Myeloma","05yrs","Washington, St. Tammany","Covington, Franklinton, Bogalusa, Mandeville",12.786,12.147,13.426,195946,14.171,13.462,14.879,46797,10.86,10.317,11.403,102680,17.44,23.91,18.86,53.24
"B0067","https://nci-naaccr-zone-design.github.io/louisiana-2020/?address=B0067","Both","Brain","05yrs","Washington, St. Tammany","Covington, Franklinton, Bogalusa, Mandeville",4.588,4.359,4.817,401577,4.113,3.907,4.318,96712,3.626,3.445,3.807,102680,17.44,23.91,18.86,53.24
"B0067","https://nci-naaccr-zone-design.github.io/louisiana-2020/?address=B0067","Female","Brain","05yrs","Washington, St. Tammany","Covington, Franklinton, Bogalusa, Mandeville",5.811,5.52,6.102,205631,4.993,4.743,5.242,49915,6.577,6.248,6.906,102680,17.44,23.91,18.86,53.24
"B0067","https://nci-naaccr-zone-design.github.io/louisiana-2020/?address=B0067","Male","Brain","05yrs","Washington, St. Tammany","Covington, Franklinton, Bogalusa, Mandeville",7.733,7.346,8.119,195946,4.362,4.143,4.58,46797,6.828,6.487,7.169,102680,17.44,23.91,18.86,53.24
"B0067","https://nci-naaccr-zone-design.github.io/louisiana-2020/?address=B0067","Both","Larynx","05yrs","Washington, St. Tammany","Covington, Franklinton, Bogalusa, Mandeville",4.632,4.4,4.863,401577,6.964,6.616,7.312,96712,6.673,6.339,7.006,102680,17.44,23.91,18.86,53.24
"B0067","https://nci-naaccr-zone-design.github.io/louisiana-2020/?address=B0067","Female","Larynx","05yrs","Washington, St. Tammany","Covington, Franklinton, Bogalusa, Mandeville",1.46,1.387,1.533,205631,"","","",49915,"","","",102680,17.44,23.91,18.86,53.24
"B0067","https://nci-naaccr-zone-design.github.io/louisiana-2020/?address=B0067","Male","Larynx","05yrs","Washington, St. Tammany","Covington, Franklinton, Bogalusa, Mandeville",12.674,12.041,13.308,195946,6.139,5.832,6.446,46797,11.757,11.17,12.345,102680,17.44,23.91,18.86,53.24
"B0067","https://nci-naaccr-zone-design.github.io/louisiana-2020/?address=B0067","Female","Ovary","05yrs","Washington, St. Tammany","Covington, Franklinton, Bogalusa, Mandeville",10.817,10.276,11.358,205631,15.444,14.672,16.216,49915,10.187,9.678,10.696,102680,17.44,23.91,18.86,53.24
"B0067","https://nci-naaccr-zone-design.github.io/louisiana-2020/?address=B0067","Both","Esoph","05yrs","Washington, St. Tammany","Covington, Franklinton, Bogalusa, Mandeville",4.19,3.981,4.4,401577,3.479,3.305,3.653,96712,6.249,5.937,6.562,102680,17.44,23.91,18.86,53.24
"B0067","https://nci-naaccr-zone-design.github.io/louisiana-2020/?address=B0067","Female","Esoph","05yrs","Washington, St. Tammany","Covington, Franklinton, Bogalusa, Mandeville",3.696,3.512,3.881,205631,"","","",49915,"","","",102680,17.44,23.91,18.86,53.24
"B0067","https://nci-naaccr-zone-design.github.io/louisiana-2020/?address=B0067","Male","Esoph","05yrs","Washington, St. Tammany","Covington, Franklinton, Bogalusa, Mandeville",8.069,7.666,8.473,195946,6.533,6.206,6.86,46797,7.033,6.682,7.385,102680,17.44,23.91,18.86,53.24
"B0067","https://nci-naaccr-zone-design.github.io/louisiana-2020/?address=B0067","Both","AllSite","10yrs","Washington, St. Tammany","Covington, Franklinton, Bogalusa, Mandeville",483.852,459.659,508.044,782043,465.866,442.573,489.16,195088,544.445,517.223,571.667,102680,17.44,23.91,18.86,53.24
"B0067","https://nci-naaccr-zone-design.github.io/louisiana-2020/?address=B0067","Female","AllSite","10yrs","Washington, St. Tammany","Covington, Franklinton, Bogalusa, Mandeville",425.335,404.068,446.602,400420,412.083,391.479,432.687,100292,393.579,373.9,413.258,102680,17.44,23.91,18.86,53.24
"B0067","https://nci-naaccr-zone-design.github.io/louisiana-2020/?address=B0067","Male","AllSite","10yrs","Washington, St. Tammany","Covington, Franklinton, Bogalusa, Mandeville",625.743,594.456,657.03,381623,587.52,558.144,616.896,94795,635.922,604.126,667.718,102680,17.44,23.91,18.86,53.24
"B0067","https://nci-naaccr-zone-design.github.io/louisiana-2020/?address=B0067","Male","Prostate","10yrs","Washington, St. Tammany","Covington, Franklinton, Bogalusa, Mandeville",161.508,153.433,169.584,381623,213.606,202.926,224.287,94795,211.176,200.617,221.735,102680,17.44,23.91,18.86,53.24
"B0067","https://nci-naaccr-zone-design.github.io/louisiana-2020/?address=B0067","Both","Lung","10yrs","Washington, St. Tammany","Covington, Franklinton, Bogalusa, Mandeville",65.63,62.349,68.912,782043,45.306,43.041,47.572,195088,68.634,65.202,72.065,102680,17.44,23.91,18.86,53.24
"B0067","https://nci-naaccr-zone-design.github.io/louisiana-2020/?address=B0067","Female","Lung","10yrs","Washington, St. Tammany","Covington, Franklinton, Bogalusa, Mandeville",39.843,37.851,41.835,400420,72.388,68.769,76.008,100292,48.968,46.52,51.416,102680,17.44,23.91,18.86,53.24
"B0067","https://nci-naaccr-zone-design.github.io/louisiana-2020/?address=B0067","Male","Lung","10yrs","Washington, St. Tammany","Covington, Franklinton, Bogalusa, Mandeville",100.059,95.056,105.062,381623,76.124,72.318,79.93,94795,72.975,69.326,76.624,102680,17.44,23.91,18.86,53.24
"B0067","https://nci-naaccr-zone-design.github.io/louisiana-2020/?address=B0067","Female","Breast","10yrs","Washington, St. Tammany","Covington, Franklinton, Bogalusa, Mandeville",106.584,101.255,111.913,400420,135.541,128.764,142.318,100292,112.85,107.207,118.492,102680,17.44,23.91,18.86,53.24
"B0067","https://nci-naaccr-zone-design.github.io/louisiana-2020/?address=B0067","Both","CRC","10yrs","Washington, St. Tammany","Covington, Franklinton, Bogalusa, Mandeville",43.411,41.24,45.581,782043,60.673,57.639,63.706,195088,48.207,45.797,50.618,102680,17.44,23.91,18.86,53.24
"B0067","https://nci-naaccr-zone-design.github.io/louisiana-2020/?address=B0067","Female","CRC","10yrs","Washington, St. Tammany","Covington, Franklinton, Bogalusa, Mandeville",44.316,42.1,46.532,400420,39.491,37.517,41.466,100292,35.873,34.079,37.666,102680,17.44,23.91,18.86,53.24
"B0067","https://nci-naaccr-zone-design.github.io/louisiana-2020/?address=B0067","Male","CRC","10yrs","Washington, St. Tammany","Covington, Franklinton, Bogalusa, Mandeville",38.494,36.569,40.418,381623,62.619,59.488,65.75,94795,44.976,42.728,47.225,102680,17.44,23.91,18.86,53.24
"B0067","https://nci-naaccr-zone-design.github.io/louisiana-2020/?address=B0067","Both","Kidney","10yrs","Washington, St. Tammany","Covington, Franklinton, Bogalusa, Mandeville",19.132,18.175,20.089,782043,15.658,14.875,16.44,195088,24.277,23.063,25.491,102680,17.44,23.91,18.86,53.24
"B0067","https://nci-naaccr-zone-design.github.io/louisiana-2020/?address=B0067","Female","Kidney","10yrs","Washington, St. Tammany","Covington, Franklinton, Bogalusa, Mandeville",13.219,12.558,13.88,400420,16.431,15.609,17.253,100292,20.835,19.793,21.877,102680,17.44,23.91,18.86,53.24
"B0067","https://nci-naaccr-zone-design.github.io/louisiana-2020/?address=B0067","Male","Kidney","10yrs","Washington, St. Tammany","Covington, Franklinton, Bogalusa, Mandeville",22.518,21.392,23.644,381623,24.762,23.523,26.0,94795,30.949,29.401,32.496,102680,17.44,23.91,18.86,53.24
"B0067","https://nci-naaccr-zone-design.github.io/louisiana-2020/?address=B0067","Both","NHL","10yrs","Washington, St. Tammany","Covington, Franklinton, Bogalusa, Mandeville",20.875,19.831,21.919,782043,15.052,14.3,15.805,195088,14.236,13.525,14.948,102680,17.44,23.91,18.86,53.24
"B0067","https://nci-naaccr-zone-design.github.io/louisiana-2020/?address=B0067","Female","NHL","10yrs","Washington, St. Tammany","Covington, Franklinton, Bogalusa, Mandeville",16.085,15.281,16.889,400420,16.829,15.988,17.671,100292,15.885,15.09,16.679,102680,17.44,23.91,18.86,53.24
"B0067","https://nci-naaccr-zone-design.github.io/louisiana-2020/?address=B0067","Male","NHL","10yrs","Washington, St. Tammany","Covington, Franklinton, Bogalusa, Mandeville",20.478,19.454,21.502,381623,27.291,25.927,28.656,94795,21.005,19.955,22.055,102680,17.44,23.91,18.86,53.24
"B0067","https://nci-naaccr-zone-design.github.io/louisiana-2020/?address=B0067","Both","Urinary","10yrs","Washington, St. Tammany","Covington, Franklinton, Bogalusa, Mandeville",13.118,12.462,13.774,782043,15.905,15.11,16.7,195088,18.395,17.475,19.314,102680,17.44,23.91,18.86,53.24
"B0067","https://nci-naaccr-zone-design.github.io/louisiana-2020/?address=B0067","Female","Urinary","10yrs","Washington, St. Tammany","Covington, Franklinton, Bogalusa, Mandeville",6.482,6.158,6.806,400420,4.74,4.503,4.977,100292,5.112,4.857,5.368,102680,17.44,23.91,18.86,53.24
"B0067","https://nci-naaccr-zone-design.github.io/louisiana-2020/?address=B0067","Male","Urinary","10yrs","Washington, St. Tammany","Covington, Franklinton, Bogalusa, Mandeville",25.055,23.802,26.308,381623,49.985,47.486,52.484,94795,23.219,22.058,24.38,102680,17.44,23.91,18.86,53.24
"B0067","https://nci-naaccr-zone-design.github.io/louisiana-2020/?address=B0067","Both","Mela","10yrs","Washington, St. Tammany","Covington, Franklinton, Bogalusa, Mandeville",21.77,20.682,22.859,782043,12.525,11.899,13.152,195088,27.559,26.181,28.937,102680,17.44,23.91,18.86,53.24
"B0067","https://nci-naaccr-zone-design.github.io/louisiana-2020/?address=B0067","Female","Mela","10yrs","Washington, St. Tammany","Covington, Franklinton, Bogalusa, Mandeville",13.307,12.642,13.973,400420,14.718,13.982,15.454,100292,3.587,3.407,3.766,102680,17.44,23.91,18.86,53.24
"B0067","https://nci-naaccr-zone-design.github.io/louisiana-2020/?address=B0067","Male","Mela","10yrs","Washington, St. Tammany","Covington, Franklinton, Bogalusa, Mandeville",27.171,25.812,28.529,381623,38.109,36.204,40.014,94795,36.883,35.039,38.727,102680,17.44,23.91,18.86,53.24
"B0067","https://nci-naaccr-zone-design.github.io/louisiana-2020/?address=B0067","Both","Pancreas","10yrs","Washington, St. Tammany","Covington, Franklinton, Bogalusa, Mandeville",18.022,17.121,18.923,782043,12.941,12.294,13.588,195088,17.757,16.869,18.645,102680,17.44,23.91,18.86,53.24
"B0067","https://nci-naaccr-zone-design.github.io/louisiana-2020/?address=B0067","Female","Pancreas","10yrs","Washington, St. Tammany","Covington, Franklinton, Bogalusa, Mandeville",16.067,15.264,16.87,400420,14.541,13.814,15.268,100292,14.493,13.768,15.218,102680,17.44,23.91,18.86,53.24
"B0067","https://nci-naaccr-zone-design.github.io/louisiana-2020/?address=B0067","Male","Pancreas","10yrs","Washington, St. Tammany","Covington, Franklinton, Bogalusa, Mandeville",17.315,16.449,18.181,381623,20.5,19.475,21.524,94795,13.182,12.523,13.842,102680,17.44,23.91,18.86,53.24
"B0067","https://nci-naaccr-zone-design.github.io/louisiana-2020/?address=B0067","Both","Leuks","10yrs","Washington, St. Tammany","Covington, Franklinton, Bogalusa, Mandeville",9.331,8.864,9.797,782043,16.307,15.491,17.122,195088,16.342,15.525,17.159,102680,17.44,23.91,18.86,53.24
"B0067","https://nci-naaccr-zone-design.github.io/louisiana-2020/?address=B0067","Female","Leuks","10yrs","Washington, St. Tammany","Covington, Franklinton, Bogalusa, Mandeville",13.835,13.143,14.526,400420,6.717,6.381,7.052,100292,12.17,11.562,12.779,102680,17.44,23.91,18.86,53.24
"B0067","https://nci-naaccr-zone-design.github.io/louisiana-2020/?address=B0067","Male","Leuks","10yrs","Washington, St. Tammany","Covington, Franklinton, Bogalusa, Mandeville",10.186,9.676,10.695,381623,22.65,21.518,23.783,94795,17.58,16.701,18.459,102680,17.44,23.91,18.86,53.24
"B0067","https://nci-naaccr-zone-design.github.io/louisiana-2020/?address=B0067","Both","Oral","10yrs","Washington, St. Tammany","Covington, Franklinton, Bogalusa, Mandeville",13.534,12.858,14.211,782043,6.521,6.195,6.847,195088,8.144,7.737,8.552,102680,17.44,23.91,18.86,53.24
"B0067","https://nci-naaccr-zone-design.github.io/louisiana-2020/?address=B0067","Female","Oral","10yrs","Washington, St. Tammany","Covington, Franklinton, Bogalusa, Mandeville",8.412,7.992,8.833,400420,4.182,3.973,4.391,100292,5.302,5.037,5.567,102680,17.44,23.91,18.86,53.24
"B0067","https://nci-naaccr-zone-design.github.io/louisiana-2020/?address=B0067","Male","Oral","10yrs","Washington, St. Tammany","Covington, Franklinton, Bogalusa, Mandeville",17.139,16.282,17.995,381623,19.832,18.841,20.824,94795,17.449,16.577,18.322,102680,17.44,23.91,18.86,53.24
"B0067","https://nci-naaccr-zone-design.github.io/louisiana-2020/?address=B0067","Both","Thyroid","10yrs","Washington, St. Tammany","Covington, Franklinton, Bogalusa, Mandeville",14.613,13.882,15.343,782043,7.907,7.511,8.302,195088,14.39,13.67,15.109,102680,17.44,23.91,18.86,53.24
"B0067","https://nci-naaccr-zone-design.github.io/louisiana-2020/?address=B0067","Female","Thyroid","10yrs","Washington, St. Tammany","Covington, Franklinton, Bogalusa, Mandeville",26.148,24.84,27.455,400420,15.909,15.114,16.705,100292,11.806,11.216,12.396,102680,17.44,23.91,18.86,53.24
"B0067","https://nci-naaccr-zone-design.github.io/louisiana-2020/?address=B0067","Male","Thyroid","10yrs","Washington, St. Tammany","Covington, Franklinton, Bogalusa, Mandeville",7.197,6.837,7.557,381623,5.739,5.452,6.026,94795,3.316,3.15,3.482,102680,17.44,23.91,18.86,53.24
"B0067","https://nci-naaccr-zone-design.github.io/louisiana-2020/?address=B0067","Female","Uterine","10yrs","Washington, St. Tammany","Covington, Franklinton, Bogalusa, Mandeville",12.215,11.604,12.825,400420,14.449,13.727,15.172,100292,22.446,21.324,23.568,102680,17.44,23.91,18.86,53.24
"B0067","https://nci-naaccr-zone-design.github.io/louisiana-2020/?address=B0067","Both","Liver","10yrs","Washington, St. Tammany","Covington, Franklinton, Bogalusa, Mandeville",9.371,8.903,9.84,782043,10.533,10.006,11.059,195088,7.234,6.873,7.596,102680,17.44,23.91,18.86,53.24
"B0067","https://nci-naaccr-zone-design.github.io/louisiana-2020/?address=B0067","Female","Liver","10yrs","Washington, St. Tammany","Covington, Franklinton, Bogalusa, Mandeville",2.739,2.602,2.876,400420,6.641,6.309,6.973,100292,4.729,4.493,4.965,102680,17.44,23.91,18.86,53.24
"B0067","https://nci-naaccr-zone-design.github.io/louisiana-2020/?address=B0067","Male","Liver","10yrs","Washington, St. Tammany","Covington, Franklinton, Bogalusa, Mandeville",20.443,19.421,21.465,381623,8.576,8.148,9.005,94795,23.52,22.344,24.696,102680,17.44,23.91,18.86,53.24
"B0067","https://nci-naaccr-zone-design.github.io/louisiana-2020/?address=B0067","Both","Stomach","10yrs","Washington, St. Tammany","Covington, Franklinton, Bogalusa, Mandeville",6.602,6.272,6.932,782043,10.634,10.102,11.165,195088,8.409,7.988,8.829,102680,17.44,23.91,18.86,53.24
"B0067","https://nci-naaccr-zone-design.github.io/louisiana-2020/?address=B0067","Female","Stomach","10yrs","Washington, St. Tammany","Covington, Franklinton, Bogalusa, Mandeville",3.825,3.634,4.016,400420,6.335,6.019,6.652,100292,8.773,8.334,9.211,102680,17.44,23.91,18.86,53.24
"B0067","https://nci-naaccr-zone-design.github.io/louisiana-2020/?address=B0067","Male","Stomach","10yrs","Washington, St. Tammany","Covington, Franklinton, Bogalusa, Mandeville",12.795,12.155,13.434,381623,16.401,15.581,17.221,94795,5.858,5.565,6.151,102680,17.44,23.91,18.86,53.24
"B0067","https://nci-naaccr-zone-design.github.io/louisiana-2020/?address=B0067","Both","Myeloma","10yrs","Washington, St. Tammany","Covington, Franklinton, Bogalusa, Mandeville",12.855,12.212,13.498,782043,7.562,7.184,7.94,195088,9.97,9.472,10.469,102680,17.44,23.91,18.86,53.24
"B0067","https://nci-naaccr-zone-design.github.io/louisiana-2020/?address=B0067","Female","Myeloma","10yrs","Washington, St. Tammany","Covington, Franklinton, Bogalusa, Mandeville",10.915,10.369,11.46,400420,9.399,8.929,9.869,100292,7.217,6.856,7.578,102680,17.44,23.91,18.86,53.24
"B0067","https://nci-naaccr-zone-design.github.io/louisiana-2020/?address=B0067","Male","Myeloma","10yrs","Washington, St. Tammany","Covington, Franklinton, Bogalusa, Mandeville",12.005,11.405,12.605,381623,9.24,8.778,9.702,94795,8.125,7.719,8.531,102680,17.44,23.91,18.86,53.24
"B0067","https://nci-naaccr-zone-design.github.io/louisiana-2020/?address=B0067","Both","Brain","10yrs","Washington, St. Tammany","Covington, Franklinton, Bogalusa, Mandeville",6.765,6.427,7.103,782043,6.534,6.207,6.861,195088,5.485,5.211,5.759,102680,17.44,23.91,18.86,53.24
"B0067","https://nci-naaccr-zone-design.github.io/louisiana-2020/?address=B0067","Female","Brain","10yrs","Washington, St. Tammany","Covington, Franklinton, Bogalusa, Mandeville",6.735,6.399,7.072,400420,4.948,4.701,5.196,100292,5.851,5.559,6.144,102680,17.44,23.91,18.86,53.24
"B0067","https://nci-naaccr-zone-design.github.io/louisiana-2020/?address=B0067","Male","Brain","10yrs","Washington, St. Tammany","Covington, Franklinton, Bogalusa, Mandeville",7.773,7.384,8.161,381623,4.569,4.341,4.798,94795,10.96,10.412,11.508,102680,17.44,23.91,18.86,53.24
"B0067","https://nci-naaccr-zone-design.github.io/louisiana-2020/?address=B0067","Both","Larynx","10yrs","Washington, St. Tammany","Covington, Franklinton, Bogalusa, Mandeville",8.659,8.226,9.092,782043,2.733,2.596,2.869,195088,8.668,8.235,9.102,102680,17.44,23.91,18.86,53.24
"B0067","https://nci-naaccr-zone-design.github.io/louisiana-2020/?address=B0067","Female","Larynx","10yrs","Washington, St. Tammany","Covington, Franklinton, Bogalusa, Mandeville",2.904,2.759,3.049,400420,1.143,1.086,1.2,100292,2.252,2.139,2.364,102680,17.44,23.91,18.86,53.24
"B0067","https://nci-naaccr-zone-design.github.io/louisiana-2020/?address=B0067","Male","Larynx","10yrs","Washington, St. Tammany","Covington, Franklinton, Bogalusa, Mandeville",6.995,6.645,7.344,381623,5.596,5.316,5.876,94795,9.112,8.656,9.567,102680,17.44,23.91,18.86,53.24
"B0067","https://nci-naaccr-zone-design.github.io/louisiana-2020/?address=B0067","Female","Ovary","10yrs","Washington, St. Tammany","Covington, Franklinton, Bogalusa, Mandeville",14.836,14.094,15.577,400420,6.272,5.959,6.586,100292,3.873,3.679,4.066,102680,17.44,23.91,18.86,53.24
"B0067","https://nci-naaccr-zone-design.github.io/louisiana-2020/?address=B0067","Both","Esoph","10yrs","Washington, St. Tammany","Covington, Franklinton, Bogalusa, Mandeville",5.608,5.328,5.888,782043,4.314,4.098,4.529,195088,6.565,6.237,6.894,102680,17.44,23.91,18.86,53.24
"B0067","https://nci-naaccr-zone-design.github.io/louisiana-2020/?address=B0067","Female","Esoph","10yrs","Washington, St. Tammany","Covington, Franklinton, Bogalusa, Mandeville",0.371,0.353,0.39,400420,3.636,3.454,3.817,100292,1.893,1.798,1.988,102680,17.44,23.91,18.86,53.24
"B0067","https://nci-naaccr-zone-design.github.io/louisiana-2020/?address=B0067","Male","Esoph","10yrs","Washington, St. Tammany","Covington, Franklinton, Bogalusa, Mandeville",10.033,9.531,10.535,381623,11.193,10.633,11.752,94795,9.628,9.146,10.109,102680,17.44,23.91,18.86,53.24
