"Zone","URL","Sex","Cancer","Years","Counties","Places","AAIR","LCI","UCI","White_PopTot","White_AAIR","White_LCI","White_UCI","Black_PopTot","Black_AAIR","Black_LCI","Black_UCI","TotalPop","Pct100Pov","PctMinority","PctBlackNH","PctRural"
"B0002","https://nci-naaccr-zone-design.github.io/louisiana-2020/?address=B0002","Both","AllSite","05yrs","Grant, Winn, La Salle","Winnfield, St. Maurice, Pollock, Jordan Hill, Olla, Rock Hill, Jena",448.85,426.408,471.293,198503,544.212,517.001,571.423,50210,484.358,460.141,508.576,52512,21.89,23.85,18.79,76.04
"B0002","https://nci-naaccr-zone-design.github.io/louisiana-2020/?address=B0002","Female","AllSite","05yrs","Grant, Winn, La Salle","Winnfield, St. Maurice, Pollock, Jordan Hill, Olla, Rock Hill, Jena",438.381,416.462,460.3,97466,450.697,428.162,473.232,18913,393.991,374.291,413.69,52512,21.89,23.85,18.79,76.04
"B0002","https://nci-naaccr-zone-design.github.io/louisiana-2020/?address=B0002","Male","AllSite","05yrs","Grant, Winn, La Salle","Winnfield, St. Maurice, Pollock, Jordan Hill, Olla, Rock Hill, Jena",628.324,596.908,659.741,101037,676.193,642.383,710.002,31297,640.718,608.682,672.754,52512,21.89,23.85,18.79,76.04
"B0002","https://nci-naaccr-zone-design.github.io/louisiana-2020/?address=B0002","Male","Prostate","05yrs","Grant, Winn, La Salle","Winnfield, St. Maurice, Pollock, Jordan Hill, Olla, Rock Hill, Jena",153.692,146.007,161.376,101037,180.842,171.8,189.884,31297,203.725,193.539,213.911,52512,21.89,23.85,18.79,76.04
"B0002","https://nci-naaccr-zone-design.github.io/louisiana-2020/?address=B0002","Both","Lung","05yrs","Grant, Winn, La Salle","Winnfield, St. Maurice, Pollock, Jordan Hill, Olla, Rock Hill, Jena",85.401,81.131,89.671,198503,62.01,58.91,65.111,50210,85.756,81.468,90.044,52512,21.89,23.85,18.79,76.04
"B0002","https://nci-naaccr-zone-design.github.io/louisiana-2020/?address=B0002","Female","Lung","05yrs","Grant, Winn, La Salle","Winnfield, St. Maurice, Pollock, Jordan Hill, Olla, Rock Hill, Jena",52.144,49.537,54.751,97466,70.252,66.739,73.764,18913,47.269,44.905,49.632,52512,21.89,23.85,18.79,76.04
"B0002","https://nci-naaccr-zone-design.github.io/louisiana-2020/?address=B0002","Male","Lung","05yrs","Grant, Winn, La Salle","Winnfield, St. Maurice, Pollock, Jordan Hill, Olla, Rock Hill, Jena",65.595,62.315,68.874,101037,64.649,61.417,67.882,31297,57.398,54.528,60.268,52512,21.89,23.85,18.79,76.04
"B0002","https://nci-naaccr-zone-design.github.io/louisiana-2020/?address=B0002","Female","Breast","05yrs","Grant, Winn, La Salle","Winnfield, St. Maurice, Pollock, Jordan Hill, Olla, Rock Hill, Jena",105.087,99.832,110.341,97466,114.167,108.459,119.875,18913,113.314,107.649,118.98,52512,21.89,23.85,18.79,76.04
"B0002","https://nci-naaccr-zone-design.github.io/louisiana-2020/?address=B0002","Both","CRC","05yrs","Grant, Winn, La Salle","Winnfield, St. Maurice, Pollock, Jordan Hill, Olla, Rock Hill, Jena",57.43,54.558,60.301,198503,34.378,32.66,36.097,50210,48.049,45.646,50.451,52512,21.89,23.85,18.79,76.04
"B0002","https://nci-naaccr-zone-design.github.io/louisiana-2020/?address=B0002","Female","CRC","05yrs","Grant, Winn, La Salle","Winnfield, St. Maurice, Pollock, Jordan Hill, Olla, Rock Hill, Jena",30.715,29.179,32.25,97466,49.108,46.653,51.564,18913,51.301,48.736,53.866,52512,21.89,23.85,18.79,76.04
"B0002","https://nci-naaccr-zone-design.github.io/louisiana-2020/?address=B0002","Male","CRC","05yrs","Grant, Winn, La Salle","Winnfield, St. Maurice, Pollock, Jordan Hill, Olla, Rock Hill, Jena",65.191,61.932,68.451,101037,65.178,61.919,68.437,31297,47.88,45.486,50.274,52512,21.89,23.85,18.79,76.04
"B0002","https://nci-naaccr-zone-design.github.io/louisiana-2020/?address=B0002","Both","Kidney","05yrs","Grant, Winn, La Salle","Winnfield, St. Maurice, Pollock, Jordan Hill, Olla, Rock Hill, Jena",21.289,20.224,22.353,198503,16.889,16.045,17.734,50210,18.223,17.312,19.134,52512,21.89,23.85,18.79,76.04
"B0002","https://nci-naaccr-zone-design.github.io/louisiana-2020/?address=B0002","Female","Kidney","05yrs","Grant, Winn, La Salle","Winnfield, St. Maurice, Pollock, Jordan Hill, Olla, Rock Hill, Jena",11.604,11.024,12.185,97466,20.211,19.201,21.222,18913,17.426,16.555,18.298,52512,21.89,23.85,18.79,76.04
"B0002","https://nci-naaccr-zone-design.github.io/louisiana-2020/?address=B0002","Male","Kidney","05yrs","Grant, Winn, La Salle","Winnfield, St. Maurice, Pollock, Jordan Hill, Olla, Rock Hill, Jena",35.094,33.34,36.849,101037,35.142,33.385,36.899,31297,19.422,18.45,20.393,52512,21.89,23.85,18.79,76.04
"B0002","https://nci-naaccr-zone-design.github.io/louisiana-2020/?address=B0002","Both","NHL","05yrs","Grant, Winn, La Salle","Winnfield, St. Maurice, Pollock, Jordan Hill, Olla, Rock Hill, Jena",24.038,22.837,25.24,198503,17.818,16.927,18.709,50210,23.786,22.597,24.976,52512,21.89,23.85,18.79,76.04
"B0002","https://nci-naaccr-zone-design.github.io/louisiana-2020/?address=B0002","Female","NHL","05yrs","Grant, Winn, La Salle","Winnfield, St. Maurice, Pollock, Jordan Hill, Olla, Rock Hill, Jena",12.543,11.916,13.17,97466,9.713,9.227,10.198,18913,"","","",52512,21.89,23.85,18.79,76.04
"B0002","https://nci-naaccr-zone-design.github.io/louisiana-2020/?address=B0002","Male","NHL","05yrs","Grant, Winn, La Salle","Winnfield, St. Maurice, Pollock, Jordan Hill, Olla, Rock Hill, Jena",28.095,26.691,29.5,101037,25.847,24.554,27.139,31297,20.525,19.499,21.551,52512,21.89,23.85,18.79,76.04
"B0002","https://nci-naaccr-zone-design.github.io/louisiana-2020/?address=B0002","Both","Urinary","05yrs","Grant, Winn, La Salle","Winnfield, St. Maurice, Pollock, Jordan Hill, Olla, Rock Hill, Jena",21.433,20.361,22.505,198503,24.445,23.223,25.668,50210,14.642,13.91,15.375,52512,21.89,23.85,18.79,76.04
"B0002","https://nci-naaccr-zone-design.github.io/louisiana-2020/?address=B0002","Female","Urinary","05yrs","Grant, Winn, La Salle","Winnfield, St. Maurice, Pollock, Jordan Hill, Olla, Rock Hill, Jena",12.563,11.934,13.191,97466,7.591,7.212,7.971,18913,"","","",52512,21.89,23.85,18.79,76.04
"B0002","https://nci-naaccr-zone-design.github.io/louisiana-2020/?address=B0002","Male","Urinary","05yrs","Grant, Winn, La Salle","Winnfield, St. Maurice, Pollock, Jordan Hill, Olla, Rock Hill, Jena",35.246,33.484,37.008,101037,39.847,37.854,41.839,31297,47.355,44.987,49.723,52512,21.89,23.85,18.79,76.04
"B0002","https://nci-naaccr-zone-design.github.io/louisiana-2020/?address=B0002","Both","Mela","05yrs","Grant, Winn, La Salle","Winnfield, St. Maurice, Pollock, Jordan Hill, Olla, Rock Hill, Jena",5.808,5.518,6.098,198503,15.629,14.848,16.411,50210,24.006,22.806,25.207,52512,21.89,23.85,18.79,76.04
"B0002","https://nci-naaccr-zone-design.github.io/louisiana-2020/?address=B0002","Female","Mela","05yrs","Grant, Winn, La Salle","Winnfield, St. Maurice, Pollock, Jordan Hill, Olla, Rock Hill, Jena",4.874,4.63,5.118,97466,6.463,6.14,6.786,18913,22.243,21.13,23.355,52512,21.89,23.85,18.79,76.04
"B0002","https://nci-naaccr-zone-design.github.io/louisiana-2020/?address=B0002","Male","Mela","05yrs","Grant, Winn, La Salle","Winnfield, St. Maurice, Pollock, Jordan Hill, Olla, Rock Hill, Jena",36.275,34.461,38.088,101037,19.92,18.924,20.916,31297,10.34,9.823,10.857,52512,21.89,23.85,18.79,76.04
"B0002","https://nci-naaccr-zone-design.github.io/louisiana-2020/?address=B0002","Both","Pancreas","05yrs","Grant, Winn, La Salle","Winnfield, St. Maurice, Pollock, Jordan Hill, Olla, Rock Hill, Jena",12.585,11.956,13.215,198503,17.751,16.863,18.638,50210,16.179,15.37,16.988,52512,21.89,23.85,18.79,76.04
"B0002","https://nci-naaccr-zone-design.github.io/louisiana-2020/?address=B0002","Female","Pancreas","05yrs","Grant, Winn, La Salle","Winnfield, St. Maurice, Pollock, Jordan Hill, Olla, Rock Hill, Jena",17.641,16.759,18.523,97466,12.693,12.059,13.328,18913,"","","",52512,21.89,23.85,18.79,76.04
"B0002","https://nci-naaccr-zone-design.github.io/louisiana-2020/?address=B0002","Male","Pancreas","05yrs","Grant, Winn, La Salle","Winnfield, St. Maurice, Pollock, Jordan Hill, Olla, Rock Hill, Jena",12.282,11.668,12.896,101037,14.504,13.779,15.23,31297,10.39,9.871,10.91,52512,21.89,23.85,18.79,76.04
"B0002","https://nci-naaccr-zone-design.github.io/louisiana-2020/?address=B0002","Both","Leuks","05yrs","Grant, Winn, La Salle","Winnfield, St. Maurice, Pollock, Jordan Hill, Olla, Rock Hill, Jena",14.844,14.101,15.586,198503,12.879,12.235,13.523,50210,12.407,11.786,13.027,52512,21.89,23.85,18.79,76.04
"B0002","https://nci-naaccr-zone-design.github.io/louisiana-2020/?address=B0002","Female","Leuks","05yrs","Grant, Winn, La Salle","Winnfield, St. Maurice, Pollock, Jordan Hill, Olla, Rock Hill, Jena",7.866,7.472,8.259,97466,15.004,14.254,15.754,18913,"","","",52512,21.89,23.85,18.79,76.04
"B0002","https://nci-naaccr-zone-design.github.io/louisiana-2020/?address=B0002","Male","Leuks","05yrs","Grant, Winn, La Salle","Winnfield, St. Maurice, Pollock, Jordan Hill, Olla, Rock Hill, Jena",11.687,11.102,12.271,101037,20.25,19.238,21.263,31297,15.271,14.507,16.034,52512,21.89,23.85,18.79,76.04
"B0002","https://nci-naaccr-zone-design.github.io/louisiana-2020/?address=B0002","Both","Oral","05yrs","Grant, Winn, La Salle","Winnfield, St. Maurice, Pollock, Jordan Hill, Olla, Rock Hill, Jena",7.438,7.066,7.81,198503,9.559,9.081,10.037,50210,10.027,9.526,10.529,52512,21.89,23.85,18.79,76.04
"B0002","https://nci-naaccr-zone-design.github.io/louisiana-2020/?address=B0002","Female","Oral","05yrs","Grant, Winn, La Salle","Winnfield, St. Maurice, Pollock, Jordan Hill, Olla, Rock Hill, Jena",3.834,3.642,4.026,97466,5.54,5.263,5.817,18913,"","","",52512,21.89,23.85,18.79,76.04
"B0002","https://nci-naaccr-zone-design.github.io/louisiana-2020/?address=B0002","Male","Oral","05yrs","Grant, Winn, La Salle","Winnfield, St. Maurice, Pollock, Jordan Hill, Olla, Rock Hill, Jena",21.887,20.792,22.981,101037,16.999,16.149,17.849,31297,14.505,13.78,15.23,52512,21.89,23.85,18.79,76.04
"B0002","https://nci-naaccr-zone-design.github.io/louisiana-2020/?address=B0002","Both","Thyroid","05yrs","Grant, Winn, La Salle","Winnfield, St. Maurice, Pollock, Jordan Hill, Olla, Rock Hill, Jena",14.688,13.954,15.422,198503,13.185,12.526,13.844,50210,12.896,12.252,13.541,52512,21.89,23.85,18.79,76.04
"B0002","https://nci-naaccr-zone-design.github.io/louisiana-2020/?address=B0002","Female","Thyroid","05yrs","Grant, Winn, La Salle","Winnfield, St. Maurice, Pollock, Jordan Hill, Olla, Rock Hill, Jena",22.678,21.544,23.812,97466,25.56,24.282,26.838,18913,"","","",52512,21.89,23.85,18.79,76.04
"B0002","https://nci-naaccr-zone-design.github.io/louisiana-2020/?address=B0002","Male","Thyroid","05yrs","Grant, Winn, La Salle","Winnfield, St. Maurice, Pollock, Jordan Hill, Olla, Rock Hill, Jena",3.342,3.175,3.509,101037,"","","",31297,"","","",52512,21.89,23.85,18.79,76.04
"B0002","https://nci-naaccr-zone-design.github.io/louisiana-2020/?address=B0002","Female","Uterine","05yrs","Grant, Winn, La Salle","Winnfield, St. Maurice, Pollock, Jordan Hill, Olla, Rock Hill, Jena",14.529,13.803,15.256,97466,19.937,18.941,20.934,18913,25.229,23.968,26.49,52512,21.89,23.85,18.79,76.04
"B0002","https://nci-naaccr-zone-design.github.io/louisiana-2020/?address=B0002","Both","Liver","05yrs","Grant, Winn, La Salle","Winnfield, St. Maurice, Pollock, Jordan Hill, Olla, Rock Hill, Jena",12.032,11.431,12.634,198503,7.455,7.082,7.828,50210,12.019,11.418,12.619,52512,21.89,23.85,18.79,76.04
"B0002","https://nci-naaccr-zone-design.github.io/louisiana-2020/?address=B0002","Female","Liver","05yrs","Grant, Winn, La Salle","Winnfield, St. Maurice, Pollock, Jordan Hill, Olla, Rock Hill, Jena",7.541,7.164,7.919,97466,4.052,3.849,4.254,18913,"","","",52512,21.89,23.85,18.79,76.04
"B0002","https://nci-naaccr-zone-design.github.io/louisiana-2020/?address=B0002","Male","Liver","05yrs","Grant, Winn, La Salle","Winnfield, St. Maurice, Pollock, Jordan Hill, Olla, Rock Hill, Jena",10.353,9.835,10.871,101037,8.529,8.102,8.955,31297,10.021,9.52,10.522,52512,21.89,23.85,18.79,76.04
"B0002","https://nci-naaccr-zone-design.github.io/louisiana-2020/?address=B0002","Both","Stomach","05yrs","Grant, Winn, La Salle","Winnfield, St. Maurice, Pollock, Jordan Hill, Olla, Rock Hill, Jena",9.728,9.241,10.214,198503,4.852,4.609,5.094,50210,8.383,7.964,8.802,52512,21.89,23.85,18.79,76.04
"B0002","https://nci-naaccr-zone-design.github.io/louisiana-2020/?address=B0002","Female","Stomach","05yrs","Grant, Winn, La Salle","Winnfield, St. Maurice, Pollock, Jordan Hill, Olla, Rock Hill, Jena",8.454,8.032,8.877,97466,3.197,3.037,3.357,18913,"","","",52512,21.89,23.85,18.79,76.04
"B0002","https://nci-naaccr-zone-design.github.io/louisiana-2020/?address=B0002","Male","Stomach","05yrs","Grant, Winn, La Salle","Winnfield, St. Maurice, Pollock, Jordan Hill, Olla, Rock Hill, Jena",6.659,6.326,6.992,101037,10.069,9.566,10.572,31297,12.332,11.715,12.948,52512,21.89,23.85,18.79,76.04
"B0002","https://nci-naaccr-zone-design.github.io/louisiana-2020/?address=B0002","Both","Myeloma","05yrs","Grant, Winn, La Salle","Winnfield, St. Maurice, Pollock, Jordan Hill, Olla, Rock Hill, Jena",11.121,10.565,11.677,198503,9.033,8.582,9.485,50210,12.603,11.973,13.233,52512,21.89,23.85,18.79,76.04
"B0002","https://nci-naaccr-zone-design.github.io/louisiana-2020/?address=B0002","Female","Myeloma","05yrs","Grant, Winn, La Salle","Winnfield, St. Maurice, Pollock, Jordan Hill, Olla, Rock Hill, Jena",3.596,3.416,3.776,97466,8.807,8.366,9.247,18913,"","","",52512,21.89,23.85,18.79,76.04
"B0002","https://nci-naaccr-zone-design.github.io/louisiana-2020/?address=B0002","Male","Myeloma","05yrs","Grant, Winn, La Salle","Winnfield, St. Maurice, Pollock, Jordan Hill, Olla, Rock Hill, Jena",15.536,14.76,16.313,101037,9.872,9.378,10.365,31297,"","","",52512,21.89,23.85,18.79,76.04
"B0002","https://nci-naaccr-zone-design.github.io/louisiana-2020/?address=B0002","Both","Brain","05yrs","Grant, Winn, La Salle","Winnfield, St. Maurice, Pollock, Jordan Hill, Olla, Rock Hill, Jena",5.556,5.279,5.834,198503,5.039,4.787,5.291,50210,7.595,7.216,7.975,52512,21.89,23.85,18.79,76.04
"B0002","https://nci-naaccr-zone-design.github.io/louisiana-2020/?address=B0002","Female","Brain","05yrs","Grant, Winn, La Salle","Winnfield, St. Maurice, Pollock, Jordan Hill, Olla, Rock Hill, Jena",3.211,3.05,3.371,97466,3.997,3.797,4.197,18913,"","","",52512,21.89,23.85,18.79,76.04
"B0002","https://nci-naaccr-zone-design.github.io/louisiana-2020/?address=B0002","Male","Brain","05yrs","Grant, Winn, La Salle","Winnfield, St. Maurice, Pollock, Jordan Hill, Olla, Rock Hill, Jena",4.66,4.427,4.893,101037,10.076,9.572,10.58,31297,11.471,10.897,12.044,52512,21.89,23.85,18.79,76.04
"B0002","https://nci-naaccr-zone-design.github.io/louisiana-2020/?address=B0002","Both","Larynx","05yrs","Grant, Winn, La Salle","Winnfield, St. Maurice, Pollock, Jordan Hill, Olla, Rock Hill, Jena",6.651,6.319,6.984,198503,2.758,2.62,2.895,50210,6.32,6.004,6.636,52512,21.89,23.85,18.79,76.04
"B0002","https://nci-naaccr-zone-design.github.io/louisiana-2020/?address=B0002","Female","Larynx","05yrs","Grant, Winn, La Salle","Winnfield, St. Maurice, Pollock, Jordan Hill, Olla, Rock Hill, Jena","","","",97466,3.333,3.167,3.5,18913,"","","",52512,21.89,23.85,18.79,76.04
"B0002","https://nci-naaccr-zone-design.github.io/louisiana-2020/?address=B0002","Male","Larynx","05yrs","Grant, Winn, La Salle","Winnfield, St. Maurice, Pollock, Jordan Hill, Olla, Rock Hill, Jena",14.287,13.573,15.002,101037,12.315,11.699,12.931,31297,"","","",52512,21.89,23.85,18.79,76.04
"B0002","https://nci-naaccr-zone-design.github.io/louisiana-2020/?address=B0002","Female","Ovary","05yrs","Grant, Winn, La Salle","Winnfield, St. Maurice, Pollock, Jordan Hill, Olla, Rock Hill, Jena",13.528,12.851,14.204,97466,11.292,10.727,11.856,18913,"","","",52512,21.89,23.85,18.79,76.04
"B0002","https://nci-naaccr-zone-design.github.io/louisiana-2020/?address=B0002","Both","Esoph","05yrs","Grant, Winn, La Salle","Winnfield, St. Maurice, Pollock, Jordan Hill, Olla, Rock Hill, Jena",3.129,2.973,3.286,198503,3.47,3.296,3.643,50210,6.538,6.211,6.865,52512,21.89,23.85,18.79,76.04
"B0002","https://nci-naaccr-zone-design.github.io/louisiana-2020/?address=B0002","Female","Esoph","05yrs","Grant, Winn, La Salle","Winnfield, St. Maurice, Pollock, Jordan Hill, Olla, Rock Hill, Jena",2.875,2.731,3.019,97466,"","","",18913,"","","",52512,21.89,23.85,18.79,76.04
"B0002","https://nci-naaccr-zone-design.github.io/louisiana-2020/?address=B0002","Male","Esoph","05yrs","Grant, Winn, La Salle","Winnfield, St. Maurice, Pollock, Jordan Hill, Olla, Rock Hill, Jena",13.862,13.169,14.555,101037,4.994,4.745,5.244,31297,"","","",52512,21.89,23.85,18.79,76.04
"B0002","https://nci-naaccr-zone-design.github.io/louisiana-2020/?address=B0002","Both","AllSite","10yrs","Grant, Winn, La Salle","Winnfield, St. Maurice, Pollock, Jordan Hill, Olla, Rock Hill, Jena",459.685,436.701,482.67,398419,497.286,472.421,522.15,99996,532.511,505.886,559.137,52512,21.89,23.85,18.79,76.04
"B0002","https://nci-naaccr-zone-design.github.io/louisiana-2020/?address=B0002","Female","AllSite","10yrs","Grant, Winn, La Salle","Winnfield, St. Maurice, Pollock, Jordan Hill, Olla, Rock Hill, Jena",456.298,433.483,479.113,196495,358.774,340.835,376.713,38483,409.463,388.99,429.937,52512,21.89,23.85,18.79,76.04
"B0002","https://nci-naaccr-zone-design.github.io/louisiana-2020/?address=B0002","Male","AllSite","10yrs","Grant, Winn, La Salle","Winnfield, St. Maurice, Pollock, Jordan Hill, Olla, Rock Hill, Jena",667.528,634.151,700.904,201924,565.3,537.035,593.565,61513,649.49,617.015,681.964,52512,21.89,23.85,18.79,76.04
"B0002","https://nci-naaccr-zone-design.github.io/louisiana-2020/?address=B0002","Male","Prostate","10yrs","Grant, Winn, La Salle","Winnfield, St. Maurice, Pollock, Jordan Hill, Olla, Rock Hill, Jena",187.665,178.282,197.049,201924,198.188,188.279,208.097,61513,196.177,186.368,205.986,52512,21.89,23.85,18.79,76.04
"B0002","https://nci-naaccr-zone-design.github.io/louisiana-2020/?address=B0002","Both","Lung","10yrs","Grant, Winn, La Salle","Winnfield, St. Maurice, Pollock, Jordan Hill, Olla, Rock Hill, Jena",44.571,42.342,46.8,398419,90.845,86.302,95.387,99996,71.124,67.568,74.681,52512,21.89,23.85,18.79,76.04
"B0002","https://nci-naaccr-zone-design.github.io/louisiana-2020/?address=B0002","Female","Lung","10yrs","Grant, Winn, La Salle","Winnfield, St. Maurice, Pollock, Jordan Hill, Olla, Rock Hill, Jena",68.451,65.028,71.873,196495,57.714,54.828,60.599,38483,67.969,64.57,71.367,52512,21.89,23.85,18.79,76.04
"B0002","https://nci-naaccr-zone-design.github.io/louisiana-2020/?address=B0002","Male","Lung","10yrs","Grant, Winn, La Salle","Winnfield, St. Maurice, Pollock, Jordan Hill, Olla, Rock Hill, Jena",116.073,110.27,121.877,201924,66.328,63.012,69.644,61513,84.058,79.856,88.261,52512,21.89,23.85,18.79,76.04
"B0002","https://nci-naaccr-zone-design.github.io/louisiana-2020/?address=B0002","Female","Breast","10yrs","Grant, Winn, La Salle","Winnfield, St. Maurice, Pollock, Jordan Hill, Olla, Rock Hill, Jena",114.841,109.099,120.583,196495,121.793,115.703,127.883,38483,118.424,112.503,124.345,52512,21.89,23.85,18.79,76.04
"B0002","https://nci-naaccr-zone-design.github.io/louisiana-2020/?address=B0002","Both","CRC","10yrs","Grant, Winn, La Salle","Winnfield, St. Maurice, Pollock, Jordan Hill, Olla, Rock Hill, Jena",39.183,37.224,41.142,398419,49.918,47.422,52.414,99996,54.456,51.733,57.179,52512,21.89,23.85,18.79,76.04
"B0002","https://nci-naaccr-zone-design.github.io/louisiana-2020/?address=B0002","Female","CRC","10yrs","Grant, Winn, La Salle","Winnfield, St. Maurice, Pollock, Jordan Hill, Olla, Rock Hill, Jena",38.081,36.177,39.985,196495,52.42,49.799,55.04,38483,31.138,29.581,32.694,52512,21.89,23.85,18.79,76.04
"B0002","https://nci-naaccr-zone-design.github.io/louisiana-2020/?address=B0002","Male","CRC","10yrs","Grant, Winn, La Salle","Winnfield, St. Maurice, Pollock, Jordan Hill, Olla, Rock Hill, Jena",56.408,53.587,59.228,201924,72.21,68.6,75.821,61513,65.88,62.586,69.174,52512,21.89,23.85,18.79,76.04
"B0002","https://nci-naaccr-zone-design.github.io/louisiana-2020/?address=B0002","Both","Kidney","10yrs","Grant, Winn, La Salle","Winnfield, St. Maurice, Pollock, Jordan Hill, Olla, Rock Hill, Jena",19.658,18.675,20.641,398419,20.161,19.153,21.17,99996,18.063,17.16,18.966,52512,21.89,23.85,18.79,76.04
"B0002","https://nci-naaccr-zone-design.github.io/louisiana-2020/?address=B0002","Female","Kidney","10yrs","Grant, Winn, La Salle","Winnfield, St. Maurice, Pollock, Jordan Hill, Olla, Rock Hill, Jena",16.28,15.466,17.094,196495,20.559,19.531,21.587,38483,21.673,20.589,22.756,52512,21.89,23.85,18.79,76.04
"B0002","https://nci-naaccr-zone-design.github.io/louisiana-2020/?address=B0002","Male","Kidney","10yrs","Grant, Winn, La Salle","Winnfield, St. Maurice, Pollock, Jordan Hill, Olla, Rock Hill, Jena",28.085,26.681,29.489,201924,33.878,32.184,35.572,61513,26.12,24.814,27.426,52512,21.89,23.85,18.79,76.04
"B0002","https://nci-naaccr-zone-design.github.io/louisiana-2020/?address=B0002","Both","NHL","10yrs","Grant, Winn, La Salle","Winnfield, St. Maurice, Pollock, Jordan Hill, Olla, Rock Hill, Jena",22.242,21.129,23.354,398419,21.105,20.05,22.161,99996,24.144,22.937,25.351,52512,21.89,23.85,18.79,76.04
"B0002","https://nci-naaccr-zone-design.github.io/louisiana-2020/?address=B0002","Female","NHL","10yrs","Grant, Winn, La Salle","Winnfield, St. Maurice, Pollock, Jordan Hill, Olla, Rock Hill, Jena",10.367,9.849,10.885,196495,9.469,8.996,9.943,38483,20.121,19.115,21.127,52512,21.89,23.85,18.79,76.04
"B0002","https://nci-naaccr-zone-design.github.io/louisiana-2020/?address=B0002","Male","NHL","10yrs","Grant, Winn, La Salle","Winnfield, St. Maurice, Pollock, Jordan Hill, Olla, Rock Hill, Jena",20.429,19.408,21.451,201924,18.272,17.358,19.185,61513,27.041,25.689,28.393,52512,21.89,23.85,18.79,76.04
"B0002","https://nci-naaccr-zone-design.github.io/louisiana-2020/?address=B0002","Both","Urinary","10yrs","Grant, Winn, La Salle","Winnfield, St. Maurice, Pollock, Jordan Hill, Olla, Rock Hill, Jena",16.808,15.968,17.648,398419,26.401,25.081,27.721,99996,19.384,18.414,20.353,52512,21.89,23.85,18.79,76.04
"B0002","https://nci-naaccr-zone-design.github.io/louisiana-2020/?address=B0002","Female","Urinary","10yrs","Grant, Winn, La Salle","Winnfield, St. Maurice, Pollock, Jordan Hill, Olla, Rock Hill, Jena",10.878,10.334,11.422,196495,4.298,4.083,4.513,38483,11.995,11.395,12.595,52512,21.89,23.85,18.79,76.04
"B0002","https://nci-naaccr-zone-design.github.io/louisiana-2020/?address=B0002","Male","Urinary","10yrs","Grant, Winn, La Salle","Winnfield, St. Maurice, Pollock, Jordan Hill, Olla, Rock Hill, Jena",45.512,43.236,47.787,201924,38.767,36.829,40.705,61513,30.383,28.864,31.902,52512,21.89,23.85,18.79,76.04
"B0002","https://nci-naaccr-zone-design.github.io/louisiana-2020/?address=B0002","Both","Mela","10yrs","Grant, Winn, La Salle","Winnfield, St. Maurice, Pollock, Jordan Hill, Olla, Rock Hill, Jena",10.302,9.787,10.817,398419,12.174,11.566,12.783,99996,16.009,15.209,16.81,52512,21.89,23.85,18.79,76.04
"B0002","https://nci-naaccr-zone-design.github.io/louisiana-2020/?address=B0002","Female","Mela","10yrs","Grant, Winn, La Salle","Winnfield, St. Maurice, Pollock, Jordan Hill, Olla, Rock Hill, Jena",19.999,18.999,20.999,196495,20.83,19.789,21.872,38483,6.206,5.895,6.516,52512,21.89,23.85,18.79,76.04
"B0002","https://nci-naaccr-zone-design.github.io/louisiana-2020/?address=B0002","Male","Mela","10yrs","Grant, Winn, La Salle","Winnfield, St. Maurice, Pollock, Jordan Hill, Olla, Rock Hill, Jena",10.215,9.705,10.726,201924,17.099,16.244,17.954,61513,15.082,14.328,15.837,52512,21.89,23.85,18.79,76.04
"B0002","https://nci-naaccr-zone-design.github.io/louisiana-2020/?address=B0002","Both","Pancreas","10yrs","Grant, Winn, La Salle","Winnfield, St. Maurice, Pollock, Jordan Hill, Olla, Rock Hill, Jena",15.578,14.799,16.357,398419,17.405,16.535,18.275,99996,17.975,17.076,18.874,52512,21.89,23.85,18.79,76.04
"B0002","https://nci-naaccr-zone-design.github.io/louisiana-2020/?address=B0002","Female","Pancreas","10yrs","Grant, Winn, La Salle","Winnfield, St. Maurice, Pollock, Jordan Hill, Olla, Rock Hill, Jena",15.308,14.542,16.073,196495,10.21,9.7,10.721,38483,10.261,9.748,10.774,52512,21.89,23.85,18.79,76.04
"B0002","https://nci-naaccr-zone-design.github.io/louisiana-2020/?address=B0002","Male","Pancreas","10yrs","Grant, Winn, La Salle","Winnfield, St. Maurice, Pollock, Jordan Hill, Olla, Rock Hill, Jena",10.558,10.031,11.086,201924,12.689,12.054,13.323,61513,15.732,14.946,16.519,52512,21.89,23.85,18.79,76.04
"B0002","https://nci-naaccr-zone-design.github.io/louisiana-2020/?address=B0002","Both","Leuks","10yrs","Grant, Winn, La Salle","Winnfield, St. Maurice, Pollock, Jordan Hill, Olla, Rock Hill, Jena",11.85,11.257,12.442,398419,9.084,8.63,9.538,99996,11.767,11.178,12.355,52512,21.89,23.85,18.79,76.04
"B0002","https://nci-naaccr-zone-design.github.io/louisiana-2020/?address=B0002","Female","Leuks","10yrs","Grant, Winn, La Salle","Winnfield, St. Maurice, Pollock, Jordan Hill, Olla, Rock Hill, Jena",13.878,13.185,14.572,196495,12.959,12.311,13.607,38483,13.839,13.147,14.531,52512,21.89,23.85,18.79,76.04
"B0002","https://nci-naaccr-zone-design.github.io/louisiana-2020/?address=B0002","Male","Leuks","10yrs","Grant, Winn, La Salle","Winnfield, St. Maurice, Pollock, Jordan Hill, Olla, Rock Hill, Jena",22.109,21.004,23.215,201924,14.534,13.807,15.26,61513,15.758,14.97,16.546,52512,21.89,23.85,18.79,76.04
"B0002","https://nci-naaccr-zone-design.github.io/louisiana-2020/?address=B0002","Both","Oral","10yrs","Grant, Winn, La Salle","Winnfield, St. Maurice, Pollock, Jordan Hill, Olla, Rock Hill, Jena",8.005,7.605,8.405,398419,14.608,13.878,15.338,99996,9.844,9.352,10.336,52512,21.89,23.85,18.79,76.04
"B0002","https://nci-naaccr-zone-design.github.io/louisiana-2020/?address=B0002","Female","Oral","10yrs","Grant, Winn, La Salle","Winnfield, St. Maurice, Pollock, Jordan Hill, Olla, Rock Hill, Jena",8.534,8.108,8.961,196495,3.786,3.596,3.975,38483,"","","",52512,21.89,23.85,18.79,76.04
"B0002","https://nci-naaccr-zone-design.github.io/louisiana-2020/?address=B0002","Male","Oral","10yrs","Grant, Winn, La Salle","Winnfield, St. Maurice, Pollock, Jordan Hill, Olla, Rock Hill, Jena",20.155,19.147,21.163,201924,13.945,13.248,14.642,61513,19.794,18.804,20.784,52512,21.89,23.85,18.79,76.04
"B0002","https://nci-naaccr-zone-design.github.io/louisiana-2020/?address=B0002","Both","Thyroid","10yrs","Grant, Winn, La Salle","Winnfield, St. Maurice, Pollock, Jordan Hill, Olla, Rock Hill, Jena",15.324,14.558,16.09,398419,16.631,15.799,17.462,99996,10.101,9.596,10.606,52512,21.89,23.85,18.79,76.04
"B0002","https://nci-naaccr-zone-design.github.io/louisiana-2020/?address=B0002","Female","Thyroid","10yrs","Grant, Winn, La Salle","Winnfield, St. Maurice, Pollock, Jordan Hill, Olla, Rock Hill, Jena",15.259,14.496,16.022,196495,10.549,10.022,11.077,38483,15.233,14.471,15.994,52512,21.89,23.85,18.79,76.04
"B0002","https://nci-naaccr-zone-design.github.io/louisiana-2020/?address=B0002","Male","Thyroid","10yrs","Grant, Winn, La Salle","Winnfield, St. Maurice, Pollock, Jordan Hill, Olla, Rock Hill, Jena",2.328,2.212,2.445,201924,2.297,2.182,2.411,61513,9.727,9.241,10.213,52512,21.89,23.85,18.79,76.04
"B0002","https://nci-naaccr-zone-design.github.io/louisiana-2020/?address=B0002","Female","Uterine","10yrs","Grant, Winn, La Salle","Winnfield, St. Maurice, Pollock, Jordan Hill, Olla, Rock Hill, Jena",20.47,19.447,21.494,196495,14.905,14.16,15.65,38483,20.091,19.087,21.096,52512,21.89,23.85,18.79,76.04
"B0002","https://nci-naaccr-zone-design.github.io/louisiana-2020/?address=B0002","Both","Liver","10yrs","Grant, Winn, La Salle","Winnfield, St. Maurice, Pollock, Jordan Hill, Olla, Rock Hill, Jena",6.008,5.707,6.308,398419,5.307,5.041,5.572,99996,14.036,13.334,14.737,52512,21.89,23.85,18.79,76.04
"B0002","https://nci-naaccr-zone-design.github.io/louisiana-2020/?address=B0002","Female","Liver","10yrs","Grant, Winn, La Salle","Winnfield, St. Maurice, Pollock, Jordan Hill, Olla, Rock Hill, Jena",3.539,3.362,3.716,196495,6.117,5.811,6.422,38483,4.853,4.61,5.096,52512,21.89,23.85,18.79,76.04
"B0002","https://nci-naaccr-zone-design.github.io/louisiana-2020/?address=B0002","Male","Liver","10yrs","Grant, Winn, La Salle","Winnfield, St. Maurice, Pollock, Jordan Hill, Olla, Rock Hill, Jena",12.191,11.582,12.801,201924,21.812,20.721,22.902,61513,12.178,11.569,12.787,52512,21.89,23.85,18.79,76.04
"B0002","https://nci-naaccr-zone-design.github.io/louisiana-2020/?address=B0002","Both","Stomach","10yrs","Grant, Winn, La Salle","Winnfield, St. Maurice, Pollock, Jordan Hill, Olla, Rock Hill, Jena",9.382,8.913,9.851,398419,8.708,8.273,9.144,99996,9.676,9.192,10.159,52512,21.89,23.85,18.79,76.04
"B0002","https://nci-naaccr-zone-design.github.io/louisiana-2020/?address=B0002","Female","Stomach","10yrs","Grant, Winn, La Salle","Winnfield, St. Maurice, Pollock, Jordan Hill, Olla, Rock Hill, Jena",2.986,2.836,3.135,196495,7.478,7.104,7.852,38483,"","","",52512,21.89,23.85,18.79,76.04
"B0002","https://nci-naaccr-zone-design.github.io/louisiana-2020/?address=B0002","Male","Stomach","10yrs","Grant, Winn, La Salle","Winnfield, St. Maurice, Pollock, Jordan Hill, Olla, Rock Hill, Jena",6.543,6.216,6.87,201924,8.322,7.906,8.738,61513,15.294,14.529,16.059,52512,21.89,23.85,18.79,76.04
"B0002","https://nci-naaccr-zone-design.github.io/louisiana-2020/?address=B0002","Both","Myeloma","10yrs","Grant, Winn, La Salle","Winnfield, St. Maurice, Pollock, Jordan Hill, Olla, Rock Hill, Jena",6.06,5.757,6.363,398419,14.854,14.112,15.597,99996,11.421,10.85,11.992,52512,21.89,23.85,18.79,76.04
"B0002","https://nci-naaccr-zone-design.github.io/louisiana-2020/?address=B0002","Female","Myeloma","10yrs","Grant, Winn, La Salle","Winnfield, St. Maurice, Pollock, Jordan Hill, Olla, Rock Hill, Jena",3.68,3.496,3.864,196495,5.883,5.589,6.177,38483,6.697,6.362,7.031,52512,21.89,23.85,18.79,76.04
"B0002","https://nci-naaccr-zone-design.github.io/louisiana-2020/?address=B0002","Male","Myeloma","10yrs","Grant, Winn, La Salle","Winnfield, St. Maurice, Pollock, Jordan Hill, Olla, Rock Hill, Jena",16.349,15.532,17.167,201924,4.763,4.525,5.002,61513,11.077,10.523,11.631,52512,21.89,23.85,18.79,76.04
"B0002","https://nci-naaccr-zone-design.github.io/louisiana-2020/?address=B0002","Both","Brain","10yrs","Grant, Winn, La Salle","Winnfield, St. Maurice, Pollock, Jordan Hill, Olla, Rock Hill, Jena",4.886,4.642,5.13,398419,6.369,6.05,6.687,99996,5.577,5.298,5.856,52512,21.89,23.85,18.79,76.04
"B0002","https://nci-naaccr-zone-design.github.io/louisiana-2020/?address=B0002","Female","Brain","10yrs","Grant, Winn, La Salle","Winnfield, St. Maurice, Pollock, Jordan Hill, Olla, Rock Hill, Jena",5.731,5.445,6.018,196495,5.384,5.114,5.653,38483,5.646,5.364,5.929,52512,21.89,23.85,18.79,76.04
"B0002","https://nci-naaccr-zone-design.github.io/louisiana-2020/?address=B0002","Male","Brain","10yrs","Grant, Winn, La Salle","Winnfield, St. Maurice, Pollock, Jordan Hill, Olla, Rock Hill, Jena",3.67,3.486,3.853,201924,7.073,6.719,7.426,61513,8.824,8.383,9.265,52512,21.89,23.85,18.79,76.04
"B0002","https://nci-naaccr-zone-design.github.io/louisiana-2020/?address=B0002","Both","Larynx","10yrs","Grant, Winn, La Salle","Winnfield, St. Maurice, Pollock, Jordan Hill, Olla, Rock Hill, Jena",4.552,4.324,4.779,398419,5.682,5.398,5.966,99996,8.383,7.964,8.802,52512,21.89,23.85,18.79,76.04
"B0002","https://nci-naaccr-zone-design.github.io/louisiana-2020/?address=B0002","Female","Larynx","10yrs","Grant, Winn, La Salle","Winnfield, St. Maurice, Pollock, Jordan Hill, Olla, Rock Hill, Jena",2.597,2.467,2.727,196495,2.273,2.159,2.387,38483,"","","",52512,21.89,23.85,18.79,76.04
"B0002","https://nci-naaccr-zone-design.github.io/louisiana-2020/?address=B0002","Male","Larynx","10yrs","Grant, Winn, La Salle","Winnfield, St. Maurice, Pollock, Jordan Hill, Olla, Rock Hill, Jena",5.021,4.77,5.272,201924,10.907,10.362,11.453,61513,6.124,5.818,6.43,52512,21.89,23.85,18.79,76.04
"B0002","https://nci-naaccr-zone-design.github.io/louisiana-2020/?address=B0002","Female","Ovary","10yrs","Grant, Winn, La Salle","Winnfield, St. Maurice, Pollock, Jordan Hill, Olla, Rock Hill, Jena",4.859,4.616,5.102,196495,8.684,8.25,9.118,38483,8.299,7.884,8.714,52512,21.89,23.85,18.79,76.04
"B0002","https://nci-naaccr-zone-design.github.io/louisiana-2020/?address=B0002","Both","Esoph","10yrs","Grant, Winn, La Salle","Winnfield, St. Maurice, Pollock, Jordan Hill, Olla, Rock Hill, Jena",6.617,6.286,6.948,398419,3.576,3.397,3.754,99996,6.666,6.332,6.999,52512,21.89,23.85,18.79,76.04
"B0002","https://nci-naaccr-zone-design.github.io/louisiana-2020/?address=B0002","Female","Esoph","10yrs","Grant, Winn, La Salle","Winnfield, St. Maurice, Pollock, Jordan Hill, Olla, Rock Hill, Jena",3.683,3.499,3.867,196495,2.812,2.672,2.953,38483,"","","",52512,21.89,23.85,18.79,76.04
"B0002","https://nci-naaccr-zone-design.github.io/louisiana-2020/?address=B0002","Male","Esoph","10yrs","Grant, Winn, La Salle","Winnfield, St. Maurice, Pollock, Jordan Hill, Olla, Rock Hill, Jena",7.952,7.555,8.35,201924,9.512,9.037,9.988,61513,14.034,13.332,14.736,52512,21.89,23.85,18.79,76.04
