"Zone","URL","Sex","Cancer","Years","Counties","Places","AAIR","LCI","UCI","White_PopTot","White_AAIR","White_LCI","White_UCI","Black_PopTot","Black_AAIR","Black_LCI","Black_UCI","TotalPop","Pct100Pov","PctMinority","PctBlackNH","PctRural"
"A9024","https://nci-naaccr-zone-design.github.io/louisiana-2020/?address=A9024","Both","AllSite","05yrs","Orleans","New Orleans",450.886,428.342,473.43,114148,510.709,485.174,536.244,163104,509.902,484.407,535.397,56013,31.64,64.87,54.51,0.0
"A9024","https://nci-naaccr-zone-design.github.io/louisiana-2020/?address=A9024","Female","AllSite","05yrs","Orleans","New Orleans",451.957,429.359,474.554,53006,419.804,398.814,440.795,83077,453.301,430.636,475.966,56013,31.64,64.87,54.51,0.0
"A9024","https://nci-naaccr-zone-design.github.io/louisiana-2020/?address=A9024","Male","AllSite","05yrs","Orleans","New Orleans",678.912,644.967,712.858,61141,541.357,514.29,568.425,80027,540.376,513.358,567.395,56013,31.64,64.87,54.51,0.0
"A9024","https://nci-naaccr-zone-design.github.io/louisiana-2020/?address=A9024","Male","Prostate","05yrs","Orleans","New Orleans",152.685,145.051,160.319,61141,211.396,200.826,221.966,80027,141.45,134.378,148.523,56013,31.64,64.87,54.51,0.0
"A9024","https://nci-naaccr-zone-design.github.io/louisiana-2020/?address=A9024","Both","Lung","05yrs","Orleans","New Orleans",66.66,63.327,69.993,114148,72.539,68.912,76.166,163104,64.149,60.941,67.356,56013,31.64,64.87,54.51,0.0
"A9024","https://nci-naaccr-zone-design.github.io/louisiana-2020/?address=A9024","Female","Lung","05yrs","Orleans","New Orleans",57.159,54.301,60.017,53006,62.486,59.362,65.611,83077,51.669,49.085,54.252,56013,31.64,64.87,54.51,0.0
"A9024","https://nci-naaccr-zone-design.github.io/louisiana-2020/?address=A9024","Male","Lung","05yrs","Orleans","New Orleans",58.777,55.838,61.716,61141,109.963,104.465,115.462,80027,75.134,71.377,78.89,56013,31.64,64.87,54.51,0.0
"A9024","https://nci-naaccr-zone-design.github.io/louisiana-2020/?address=A9024","Female","Breast","05yrs","Orleans","New Orleans",115.833,110.041,121.625,53006,135.46,128.687,142.233,83077,123.125,116.969,129.281,56013,31.64,64.87,54.51,0.0
"A9024","https://nci-naaccr-zone-design.github.io/louisiana-2020/?address=A9024","Both","CRC","05yrs","Orleans","New Orleans",54.097,51.392,56.802,114148,38.03,36.129,39.932,163104,38.9,36.955,40.845,56013,31.64,64.87,54.51,0.0
"A9024","https://nci-naaccr-zone-design.github.io/louisiana-2020/?address=A9024","Female","CRC","05yrs","Orleans","New Orleans",31.852,30.259,33.445,53006,46.21,43.899,48.52,83077,30.818,29.277,32.359,56013,31.64,64.87,54.51,0.0
"A9024","https://nci-naaccr-zone-design.github.io/louisiana-2020/?address=A9024","Male","CRC","05yrs","Orleans","New Orleans",65.578,62.299,68.857,61141,44.39,42.17,46.609,80027,59.649,56.667,62.631,56013,31.64,64.87,54.51,0.0
"A9024","https://nci-naaccr-zone-design.github.io/louisiana-2020/?address=A9024","Both","Kidney","05yrs","Orleans","New Orleans",18.488,17.564,19.413,114148,20.352,19.335,21.37,163104,19.995,18.996,20.995,56013,31.64,64.87,54.51,0.0
"A9024","https://nci-naaccr-zone-design.github.io/louisiana-2020/?address=A9024","Female","Kidney","05yrs","Orleans","New Orleans",14.263,13.55,14.977,53006,15.01,14.26,15.761,83077,16.61,15.78,17.441,56013,31.64,64.87,54.51,0.0
"A9024","https://nci-naaccr-zone-design.github.io/louisiana-2020/?address=A9024","Male","Kidney","05yrs","Orleans","New Orleans",22.729,21.592,23.865,61141,18.658,17.725,19.59,80027,21.656,20.573,22.739,56013,31.64,64.87,54.51,0.0
"A9024","https://nci-naaccr-zone-design.github.io/louisiana-2020/?address=A9024","Both","NHL","05yrs","Orleans","New Orleans",24.678,23.444,25.911,114148,22.873,21.729,24.016,163104,16.844,16.002,17.686,56013,31.64,64.87,54.51,0.0
"A9024","https://nci-naaccr-zone-design.github.io/louisiana-2020/?address=A9024","Female","NHL","05yrs","Orleans","New Orleans",17.306,16.441,18.172,53006,9.827,9.335,10.318,83077,8.961,8.513,9.409,56013,31.64,64.87,54.51,0.0
"A9024","https://nci-naaccr-zone-design.github.io/louisiana-2020/?address=A9024","Male","NHL","05yrs","Orleans","New Orleans",20.001,19.001,21.001,61141,19.261,18.298,20.224,80027,31.099,29.544,32.654,56013,31.64,64.87,54.51,0.0
"A9024","https://nci-naaccr-zone-design.github.io/louisiana-2020/?address=A9024","Both","Urinary","05yrs","Orleans","New Orleans",13.451,12.779,14.124,114148,26.835,25.493,28.177,163104,21.177,20.118,22.236,56013,31.64,64.87,54.51,0.0
"A9024","https://nci-naaccr-zone-design.github.io/louisiana-2020/?address=A9024","Female","Urinary","05yrs","Orleans","New Orleans",8.576,8.147,9.004,53006,7.643,7.261,8.025,83077,8.263,7.85,8.677,56013,31.64,64.87,54.51,0.0
"A9024","https://nci-naaccr-zone-design.github.io/louisiana-2020/?address=A9024","Male","Urinary","05yrs","Orleans","New Orleans",28.064,26.661,29.467,61141,41.597,39.518,43.677,80027,32.961,31.313,34.609,56013,31.64,64.87,54.51,0.0
"A9024","https://nci-naaccr-zone-design.github.io/louisiana-2020/?address=A9024","Both","Mela","05yrs","Orleans","New Orleans",6.411,6.09,6.731,114148,8.276,7.862,8.69,163104,24.144,22.937,25.351,56013,31.64,64.87,54.51,0.0
"A9024","https://nci-naaccr-zone-design.github.io/louisiana-2020/?address=A9024","Female","Mela","05yrs","Orleans","New Orleans",13.276,12.613,13.94,53006,9.083,8.629,9.537,83077,9.896,9.401,10.391,56013,31.64,64.87,54.51,0.0
"A9024","https://nci-naaccr-zone-design.github.io/louisiana-2020/?address=A9024","Male","Mela","05yrs","Orleans","New Orleans",8.561,8.133,8.989,61141,13.831,13.14,14.523,80027,20.764,19.726,21.802,56013,31.64,64.87,54.51,0.0
"A9024","https://nci-naaccr-zone-design.github.io/louisiana-2020/?address=A9024","Both","Pancreas","05yrs","Orleans","New Orleans",11.882,11.288,12.476,114148,10.271,9.757,10.784,163104,14.417,13.696,15.138,56013,31.64,64.87,54.51,0.0
"A9024","https://nci-naaccr-zone-design.github.io/louisiana-2020/?address=A9024","Female","Pancreas","05yrs","Orleans","New Orleans",16.431,15.609,17.252,53006,10.444,9.922,10.966,83077,16.183,15.374,16.992,56013,31.64,64.87,54.51,0.0
"A9024","https://nci-naaccr-zone-design.github.io/louisiana-2020/?address=A9024","Male","Pancreas","05yrs","Orleans","New Orleans",19.024,18.073,19.975,61141,14.834,14.093,15.576,80027,11.456,10.883,12.029,56013,31.64,64.87,54.51,0.0
"A9024","https://nci-naaccr-zone-design.github.io/louisiana-2020/?address=A9024","Both","Leuks","05yrs","Orleans","New Orleans",16.367,15.548,17.185,114148,9.756,9.269,10.244,163104,14.56,13.832,15.288,56013,31.64,64.87,54.51,0.0
"A9024","https://nci-naaccr-zone-design.github.io/louisiana-2020/?address=A9024","Female","Leuks","05yrs","Orleans","New Orleans",8.417,7.996,8.838,53006,11.942,11.345,12.539,83077,15.128,14.372,15.885,56013,31.64,64.87,54.51,0.0
"A9024","https://nci-naaccr-zone-design.github.io/louisiana-2020/?address=A9024","Male","Leuks","05yrs","Orleans","New Orleans",18.471,17.547,19.394,61141,14.22,13.509,14.931,80027,22.756,21.618,23.894,56013,31.64,64.87,54.51,0.0
"A9024","https://nci-naaccr-zone-design.github.io/louisiana-2020/?address=A9024","Both","Oral","05yrs","Orleans","New Orleans",7.829,7.437,8.22,114148,9.071,8.618,9.525,163104,8.935,8.488,9.382,56013,31.64,64.87,54.51,0.0
"A9024","https://nci-naaccr-zone-design.github.io/louisiana-2020/?address=A9024","Female","Oral","05yrs","Orleans","New Orleans",6.696,6.361,7.031,53006,8.937,8.49,9.383,83077,"","","",56013,31.64,64.87,54.51,0.0
"A9024","https://nci-naaccr-zone-design.github.io/louisiana-2020/?address=A9024","Male","Oral","05yrs","Orleans","New Orleans",14.617,13.886,15.347,61141,10.278,9.764,10.792,80027,16.539,15.712,17.366,56013,31.64,64.87,54.51,0.0
"A9024","https://nci-naaccr-zone-design.github.io/louisiana-2020/?address=A9024","Both","Thyroid","05yrs","Orleans","New Orleans",8.521,8.095,8.947,114148,10.167,9.659,10.676,163104,11.988,11.388,12.587,56013,31.64,64.87,54.51,0.0
"A9024","https://nci-naaccr-zone-design.github.io/louisiana-2020/?address=A9024","Female","Thyroid","05yrs","Orleans","New Orleans",11.571,10.992,12.149,53006,13.113,12.457,13.769,83077,10.636,10.104,11.168,56013,31.64,64.87,54.51,0.0
"A9024","https://nci-naaccr-zone-design.github.io/louisiana-2020/?address=A9024","Male","Thyroid","05yrs","Orleans","New Orleans",6.663,6.33,6.996,61141,7.344,6.976,7.711,80027,4.276,4.063,4.49,56013,31.64,64.87,54.51,0.0
"A9024","https://nci-naaccr-zone-design.github.io/louisiana-2020/?address=A9024","Female","Uterine","05yrs","Orleans","New Orleans",22.832,21.69,23.974,53006,20.393,19.373,21.413,83077,15.048,14.296,15.8,56013,31.64,64.87,54.51,0.0
"A9024","https://nci-naaccr-zone-design.github.io/louisiana-2020/?address=A9024","Both","Liver","05yrs","Orleans","New Orleans",13.263,12.6,13.927,114148,9.927,9.431,10.424,163104,12.873,12.229,13.517,56013,31.64,64.87,54.51,0.0
"A9024","https://nci-naaccr-zone-design.github.io/louisiana-2020/?address=A9024","Female","Liver","05yrs","Orleans","New Orleans","","","",53006,"","","",83077,"","","",56013,31.64,64.87,54.51,0.0
"A9024","https://nci-naaccr-zone-design.github.io/louisiana-2020/?address=A9024","Male","Liver","05yrs","Orleans","New Orleans",12.683,12.049,13.318,61141,17.024,16.173,17.876,80027,8.053,7.65,8.455,56013,31.64,64.87,54.51,0.0
"A9024","https://nci-naaccr-zone-design.github.io/louisiana-2020/?address=A9024","Both","Stomach","05yrs","Orleans","New Orleans",11.067,10.514,11.621,114148,4.965,4.716,5.213,163104,8.348,7.931,8.766,56013,31.64,64.87,54.51,0.0
"A9024","https://nci-naaccr-zone-design.github.io/louisiana-2020/?address=A9024","Female","Stomach","05yrs","Orleans","New Orleans",2.975,2.826,3.124,53006,10.171,9.663,10.68,83077,3.843,3.651,4.035,56013,31.64,64.87,54.51,0.0
"A9024","https://nci-naaccr-zone-design.github.io/louisiana-2020/?address=A9024","Male","Stomach","05yrs","Orleans","New Orleans",12.732,12.096,13.369,61141,16.044,15.242,16.846,80027,14.852,14.11,15.595,56013,31.64,64.87,54.51,0.0
"A9024","https://nci-naaccr-zone-design.github.io/louisiana-2020/?address=A9024","Both","Myeloma","05yrs","Orleans","New Orleans",5.457,5.184,5.73,114148,14.263,13.55,14.976,163104,10.025,9.524,10.526,56013,31.64,64.87,54.51,0.0
"A9024","https://nci-naaccr-zone-design.github.io/louisiana-2020/?address=A9024","Female","Myeloma","05yrs","Orleans","New Orleans",12.379,11.76,12.998,53006,7.765,7.377,8.153,83077,7.87,7.477,8.264,56013,31.64,64.87,54.51,0.0
"A9024","https://nci-naaccr-zone-design.github.io/louisiana-2020/?address=A9024","Male","Myeloma","05yrs","Orleans","New Orleans",4.983,4.734,5.232,61141,12.894,12.25,13.539,80027,10.38,9.861,10.899,56013,31.64,64.87,54.51,0.0
"A9024","https://nci-naaccr-zone-design.github.io/louisiana-2020/?address=A9024","Both","Brain","05yrs","Orleans","New Orleans",7.86,7.467,8.253,114148,5.321,5.055,5.587,163104,4.207,3.996,4.417,56013,31.64,64.87,54.51,0.0
"A9024","https://nci-naaccr-zone-design.github.io/louisiana-2020/?address=A9024","Female","Brain","05yrs","Orleans","New Orleans",3.564,3.386,3.742,53006,7.647,7.264,8.029,83077,6.913,6.567,7.259,56013,31.64,64.87,54.51,0.0
"A9024","https://nci-naaccr-zone-design.github.io/louisiana-2020/?address=A9024","Male","Brain","05yrs","Orleans","New Orleans",4.146,3.939,4.354,61141,"","","",80027,"","","",56013,31.64,64.87,54.51,0.0
"A9024","https://nci-naaccr-zone-design.github.io/louisiana-2020/?address=A9024","Both","Larynx","05yrs","Orleans","New Orleans",3.479,3.306,3.653,114148,6.339,6.022,6.656,163104,5.486,5.211,5.76,56013,31.64,64.87,54.51,0.0
"A9024","https://nci-naaccr-zone-design.github.io/louisiana-2020/?address=A9024","Female","Larynx","05yrs","Orleans","New Orleans",3.062,2.908,3.215,53006,"","","",83077,"","","",56013,31.64,64.87,54.51,0.0
"A9024","https://nci-naaccr-zone-design.github.io/louisiana-2020/?address=A9024","Male","Larynx","05yrs","Orleans","New Orleans",5.814,5.523,6.104,61141,8.249,7.837,8.662,80027,9.555,9.077,10.032,56013,31.64,64.87,54.51,0.0
"A9024","https://nci-naaccr-zone-design.github.io/louisiana-2020/?address=A9024","Female","Ovary","05yrs","Orleans","New Orleans",8.283,7.869,8.697,53006,7.218,6.858,7.579,83077,14.728,13.991,15.464,56013,31.64,64.87,54.51,0.0
"A9024","https://nci-naaccr-zone-design.github.io/louisiana-2020/?address=A9024","Both","Esoph","05yrs","Orleans","New Orleans",2.913,2.768,3.059,114148,6.909,6.564,7.255,163104,3.433,3.262,3.605,56013,31.64,64.87,54.51,0.0
"A9024","https://nci-naaccr-zone-design.github.io/louisiana-2020/?address=A9024","Female","Esoph","05yrs","Orleans","New Orleans",3.459,3.286,3.632,53006,"","","",83077,"","","",56013,31.64,64.87,54.51,0.0
"A9024","https://nci-naaccr-zone-design.github.io/louisiana-2020/?address=A9024","Male","Esoph","05yrs","Orleans","New Orleans",13.959,13.261,14.657,61141,8.151,7.743,8.559,80027,11.489,10.914,12.063,56013,31.64,64.87,54.51,0.0
"A9024","https://nci-naaccr-zone-design.github.io/louisiana-2020/?address=A9024","Both","AllSite","10yrs","Orleans","New Orleans",453.16,430.502,475.819,196546,467.781,444.392,491.17,299751,474.276,450.562,497.99,56013,31.64,64.87,54.51,0.0
"A9024","https://nci-naaccr-zone-design.github.io/louisiana-2020/?address=A9024","Female","AllSite","10yrs","Orleans","New Orleans",382.462,363.339,401.585,90663,442.658,420.525,464.79,152299,389.042,369.59,408.494,56013,31.64,64.87,54.51,0.0
"A9024","https://nci-naaccr-zone-design.github.io/louisiana-2020/?address=A9024","Male","AllSite","10yrs","Orleans","New Orleans",528.655,502.223,555.088,105883,579.124,550.168,608.08,147452,561.649,533.566,589.731,56013,31.64,64.87,54.51,0.0
"A9024","https://nci-naaccr-zone-design.github.io/louisiana-2020/?address=A9024","Male","Prostate","10yrs","Orleans","New Orleans",168.742,160.305,177.179,105883,160.173,152.164,168.181,147452,195.255,185.492,205.018,56013,31.64,64.87,54.51,0.0
"A9024","https://nci-naaccr-zone-design.github.io/louisiana-2020/?address=A9024","Both","Lung","10yrs","Orleans","New Orleans",85.654,81.371,89.936,196546,57.648,54.766,60.53,299751,73.893,70.199,77.588,56013,31.64,64.87,54.51,0.0
"A9024","https://nci-naaccr-zone-design.github.io/louisiana-2020/?address=A9024","Female","Lung","10yrs","Orleans","New Orleans",49.273,46.809,51.737,90663,54.044,51.342,56.747,152299,60.143,57.136,63.15,56013,31.64,64.87,54.51,0.0
"A9024","https://nci-naaccr-zone-design.github.io/louisiana-2020/?address=A9024","Male","Lung","10yrs","Orleans","New Orleans",58.047,55.144,60.949,105883,94.585,89.855,99.314,147452,52.633,50.001,55.265,56013,31.64,64.87,54.51,0.0
"A9024","https://nci-naaccr-zone-design.github.io/louisiana-2020/?address=A9024","Female","Breast","10yrs","Orleans","New Orleans",113.671,107.987,119.354,90663,106.855,101.513,112.198,152299,124.01,117.809,130.21,56013,31.64,64.87,54.51,0.0
"A9024","https://nci-naaccr-zone-design.github.io/louisiana-2020/?address=A9024","Both","CRC","10yrs","Orleans","New Orleans",56.864,54.021,59.707,196546,41.548,39.47,43.625,299751,53.55,50.873,56.228,56013,31.64,64.87,54.51,0.0
"A9024","https://nci-naaccr-zone-design.github.io/louisiana-2020/?address=A9024","Female","CRC","10yrs","Orleans","New Orleans",34.078,32.374,35.782,90663,41.902,39.807,43.997,152299,33.551,31.873,35.228,56013,31.64,64.87,54.51,0.0
"A9024","https://nci-naaccr-zone-design.github.io/louisiana-2020/?address=A9024","Male","CRC","10yrs","Orleans","New Orleans",66.274,62.96,69.588,105883,74.943,71.196,78.69,147452,56.194,53.384,59.004,56013,31.64,64.87,54.51,0.0
"A9024","https://nci-naaccr-zone-design.github.io/louisiana-2020/?address=A9024","Both","Kidney","10yrs","Orleans","New Orleans",17.878,16.984,18.772,196546,22.362,21.244,23.48,299751,17.807,16.916,18.697,56013,31.64,64.87,54.51,0.0
"A9024","https://nci-naaccr-zone-design.github.io/louisiana-2020/?address=A9024","Female","Kidney","10yrs","Orleans","New Orleans",20.325,19.309,21.342,90663,11.705,11.119,12.29,152299,12.795,12.155,13.435,56013,31.64,64.87,54.51,0.0
"A9024","https://nci-naaccr-zone-design.github.io/louisiana-2020/?address=A9024","Male","Kidney","10yrs","Orleans","New Orleans",25.626,24.344,26.907,105883,25.329,24.063,26.595,147452,23.779,22.59,24.968,56013,31.64,64.87,54.51,0.0
"A9024","https://nci-naaccr-zone-design.github.io/louisiana-2020/?address=A9024","Both","NHL","10yrs","Orleans","New Orleans",20.602,19.572,21.632,196546,18.282,17.368,19.196,299751,16.833,15.991,17.674,56013,31.64,64.87,54.51,0.0
"A9024","https://nci-naaccr-zone-design.github.io/louisiana-2020/?address=A9024","Female","NHL","10yrs","Orleans","New Orleans",9.462,8.989,9.935,90663,12.113,11.508,12.719,152299,15.997,15.197,16.797,56013,31.64,64.87,54.51,0.0
"A9024","https://nci-naaccr-zone-design.github.io/louisiana-2020/?address=A9024","Male","NHL","10yrs","Orleans","New Orleans",22.946,21.799,24.094,105883,17.299,16.434,18.164,147452,20.331,19.314,21.347,56013,31.64,64.87,54.51,0.0
"A9024","https://nci-naaccr-zone-design.github.io/louisiana-2020/?address=A9024","Both","Urinary","10yrs","Orleans","New Orleans",15.1,14.345,15.855,196546,24.699,23.464,25.934,299751,19.08,18.126,20.034,56013,31.64,64.87,54.51,0.0
"A9024","https://nci-naaccr-zone-design.github.io/louisiana-2020/?address=A9024","Female","Urinary","10yrs","Orleans","New Orleans",12.287,11.673,12.902,90663,9.664,9.18,10.147,152299,3.746,3.559,3.934,56013,31.64,64.87,54.51,0.0
"A9024","https://nci-naaccr-zone-design.github.io/louisiana-2020/?address=A9024","Male","Urinary","10yrs","Orleans","New Orleans",32.222,30.611,33.833,105883,20.924,19.878,21.97,147452,48.586,46.157,51.016,56013,31.64,64.87,54.51,0.0
"A9024","https://nci-naaccr-zone-design.github.io/louisiana-2020/?address=A9024","Both","Mela","10yrs","Orleans","New Orleans",26.939,25.592,28.286,196546,12.719,12.083,13.355,299751,10.618,10.087,11.149,56013,31.64,64.87,54.51,0.0
"A9024","https://nci-naaccr-zone-design.github.io/louisiana-2020/?address=A9024","Female","Mela","10yrs","Orleans","New Orleans",2.985,2.836,3.135,90663,13.179,12.52,13.838,152299,9.078,8.624,9.532,56013,31.64,64.87,54.51,0.0
"A9024","https://nci-naaccr-zone-design.github.io/louisiana-2020/?address=A9024","Male","Mela","10yrs","Orleans","New Orleans",17.191,16.331,18.05,105883,16.614,15.784,17.445,147452,21.929,20.832,23.025,56013,31.64,64.87,54.51,0.0
"A9024","https://nci-naaccr-zone-design.github.io/louisiana-2020/?address=A9024","Both","Pancreas","10yrs","Orleans","New Orleans",15.049,14.297,15.802,196546,12.125,11.519,12.732,299751,18.037,17.135,18.939,56013,31.64,64.87,54.51,0.0
"A9024","https://nci-naaccr-zone-design.github.io/louisiana-2020/?address=A9024","Female","Pancreas","10yrs","Orleans","New Orleans",12.374,11.755,12.992,90663,9.925,9.429,10.421,152299,17.452,16.579,18.324,56013,31.64,64.87,54.51,0.0
"A9024","https://nci-naaccr-zone-design.github.io/louisiana-2020/?address=A9024","Male","Pancreas","10yrs","Orleans","New Orleans",21.071,20.018,22.125,105883,17.826,16.934,18.717,147452,9.759,9.271,10.247,56013,31.64,64.87,54.51,0.0
"A9024","https://nci-naaccr-zone-design.github.io/louisiana-2020/?address=A9024","Both","Leuks","10yrs","Orleans","New Orleans",13.006,12.356,13.657,196546,13.258,12.595,13.921,299751,12.452,11.829,13.074,56013,31.64,64.87,54.51,0.0
"A9024","https://nci-naaccr-zone-design.github.io/louisiana-2020/?address=A9024","Female","Leuks","10yrs","Orleans","New Orleans",15.603,14.823,16.383,90663,9.027,8.576,9.479,152299,13.211,12.551,13.872,56013,31.64,64.87,54.51,0.0
"A9024","https://nci-naaccr-zone-design.github.io/louisiana-2020/?address=A9024","Male","Leuks","10yrs","Orleans","New Orleans",23.135,21.978,24.292,105883,10.015,9.514,10.516,147452,20.96,19.912,22.008,56013,31.64,64.87,54.51,0.0
"A9024","https://nci-naaccr-zone-design.github.io/louisiana-2020/?address=A9024","Both","Oral","10yrs","Orleans","New Orleans",6.468,6.145,6.792,196546,10.71,10.175,11.246,299751,12.549,11.922,13.176,56013,31.64,64.87,54.51,0.0
"A9024","https://nci-naaccr-zone-design.github.io/louisiana-2020/?address=A9024","Female","Oral","10yrs","Orleans","New Orleans",2.153,2.046,2.261,90663,2.584,2.455,2.713,152299,3.881,3.687,4.075,56013,31.64,64.87,54.51,0.0
"A9024","https://nci-naaccr-zone-design.github.io/louisiana-2020/?address=A9024","Male","Oral","10yrs","Orleans","New Orleans",18.168,17.259,19.076,105883,23.305,22.14,24.47,147452,12.225,11.614,12.836,56013,31.64,64.87,54.51,0.0
"A9024","https://nci-naaccr-zone-design.github.io/louisiana-2020/?address=A9024","Both","Thyroid","10yrs","Orleans","New Orleans",7.774,7.386,8.163,196546,14.208,13.497,14.918,299751,9.884,9.389,10.378,56013,31.64,64.87,54.51,0.0
"A9024","https://nci-naaccr-zone-design.github.io/louisiana-2020/?address=A9024","Female","Thyroid","10yrs","Orleans","New Orleans",19.673,18.689,20.657,90663,14.177,13.468,14.886,152299,10.632,10.1,11.163,56013,31.64,64.87,54.51,0.0
"A9024","https://nci-naaccr-zone-design.github.io/louisiana-2020/?address=A9024","Male","Thyroid","10yrs","Orleans","New Orleans",3.981,3.782,4.18,105883,4.313,4.097,4.528,147452,3.042,2.889,3.194,56013,31.64,64.87,54.51,0.0
"A9024","https://nci-naaccr-zone-design.github.io/louisiana-2020/?address=A9024","Female","Uterine","10yrs","Orleans","New Orleans",24.153,22.946,25.361,90663,17.519,16.643,18.395,152299,23.551,22.373,24.728,56013,31.64,64.87,54.51,0.0
"A9024","https://nci-naaccr-zone-design.github.io/louisiana-2020/?address=A9024","Both","Liver","10yrs","Orleans","New Orleans",15.061,14.308,15.814,196546,8.497,8.072,8.921,299751,12.997,12.347,13.647,56013,31.64,64.87,54.51,0.0
"A9024","https://nci-naaccr-zone-design.github.io/louisiana-2020/?address=A9024","Female","Liver","10yrs","Orleans","New Orleans",5.933,5.636,6.229,90663,4.185,3.976,4.394,152299,2.843,2.701,2.985,56013,31.64,64.87,54.51,0.0
"A9024","https://nci-naaccr-zone-design.github.io/louisiana-2020/?address=A9024","Male","Liver","10yrs","Orleans","New Orleans",8.72,8.284,9.156,105883,15.152,14.394,15.909,147452,15.656,14.873,16.438,56013,31.64,64.87,54.51,0.0
"A9024","https://nci-naaccr-zone-design.github.io/louisiana-2020/?address=A9024","Both","Stomach","10yrs","Orleans","New Orleans",8.329,7.913,8.746,196546,5.885,5.591,6.179,299751,10.65,10.117,11.182,56013,31.64,64.87,54.51,0.0
"A9024","https://nci-naaccr-zone-design.github.io/louisiana-2020/?address=A9024","Female","Stomach","10yrs","Orleans","New Orleans",3.072,2.918,3.225,90663,8.37,7.951,8.788,152299,9.918,9.423,10.414,56013,31.64,64.87,54.51,0.0
"A9024","https://nci-naaccr-zone-design.github.io/louisiana-2020/?address=A9024","Male","Stomach","10yrs","Orleans","New Orleans",11.24,10.678,11.802,105883,9.709,9.223,10.194,147452,6.673,6.34,7.007,56013,31.64,64.87,54.51,0.0
"A9024","https://nci-naaccr-zone-design.github.io/louisiana-2020/?address=A9024","Both","Myeloma","10yrs","Orleans","New Orleans",13.358,12.69,14.026,196546,9.931,9.434,10.427,299751,13.932,13.236,14.629,56013,31.64,64.87,54.51,0.0
"A9024","https://nci-naaccr-zone-design.github.io/louisiana-2020/?address=A9024","Female","Myeloma","10yrs","Orleans","New Orleans",2.482,2.358,2.606,90663,3.788,3.598,3.977,152299,3.378,3.209,3.547,56013,31.64,64.87,54.51,0.0
"A9024","https://nci-naaccr-zone-design.github.io/louisiana-2020/?address=A9024","Male","Myeloma","10yrs","Orleans","New Orleans",12.17,11.562,12.779,105883,16.631,15.799,17.463,147452,10.605,10.075,11.135,56013,31.64,64.87,54.51,0.0
"A9024","https://nci-naaccr-zone-design.github.io/louisiana-2020/?address=A9024","Both","Brain","10yrs","Orleans","New Orleans",5.525,5.249,5.802,196546,8.393,7.974,8.813,299751,4.128,3.921,4.334,56013,31.64,64.87,54.51,0.0
"A9024","https://nci-naaccr-zone-design.github.io/louisiana-2020/?address=A9024","Female","Brain","10yrs","Orleans","New Orleans",4.566,4.337,4.794,90663,6.892,6.547,7.236,152299,4.443,4.221,4.665,56013,31.64,64.87,54.51,0.0
"A9024","https://nci-naaccr-zone-design.github.io/louisiana-2020/?address=A9024","Male","Brain","10yrs","Orleans","New Orleans",4.756,4.518,4.994,105883,9.958,9.46,10.455,147452,6.196,5.886,6.505,56013,31.64,64.87,54.51,0.0
"A9024","https://nci-naaccr-zone-design.github.io/louisiana-2020/?address=A9024","Both","Larynx","10yrs","Orleans","New Orleans",6.25,5.937,6.562,196546,7.317,6.952,7.683,299751,8.046,7.643,8.448,56013,31.64,64.87,54.51,0.0
"A9024","https://nci-naaccr-zone-design.github.io/louisiana-2020/?address=A9024","Female","Larynx","10yrs","Orleans","New Orleans",0.601,0.571,0.631,90663,1.892,1.797,1.986,152299,2.588,2.458,2.717,56013,31.64,64.87,54.51,0.0
"A9024","https://nci-naaccr-zone-design.github.io/louisiana-2020/?address=A9024","Male","Larynx","10yrs","Orleans","New Orleans",12.634,12.002,13.266,105883,10.735,10.199,11.272,147452,8.216,7.805,8.627,56013,31.64,64.87,54.51,0.0
"A9024","https://nci-naaccr-zone-design.github.io/louisiana-2020/?address=A9024","Female","Ovary","10yrs","Orleans","New Orleans",12.312,11.697,12.928,90663,4.822,4.581,5.063,152299,12.544,11.917,13.171,56013,31.64,64.87,54.51,0.0
"A9024","https://nci-naaccr-zone-design.github.io/louisiana-2020/?address=A9024","Both","Esoph","10yrs","Orleans","New Orleans",5.955,5.657,6.253,196546,4.56,4.332,4.788,299751,6.765,6.426,7.103,56013,31.64,64.87,54.51,0.0
"A9024","https://nci-naaccr-zone-design.github.io/louisiana-2020/?address=A9024","Female","Esoph","10yrs","Orleans","New Orleans",2.82,2.679,2.961,90663,2.942,2.795,3.089,152299,1.74,1.653,1.827,56013,31.64,64.87,54.51,0.0
"A9024","https://nci-naaccr-zone-design.github.io/louisiana-2020/?address=A9024","Male","Esoph","10yrs","Orleans","New Orleans",6.198,5.888,6.507,105883,7.535,7.158,7.912,147452,5.0,4.75,5.25,56013,31.64,64.87,54.51,0.0
