"Zone","URL","Sex","Cancer","Years","Counties","Places","AAIR","LCI","UCI","White_PopTot","White_AAIR","White_LCI","White_UCI","Black_PopTot","Black_AAIR","Black_LCI","Black_UCI","TotalPop","Pct100Pov","PctMinority","PctBlackNH","PctRural"
"A9048","https://nci-naaccr-zone-design.github.io/louisiana-2020/?address=A9048","Both","AllSite","05yrs","East Baton Rouge","Baton Rouge",465.607,442.327,488.887,142080,522.846,496.703,548.988,152043,441.466,419.392,463.539,63686,40.84,59.16,49.44,0.74
"A9048","https://nci-naaccr-zone-design.github.io/louisiana-2020/?address=A9048","Female","AllSite","05yrs","East Baton Rouge","Baton Rouge",417.666,396.783,438.55,69311,371.769,353.18,390.357,80689,415.404,394.634,436.174,63686,40.84,59.16,49.44,0.74
"A9048","https://nci-naaccr-zone-design.github.io/louisiana-2020/?address=A9048","Male","AllSite","05yrs","East Baton Rouge","Baton Rouge",528.352,501.935,554.77,72770,649.126,616.67,681.583,71354,533.939,507.242,560.636,63686,40.84,59.16,49.44,0.74
"A9048","https://nci-naaccr-zone-design.github.io/louisiana-2020/?address=A9048","Male","Prostate","05yrs","East Baton Rouge","Baton Rouge",214.469,203.745,225.192,72770,184.195,174.985,193.404,71354,190.571,181.042,200.099,63686,40.84,59.16,49.44,0.74
"A9048","https://nci-naaccr-zone-design.github.io/louisiana-2020/?address=A9048","Both","Lung","05yrs","East Baton Rouge","Baton Rouge",54.173,51.464,56.882,142080,53.125,50.469,55.781,152043,91.38,86.811,95.948,63686,40.84,59.16,49.44,0.74
"A9048","https://nci-naaccr-zone-design.github.io/louisiana-2020/?address=A9048","Female","Lung","05yrs","East Baton Rouge","Baton Rouge",45.731,43.444,48.017,69311,57.997,55.097,60.896,80689,54.121,51.415,56.827,63686,40.84,59.16,49.44,0.74
"A9048","https://nci-naaccr-zone-design.github.io/louisiana-2020/?address=A9048","Male","Lung","05yrs","East Baton Rouge","Baton Rouge",68.754,65.316,72.191,72770,105.81,100.519,111.1,71354,95.468,90.695,100.242,63686,40.84,59.16,49.44,0.74
"A9048","https://nci-naaccr-zone-design.github.io/louisiana-2020/?address=A9048","Female","Breast","05yrs","East Baton Rouge","Baton Rouge",130.746,124.209,137.284,69311,114.414,108.693,120.135,80689,105.241,99.979,110.504,63686,40.84,59.16,49.44,0.74
"A9048","https://nci-naaccr-zone-design.github.io/louisiana-2020/?address=A9048","Both","CRC","05yrs","East Baton Rouge","Baton Rouge",53.91,51.214,56.605,142080,49.51,47.035,51.986,152043,37.133,35.276,38.989,63686,40.84,59.16,49.44,0.74
"A9048","https://nci-naaccr-zone-design.github.io/louisiana-2020/?address=A9048","Female","CRC","05yrs","East Baton Rouge","Baton Rouge",35.607,33.827,37.388,69311,30.713,29.177,32.249,80689,45.264,43.0,47.527,63686,40.84,59.16,49.44,0.74
"A9048","https://nci-naaccr-zone-design.github.io/louisiana-2020/?address=A9048","Male","CRC","05yrs","East Baton Rouge","Baton Rouge",44.26,42.047,46.473,72770,63.053,59.9,66.205,71354,70.184,66.675,73.694,63686,40.84,59.16,49.44,0.74
"A9048","https://nci-naaccr-zone-design.github.io/louisiana-2020/?address=A9048","Both","Kidney","05yrs","East Baton Rouge","Baton Rouge",17.274,16.411,18.138,142080,24.507,23.282,25.733,152043,25.11,23.855,26.366,63686,40.84,59.16,49.44,0.74
"A9048","https://nci-naaccr-zone-design.github.io/louisiana-2020/?address=A9048","Female","Kidney","05yrs","East Baton Rouge","Baton Rouge",17.578,16.699,18.457,69311,13.32,12.654,13.986,80689,18.855,17.912,19.798,63686,40.84,59.16,49.44,0.74
"A9048","https://nci-naaccr-zone-design.github.io/louisiana-2020/?address=A9048","Male","Kidney","05yrs","East Baton Rouge","Baton Rouge",27.202,25.842,28.562,72770,17.415,16.544,18.286,71354,25.031,23.78,26.283,63686,40.84,59.16,49.44,0.74
"A9048","https://nci-naaccr-zone-design.github.io/louisiana-2020/?address=A9048","Both","NHL","05yrs","East Baton Rouge","Baton Rouge",14.961,14.213,15.709,142080,15.389,14.62,16.159,152043,19.082,18.128,20.037,63686,40.84,59.16,49.44,0.74
"A9048","https://nci-naaccr-zone-design.github.io/louisiana-2020/?address=A9048","Female","NHL","05yrs","East Baton Rouge","Baton Rouge",17.284,16.42,18.148,69311,13.741,13.054,14.428,80689,14.361,13.643,15.079,63686,40.84,59.16,49.44,0.74
"A9048","https://nci-naaccr-zone-design.github.io/louisiana-2020/?address=A9048","Male","NHL","05yrs","East Baton Rouge","Baton Rouge",31.699,30.114,33.284,72770,20.888,19.844,21.933,71354,17.105,16.25,17.961,63686,40.84,59.16,49.44,0.74
"A9048","https://nci-naaccr-zone-design.github.io/louisiana-2020/?address=A9048","Both","Urinary","05yrs","East Baton Rouge","Baton Rouge",15.612,14.831,16.392,142080,19.4,18.43,20.37,152043,24.729,23.492,25.965,63686,40.84,59.16,49.44,0.74
"A9048","https://nci-naaccr-zone-design.github.io/louisiana-2020/?address=A9048","Female","Urinary","05yrs","East Baton Rouge","Baton Rouge",5.014,4.764,5.265,69311,"","","",80689,4.112,3.907,4.318,63686,40.84,59.16,49.44,0.74
"A9048","https://nci-naaccr-zone-design.github.io/louisiana-2020/?address=A9048","Male","Urinary","05yrs","East Baton Rouge","Baton Rouge",25.379,24.11,26.648,72770,21.98,20.881,23.079,71354,39.673,37.689,41.656,63686,40.84,59.16,49.44,0.74
"A9048","https://nci-naaccr-zone-design.github.io/louisiana-2020/?address=A9048","Both","Mela","05yrs","East Baton Rouge","Baton Rouge",3.181,3.022,3.34,142080,17.075,16.221,17.929,152043,15.104,14.349,15.86,63686,40.84,59.16,49.44,0.74
"A9048","https://nci-naaccr-zone-design.github.io/louisiana-2020/?address=A9048","Female","Mela","05yrs","East Baton Rouge","Baton Rouge",10.168,9.659,10.676,69311,13.624,12.942,14.305,80689,17.053,16.2,17.905,63686,40.84,59.16,49.44,0.74
"A9048","https://nci-naaccr-zone-design.github.io/louisiana-2020/?address=A9048","Male","Mela","05yrs","East Baton Rouge","Baton Rouge",22.391,21.271,23.511,72770,39.702,37.717,41.687,71354,33.97,32.272,35.669,63686,40.84,59.16,49.44,0.74
"A9048","https://nci-naaccr-zone-design.github.io/louisiana-2020/?address=A9048","Both","Pancreas","05yrs","East Baton Rouge","Baton Rouge",14.355,13.637,15.072,142080,9.877,9.384,10.371,152043,16.185,15.376,16.995,63686,40.84,59.16,49.44,0.74
"A9048","https://nci-naaccr-zone-design.github.io/louisiana-2020/?address=A9048","Female","Pancreas","05yrs","East Baton Rouge","Baton Rouge",13.949,13.252,14.647,69311,10.636,10.104,11.168,80689,17.28,16.416,18.144,63686,40.84,59.16,49.44,0.74
"A9048","https://nci-naaccr-zone-design.github.io/louisiana-2020/?address=A9048","Male","Pancreas","05yrs","East Baton Rouge","Baton Rouge",17.664,16.781,18.547,72770,17.765,16.876,18.653,71354,18.667,17.733,19.6,63686,40.84,59.16,49.44,0.74
"A9048","https://nci-naaccr-zone-design.github.io/louisiana-2020/?address=A9048","Both","Leuks","05yrs","East Baton Rouge","Baton Rouge",11.22,10.659,11.781,142080,11.486,10.911,12.06,152043,14.819,14.078,15.559,63686,40.84,59.16,49.44,0.74
"A9048","https://nci-naaccr-zone-design.github.io/louisiana-2020/?address=A9048","Female","Leuks","05yrs","East Baton Rouge","Baton Rouge",14.346,13.628,15.063,69311,9.888,9.393,10.382,80689,10.084,9.579,10.588,63686,40.84,59.16,49.44,0.74
"A9048","https://nci-naaccr-zone-design.github.io/louisiana-2020/?address=A9048","Male","Leuks","05yrs","East Baton Rouge","Baton Rouge",19.049,18.097,20.002,72770,16.541,15.714,17.368,71354,13.381,12.712,14.051,63686,40.84,59.16,49.44,0.74
"A9048","https://nci-naaccr-zone-design.github.io/louisiana-2020/?address=A9048","Both","Oral","05yrs","East Baton Rouge","Baton Rouge",7.142,6.785,7.499,142080,9.344,8.876,9.811,152043,12.188,11.579,12.797,63686,40.84,59.16,49.44,0.74
"A9048","https://nci-naaccr-zone-design.github.io/louisiana-2020/?address=A9048","Female","Oral","05yrs","East Baton Rouge","Baton Rouge",4.712,4.477,4.948,69311,5.372,5.103,5.64,80689,6.844,6.502,7.187,63686,40.84,59.16,49.44,0.74
"A9048","https://nci-naaccr-zone-design.github.io/louisiana-2020/?address=A9048","Male","Oral","05yrs","East Baton Rouge","Baton Rouge",14.08,13.376,14.784,72770,12.793,12.153,13.433,71354,27.21,25.85,28.571,63686,40.84,59.16,49.44,0.74
"A9048","https://nci-naaccr-zone-design.github.io/louisiana-2020/?address=A9048","Both","Thyroid","05yrs","East Baton Rouge","Baton Rouge",15.762,14.974,16.551,142080,12.474,11.851,13.098,152043,13.798,13.108,14.488,63686,40.84,59.16,49.44,0.74
"A9048","https://nci-naaccr-zone-design.github.io/louisiana-2020/?address=A9048","Female","Thyroid","05yrs","East Baton Rouge","Baton Rouge",17.614,16.733,18.495,69311,24.297,23.082,25.512,80689,14.746,14.009,15.483,63686,40.84,59.16,49.44,0.74
"A9048","https://nci-naaccr-zone-design.github.io/louisiana-2020/?address=A9048","Male","Thyroid","05yrs","East Baton Rouge","Baton Rouge",9.546,9.068,10.023,72770,"","","",71354,9.313,8.848,9.779,63686,40.84,59.16,49.44,0.74
"A9048","https://nci-naaccr-zone-design.github.io/louisiana-2020/?address=A9048","Female","Uterine","05yrs","East Baton Rouge","Baton Rouge",20.619,19.588,21.65,69311,17.841,16.949,18.733,80689,23.16,22.002,24.318,63686,40.84,59.16,49.44,0.74
"A9048","https://nci-naaccr-zone-design.github.io/louisiana-2020/?address=A9048","Both","Liver","05yrs","East Baton Rouge","Baton Rouge",11.295,10.73,11.86,142080,13.123,12.466,13.779,152043,10.051,9.548,10.553,63686,40.84,59.16,49.44,0.74
"A9048","https://nci-naaccr-zone-design.github.io/louisiana-2020/?address=A9048","Female","Liver","05yrs","East Baton Rouge","Baton Rouge",5.539,5.262,5.816,69311,"","","",80689,4.069,3.866,4.273,63686,40.84,59.16,49.44,0.74
"A9048","https://nci-naaccr-zone-design.github.io/louisiana-2020/?address=A9048","Male","Liver","05yrs","East Baton Rouge","Baton Rouge",15.665,14.882,16.448,72770,15.779,14.99,16.568,71354,21.765,20.677,22.854,63686,40.84,59.16,49.44,0.74
"A9048","https://nci-naaccr-zone-design.github.io/louisiana-2020/?address=A9048","Both","Stomach","05yrs","East Baton Rouge","Baton Rouge",6.167,5.859,6.476,142080,5.958,5.66,6.256,152043,11.529,10.952,12.105,63686,40.84,59.16,49.44,0.74
"A9048","https://nci-naaccr-zone-design.github.io/louisiana-2020/?address=A9048","Female","Stomach","05yrs","East Baton Rouge","Baton Rouge",5.834,5.542,6.125,69311,8.331,7.914,8.747,80689,6.991,6.641,7.341,63686,40.84,59.16,49.44,0.74
"A9048","https://nci-naaccr-zone-design.github.io/louisiana-2020/?address=A9048","Male","Stomach","05yrs","East Baton Rouge","Baton Rouge",14.122,13.416,14.828,72770,15.026,14.275,15.777,71354,7.979,7.58,8.378,63686,40.84,59.16,49.44,0.74
"A9048","https://nci-naaccr-zone-design.github.io/louisiana-2020/?address=A9048","Both","Myeloma","05yrs","East Baton Rouge","Baton Rouge",12.054,11.451,12.657,142080,11.863,11.27,12.456,152043,14.793,14.053,15.532,63686,40.84,59.16,49.44,0.74
"A9048","https://nci-naaccr-zone-design.github.io/louisiana-2020/?address=A9048","Female","Myeloma","05yrs","East Baton Rouge","Baton Rouge",12.837,12.195,13.478,69311,7.326,6.959,7.692,80689,"","","",63686,40.84,59.16,49.44,0.74
"A9048","https://nci-naaccr-zone-design.github.io/louisiana-2020/?address=A9048","Male","Myeloma","05yrs","East Baton Rouge","Baton Rouge",10.512,9.987,11.038,72770,5.678,5.394,5.962,71354,6.897,6.552,7.242,63686,40.84,59.16,49.44,0.74
"A9048","https://nci-naaccr-zone-design.github.io/louisiana-2020/?address=A9048","Both","Brain","05yrs","East Baton Rouge","Baton Rouge",7.404,7.033,7.774,142080,4.507,4.282,4.733,152043,3.666,3.483,3.85,63686,40.84,59.16,49.44,0.74
"A9048","https://nci-naaccr-zone-design.github.io/louisiana-2020/?address=A9048","Female","Brain","05yrs","East Baton Rouge","Baton Rouge",4.253,4.04,4.466,69311,6.769,6.43,7.107,80689,4.31,4.094,4.525,63686,40.84,59.16,49.44,0.74
"A9048","https://nci-naaccr-zone-design.github.io/louisiana-2020/?address=A9048","Male","Brain","05yrs","East Baton Rouge","Baton Rouge",10.659,10.126,11.192,72770,5.092,4.837,5.346,71354,9.062,8.609,9.516,63686,40.84,59.16,49.44,0.74
"A9048","https://nci-naaccr-zone-design.github.io/louisiana-2020/?address=A9048","Both","Larynx","05yrs","East Baton Rouge","Baton Rouge",3.088,2.934,3.243,142080,6.45,6.127,6.772,152043,4.395,4.175,4.615,63686,40.84,59.16,49.44,0.74
"A9048","https://nci-naaccr-zone-design.github.io/louisiana-2020/?address=A9048","Female","Larynx","05yrs","East Baton Rouge","Baton Rouge",4.062,3.859,4.265,69311,"","","",80689,"","","",63686,40.84,59.16,49.44,0.74
"A9048","https://nci-naaccr-zone-design.github.io/louisiana-2020/?address=A9048","Male","Larynx","05yrs","East Baton Rouge","Baton Rouge",13.688,13.004,14.373,72770,13.888,13.193,14.582,71354,11.387,10.818,11.957,63686,40.84,59.16,49.44,0.74
"A9048","https://nci-naaccr-zone-design.github.io/louisiana-2020/?address=A9048","Female","Ovary","05yrs","East Baton Rouge","Baton Rouge",8.768,8.33,9.206,69311,"","","",80689,10.185,9.676,10.695,63686,40.84,59.16,49.44,0.74
"A9048","https://nci-naaccr-zone-design.github.io/louisiana-2020/?address=A9048","Both","Esoph","05yrs","East Baton Rouge","Baton Rouge",4.126,3.919,4.332,142080,6.016,5.715,6.317,152043,3.35,3.182,3.517,63686,40.84,59.16,49.44,0.74
"A9048","https://nci-naaccr-zone-design.github.io/louisiana-2020/?address=A9048","Female","Esoph","05yrs","East Baton Rouge","Baton Rouge",2.833,2.691,2.975,69311,"","","",80689,"","","",63686,40.84,59.16,49.44,0.74
"A9048","https://nci-naaccr-zone-design.github.io/louisiana-2020/?address=A9048","Male","Esoph","05yrs","East Baton Rouge","Baton Rouge",11.819,11.229,12.41,72770,8.231,7.82,8.643,71354,6.322,6.006,6.638,63686,40.84,59.16,49.44,0.74
"A9048","https://nci-naaccr-zone-design.github.io/louisiana-2020/?address=A9048","Both","AllSite","10yrs","East Baton Rouge","Baton Rouge",442.796,420.656,464.936,273229,542.982,515.833,570.131,318469,535.72,508.934,562.506,63686,40.84,59.16,49.44,0.74
"A9048","https://nci-naaccr-zone-design.github.io/louisiana-2020/?address=A9048","Female","AllSite","10yrs","East Baton Rouge","Baton Rouge",409.625,389.144,430.106,133166,395.994,376.194,415.793,169768,457.53,434.653,480.406,63686,40.84,59.16,49.44,0.74
"A9048","https://nci-naaccr-zone-design.github.io/louisiana-2020/?address=A9048","Male","AllSite","10yrs","East Baton Rouge","Baton Rouge",557.759,529.871,585.647,140063,564.237,536.025,592.449,148701,638.858,606.915,670.801,63686,40.84,59.16,49.44,0.74
"A9048","https://nci-naaccr-zone-design.github.io/louisiana-2020/?address=A9048","Male","Prostate","10yrs","East Baton Rouge","Baton Rouge",196.589,186.76,206.419,140063,195.919,186.123,205.715,148701,141.795,134.705,148.885,63686,40.84,59.16,49.44,0.74
"A9048","https://nci-naaccr-zone-design.github.io/louisiana-2020/?address=A9048","Both","Lung","10yrs","East Baton Rouge","Baton Rouge",47.326,44.959,49.692,273229,74.795,71.055,78.535,318469,89.444,84.972,93.917,63686,40.84,59.16,49.44,0.74
"A9048","https://nci-naaccr-zone-design.github.io/louisiana-2020/?address=A9048","Female","Lung","10yrs","East Baton Rouge","Baton Rouge",71.883,68.289,75.478,133166,41.067,39.014,43.121,169768,59.728,56.741,62.714,63686,40.84,59.16,49.44,0.74
"A9048","https://nci-naaccr-zone-design.github.io/louisiana-2020/?address=A9048","Male","Lung","10yrs","East Baton Rouge","Baton Rouge",115.3,109.535,121.065,140063,89.474,85.0,93.947,148701,90.817,86.277,95.358,63686,40.84,59.16,49.44,0.74
"A9048","https://nci-naaccr-zone-design.github.io/louisiana-2020/?address=A9048","Female","Breast","10yrs","East Baton Rouge","Baton Rouge",127.095,120.74,133.449,133166,113.319,107.653,118.985,169768,106.24,100.928,111.552,63686,40.84,59.16,49.44,0.74
"A9048","https://nci-naaccr-zone-design.github.io/louisiana-2020/?address=A9048","Both","CRC","10yrs","East Baton Rouge","Baton Rouge",41.822,39.731,43.913,273229,47.119,44.763,49.475,318469,53.386,50.717,56.055,63686,40.84,59.16,49.44,0.74
"A9048","https://nci-naaccr-zone-design.github.io/louisiana-2020/?address=A9048","Female","CRC","10yrs","East Baton Rouge","Baton Rouge",33.712,32.027,35.398,133166,36.858,35.015,38.701,169768,32.32,30.704,33.936,63686,40.84,59.16,49.44,0.74
"A9048","https://nci-naaccr-zone-design.github.io/louisiana-2020/?address=A9048","Male","CRC","10yrs","East Baton Rouge","Baton Rouge",61.98,58.881,65.079,140063,45.417,43.146,47.688,148701,71.321,67.755,74.887,63686,40.84,59.16,49.44,0.74
"A9048","https://nci-naaccr-zone-design.github.io/louisiana-2020/?address=A9048","Both","Kidney","10yrs","East Baton Rouge","Baton Rouge",22.016,20.916,23.117,273229,22.955,21.807,24.103,318469,25.726,24.44,27.013,63686,40.84,59.16,49.44,0.74
"A9048","https://nci-naaccr-zone-design.github.io/louisiana-2020/?address=A9048","Female","Kidney","10yrs","East Baton Rouge","Baton Rouge",16.999,16.149,17.849,133166,10.239,9.727,10.751,169768,11.078,10.524,11.632,63686,40.84,59.16,49.44,0.74
"A9048","https://nci-naaccr-zone-design.github.io/louisiana-2020/?address=A9048","Male","Kidney","10yrs","East Baton Rouge","Baton Rouge",30.08,28.576,31.584,140063,22.48,21.356,23.604,148701,21.872,20.779,22.966,63686,40.84,59.16,49.44,0.74
"A9048","https://nci-naaccr-zone-design.github.io/louisiana-2020/?address=A9048","Both","NHL","10yrs","East Baton Rouge","Baton Rouge",18.725,17.789,19.662,273229,24.534,23.307,25.761,318469,21.672,20.589,22.756,63686,40.84,59.16,49.44,0.74
"A9048","https://nci-naaccr-zone-design.github.io/louisiana-2020/?address=A9048","Female","NHL","10yrs","East Baton Rouge","Baton Rouge",12.003,11.403,12.603,133166,16.503,15.678,17.329,169768,22.358,21.24,23.476,63686,40.84,59.16,49.44,0.74
"A9048","https://nci-naaccr-zone-design.github.io/louisiana-2020/?address=A9048","Male","NHL","10yrs","East Baton Rouge","Baton Rouge",20.396,19.376,21.416,140063,22.621,21.49,23.752,148701,20.426,19.405,21.447,63686,40.84,59.16,49.44,0.74
"A9048","https://nci-naaccr-zone-design.github.io/louisiana-2020/?address=A9048","Both","Urinary","10yrs","East Baton Rouge","Baton Rouge",18.975,18.026,19.923,273229,14.523,13.797,15.249,318469,19.533,18.556,20.51,63686,40.84,59.16,49.44,0.74
"A9048","https://nci-naaccr-zone-design.github.io/louisiana-2020/?address=A9048","Female","Urinary","10yrs","East Baton Rouge","Baton Rouge",3.915,3.719,4.111,133166,5.18,4.921,5.439,169768,9.694,9.209,10.178,63686,40.84,59.16,49.44,0.74
"A9048","https://nci-naaccr-zone-design.github.io/louisiana-2020/?address=A9048","Male","Urinary","10yrs","East Baton Rouge","Baton Rouge",25.775,24.486,27.064,140063,28.102,26.697,29.508,148701,39.715,37.729,41.7,63686,40.84,59.16,49.44,0.74
"A9048","https://nci-naaccr-zone-design.github.io/louisiana-2020/?address=A9048","Both","Mela","10yrs","East Baton Rouge","Baton Rouge",3.735,3.549,3.922,273229,11.695,11.11,12.28,318469,4.34,4.123,4.557,63686,40.84,59.16,49.44,0.74
"A9048","https://nci-naaccr-zone-design.github.io/louisiana-2020/?address=A9048","Female","Mela","10yrs","East Baton Rouge","Baton Rouge",7.215,6.854,7.576,133166,22.164,21.056,23.272,169768,19.81,18.819,20.8,63686,40.84,59.16,49.44,0.74
"A9048","https://nci-naaccr-zone-design.github.io/louisiana-2020/?address=A9048","Male","Mela","10yrs","East Baton Rouge","Baton Rouge",40.38,38.361,42.399,140063,17.716,16.83,18.602,148701,28.523,27.097,29.949,63686,40.84,59.16,49.44,0.74
"A9048","https://nci-naaccr-zone-design.github.io/louisiana-2020/?address=A9048","Both","Pancreas","10yrs","East Baton Rouge","Baton Rouge",14.102,13.397,14.807,273229,13.671,12.987,14.354,318469,17.914,17.019,18.81,63686,40.84,59.16,49.44,0.74
"A9048","https://nci-naaccr-zone-design.github.io/louisiana-2020/?address=A9048","Female","Pancreas","10yrs","East Baton Rouge","Baton Rouge",15.224,14.463,15.986,133166,15.112,14.357,15.868,169768,15.341,14.574,16.108,63686,40.84,59.16,49.44,0.74
"A9048","https://nci-naaccr-zone-design.github.io/louisiana-2020/?address=A9048","Male","Pancreas","10yrs","East Baton Rouge","Baton Rouge",18.441,17.519,19.363,140063,20.106,19.101,21.112,148701,10.924,10.378,11.47,63686,40.84,59.16,49.44,0.74
"A9048","https://nci-naaccr-zone-design.github.io/louisiana-2020/?address=A9048","Both","Leuks","10yrs","East Baton Rouge","Baton Rouge",10.631,10.1,11.163,273229,16.732,15.896,17.569,318469,14.141,13.434,14.848,63686,40.84,59.16,49.44,0.74
"A9048","https://nci-naaccr-zone-design.github.io/louisiana-2020/?address=A9048","Female","Leuks","10yrs","East Baton Rouge","Baton Rouge",12.669,12.035,13.302,133166,11.601,11.021,12.181,169768,15.018,14.267,15.769,63686,40.84,59.16,49.44,0.74
"A9048","https://nci-naaccr-zone-design.github.io/louisiana-2020/?address=A9048","Male","Leuks","10yrs","East Baton Rouge","Baton Rouge",15.025,14.274,15.777,140063,23.651,22.468,24.833,148701,12.745,12.108,13.383,63686,40.84,59.16,49.44,0.74
"A9048","https://nci-naaccr-zone-design.github.io/louisiana-2020/?address=A9048","Both","Oral","10yrs","East Baton Rouge","Baton Rouge",9.294,8.829,9.759,273229,12.159,11.551,12.767,318469,14.266,13.553,14.98,63686,40.84,59.16,49.44,0.74
"A9048","https://nci-naaccr-zone-design.github.io/louisiana-2020/?address=A9048","Female","Oral","10yrs","East Baton Rouge","Baton Rouge",5.345,5.078,5.613,133166,5.648,5.365,5.93,169768,3.038,2.886,3.19,63686,40.84,59.16,49.44,0.74
"A9048","https://nci-naaccr-zone-design.github.io/louisiana-2020/?address=A9048","Male","Oral","10yrs","East Baton Rouge","Baton Rouge",21.219,20.158,22.28,140063,12.398,11.778,13.018,148701,25.098,23.843,26.352,63686,40.84,59.16,49.44,0.74
"A9048","https://nci-naaccr-zone-design.github.io/louisiana-2020/?address=A9048","Both","Thyroid","10yrs","East Baton Rouge","Baton Rouge",10.512,9.986,11.037,273229,11.304,10.739,11.87,318469,17.234,16.372,18.096,63686,40.84,59.16,49.44,0.74
"A9048","https://nci-naaccr-zone-design.github.io/louisiana-2020/?address=A9048","Female","Thyroid","10yrs","East Baton Rouge","Baton Rouge",9.572,9.093,10.05,133166,14.975,14.226,15.724,169768,24.539,23.312,25.766,63686,40.84,59.16,49.44,0.74
"A9048","https://nci-naaccr-zone-design.github.io/louisiana-2020/?address=A9048","Male","Thyroid","10yrs","East Baton Rouge","Baton Rouge",7.477,7.103,7.851,140063,4.265,4.052,4.478,148701,4.871,4.628,5.115,63686,40.84,59.16,49.44,0.74
"A9048","https://nci-naaccr-zone-design.github.io/louisiana-2020/?address=A9048","Female","Uterine","10yrs","East Baton Rouge","Baton Rouge",17.01,16.159,17.86,133166,12.41,11.789,13.03,169768,20.469,19.445,21.492,63686,40.84,59.16,49.44,0.74
"A9048","https://nci-naaccr-zone-design.github.io/louisiana-2020/?address=A9048","Both","Liver","10yrs","East Baton Rouge","Baton Rouge",10.524,9.998,11.05,273229,5.628,5.346,5.909,318469,8.811,8.37,9.251,63686,40.84,59.16,49.44,0.74
"A9048","https://nci-naaccr-zone-design.github.io/louisiana-2020/?address=A9048","Female","Liver","10yrs","East Baton Rouge","Baton Rouge",2.974,2.825,3.123,133166,4.904,4.659,5.149,169768,4.944,4.697,5.192,63686,40.84,59.16,49.44,0.74
"A9048","https://nci-naaccr-zone-design.github.io/louisiana-2020/?address=A9048","Male","Liver","10yrs","East Baton Rouge","Baton Rouge",11.586,11.006,12.165,140063,11.221,10.66,11.782,148701,14.857,14.114,15.6,63686,40.84,59.16,49.44,0.74
"A9048","https://nci-naaccr-zone-design.github.io/louisiana-2020/?address=A9048","Both","Stomach","10yrs","East Baton Rouge","Baton Rouge",9.742,9.255,10.229,273229,9.972,9.474,10.471,318469,4.724,4.488,4.961,63686,40.84,59.16,49.44,0.74
"A9048","https://nci-naaccr-zone-design.github.io/louisiana-2020/?address=A9048","Female","Stomach","10yrs","East Baton Rouge","Baton Rouge",3.369,3.201,3.538,133166,8.898,8.453,9.343,169768,7.489,7.115,7.864,63686,40.84,59.16,49.44,0.74
"A9048","https://nci-naaccr-zone-design.github.io/louisiana-2020/?address=A9048","Male","Stomach","10yrs","East Baton Rouge","Baton Rouge",5.914,5.618,6.21,140063,9.202,8.742,9.662,148701,8.223,7.812,8.634,63686,40.84,59.16,49.44,0.74
"A9048","https://nci-naaccr-zone-design.github.io/louisiana-2020/?address=A9048","Both","Myeloma","10yrs","East Baton Rouge","Baton Rouge",9.541,9.064,10.018,273229,14.324,13.608,15.04,318469,6.655,6.323,6.988,63686,40.84,59.16,49.44,0.74
"A9048","https://nci-naaccr-zone-design.github.io/louisiana-2020/?address=A9048","Female","Myeloma","10yrs","East Baton Rouge","Baton Rouge",2.802,2.662,2.942,133166,5.297,5.032,5.561,169768,7.103,6.748,7.458,63686,40.84,59.16,49.44,0.74
"A9048","https://nci-naaccr-zone-design.github.io/louisiana-2020/?address=A9048","Male","Myeloma","10yrs","East Baton Rouge","Baton Rouge",17.698,16.813,18.583,140063,9.027,8.575,9.478,148701,11.792,11.202,12.382,63686,40.84,59.16,49.44,0.74
"A9048","https://nci-naaccr-zone-design.github.io/louisiana-2020/?address=A9048","Both","Brain","10yrs","East Baton Rouge","Baton Rouge",5.088,4.833,5.342,273229,3.92,3.724,4.116,318469,7.894,7.5,8.289,63686,40.84,59.16,49.44,0.74
"A9048","https://nci-naaccr-zone-design.github.io/louisiana-2020/?address=A9048","Female","Brain","10yrs","East Baton Rouge","Baton Rouge",3.758,3.57,3.946,133166,5.95,5.652,6.247,169768,7.966,7.568,8.364,63686,40.84,59.16,49.44,0.74
"A9048","https://nci-naaccr-zone-design.github.io/louisiana-2020/?address=A9048","Male","Brain","10yrs","East Baton Rouge","Baton Rouge",10.144,9.637,10.651,140063,8.569,8.141,8.998,148701,7.341,6.974,7.708,63686,40.84,59.16,49.44,0.74
"A9048","https://nci-naaccr-zone-design.github.io/louisiana-2020/?address=A9048","Both","Larynx","10yrs","East Baton Rouge","Baton Rouge",8.648,8.216,9.081,273229,7.897,7.502,8.292,318469,7.133,6.776,7.489,63686,40.84,59.16,49.44,0.74
"A9048","https://nci-naaccr-zone-design.github.io/louisiana-2020/?address=A9048","Female","Larynx","10yrs","East Baton Rouge","Baton Rouge",0.744,0.707,0.781,133166,2.887,2.743,3.031,169768,1.815,1.724,1.905,63686,40.84,59.16,49.44,0.74
"A9048","https://nci-naaccr-zone-design.github.io/louisiana-2020/?address=A9048","Male","Larynx","10yrs","East Baton Rouge","Baton Rouge",4.404,4.184,4.625,140063,4.208,3.998,4.419,148701,12.738,12.101,13.374,63686,40.84,59.16,49.44,0.74
"A9048","https://nci-naaccr-zone-design.github.io/louisiana-2020/?address=A9048","Female","Ovary","10yrs","East Baton Rouge","Baton Rouge",4.082,3.878,4.286,133166,7.306,6.941,7.672,169768,7.638,7.256,8.02,63686,40.84,59.16,49.44,0.74
"A9048","https://nci-naaccr-zone-design.github.io/louisiana-2020/?address=A9048","Both","Esoph","10yrs","East Baton Rouge","Baton Rouge",4.139,3.932,4.346,273229,5.22,4.959,5.48,318469,5.637,5.356,5.919,63686,40.84,59.16,49.44,0.74
"A9048","https://nci-naaccr-zone-design.github.io/louisiana-2020/?address=A9048","Female","Esoph","10yrs","East Baton Rouge","Baton Rouge","","","",133166,3.509,3.334,3.685,169768,3.068,2.915,3.222,63686,40.84,59.16,49.44,0.74
"A9048","https://nci-naaccr-zone-design.github.io/louisiana-2020/?address=A9048","Male","Esoph","10yrs","East Baton Rouge","Baton Rouge",13.923,13.226,14.619,140063,13.235,12.573,13.897,148701,11.499,10.924,12.074,63686,40.84,59.16,49.44,0.74
