"Zone","URL","Sex","Cancer","Years","Counties","Places","AAIR","LCI","UCI","White_PopTot","White_AAIR","White_LCI","White_UCI","Black_PopTot","Black_AAIR","Black_LCI","Black_UCI","TotalPop","Pct100Pov","PctMinority","PctBlackNH","PctRural"
"A9010","https://nci-naaccr-zone-design.github.io/louisiana-2020/?address=A9010","Both","AllSite","05yrs","Caddo","Shreveport",542.814,515.674,569.955,207391,533.295,506.63,559.96,86956,516.058,490.255,541.861,63250,17.08,33.99,26.13,0.25
"A9010","https://nci-naaccr-zone-design.github.io/louisiana-2020/?address=A9010","Female","AllSite","05yrs","Caddo","Shreveport",427.201,405.841,448.562,109118,392.154,372.546,411.762,46287,415.914,395.119,436.71,63250,17.08,33.99,26.13,0.25
"A9010","https://nci-naaccr-zone-design.github.io/louisiana-2020/?address=A9010","Male","AllSite","05yrs","Caddo","Shreveport",571.855,543.263,600.448,98273,537.229,510.368,564.091,40669,638.546,606.618,670.473,63250,17.08,33.99,26.13,0.25
"A9010","https://nci-naaccr-zone-design.github.io/louisiana-2020/?address=A9010","Male","Prostate","05yrs","Caddo","Shreveport",191.018,181.467,200.569,98273,134.738,128.001,141.475,40669,156.685,148.851,164.519,63250,17.08,33.99,26.13,0.25
"A9010","https://nci-naaccr-zone-design.github.io/louisiana-2020/?address=A9010","Both","Lung","05yrs","Caddo","Shreveport",87.178,82.819,91.537,207391,84.288,80.074,88.502,86956,68.531,65.104,71.958,63250,17.08,33.99,26.13,0.25
"A9010","https://nci-naaccr-zone-design.github.io/louisiana-2020/?address=A9010","Female","Lung","05yrs","Caddo","Shreveport",53.886,51.191,56.58,109118,40.98,38.931,43.029,46287,53.201,50.541,55.861,63250,17.08,33.99,26.13,0.25
"A9010","https://nci-naaccr-zone-design.github.io/louisiana-2020/?address=A9010","Male","Lung","05yrs","Caddo","Shreveport",87.085,82.731,91.439,98273,76.364,72.545,80.182,40669,93.497,88.822,98.172,63250,17.08,33.99,26.13,0.25
"A9010","https://nci-naaccr-zone-design.github.io/louisiana-2020/?address=A9010","Female","Breast","05yrs","Caddo","Shreveport",125.129,118.873,131.386,109118,117.12,111.264,122.976,46287,128.553,122.125,134.981,63250,17.08,33.99,26.13,0.25
"A9010","https://nci-naaccr-zone-design.github.io/louisiana-2020/?address=A9010","Both","CRC","05yrs","Caddo","Shreveport",34.873,33.129,36.617,207391,37.102,35.246,38.957,86956,52.568,49.939,55.196,63250,17.08,33.99,26.13,0.25
"A9010","https://nci-naaccr-zone-design.github.io/louisiana-2020/?address=A9010","Female","CRC","05yrs","Caddo","Shreveport",32.233,30.622,33.845,109118,34.358,32.64,36.075,46287,33.833,32.141,35.525,63250,17.08,33.99,26.13,0.25
"A9010","https://nci-naaccr-zone-design.github.io/louisiana-2020/?address=A9010","Male","CRC","05yrs","Caddo","Shreveport",50.544,48.017,53.072,98273,65.212,61.951,68.472,40669,40.072,38.068,42.075,63250,17.08,33.99,26.13,0.25
"A9010","https://nci-naaccr-zone-design.github.io/louisiana-2020/?address=A9010","Both","Kidney","05yrs","Caddo","Shreveport",24.069,22.865,25.272,207391,16.682,15.848,17.516,86956,20.476,19.452,21.5,63250,17.08,33.99,26.13,0.25
"A9010","https://nci-naaccr-zone-design.github.io/louisiana-2020/?address=A9010","Female","Kidney","05yrs","Caddo","Shreveport",17.696,16.811,18.581,109118,13.663,12.979,14.346,46287,19.165,18.207,20.123,63250,17.08,33.99,26.13,0.25
"A9010","https://nci-naaccr-zone-design.github.io/louisiana-2020/?address=A9010","Male","Kidney","05yrs","Caddo","Shreveport",29.366,27.898,30.834,98273,31.602,30.021,33.182,40669,20.826,19.784,21.867,63250,17.08,33.99,26.13,0.25
"A9010","https://nci-naaccr-zone-design.github.io/louisiana-2020/?address=A9010","Both","NHL","05yrs","Caddo","Shreveport",18.44,17.518,19.362,207391,17.5,16.625,18.375,86956,21.341,20.274,22.408,63250,17.08,33.99,26.13,0.25
"A9010","https://nci-naaccr-zone-design.github.io/louisiana-2020/?address=A9010","Female","NHL","05yrs","Caddo","Shreveport",22.67,21.536,23.803,109118,21.174,20.115,22.233,46287,22.181,21.072,23.29,63250,17.08,33.99,26.13,0.25
"A9010","https://nci-naaccr-zone-design.github.io/louisiana-2020/?address=A9010","Male","NHL","05yrs","Caddo","Shreveport",27.418,26.047,28.789,98273,30.58,29.051,32.109,40669,22.089,20.985,23.193,63250,17.08,33.99,26.13,0.25
"A9010","https://nci-naaccr-zone-design.github.io/louisiana-2020/?address=A9010","Both","Urinary","05yrs","Caddo","Shreveport",26.63,25.298,27.961,207391,15.567,14.789,16.346,86956,20.894,19.849,21.939,63250,17.08,33.99,26.13,0.25
"A9010","https://nci-naaccr-zone-design.github.io/louisiana-2020/?address=A9010","Female","Urinary","05yrs","Caddo","Shreveport",7.109,6.754,7.465,109118,13.244,12.582,13.906,46287,"","","",63250,17.08,33.99,26.13,0.25
"A9010","https://nci-naaccr-zone-design.github.io/louisiana-2020/?address=A9010","Male","Urinary","05yrs","Caddo","Shreveport",35.898,34.103,37.692,98273,34.825,33.084,36.566,40669,24.763,23.525,26.001,63250,17.08,33.99,26.13,0.25
"A9010","https://nci-naaccr-zone-design.github.io/louisiana-2020/?address=A9010","Both","Mela","05yrs","Caddo","Shreveport",8.684,8.25,9.118,207391,24.273,23.059,25.487,86956,17.843,16.951,18.735,63250,17.08,33.99,26.13,0.25
"A9010","https://nci-naaccr-zone-design.github.io/louisiana-2020/?address=A9010","Female","Mela","05yrs","Caddo","Shreveport",5.853,5.56,6.145,109118,14.893,14.149,15.638,46287,13.832,13.14,14.523,63250,17.08,33.99,26.13,0.25
"A9010","https://nci-naaccr-zone-design.github.io/louisiana-2020/?address=A9010","Male","Mela","05yrs","Caddo","Shreveport",27.753,26.366,29.141,98273,15.015,14.264,15.765,40669,32.534,30.907,34.16,63250,17.08,33.99,26.13,0.25
"A9010","https://nci-naaccr-zone-design.github.io/louisiana-2020/?address=A9010","Both","Pancreas","05yrs","Caddo","Shreveport",10.232,9.72,10.743,207391,15.08,14.326,15.834,86956,14.235,13.524,14.947,63250,17.08,33.99,26.13,0.25
"A9010","https://nci-naaccr-zone-design.github.io/louisiana-2020/?address=A9010","Female","Pancreas","05yrs","Caddo","Shreveport",11.613,11.032,12.193,109118,12.618,11.987,13.249,46287,16.355,15.537,17.172,63250,17.08,33.99,26.13,0.25
"A9010","https://nci-naaccr-zone-design.github.io/louisiana-2020/?address=A9010","Male","Pancreas","05yrs","Caddo","Shreveport",18.073,17.17,18.977,98273,19.164,18.206,20.122,40669,11.518,10.942,12.094,63250,17.08,33.99,26.13,0.25
"A9010","https://nci-naaccr-zone-design.github.io/louisiana-2020/?address=A9010","Both","Leuks","05yrs","Caddo","Shreveport",10.864,10.321,11.408,207391,16.088,15.284,16.893,86956,17.936,17.039,18.833,63250,17.08,33.99,26.13,0.25
"A9010","https://nci-naaccr-zone-design.github.io/louisiana-2020/?address=A9010","Female","Leuks","05yrs","Caddo","Shreveport",10.187,9.677,10.696,109118,12.82,12.179,13.461,46287,13.834,13.143,14.526,63250,17.08,33.99,26.13,0.25
"A9010","https://nci-naaccr-zone-design.github.io/louisiana-2020/?address=A9010","Male","Leuks","05yrs","Caddo","Shreveport",9.054,8.601,9.507,98273,8.64,8.208,9.072,40669,22.537,21.41,23.664,63250,17.08,33.99,26.13,0.25
"A9010","https://nci-naaccr-zone-design.github.io/louisiana-2020/?address=A9010","Both","Oral","05yrs","Caddo","Shreveport",15.368,14.6,16.137,207391,10.211,9.7,10.721,86956,7.408,7.038,7.779,63250,17.08,33.99,26.13,0.25
"A9010","https://nci-naaccr-zone-design.github.io/louisiana-2020/?address=A9010","Female","Oral","05yrs","Caddo","Shreveport",2.646,2.514,2.779,109118,9.04,8.588,9.492,46287,"","","",63250,17.08,33.99,26.13,0.25
"A9010","https://nci-naaccr-zone-design.github.io/louisiana-2020/?address=A9010","Male","Oral","05yrs","Caddo","Shreveport",19.951,18.954,20.949,98273,13.946,13.249,14.644,40669,16.777,15.938,17.615,63250,17.08,33.99,26.13,0.25
"A9010","https://nci-naaccr-zone-design.github.io/louisiana-2020/?address=A9010","Both","Thyroid","05yrs","Caddo","Shreveport",17.558,16.68,18.436,207391,15.611,14.831,16.392,86956,9.103,8.648,9.558,63250,17.08,33.99,26.13,0.25
"A9010","https://nci-naaccr-zone-design.github.io/louisiana-2020/?address=A9010","Female","Thyroid","05yrs","Caddo","Shreveport",17.209,16.348,18.069,109118,12.109,11.504,12.715,46287,22.201,21.091,23.311,63250,17.08,33.99,26.13,0.25
"A9010","https://nci-naaccr-zone-design.github.io/louisiana-2020/?address=A9010","Male","Thyroid","05yrs","Caddo","Shreveport",7.442,7.07,7.814,98273,6.936,6.589,7.283,40669,9.302,8.837,9.767,63250,17.08,33.99,26.13,0.25
"A9010","https://nci-naaccr-zone-design.github.io/louisiana-2020/?address=A9010","Female","Uterine","05yrs","Caddo","Shreveport",20.591,19.562,21.621,109118,17.421,16.55,18.292,46287,15.33,14.564,16.097,63250,17.08,33.99,26.13,0.25
"A9010","https://nci-naaccr-zone-design.github.io/louisiana-2020/?address=A9010","Both","Liver","05yrs","Caddo","Shreveport",5.962,5.664,6.26,207391,11.571,10.992,12.149,86956,6.45,6.127,6.772,63250,17.08,33.99,26.13,0.25
"A9010","https://nci-naaccr-zone-design.github.io/louisiana-2020/?address=A9010","Female","Liver","05yrs","Caddo","Shreveport",6.347,6.03,6.665,109118,3.36,3.192,3.528,46287,"","","",63250,17.08,33.99,26.13,0.25
"A9010","https://nci-naaccr-zone-design.github.io/louisiana-2020/?address=A9010","Male","Liver","05yrs","Caddo","Shreveport",21.521,20.445,22.597,98273,8.981,8.532,9.43,40669,18.571,17.643,19.5,63250,17.08,33.99,26.13,0.25
"A9010","https://nci-naaccr-zone-design.github.io/louisiana-2020/?address=A9010","Both","Stomach","05yrs","Caddo","Shreveport",7.293,6.928,7.658,207391,6.378,6.059,6.697,86956,10.213,9.703,10.724,63250,17.08,33.99,26.13,0.25
"A9010","https://nci-naaccr-zone-design.github.io/louisiana-2020/?address=A9010","Female","Stomach","05yrs","Caddo","Shreveport",9.284,8.82,9.748,109118,8.347,7.93,8.765,46287,"","","",63250,17.08,33.99,26.13,0.25
"A9010","https://nci-naaccr-zone-design.github.io/louisiana-2020/?address=A9010","Male","Stomach","05yrs","Caddo","Shreveport",14.815,14.074,15.556,98273,7.996,7.597,8.396,40669,"","","",63250,17.08,33.99,26.13,0.25
"A9010","https://nci-naaccr-zone-design.github.io/louisiana-2020/?address=A9010","Both","Myeloma","05yrs","Caddo","Shreveport",9.853,9.36,10.345,207391,6.661,6.328,6.994,86956,7.399,7.029,7.769,63250,17.08,33.99,26.13,0.25
"A9010","https://nci-naaccr-zone-design.github.io/louisiana-2020/?address=A9010","Female","Myeloma","05yrs","Caddo","Shreveport",10.096,9.591,10.6,109118,7.923,7.527,8.319,46287,"","","",63250,17.08,33.99,26.13,0.25
"A9010","https://nci-naaccr-zone-design.github.io/louisiana-2020/?address=A9010","Male","Myeloma","05yrs","Caddo","Shreveport",7.678,7.294,8.062,98273,7.456,7.084,7.829,40669,11.97,11.372,12.569,63250,17.08,33.99,26.13,0.25
"A9010","https://nci-naaccr-zone-design.github.io/louisiana-2020/?address=A9010","Both","Brain","05yrs","Caddo","Shreveport",7.519,7.143,7.894,207391,5.652,5.37,5.935,86956,5.334,5.067,5.6,63250,17.08,33.99,26.13,0.25
"A9010","https://nci-naaccr-zone-design.github.io/louisiana-2020/?address=A9010","Female","Brain","05yrs","Caddo","Shreveport",4.435,4.213,4.656,109118,7.993,7.593,8.392,46287,7.427,7.055,7.798,63250,17.08,33.99,26.13,0.25
"A9010","https://nci-naaccr-zone-design.github.io/louisiana-2020/?address=A9010","Male","Brain","05yrs","Caddo","Shreveport",11.277,10.713,11.841,98273,9.389,8.92,9.859,40669,10.785,10.246,11.325,63250,17.08,33.99,26.13,0.25
"A9010","https://nci-naaccr-zone-design.github.io/louisiana-2020/?address=A9010","Both","Larynx","05yrs","Caddo","Shreveport",3.458,3.285,3.631,207391,4.232,4.02,4.443,86956,5.114,4.859,5.37,63250,17.08,33.99,26.13,0.25
"A9010","https://nci-naaccr-zone-design.github.io/louisiana-2020/?address=A9010","Female","Larynx","05yrs","Caddo","Shreveport",4.07,3.866,4.273,109118,"","","",46287,"","","",63250,17.08,33.99,26.13,0.25
"A9010","https://nci-naaccr-zone-design.github.io/louisiana-2020/?address=A9010","Male","Larynx","05yrs","Caddo","Shreveport",12.911,12.266,13.557,98273,8.063,7.66,8.466,40669,"","","",63250,17.08,33.99,26.13,0.25
"A9010","https://nci-naaccr-zone-design.github.io/louisiana-2020/?address=A9010","Female","Ovary","05yrs","Caddo","Shreveport",10.78,10.241,11.319,109118,6.313,5.997,6.629,46287,13.468,12.795,14.142,63250,17.08,33.99,26.13,0.25
"A9010","https://nci-naaccr-zone-design.github.io/louisiana-2020/?address=A9010","Both","Esoph","05yrs","Caddo","Shreveport",4.219,4.008,4.43,207391,4.819,4.578,5.06,86956,4.048,3.846,4.251,63250,17.08,33.99,26.13,0.25
"A9010","https://nci-naaccr-zone-design.github.io/louisiana-2020/?address=A9010","Female","Esoph","05yrs","Caddo","Shreveport",3.902,3.707,4.097,109118,"","","",46287,"","","",63250,17.08,33.99,26.13,0.25
"A9010","https://nci-naaccr-zone-design.github.io/louisiana-2020/?address=A9010","Male","Esoph","05yrs","Caddo","Shreveport",5.696,5.412,5.981,98273,6.229,5.917,6.54,40669,"","","",63250,17.08,33.99,26.13,0.25
"A9010","https://nci-naaccr-zone-design.github.io/louisiana-2020/?address=A9010","Both","AllSite","10yrs","Caddo","Shreveport",545.73,518.443,573.016,416483,458.34,435.423,481.257,172988,461.544,438.467,484.621,63250,17.08,33.99,26.13,0.25
"A9010","https://nci-naaccr-zone-design.github.io/louisiana-2020/?address=A9010","Female","AllSite","10yrs","Caddo","Shreveport",360.965,342.917,379.014,219491,383.896,364.702,403.091,92529,437.591,415.711,459.47,63250,17.08,33.99,26.13,0.25
"A9010","https://nci-naaccr-zone-design.github.io/louisiana-2020/?address=A9010","Male","AllSite","10yrs","Caddo","Shreveport",549.14,521.683,576.597,196992,658.228,625.317,691.139,80459,549.4,521.93,576.87,63250,17.08,33.99,26.13,0.25
"A9010","https://nci-naaccr-zone-design.github.io/louisiana-2020/?address=A9010","Male","Prostate","10yrs","Caddo","Shreveport",183.1,173.945,192.254,196992,127.882,121.487,134.276,80459,130.087,123.582,136.591,63250,17.08,33.99,26.13,0.25
"A9010","https://nci-naaccr-zone-design.github.io/louisiana-2020/?address=A9010","Both","Lung","10yrs","Caddo","Shreveport",69.934,66.437,73.431,416483,51.644,49.062,54.226,172988,47.231,44.869,49.593,63250,17.08,33.99,26.13,0.25
"A9010","https://nci-naaccr-zone-design.github.io/louisiana-2020/?address=A9010","Female","Lung","10yrs","Caddo","Shreveport",42.612,40.481,44.742,219491,56.043,53.241,58.845,92529,61.574,58.495,64.653,63250,17.08,33.99,26.13,0.25
"A9010","https://nci-naaccr-zone-design.github.io/louisiana-2020/?address=A9010","Male","Lung","10yrs","Caddo","Shreveport",79.409,75.439,83.38,196992,111.195,105.635,116.755,80459,99.51,94.535,104.486,63250,17.08,33.99,26.13,0.25
"A9010","https://nci-naaccr-zone-design.github.io/louisiana-2020/?address=A9010","Female","Breast","10yrs","Caddo","Shreveport",139.336,132.369,146.303,219491,139.827,132.835,146.818,92529,107.267,101.904,112.631,63250,17.08,33.99,26.13,0.25
"A9010","https://nci-naaccr-zone-design.github.io/louisiana-2020/?address=A9010","Both","CRC","10yrs","Caddo","Shreveport",39.941,37.944,41.938,416483,49.199,46.739,51.659,172988,36.745,34.908,38.582,63250,17.08,33.99,26.13,0.25
"A9010","https://nci-naaccr-zone-design.github.io/louisiana-2020/?address=A9010","Female","CRC","10yrs","Caddo","Shreveport",53.012,50.361,55.662,219491,52.505,49.88,55.13,92529,40.275,38.261,42.288,63250,17.08,33.99,26.13,0.25
"A9010","https://nci-naaccr-zone-design.github.io/louisiana-2020/?address=A9010","Male","CRC","10yrs","Caddo","Shreveport",41.823,39.732,43.914,196992,61.953,58.855,65.051,80459,49.749,47.261,52.236,63250,17.08,33.99,26.13,0.25
"A9010","https://nci-naaccr-zone-design.github.io/louisiana-2020/?address=A9010","Both","Kidney","10yrs","Caddo","Shreveport",19.967,18.969,20.966,416483,19.043,18.09,19.995,172988,25.66,24.377,26.943,63250,17.08,33.99,26.13,0.25
"A9010","https://nci-naaccr-zone-design.github.io/louisiana-2020/?address=A9010","Female","Kidney","10yrs","Caddo","Shreveport",18.557,17.629,19.484,219491,16.919,16.073,17.765,92529,11.995,11.395,12.595,63250,17.08,33.99,26.13,0.25
"A9010","https://nci-naaccr-zone-design.github.io/louisiana-2020/?address=A9010","Male","Kidney","10yrs","Caddo","Shreveport",27.577,26.198,28.955,196992,26.455,25.132,27.778,80459,23.673,22.489,24.857,63250,17.08,33.99,26.13,0.25
"A9010","https://nci-naaccr-zone-design.github.io/louisiana-2020/?address=A9010","Both","NHL","10yrs","Caddo","Shreveport",14.459,13.736,15.182,416483,15.06,14.307,15.813,172988,20.942,19.895,21.989,63250,17.08,33.99,26.13,0.25
"A9010","https://nci-naaccr-zone-design.github.io/louisiana-2020/?address=A9010","Female","NHL","10yrs","Caddo","Shreveport",20.105,19.099,21.11,219491,20.726,19.69,21.762,92529,9.226,8.764,9.687,63250,17.08,33.99,26.13,0.25
"A9010","https://nci-naaccr-zone-design.github.io/louisiana-2020/?address=A9010","Male","NHL","10yrs","Caddo","Shreveport",23.739,22.552,24.926,196992,19.932,18.936,20.929,80459,23.958,22.76,25.156,63250,17.08,33.99,26.13,0.25
"A9010","https://nci-naaccr-zone-design.github.io/louisiana-2020/?address=A9010","Both","Urinary","10yrs","Caddo","Shreveport",17.367,16.499,18.236,416483,25.957,24.659,27.255,172988,26.355,25.037,27.673,63250,17.08,33.99,26.13,0.25
"A9010","https://nci-naaccr-zone-design.github.io/louisiana-2020/?address=A9010","Female","Urinary","10yrs","Caddo","Shreveport",7.339,6.972,7.706,219491,13.579,12.9,14.257,92529,11.574,10.995,12.153,63250,17.08,33.99,26.13,0.25
"A9010","https://nci-naaccr-zone-design.github.io/louisiana-2020/?address=A9010","Male","Urinary","10yrs","Caddo","Shreveport",23.011,21.861,24.162,196992,33.33,31.663,34.996,80459,21.56,20.482,22.638,63250,17.08,33.99,26.13,0.25
"A9010","https://nci-naaccr-zone-design.github.io/louisiana-2020/?address=A9010","Both","Mela","10yrs","Caddo","Shreveport",5.931,5.634,6.227,416483,13.963,13.265,14.662,172988,15.625,14.844,16.407,63250,17.08,33.99,26.13,0.25
"A9010","https://nci-naaccr-zone-design.github.io/louisiana-2020/?address=A9010","Female","Mela","10yrs","Caddo","Shreveport",20.703,19.668,21.738,219491,13.055,12.402,13.707,92529,10.782,10.243,11.321,63250,17.08,33.99,26.13,0.25
"A9010","https://nci-naaccr-zone-design.github.io/louisiana-2020/?address=A9010","Male","Mela","10yrs","Caddo","Shreveport",27.142,25.785,28.499,196992,12.502,11.876,13.127,80459,40.707,38.671,42.742,63250,17.08,33.99,26.13,0.25
"A9010","https://nci-naaccr-zone-design.github.io/louisiana-2020/?address=A9010","Both","Pancreas","10yrs","Caddo","Shreveport",12.638,12.006,13.27,416483,16.538,15.711,17.365,172988,16.705,15.87,17.54,63250,17.08,33.99,26.13,0.25
"A9010","https://nci-naaccr-zone-design.github.io/louisiana-2020/?address=A9010","Female","Pancreas","10yrs","Caddo","Shreveport",14.738,14.001,15.475,219491,9.805,9.315,10.295,92529,11.105,10.549,11.66,63250,17.08,33.99,26.13,0.25
"A9010","https://nci-naaccr-zone-design.github.io/louisiana-2020/?address=A9010","Male","Pancreas","10yrs","Caddo","Shreveport",9.873,9.38,10.367,196992,20.463,19.44,21.486,80459,10.625,10.094,11.157,63250,17.08,33.99,26.13,0.25
"A9010","https://nci-naaccr-zone-design.github.io/louisiana-2020/?address=A9010","Both","Leuks","10yrs","Caddo","Shreveport",11.022,10.471,11.574,416483,17.936,17.039,18.833,172988,14.529,13.802,15.255,63250,17.08,33.99,26.13,0.25
"A9010","https://nci-naaccr-zone-design.github.io/louisiana-2020/?address=A9010","Female","Leuks","10yrs","Caddo","Shreveport",10.782,10.243,11.322,219491,7.31,6.944,7.675,92529,8.377,7.958,8.795,63250,17.08,33.99,26.13,0.25
"A9010","https://nci-naaccr-zone-design.github.io/louisiana-2020/?address=A9010","Male","Leuks","10yrs","Caddo","Shreveport",19.586,18.607,20.565,196992,23.767,22.578,24.955,80459,15.068,14.315,15.822,63250,17.08,33.99,26.13,0.25
"A9010","https://nci-naaccr-zone-design.github.io/louisiana-2020/?address=A9010","Both","Oral","10yrs","Caddo","Shreveport",8.181,7.772,8.59,416483,8.966,8.518,9.415,172988,10.961,10.413,11.509,63250,17.08,33.99,26.13,0.25
"A9010","https://nci-naaccr-zone-design.github.io/louisiana-2020/?address=A9010","Female","Oral","10yrs","Caddo","Shreveport",7.4,7.03,7.77,219491,7.895,7.5,8.289,92529,5.107,4.852,5.362,63250,17.08,33.99,26.13,0.25
"A9010","https://nci-naaccr-zone-design.github.io/louisiana-2020/?address=A9010","Male","Oral","10yrs","Caddo","Shreveport",24.269,23.056,25.483,196992,23.081,21.927,24.235,80459,22.214,21.103,23.324,63250,17.08,33.99,26.13,0.25
"A9010","https://nci-naaccr-zone-design.github.io/louisiana-2020/?address=A9010","Both","Thyroid","10yrs","Caddo","Shreveport",10.916,10.371,11.462,416483,14.804,14.064,15.544,172988,10.385,9.866,10.904,63250,17.08,33.99,26.13,0.25
"A9010","https://nci-naaccr-zone-design.github.io/louisiana-2020/?address=A9010","Female","Thyroid","10yrs","Caddo","Shreveport",11.751,11.164,12.339,219491,9.498,9.023,9.973,92529,25.01,23.76,26.261,63250,17.08,33.99,26.13,0.25
"A9010","https://nci-naaccr-zone-design.github.io/louisiana-2020/?address=A9010","Male","Thyroid","10yrs","Caddo","Shreveport",8.902,8.457,9.347,196992,6.39,6.071,6.71,80459,8.863,8.42,9.306,63250,17.08,33.99,26.13,0.25
"A9010","https://nci-naaccr-zone-design.github.io/louisiana-2020/?address=A9010","Female","Uterine","10yrs","Caddo","Shreveport",19.711,18.725,20.696,219491,13.649,12.966,14.331,92529,15.662,14.879,16.445,63250,17.08,33.99,26.13,0.25
"A9010","https://nci-naaccr-zone-design.github.io/louisiana-2020/?address=A9010","Both","Liver","10yrs","Caddo","Shreveport",13.241,12.579,13.903,416483,9.537,9.06,10.014,172988,8.743,8.306,9.18,63250,17.08,33.99,26.13,0.25
"A9010","https://nci-naaccr-zone-design.github.io/louisiana-2020/?address=A9010","Female","Liver","10yrs","Caddo","Shreveport",2.831,2.689,2.972,219491,2.944,2.797,3.091,92529,4.899,4.654,5.144,63250,17.08,33.99,26.13,0.25
"A9010","https://nci-naaccr-zone-design.github.io/louisiana-2020/?address=A9010","Male","Liver","10yrs","Caddo","Shreveport",16.585,15.756,17.414,196992,15.209,14.448,15.969,80459,15.962,15.164,16.76,63250,17.08,33.99,26.13,0.25
"A9010","https://nci-naaccr-zone-design.github.io/louisiana-2020/?address=A9010","Both","Stomach","10yrs","Caddo","Shreveport",7.317,6.951,7.683,416483,10.509,9.984,11.035,172988,10.044,9.542,10.546,63250,17.08,33.99,26.13,0.25
"A9010","https://nci-naaccr-zone-design.github.io/louisiana-2020/?address=A9010","Female","Stomach","10yrs","Caddo","Shreveport",9.818,9.327,10.308,219491,4.449,4.227,4.672,92529,5.295,5.031,5.56,63250,17.08,33.99,26.13,0.25
"A9010","https://nci-naaccr-zone-design.github.io/louisiana-2020/?address=A9010","Male","Stomach","10yrs","Caddo","Shreveport",13.918,13.222,14.614,196992,11.502,10.927,12.077,80459,9.594,9.114,10.073,63250,17.08,33.99,26.13,0.25
"A9010","https://nci-naaccr-zone-design.github.io/louisiana-2020/?address=A9010","Both","Myeloma","10yrs","Caddo","Shreveport",4.178,3.969,4.387,416483,14.717,13.981,15.453,172988,12.788,12.149,13.428,63250,17.08,33.99,26.13,0.25
"A9010","https://nci-naaccr-zone-design.github.io/louisiana-2020/?address=A9010","Female","Myeloma","10yrs","Caddo","Shreveport",4.713,4.477,4.949,219491,8.128,7.722,8.535,92529,11.547,10.969,12.124,63250,17.08,33.99,26.13,0.25
"A9010","https://nci-naaccr-zone-design.github.io/louisiana-2020/?address=A9010","Male","Myeloma","10yrs","Caddo","Shreveport",6.396,6.076,6.715,196992,15.048,14.296,15.801,80459,15.333,14.566,16.099,63250,17.08,33.99,26.13,0.25
"A9010","https://nci-naaccr-zone-design.github.io/louisiana-2020/?address=A9010","Both","Brain","10yrs","Caddo","Shreveport",4.484,4.26,4.709,416483,5.371,5.103,5.64,172988,3.951,3.754,4.149,63250,17.08,33.99,26.13,0.25
"A9010","https://nci-naaccr-zone-design.github.io/louisiana-2020/?address=A9010","Female","Brain","10yrs","Caddo","Shreveport",3.507,3.332,3.682,219491,7.644,7.261,8.026,92529,3.016,2.865,3.167,63250,17.08,33.99,26.13,0.25
"A9010","https://nci-naaccr-zone-design.github.io/louisiana-2020/?address=A9010","Male","Brain","10yrs","Caddo","Shreveport",11.238,10.676,11.8,196992,9.71,9.225,10.196,80459,4.728,4.491,4.964,63250,17.08,33.99,26.13,0.25
"A9010","https://nci-naaccr-zone-design.github.io/louisiana-2020/?address=A9010","Both","Larynx","10yrs","Caddo","Shreveport",4.027,3.826,4.228,416483,6.132,5.825,6.438,172988,7.09,6.736,7.445,63250,17.08,33.99,26.13,0.25
"A9010","https://nci-naaccr-zone-design.github.io/louisiana-2020/?address=A9010","Female","Larynx","10yrs","Caddo","Shreveport",2.17,2.061,2.278,219491,2.106,2.0,2.211,92529,"","","",63250,17.08,33.99,26.13,0.25
"A9010","https://nci-naaccr-zone-design.github.io/louisiana-2020/?address=A9010","Male","Larynx","10yrs","Caddo","Shreveport",10.037,9.535,10.539,196992,3.894,3.699,4.089,80459,11.626,11.045,12.207,63250,17.08,33.99,26.13,0.25
"A9010","https://nci-naaccr-zone-design.github.io/louisiana-2020/?address=A9010","Female","Ovary","10yrs","Caddo","Shreveport",8.785,8.346,9.224,219491,4.79,4.55,5.029,92529,12.198,11.588,12.808,63250,17.08,33.99,26.13,0.25
"A9010","https://nci-naaccr-zone-design.github.io/louisiana-2020/?address=A9010","Both","Esoph","10yrs","Caddo","Shreveport",7.306,6.941,7.672,416483,6.448,6.126,6.77,172988,3.513,3.337,3.689,63250,17.08,33.99,26.13,0.25
"A9010","https://nci-naaccr-zone-design.github.io/louisiana-2020/?address=A9010","Female","Esoph","10yrs","Caddo","Shreveport",1.009,0.959,1.06,219491,2.552,2.424,2.68,92529,3.706,3.521,3.892,63250,17.08,33.99,26.13,0.25
"A9010","https://nci-naaccr-zone-design.github.io/louisiana-2020/?address=A9010","Male","Esoph","10yrs","Caddo","Shreveport",6.671,6.338,7.005,196992,13.413,12.742,14.083,80459,8.0,7.6,8.4,63250,17.08,33.99,26.13,0.25
