"Zone","URL","Sex","Cancer","Years","Counties","Places","AAIR","LCI","UCI","White_PopTot","White_AAIR","White_LCI","White_UCI","Black_PopTot","Black_AAIR","Black_LCI","Black_UCI","TotalPop","Pct100Pov","PctMinority","PctBlackNH","PctRural"
"A9014","https://nci-naaccr-zone-design.github.io/louisiana-2020/?address=A9014","Both","AllSite","05yrs","Lafayette","Lafayette, Youngsville, Milton",492.747,468.109,517.384,226151,521.235,495.173,547.297,33938,451.383,428.814,473.953,54098,11.01,20.01,11.25,12.93
"A9014","https://nci-naaccr-zone-design.github.io/louisiana-2020/?address=A9014","Female","AllSite","05yrs","Lafayette","Lafayette, Youngsville, Milton",419.656,398.673,440.639,115696,410.327,389.811,430.844,17756,458.763,435.825,481.701,54098,11.01,20.01,11.25,12.93
"A9014","https://nci-naaccr-zone-design.github.io/louisiana-2020/?address=A9014","Male","AllSite","05yrs","Lafayette","Lafayette, Youngsville, Milton",583.525,554.348,612.701,110455,568.581,540.152,597.01,16181,638.803,606.863,670.743,54098,11.01,20.01,11.25,12.93
"A9014","https://nci-naaccr-zone-design.github.io/louisiana-2020/?address=A9014","Male","Prostate","05yrs","Lafayette","Lafayette, Youngsville, Milton",172.508,163.882,181.133,110455,146.609,139.279,153.94,16181,173.343,164.676,182.01,54098,11.01,20.01,11.25,12.93
"A9014","https://nci-naaccr-zone-design.github.io/louisiana-2020/?address=A9014","Both","Lung","05yrs","Lafayette","Lafayette, Youngsville, Milton",62.064,58.961,65.167,226151,74.255,70.542,77.968,33938,72.82,69.179,76.461,54098,11.01,20.01,11.25,12.93
"A9014","https://nci-naaccr-zone-design.github.io/louisiana-2020/?address=A9014","Female","Lung","05yrs","Lafayette","Lafayette, Youngsville, Milton",48.735,46.298,51.172,115696,65.23,61.969,68.492,17756,47.395,45.025,49.765,54098,11.01,20.01,11.25,12.93
"A9014","https://nci-naaccr-zone-design.github.io/louisiana-2020/?address=A9014","Male","Lung","05yrs","Lafayette","Lafayette, Youngsville, Milton",68.348,64.931,71.766,110455,85.139,80.882,89.395,16181,67.148,63.791,70.506,54098,11.01,20.01,11.25,12.93
"A9014","https://nci-naaccr-zone-design.github.io/louisiana-2020/?address=A9014","Female","Breast","05yrs","Lafayette","Lafayette, Youngsville, Milton",135.663,128.879,142.446,115696,109.239,103.777,114.701,17756,131.324,124.758,137.89,54098,11.01,20.01,11.25,12.93
"A9014","https://nci-naaccr-zone-design.github.io/louisiana-2020/?address=A9014","Both","CRC","05yrs","Lafayette","Lafayette, Youngsville, Milton",50.17,47.661,52.678,226151,36.325,34.509,38.141,33938,61.586,58.507,64.666,54098,11.01,20.01,11.25,12.93
"A9014","https://nci-naaccr-zone-design.github.io/louisiana-2020/?address=A9014","Female","CRC","05yrs","Lafayette","Lafayette, Youngsville, Milton",41.893,39.798,43.988,115696,37.508,35.633,39.384,17756,41.031,38.98,43.083,54098,11.01,20.01,11.25,12.93
"A9014","https://nci-naaccr-zone-design.github.io/louisiana-2020/?address=A9014","Male","CRC","05yrs","Lafayette","Lafayette, Youngsville, Milton",74.73,70.994,78.467,110455,64.329,61.112,67.545,16181,36.757,34.919,38.595,54098,11.01,20.01,11.25,12.93
"A9014","https://nci-naaccr-zone-design.github.io/louisiana-2020/?address=A9014","Both","Kidney","05yrs","Lafayette","Lafayette, Youngsville, Milton",24.783,23.544,26.022,226151,25.551,24.273,26.828,33938,23.727,22.54,24.913,54098,11.01,20.01,11.25,12.93
"A9014","https://nci-naaccr-zone-design.github.io/louisiana-2020/?address=A9014","Female","Kidney","05yrs","Lafayette","Lafayette, Youngsville, Milton",16.702,15.867,17.537,115696,9.343,8.876,9.81,17756,"","","",54098,11.01,20.01,11.25,12.93
"A9014","https://nci-naaccr-zone-design.github.io/louisiana-2020/?address=A9014","Male","Kidney","05yrs","Lafayette","Lafayette, Youngsville, Milton",30.877,29.333,32.42,110455,21.482,20.408,22.556,16181,22.317,21.202,23.433,54098,11.01,20.01,11.25,12.93
"A9014","https://nci-naaccr-zone-design.github.io/louisiana-2020/?address=A9014","Both","NHL","05yrs","Lafayette","Lafayette, Youngsville, Milton",15.982,15.183,16.781,226151,23.639,22.457,24.821,33938,17.809,16.919,18.7,54098,11.01,20.01,11.25,12.93
"A9014","https://nci-naaccr-zone-design.github.io/louisiana-2020/?address=A9014","Female","NHL","05yrs","Lafayette","Lafayette, Youngsville, Milton",15.253,14.491,16.016,115696,22.045,20.943,23.147,17756,"","","",54098,11.01,20.01,11.25,12.93
"A9014","https://nci-naaccr-zone-design.github.io/louisiana-2020/?address=A9014","Male","NHL","05yrs","Lafayette","Lafayette, Youngsville, Milton",19.854,18.862,20.847,110455,32.249,30.636,33.861,16181,29.29,27.825,30.754,54098,11.01,20.01,11.25,12.93
"A9014","https://nci-naaccr-zone-design.github.io/louisiana-2020/?address=A9014","Both","Urinary","05yrs","Lafayette","Lafayette, Youngsville, Milton",25.823,24.532,27.114,226151,17.101,16.246,17.956,33938,13.121,12.465,13.777,54098,11.01,20.01,11.25,12.93
"A9014","https://nci-naaccr-zone-design.github.io/louisiana-2020/?address=A9014","Female","Urinary","05yrs","Lafayette","Lafayette, Youngsville, Milton",6.515,6.19,6.841,115696,11.22,10.659,11.781,17756,"","","",54098,11.01,20.01,11.25,12.93
"A9014","https://nci-naaccr-zone-design.github.io/louisiana-2020/?address=A9014","Male","Urinary","05yrs","Lafayette","Lafayette, Youngsville, Milton",26.606,25.275,27.936,110455,41.211,39.15,43.271,16181,41.322,39.256,43.388,54098,11.01,20.01,11.25,12.93
"A9014","https://nci-naaccr-zone-design.github.io/louisiana-2020/?address=A9014","Both","Mela","05yrs","Lafayette","Lafayette, Youngsville, Milton",10.552,10.024,11.079,226151,3.519,3.343,3.695,33938,18.774,17.836,19.713,54098,11.01,20.01,11.25,12.93
"A9014","https://nci-naaccr-zone-design.github.io/louisiana-2020/?address=A9014","Female","Mela","05yrs","Lafayette","Lafayette, Youngsville, Milton",3.383,3.214,3.552,115696,19.611,18.631,20.592,17756,"","","",54098,11.01,20.01,11.25,12.93
"A9014","https://nci-naaccr-zone-design.github.io/louisiana-2020/?address=A9014","Male","Mela","05yrs","Lafayette","Lafayette, Youngsville, Milton",10.337,9.82,10.854,110455,8.974,8.525,9.422,16181,27.405,26.035,28.775,54098,11.01,20.01,11.25,12.93
"A9014","https://nci-naaccr-zone-design.github.io/louisiana-2020/?address=A9014","Both","Pancreas","05yrs","Lafayette","Lafayette, Youngsville, Milton",14.391,13.671,15.11,226151,18.213,17.302,19.123,33938,16.621,15.79,17.452,54098,11.01,20.01,11.25,12.93
"A9014","https://nci-naaccr-zone-design.github.io/louisiana-2020/?address=A9014","Female","Pancreas","05yrs","Lafayette","Lafayette, Youngsville, Milton",16.037,15.236,16.839,115696,13.21,12.55,13.871,17756,"","","",54098,11.01,20.01,11.25,12.93
"A9014","https://nci-naaccr-zone-design.github.io/louisiana-2020/?address=A9014","Male","Pancreas","05yrs","Lafayette","Lafayette, Youngsville, Milton",10.823,10.282,11.364,110455,9.814,9.324,10.305,16181,"","","",54098,11.01,20.01,11.25,12.93
"A9014","https://nci-naaccr-zone-design.github.io/louisiana-2020/?address=A9014","Both","Leuks","05yrs","Lafayette","Lafayette, Youngsville, Milton",16.578,15.749,17.406,226151,16.231,15.42,17.043,33938,15.598,14.818,16.378,54098,11.01,20.01,11.25,12.93
"A9014","https://nci-naaccr-zone-design.github.io/louisiana-2020/?address=A9014","Female","Leuks","05yrs","Lafayette","Lafayette, Youngsville, Milton",12.063,11.46,12.666,115696,10.534,10.008,11.061,17756,"","","",54098,11.01,20.01,11.25,12.93
"A9014","https://nci-naaccr-zone-design.github.io/louisiana-2020/?address=A9014","Male","Leuks","05yrs","Lafayette","Lafayette, Youngsville, Milton",22.851,21.709,23.994,110455,16.093,15.288,16.897,16181,"","","",54098,11.01,20.01,11.25,12.93
"A9014","https://nci-naaccr-zone-design.github.io/louisiana-2020/?address=A9014","Both","Oral","05yrs","Lafayette","Lafayette, Youngsville, Milton",7.602,7.222,7.982,226151,6.745,6.408,7.082,33938,"","","",54098,11.01,20.01,11.25,12.93
"A9014","https://nci-naaccr-zone-design.github.io/louisiana-2020/?address=A9014","Female","Oral","05yrs","Lafayette","Lafayette, Youngsville, Milton",5.944,5.647,6.241,115696,6.059,5.756,6.361,17756,"","","",54098,11.01,20.01,11.25,12.93
"A9014","https://nci-naaccr-zone-design.github.io/louisiana-2020/?address=A9014","Male","Oral","05yrs","Lafayette","Lafayette, Youngsville, Milton",21.895,20.8,22.989,110455,17.324,16.457,18.19,16181,24.363,23.145,25.581,54098,11.01,20.01,11.25,12.93
"A9014","https://nci-naaccr-zone-design.github.io/louisiana-2020/?address=A9014","Both","Thyroid","05yrs","Lafayette","Lafayette, Youngsville, Milton",11.093,10.539,11.648,226151,16.029,15.228,16.831,33938,14.84,14.098,15.582,54098,11.01,20.01,11.25,12.93
"A9014","https://nci-naaccr-zone-design.github.io/louisiana-2020/?address=A9014","Female","Thyroid","05yrs","Lafayette","Lafayette, Youngsville, Milton",24.555,23.327,25.782,115696,16.592,15.762,17.421,17756,"","","",54098,11.01,20.01,11.25,12.93
"A9014","https://nci-naaccr-zone-design.github.io/louisiana-2020/?address=A9014","Male","Thyroid","05yrs","Lafayette","Lafayette, Youngsville, Milton",7.997,7.597,8.397,110455,6.006,5.706,6.306,16181,"","","",54098,11.01,20.01,11.25,12.93
"A9014","https://nci-naaccr-zone-design.github.io/louisiana-2020/?address=A9014","Female","Uterine","05yrs","Lafayette","Lafayette, Youngsville, Milton",15.941,15.144,16.738,115696,24.188,22.978,25.397,17756,"","","",54098,11.01,20.01,11.25,12.93
"A9014","https://nci-naaccr-zone-design.github.io/louisiana-2020/?address=A9014","Both","Liver","05yrs","Lafayette","Lafayette, Youngsville, Milton",10.61,10.079,11.14,226151,14.351,13.633,15.069,33938,13.149,12.492,13.807,54098,11.01,20.01,11.25,12.93
"A9014","https://nci-naaccr-zone-design.github.io/louisiana-2020/?address=A9014","Female","Liver","05yrs","Lafayette","Lafayette, Youngsville, Milton",2.694,2.559,2.829,115696,7.561,7.183,7.94,17756,"","","",54098,11.01,20.01,11.25,12.93
"A9014","https://nci-naaccr-zone-design.github.io/louisiana-2020/?address=A9014","Male","Liver","05yrs","Lafayette","Lafayette, Youngsville, Milton",11.785,11.196,12.375,110455,13.323,12.657,13.989,16181,"","","",54098,11.01,20.01,11.25,12.93
"A9014","https://nci-naaccr-zone-design.github.io/louisiana-2020/?address=A9014","Both","Stomach","05yrs","Lafayette","Lafayette, Youngsville, Milton",10.676,10.142,11.209,226151,8.488,8.064,8.913,33938,"","","",54098,11.01,20.01,11.25,12.93
"A9014","https://nci-naaccr-zone-design.github.io/louisiana-2020/?address=A9014","Female","Stomach","05yrs","Lafayette","Lafayette, Youngsville, Milton",8.455,8.032,8.877,115696,7.532,7.155,7.908,17756,"","","",54098,11.01,20.01,11.25,12.93
"A9014","https://nci-naaccr-zone-design.github.io/louisiana-2020/?address=A9014","Male","Stomach","05yrs","Lafayette","Lafayette, Youngsville, Milton",15.619,14.838,16.4,110455,15.145,14.388,15.902,16181,"","","",54098,11.01,20.01,11.25,12.93
"A9014","https://nci-naaccr-zone-design.github.io/louisiana-2020/?address=A9014","Both","Myeloma","05yrs","Lafayette","Lafayette, Youngsville, Milton",5.537,5.26,5.814,226151,7.047,6.695,7.399,33938,"","","",54098,11.01,20.01,11.25,12.93
"A9014","https://nci-naaccr-zone-design.github.io/louisiana-2020/?address=A9014","Female","Myeloma","05yrs","Lafayette","Lafayette, Youngsville, Milton",4.108,3.902,4.313,115696,9.319,8.853,9.785,17756,"","","",54098,11.01,20.01,11.25,12.93
"A9014","https://nci-naaccr-zone-design.github.io/louisiana-2020/?address=A9014","Male","Myeloma","05yrs","Lafayette","Lafayette, Youngsville, Milton",17.623,16.742,18.504,110455,6.634,6.302,6.965,16181,"","","",54098,11.01,20.01,11.25,12.93
"A9014","https://nci-naaccr-zone-design.github.io/louisiana-2020/?address=A9014","Both","Brain","05yrs","Lafayette","Lafayette, Youngsville, Milton",5.075,4.821,5.328,226151,6.465,6.142,6.788,33938,"","","",54098,11.01,20.01,11.25,12.93
"A9014","https://nci-naaccr-zone-design.github.io/louisiana-2020/?address=A9014","Female","Brain","05yrs","Lafayette","Lafayette, Youngsville, Milton",5.703,5.417,5.988,115696,5.078,4.824,5.332,17756,"","","",54098,11.01,20.01,11.25,12.93
"A9014","https://nci-naaccr-zone-design.github.io/louisiana-2020/?address=A9014","Male","Brain","05yrs","Lafayette","Lafayette, Youngsville, Milton",4.371,4.152,4.589,110455,6.49,6.165,6.814,16181,"","","",54098,11.01,20.01,11.25,12.93
"A9014","https://nci-naaccr-zone-design.github.io/louisiana-2020/?address=A9014","Both","Larynx","05yrs","Lafayette","Lafayette, Youngsville, Milton",5.841,5.549,6.133,226151,3.75,3.562,3.937,33938,"","","",54098,11.01,20.01,11.25,12.93
"A9014","https://nci-naaccr-zone-design.github.io/louisiana-2020/?address=A9014","Female","Larynx","05yrs","Lafayette","Lafayette, Youngsville, Milton","","","",115696,"","","",17756,"","","",54098,11.01,20.01,11.25,12.93
"A9014","https://nci-naaccr-zone-design.github.io/louisiana-2020/?address=A9014","Male","Larynx","05yrs","Lafayette","Lafayette, Youngsville, Milton",10.145,9.638,10.652,110455,9.993,9.493,10.492,16181,"","","",54098,11.01,20.01,11.25,12.93
"A9014","https://nci-naaccr-zone-design.github.io/louisiana-2020/?address=A9014","Female","Ovary","05yrs","Lafayette","Lafayette, Youngsville, Milton",8.677,8.243,9.11,115696,3.905,3.71,4.1,17756,"","","",54098,11.01,20.01,11.25,12.93
"A9014","https://nci-naaccr-zone-design.github.io/louisiana-2020/?address=A9014","Both","Esoph","05yrs","Lafayette","Lafayette, Youngsville, Milton",3.962,3.764,4.16,226151,3.236,3.074,3.398,33938,"","","",54098,11.01,20.01,11.25,12.93
"A9014","https://nci-naaccr-zone-design.github.io/louisiana-2020/?address=A9014","Female","Esoph","05yrs","Lafayette","Lafayette, Youngsville, Milton","","","",115696,3.71,3.525,3.896,17756,"","","",54098,11.01,20.01,11.25,12.93
"A9014","https://nci-naaccr-zone-design.github.io/louisiana-2020/?address=A9014","Male","Esoph","05yrs","Lafayette","Lafayette, Youngsville, Milton",7.798,7.408,8.188,110455,7.613,7.233,7.994,16181,"","","",54098,11.01,20.01,11.25,12.93
"A9014","https://nci-naaccr-zone-design.github.io/louisiana-2020/?address=A9014","Both","AllSite","10yrs","Lafayette","Lafayette, Youngsville, Milton",462.662,439.529,485.795,434590,512.603,486.973,538.233,64519,504.472,479.249,529.696,54098,11.01,20.01,11.25,12.93
"A9014","https://nci-naaccr-zone-design.github.io/louisiana-2020/?address=A9014","Female","AllSite","10yrs","Lafayette","Lafayette, Youngsville, Milton",434.949,413.201,456.696,222304,405.367,385.098,425.635,33930,378.802,359.862,397.742,54098,11.01,20.01,11.25,12.93
"A9014","https://nci-naaccr-zone-design.github.io/louisiana-2020/?address=A9014","Male","AllSite","10yrs","Lafayette","Lafayette, Youngsville, Milton",558.956,531.008,586.903,212286,677.91,644.014,711.805,30589,585.966,556.668,615.264,54098,11.01,20.01,11.25,12.93
"A9014","https://nci-naaccr-zone-design.github.io/louisiana-2020/?address=A9014","Male","Prostate","10yrs","Lafayette","Lafayette, Youngsville, Milton",183.289,174.125,192.454,212286,146.232,138.92,153.543,30589,151.836,144.244,159.427,54098,11.01,20.01,11.25,12.93
"A9014","https://nci-naaccr-zone-design.github.io/louisiana-2020/?address=A9014","Both","Lung","10yrs","Lafayette","Lafayette, Youngsville, Milton",85.104,80.849,89.36,434590,89.74,85.253,94.227,64519,63.564,60.386,66.742,54098,11.01,20.01,11.25,12.93
"A9014","https://nci-naaccr-zone-design.github.io/louisiana-2020/?address=A9014","Female","Lung","10yrs","Lafayette","Lafayette, Youngsville, Milton",73.465,69.792,77.138,222304,53.643,50.961,56.325,33930,73.341,69.674,77.008,54098,11.01,20.01,11.25,12.93
"A9014","https://nci-naaccr-zone-design.github.io/louisiana-2020/?address=A9014","Male","Lung","10yrs","Lafayette","Lafayette, Youngsville, Milton",107.254,101.891,112.616,212286,118.197,112.288,124.107,30589,57.389,54.52,60.259,54098,11.01,20.01,11.25,12.93
"A9014","https://nci-naaccr-zone-design.github.io/louisiana-2020/?address=A9014","Female","Breast","10yrs","Lafayette","Lafayette, Youngsville, Milton",106.478,101.154,111.802,222304,133.575,126.896,140.253,33930,126.067,119.763,132.37,54098,11.01,20.01,11.25,12.93
"A9014","https://nci-naaccr-zone-design.github.io/louisiana-2020/?address=A9014","Both","CRC","10yrs","Lafayette","Lafayette, Youngsville, Milton",43.126,40.97,45.283,434590,61.062,58.009,64.115,64519,61.076,58.022,64.13,54098,11.01,20.01,11.25,12.93
"A9014","https://nci-naaccr-zone-design.github.io/louisiana-2020/?address=A9014","Female","CRC","10yrs","Lafayette","Lafayette, Youngsville, Milton",32.89,31.245,34.534,222304,31.815,30.224,33.406,33930,41.499,39.424,43.574,54098,11.01,20.01,11.25,12.93
"A9014","https://nci-naaccr-zone-design.github.io/louisiana-2020/?address=A9014","Male","CRC","10yrs","Lafayette","Lafayette, Youngsville, Milton",64.141,60.934,67.348,212286,70.293,66.778,73.808,30589,45.401,43.131,47.672,54098,11.01,20.01,11.25,12.93
"A9014","https://nci-naaccr-zone-design.github.io/louisiana-2020/?address=A9014","Both","Kidney","10yrs","Lafayette","Lafayette, Youngsville, Milton",25.852,24.56,27.145,434590,16.524,15.698,17.351,64519,21.801,20.711,22.891,54098,11.01,20.01,11.25,12.93
"A9014","https://nci-naaccr-zone-design.github.io/louisiana-2020/?address=A9014","Female","Kidney","10yrs","Lafayette","Lafayette, Youngsville, Milton",21.932,20.836,23.029,222304,19.356,18.388,20.324,33930,10.387,9.868,10.907,54098,11.01,20.01,11.25,12.93
"A9014","https://nci-naaccr-zone-design.github.io/louisiana-2020/?address=A9014","Male","Kidney","10yrs","Lafayette","Lafayette, Youngsville, Milton",23.087,21.933,24.241,212286,33.593,31.913,35.272,30589,21.026,19.975,22.078,54098,11.01,20.01,11.25,12.93
"A9014","https://nci-naaccr-zone-design.github.io/louisiana-2020/?address=A9014","Both","NHL","10yrs","Lafayette","Lafayette, Youngsville, Milton",14.093,13.388,14.798,434590,16.674,15.84,17.508,64519,19.485,18.511,20.46,54098,11.01,20.01,11.25,12.93
"A9014","https://nci-naaccr-zone-design.github.io/louisiana-2020/?address=A9014","Female","NHL","10yrs","Lafayette","Lafayette, Youngsville, Milton",13.114,12.459,13.77,222304,14.062,13.358,14.765,33930,22.26,21.147,23.373,54098,11.01,20.01,11.25,12.93
"A9014","https://nci-naaccr-zone-design.github.io/louisiana-2020/?address=A9014","Male","NHL","10yrs","Lafayette","Lafayette, Youngsville, Milton",32.737,31.1,34.374,212286,30.99,29.441,32.54,30589,19.633,18.651,20.614,54098,11.01,20.01,11.25,12.93
"A9014","https://nci-naaccr-zone-design.github.io/louisiana-2020/?address=A9014","Both","Urinary","10yrs","Lafayette","Lafayette, Youngsville, Milton",16.74,15.903,17.577,434590,14.17,13.462,14.879,64519,19.918,18.922,20.914,54098,11.01,20.01,11.25,12.93
"A9014","https://nci-naaccr-zone-design.github.io/louisiana-2020/?address=A9014","Female","Urinary","10yrs","Lafayette","Lafayette, Youngsville, Milton",10.883,10.339,11.427,222304,10.754,10.216,11.291,33930,4.81,4.57,5.051,54098,11.01,20.01,11.25,12.93
"A9014","https://nci-naaccr-zone-design.github.io/louisiana-2020/?address=A9014","Male","Urinary","10yrs","Lafayette","Lafayette, Youngsville, Milton",43.743,41.556,45.931,212286,22.203,21.093,23.313,30589,44.985,42.736,47.234,54098,11.01,20.01,11.25,12.93
"A9014","https://nci-naaccr-zone-design.github.io/louisiana-2020/?address=A9014","Both","Mela","10yrs","Lafayette","Lafayette, Youngsville, Milton",21.428,20.357,22.5,434590,18.53,17.604,19.457,64519,12.885,12.241,13.529,54098,11.01,20.01,11.25,12.93
"A9014","https://nci-naaccr-zone-design.github.io/louisiana-2020/?address=A9014","Female","Mela","10yrs","Lafayette","Lafayette, Youngsville, Milton",6.547,6.219,6.874,222304,3.869,3.675,4.062,33930,20.532,19.505,21.559,54098,11.01,20.01,11.25,12.93
"A9014","https://nci-naaccr-zone-design.github.io/louisiana-2020/?address=A9014","Male","Mela","10yrs","Lafayette","Lafayette, Youngsville, Milton",32.378,30.759,33.997,212286,10.246,9.734,10.758,30589,10.912,10.366,11.457,54098,11.01,20.01,11.25,12.93
"A9014","https://nci-naaccr-zone-design.github.io/louisiana-2020/?address=A9014","Both","Pancreas","10yrs","Lafayette","Lafayette, Youngsville, Milton",14.268,13.554,14.981,434590,13.4,12.73,14.07,64519,17.816,16.925,18.707,54098,11.01,20.01,11.25,12.93
"A9014","https://nci-naaccr-zone-design.github.io/louisiana-2020/?address=A9014","Female","Pancreas","10yrs","Lafayette","Lafayette, Youngsville, Milton",12.637,12.005,13.269,222304,8.625,8.193,9.056,33930,12.435,11.813,13.057,54098,11.01,20.01,11.25,12.93
"A9014","https://nci-naaccr-zone-design.github.io/louisiana-2020/?address=A9014","Male","Pancreas","10yrs","Lafayette","Lafayette, Youngsville, Milton",16.308,15.492,17.123,212286,17.694,16.81,18.579,30589,19.479,18.505,20.452,54098,11.01,20.01,11.25,12.93
"A9014","https://nci-naaccr-zone-design.github.io/louisiana-2020/?address=A9014","Both","Leuks","10yrs","Lafayette","Lafayette, Youngsville, Milton",16.95,16.102,17.797,434590,12.157,11.549,12.765,64519,10.014,9.514,10.515,54098,11.01,20.01,11.25,12.93
"A9014","https://nci-naaccr-zone-design.github.io/louisiana-2020/?address=A9014","Female","Leuks","10yrs","Lafayette","Lafayette, Youngsville, Milton",14.817,14.076,15.558,222304,14.971,14.223,15.72,33930,7.372,7.003,7.74,54098,11.01,20.01,11.25,12.93
"A9014","https://nci-naaccr-zone-design.github.io/louisiana-2020/?address=A9014","Male","Leuks","10yrs","Lafayette","Lafayette, Youngsville, Milton",13.061,12.408,13.714,212286,15.661,14.878,16.444,30589,12.578,11.949,13.207,54098,11.01,20.01,11.25,12.93
"A9014","https://nci-naaccr-zone-design.github.io/louisiana-2020/?address=A9014","Both","Oral","10yrs","Lafayette","Lafayette, Youngsville, Milton",10.436,9.914,10.958,434590,14.637,13.905,15.369,64519,12.603,11.973,13.233,54098,11.01,20.01,11.25,12.93
"A9014","https://nci-naaccr-zone-design.github.io/louisiana-2020/?address=A9014","Female","Oral","10yrs","Lafayette","Lafayette, Youngsville, Milton",5.935,5.638,6.232,222304,6.242,5.929,6.554,33930,"","","",54098,11.01,20.01,11.25,12.93
"A9014","https://nci-naaccr-zone-design.github.io/louisiana-2020/?address=A9014","Male","Oral","10yrs","Lafayette","Lafayette, Youngsville, Milton",25.309,24.044,26.575,212286,15.577,14.798,16.356,30589,11.485,10.911,12.06,54098,11.01,20.01,11.25,12.93
"A9014","https://nci-naaccr-zone-design.github.io/louisiana-2020/?address=A9014","Both","Thyroid","10yrs","Lafayette","Lafayette, Youngsville, Milton",8.108,7.703,8.514,434590,11.232,10.67,11.793,64519,13.304,12.638,13.969,54098,11.01,20.01,11.25,12.93
"A9014","https://nci-naaccr-zone-design.github.io/louisiana-2020/?address=A9014","Female","Thyroid","10yrs","Lafayette","Lafayette, Youngsville, Milton",9.83,9.339,10.322,222304,23.853,22.66,25.045,33930,9.773,9.285,10.262,54098,11.01,20.01,11.25,12.93
"A9014","https://nci-naaccr-zone-design.github.io/louisiana-2020/?address=A9014","Male","Thyroid","10yrs","Lafayette","Lafayette, Youngsville, Milton",5.181,4.922,5.44,212286,3.94,3.743,4.137,30589,8.478,8.054,8.902,54098,11.01,20.01,11.25,12.93
"A9014","https://nci-naaccr-zone-design.github.io/louisiana-2020/?address=A9014","Female","Uterine","10yrs","Lafayette","Lafayette, Youngsville, Milton",15.899,15.104,16.694,222304,13.718,13.032,14.404,33930,20.896,19.851,21.941,54098,11.01,20.01,11.25,12.93
"A9014","https://nci-naaccr-zone-design.github.io/louisiana-2020/?address=A9014","Both","Liver","10yrs","Lafayette","Lafayette, Youngsville, Milton",9.019,8.568,9.47,434590,10.536,10.009,11.062,64519,9.958,9.46,10.456,54098,11.01,20.01,11.25,12.93
"A9014","https://nci-naaccr-zone-design.github.io/louisiana-2020/?address=A9014","Female","Liver","10yrs","Lafayette","Lafayette, Youngsville, Milton",6.095,5.79,6.4,222304,3.589,3.409,3.768,33930,"","","",54098,11.01,20.01,11.25,12.93
"A9014","https://nci-naaccr-zone-design.github.io/louisiana-2020/?address=A9014","Male","Liver","10yrs","Lafayette","Lafayette, Youngsville, Milton",10.96,10.412,11.508,212286,11.577,10.998,12.156,30589,19.162,18.204,20.12,54098,11.01,20.01,11.25,12.93
"A9014","https://nci-naaccr-zone-design.github.io/louisiana-2020/?address=A9014","Both","Stomach","10yrs","Lafayette","Lafayette, Youngsville, Milton",11.119,10.563,11.675,434590,9.552,9.074,10.03,64519,11.125,10.569,11.681,54098,11.01,20.01,11.25,12.93
"A9014","https://nci-naaccr-zone-design.github.io/louisiana-2020/?address=A9014","Female","Stomach","10yrs","Lafayette","Lafayette, Youngsville, Milton",5.238,4.976,5.5,222304,4.662,4.429,4.895,33930,"","","",54098,11.01,20.01,11.25,12.93
"A9014","https://nci-naaccr-zone-design.github.io/louisiana-2020/?address=A9014","Male","Stomach","10yrs","Lafayette","Lafayette, Youngsville, Milton",6.829,6.487,7.17,212286,9.39,8.921,9.86,30589,12.236,11.625,12.848,54098,11.01,20.01,11.25,12.93
"A9014","https://nci-naaccr-zone-design.github.io/louisiana-2020/?address=A9014","Both","Myeloma","10yrs","Lafayette","Lafayette, Youngsville, Milton",5.473,5.2,5.747,434590,12.484,11.859,13.108,64519,13.035,12.383,13.686,54098,11.01,20.01,11.25,12.93
"A9014","https://nci-naaccr-zone-design.github.io/louisiana-2020/?address=A9014","Female","Myeloma","10yrs","Lafayette","Lafayette, Youngsville, Milton",12.616,11.985,13.247,222304,9.32,8.854,9.786,33930,11.778,11.189,12.366,54098,11.01,20.01,11.25,12.93
"A9014","https://nci-naaccr-zone-design.github.io/louisiana-2020/?address=A9014","Male","Myeloma","10yrs","Lafayette","Lafayette, Youngsville, Milton",15.248,14.486,16.01,212286,13.038,12.386,13.69,30589,15.233,14.472,15.995,54098,11.01,20.01,11.25,12.93
"A9014","https://nci-naaccr-zone-design.github.io/louisiana-2020/?address=A9014","Both","Brain","10yrs","Lafayette","Lafayette, Youngsville, Milton",3.954,3.757,4.152,434590,7.211,6.85,7.571,64519,4.864,4.621,5.107,54098,11.01,20.01,11.25,12.93
"A9014","https://nci-naaccr-zone-design.github.io/louisiana-2020/?address=A9014","Female","Brain","10yrs","Lafayette","Lafayette, Youngsville, Milton",4.801,4.561,5.041,222304,7.285,6.921,7.65,33930,5.971,5.672,6.27,54098,11.01,20.01,11.25,12.93
"A9014","https://nci-naaccr-zone-design.github.io/louisiana-2020/?address=A9014","Male","Brain","10yrs","Lafayette","Lafayette, Youngsville, Milton",5.225,4.964,5.486,212286,8.102,7.697,8.508,30589,8.739,8.302,9.176,54098,11.01,20.01,11.25,12.93
"A9014","https://nci-naaccr-zone-design.github.io/louisiana-2020/?address=A9014","Both","Larynx","10yrs","Lafayette","Lafayette, Youngsville, Milton",7.198,6.838,7.558,434590,7.996,7.596,8.396,64519,3.118,2.962,3.274,54098,11.01,20.01,11.25,12.93
"A9014","https://nci-naaccr-zone-design.github.io/louisiana-2020/?address=A9014","Female","Larynx","10yrs","Lafayette","Lafayette, Youngsville, Milton",1.876,1.782,1.97,222304,2.685,2.55,2.819,33930,"","","",54098,11.01,20.01,11.25,12.93
"A9014","https://nci-naaccr-zone-design.github.io/louisiana-2020/?address=A9014","Male","Larynx","10yrs","Lafayette","Lafayette, Youngsville, Milton",14.469,13.746,15.193,212286,10.877,10.333,11.421,30589,9.678,9.194,10.162,54098,11.01,20.01,11.25,12.93
"A9014","https://nci-naaccr-zone-design.github.io/louisiana-2020/?address=A9014","Female","Ovary","10yrs","Lafayette","Lafayette, Youngsville, Milton",8.399,7.979,8.819,222304,14.103,13.398,14.808,33930,6.702,6.367,7.037,54098,11.01,20.01,11.25,12.93
"A9014","https://nci-naaccr-zone-design.github.io/louisiana-2020/?address=A9014","Both","Esoph","10yrs","Lafayette","Lafayette, Youngsville, Milton",5.648,5.366,5.93,434590,2.741,2.604,2.878,64519,3.703,3.518,3.888,54098,11.01,20.01,11.25,12.93
"A9014","https://nci-naaccr-zone-design.github.io/louisiana-2020/?address=A9014","Female","Esoph","10yrs","Lafayette","Lafayette, Youngsville, Milton",3.093,2.938,3.248,222304,3.765,3.577,3.953,33930,"","","",54098,11.01,20.01,11.25,12.93
"A9014","https://nci-naaccr-zone-design.github.io/louisiana-2020/?address=A9014","Male","Esoph","10yrs","Lafayette","Lafayette, Youngsville, Milton",6.945,6.597,7.292,212286,5.059,4.806,5.311,30589,9.27,8.807,9.734,54098,11.01,20.01,11.25,12.93
