"Zone","URL","Sex","Cancer","Years","Counties","Places","AAIR","LCI","UCI","White_PopTot","White_AAIR","White_LCI","White_UCI","Black_PopTot","Black_AAIR","Black_LCI","Black_UCI","TotalPop","Pct100Pov","PctMinority","PctBlackNH","PctRural"
"B0026","https://nci-naaccr-zone-design.github.io/louisiana-2020/?address=B0026","Both","AllSite","05yrs","De Soto, Sabine","Stonewall, Zwolle, Fort Jesup, Logansport, Keachi, Many, Mansfield, Belmont",436.89,415.046,458.735,162919,545.449,518.177,572.722,72653,444.459,422.236,466.682,50889,23.0,37.38,28.32,82.47
"B0026","https://nci-naaccr-zone-design.github.io/louisiana-2020/?address=B0026","Female","AllSite","05yrs","De Soto, Sabine","Stonewall, Zwolle, Fort Jesup, Logansport, Keachi, Many, Mansfield, Belmont",449.007,426.556,471.457,82279,369.472,350.999,387.946,38395,393.222,373.561,412.883,50889,23.0,37.38,28.32,82.47
"B0026","https://nci-naaccr-zone-design.github.io/louisiana-2020/?address=B0026","Male","AllSite","05yrs","De Soto, Sabine","Stonewall, Zwolle, Fort Jesup, Logansport, Keachi, Many, Mansfield, Belmont",664.304,631.089,697.519,80640,678.936,644.99,712.883,34258,669.008,635.558,702.459,50889,23.0,37.38,28.32,82.47
"B0026","https://nci-naaccr-zone-design.github.io/louisiana-2020/?address=B0026","Male","Prostate","05yrs","De Soto, Sabine","Stonewall, Zwolle, Fort Jesup, Logansport, Keachi, Many, Mansfield, Belmont",175.301,166.536,184.066,80640,179.834,170.842,188.825,34258,214.068,203.365,224.771,50889,23.0,37.38,28.32,82.47
"B0026","https://nci-naaccr-zone-design.github.io/louisiana-2020/?address=B0026","Both","Lung","05yrs","De Soto, Sabine","Stonewall, Zwolle, Fort Jesup, Logansport, Keachi, Many, Mansfield, Belmont",75.637,71.855,79.419,162919,65.485,62.211,68.76,72653,75.351,71.583,79.118,50889,23.0,37.38,28.32,82.47
"B0026","https://nci-naaccr-zone-design.github.io/louisiana-2020/?address=B0026","Female","Lung","05yrs","De Soto, Sabine","Stonewall, Zwolle, Fort Jesup, Logansport, Keachi, Many, Mansfield, Belmont",48.887,46.443,51.332,82279,50.601,48.071,53.131,38395,43.305,41.139,45.47,50889,23.0,37.38,28.32,82.47
"B0026","https://nci-naaccr-zone-design.github.io/louisiana-2020/?address=B0026","Male","Lung","05yrs","De Soto, Sabine","Stonewall, Zwolle, Fort Jesup, Logansport, Keachi, Many, Mansfield, Belmont",62.803,59.663,65.944,80640,88.745,84.308,93.182,34258,75.212,71.451,78.972,50889,23.0,37.38,28.32,82.47
"B0026","https://nci-naaccr-zone-design.github.io/louisiana-2020/?address=B0026","Female","Breast","05yrs","De Soto, Sabine","Stonewall, Zwolle, Fort Jesup, Logansport, Keachi, Many, Mansfield, Belmont",138.547,131.62,145.475,82279,105.406,100.135,110.676,38395,120.855,114.812,126.897,50889,23.0,37.38,28.32,82.47
"B0026","https://nci-naaccr-zone-design.github.io/louisiana-2020/?address=B0026","Both","CRC","05yrs","De Soto, Sabine","Stonewall, Zwolle, Fort Jesup, Logansport, Keachi, Many, Mansfield, Belmont",44.194,41.984,46.403,162919,36.44,34.618,38.262,72653,38.606,36.676,40.536,50889,23.0,37.38,28.32,82.47
"B0026","https://nci-naaccr-zone-design.github.io/louisiana-2020/?address=B0026","Female","CRC","05yrs","De Soto, Sabine","Stonewall, Zwolle, Fort Jesup, Logansport, Keachi, Many, Mansfield, Belmont",43.294,41.129,45.459,82279,52.005,49.405,54.605,38395,32.212,30.601,33.823,50889,23.0,37.38,28.32,82.47
"B0026","https://nci-naaccr-zone-design.github.io/louisiana-2020/?address=B0026","Male","CRC","05yrs","De Soto, Sabine","Stonewall, Zwolle, Fort Jesup, Logansport, Keachi, Many, Mansfield, Belmont",63.91,60.715,67.106,80640,57.772,54.884,60.661,34258,63.444,60.272,66.616,50889,23.0,37.38,28.32,82.47
"B0026","https://nci-naaccr-zone-design.github.io/louisiana-2020/?address=B0026","Both","Kidney","05yrs","De Soto, Sabine","Stonewall, Zwolle, Fort Jesup, Logansport, Keachi, Many, Mansfield, Belmont",20.146,19.139,21.153,162919,24.221,23.01,25.433,72653,18.151,17.244,19.059,50889,23.0,37.38,28.32,82.47
"B0026","https://nci-naaccr-zone-design.github.io/louisiana-2020/?address=B0026","Female","Kidney","05yrs","De Soto, Sabine","Stonewall, Zwolle, Fort Jesup, Logansport, Keachi, Many, Mansfield, Belmont",15.892,15.097,16.686,82279,15.376,14.608,16.145,38395,20.149,19.141,21.156,50889,23.0,37.38,28.32,82.47
"B0026","https://nci-naaccr-zone-design.github.io/louisiana-2020/?address=B0026","Male","Kidney","05yrs","De Soto, Sabine","Stonewall, Zwolle, Fort Jesup, Logansport, Keachi, Many, Mansfield, Belmont",18.013,17.112,18.913,80640,26.502,25.177,27.828,34258,23.545,22.368,24.722,50889,23.0,37.38,28.32,82.47
"B0026","https://nci-naaccr-zone-design.github.io/louisiana-2020/?address=B0026","Both","NHL","05yrs","De Soto, Sabine","Stonewall, Zwolle, Fort Jesup, Logansport, Keachi, Many, Mansfield, Belmont",19.896,18.901,20.891,162919,19.494,18.519,20.468,72653,17.342,16.475,18.209,50889,23.0,37.38,28.32,82.47
"B0026","https://nci-naaccr-zone-design.github.io/louisiana-2020/?address=B0026","Female","NHL","05yrs","De Soto, Sabine","Stonewall, Zwolle, Fort Jesup, Logansport, Keachi, Many, Mansfield, Belmont",21.533,20.457,22.61,82279,14.431,13.71,15.153,38395,16.953,16.105,17.8,50889,23.0,37.38,28.32,82.47
"B0026","https://nci-naaccr-zone-design.github.io/louisiana-2020/?address=B0026","Male","NHL","05yrs","De Soto, Sabine","Stonewall, Zwolle, Fort Jesup, Logansport, Keachi, Many, Mansfield, Belmont",21.492,20.417,22.566,80640,29.4,27.93,30.87,34258,18.529,17.603,19.456,50889,23.0,37.38,28.32,82.47
"B0026","https://nci-naaccr-zone-design.github.io/louisiana-2020/?address=B0026","Both","Urinary","05yrs","De Soto, Sabine","Stonewall, Zwolle, Fort Jesup, Logansport, Keachi, Many, Mansfield, Belmont",18.968,18.02,19.917,162919,24.54,23.313,25.767,72653,17.295,16.43,18.16,50889,23.0,37.38,28.32,82.47
"B0026","https://nci-naaccr-zone-design.github.io/louisiana-2020/?address=B0026","Female","Urinary","05yrs","De Soto, Sabine","Stonewall, Zwolle, Fort Jesup, Logansport, Keachi, Many, Mansfield, Belmont",7.671,7.287,8.055,82279,13.579,12.9,14.258,38395,11.578,10.999,12.157,50889,23.0,37.38,28.32,82.47
"B0026","https://nci-naaccr-zone-design.github.io/louisiana-2020/?address=B0026","Male","Urinary","05yrs","De Soto, Sabine","Stonewall, Zwolle, Fort Jesup, Logansport, Keachi, Many, Mansfield, Belmont",26.513,25.187,27.838,80640,24.548,23.321,25.776,34258,26.428,25.106,27.749,50889,23.0,37.38,28.32,82.47
"B0026","https://nci-naaccr-zone-design.github.io/louisiana-2020/?address=B0026","Both","Mela","05yrs","De Soto, Sabine","Stonewall, Zwolle, Fort Jesup, Logansport, Keachi, Many, Mansfield, Belmont",5.112,4.856,5.367,162919,12.093,11.488,12.697,72653,23.16,22.002,24.318,50889,23.0,37.38,28.32,82.47
"B0026","https://nci-naaccr-zone-design.github.io/louisiana-2020/?address=B0026","Female","Mela","05yrs","De Soto, Sabine","Stonewall, Zwolle, Fort Jesup, Logansport, Keachi, Many, Mansfield, Belmont",16.613,15.782,17.444,82279,10.025,9.524,10.527,38395,10.485,9.961,11.01,50889,23.0,37.38,28.32,82.47
"B0026","https://nci-naaccr-zone-design.github.io/louisiana-2020/?address=B0026","Male","Mela","05yrs","De Soto, Sabine","Stonewall, Zwolle, Fort Jesup, Logansport, Keachi, Many, Mansfield, Belmont",26.859,25.516,28.201,80640,8.911,8.466,9.357,34258,9.191,8.731,9.65,50889,23.0,37.38,28.32,82.47
"B0026","https://nci-naaccr-zone-design.github.io/louisiana-2020/?address=B0026","Both","Pancreas","05yrs","De Soto, Sabine","Stonewall, Zwolle, Fort Jesup, Logansport, Keachi, Many, Mansfield, Belmont",11.465,10.892,12.038,162919,18.145,17.238,19.052,72653,13.783,13.094,14.472,50889,23.0,37.38,28.32,82.47
"B0026","https://nci-naaccr-zone-design.github.io/louisiana-2020/?address=B0026","Female","Pancreas","05yrs","De Soto, Sabine","Stonewall, Zwolle, Fort Jesup, Logansport, Keachi, Many, Mansfield, Belmont",15.331,14.565,16.098,82279,12.607,11.976,13.237,38395,15.049,14.297,15.802,50889,23.0,37.38,28.32,82.47
"B0026","https://nci-naaccr-zone-design.github.io/louisiana-2020/?address=B0026","Male","Pancreas","05yrs","De Soto, Sabine","Stonewall, Zwolle, Fort Jesup, Logansport, Keachi, Many, Mansfield, Belmont",20.076,19.072,21.079,80640,20.201,19.191,21.211,34258,17.953,17.055,18.851,50889,23.0,37.38,28.32,82.47
"B0026","https://nci-naaccr-zone-design.github.io/louisiana-2020/?address=B0026","Both","Leuks","05yrs","De Soto, Sabine","Stonewall, Zwolle, Fort Jesup, Logansport, Keachi, Many, Mansfield, Belmont",10.532,10.005,11.058,162919,16.25,15.437,17.062,72653,16.502,15.677,17.327,50889,23.0,37.38,28.32,82.47
"B0026","https://nci-naaccr-zone-design.github.io/louisiana-2020/?address=B0026","Female","Leuks","05yrs","De Soto, Sabine","Stonewall, Zwolle, Fort Jesup, Logansport, Keachi, Many, Mansfield, Belmont",9.143,8.686,9.6,82279,8.404,7.984,8.824,38395,15.289,14.525,16.053,50889,23.0,37.38,28.32,82.47
"B0026","https://nci-naaccr-zone-design.github.io/louisiana-2020/?address=B0026","Male","Leuks","05yrs","De Soto, Sabine","Stonewall, Zwolle, Fort Jesup, Logansport, Keachi, Many, Mansfield, Belmont",14.928,14.181,15.674,80640,21.98,20.881,23.079,34258,12.689,12.055,13.324,50889,23.0,37.38,28.32,82.47
"B0026","https://nci-naaccr-zone-design.github.io/louisiana-2020/?address=B0026","Both","Oral","05yrs","De Soto, Sabine","Stonewall, Zwolle, Fort Jesup, Logansport, Keachi, Many, Mansfield, Belmont",7.674,7.291,8.058,162919,13.63,12.949,14.312,72653,11.96,11.362,12.558,50889,23.0,37.38,28.32,82.47
"B0026","https://nci-naaccr-zone-design.github.io/louisiana-2020/?address=B0026","Female","Oral","05yrs","De Soto, Sabine","Stonewall, Zwolle, Fort Jesup, Logansport, Keachi, Many, Mansfield, Belmont",8.777,8.338,9.216,82279,"","","",38395,"","","",50889,23.0,37.38,28.32,82.47
"B0026","https://nci-naaccr-zone-design.github.io/louisiana-2020/?address=B0026","Male","Oral","05yrs","De Soto, Sabine","Stonewall, Zwolle, Fort Jesup, Logansport, Keachi, Many, Mansfield, Belmont",21.694,20.61,22.779,80640,17.787,16.898,18.677,34258,26.7,25.365,28.035,50889,23.0,37.38,28.32,82.47
"B0026","https://nci-naaccr-zone-design.github.io/louisiana-2020/?address=B0026","Both","Thyroid","05yrs","De Soto, Sabine","Stonewall, Zwolle, Fort Jesup, Logansport, Keachi, Many, Mansfield, Belmont",12.537,11.91,13.164,162919,9.018,8.567,9.469,72653,11.695,11.111,12.28,50889,23.0,37.38,28.32,82.47
"B0026","https://nci-naaccr-zone-design.github.io/louisiana-2020/?address=B0026","Female","Thyroid","05yrs","De Soto, Sabine","Stonewall, Zwolle, Fort Jesup, Logansport, Keachi, Many, Mansfield, Belmont",12.642,12.01,13.274,82279,14.899,14.154,15.644,38395,14.129,13.423,14.836,50889,23.0,37.38,28.32,82.47
"B0026","https://nci-naaccr-zone-design.github.io/louisiana-2020/?address=B0026","Male","Thyroid","05yrs","De Soto, Sabine","Stonewall, Zwolle, Fort Jesup, Logansport, Keachi, Many, Mansfield, Belmont",2.992,2.842,3.142,80640,5.964,5.666,6.262,34258,"","","",50889,23.0,37.38,28.32,82.47
"B0026","https://nci-naaccr-zone-design.github.io/louisiana-2020/?address=B0026","Female","Uterine","05yrs","De Soto, Sabine","Stonewall, Zwolle, Fort Jesup, Logansport, Keachi, Many, Mansfield, Belmont",17.008,16.158,17.859,82279,21.639,20.557,22.721,38395,18.656,17.723,19.589,50889,23.0,37.38,28.32,82.47
"B0026","https://nci-naaccr-zone-design.github.io/louisiana-2020/?address=B0026","Both","Liver","05yrs","De Soto, Sabine","Stonewall, Zwolle, Fort Jesup, Logansport, Keachi, Many, Mansfield, Belmont",14.093,13.389,14.798,162919,13.654,12.971,14.336,72653,10.784,10.245,11.324,50889,23.0,37.38,28.32,82.47
"B0026","https://nci-naaccr-zone-design.github.io/louisiana-2020/?address=B0026","Female","Liver","05yrs","De Soto, Sabine","Stonewall, Zwolle, Fort Jesup, Logansport, Keachi, Many, Mansfield, Belmont",7.505,7.13,7.881,82279,"","","",38395,"","","",50889,23.0,37.38,28.32,82.47
"B0026","https://nci-naaccr-zone-design.github.io/louisiana-2020/?address=B0026","Male","Liver","05yrs","De Soto, Sabine","Stonewall, Zwolle, Fort Jesup, Logansport, Keachi, Many, Mansfield, Belmont",10.958,10.41,11.506,80640,7.784,7.395,8.173,34258,"","","",50889,23.0,37.38,28.32,82.47
"B0026","https://nci-naaccr-zone-design.github.io/louisiana-2020/?address=B0026","Both","Stomach","05yrs","De Soto, Sabine","Stonewall, Zwolle, Fort Jesup, Logansport, Keachi, Many, Mansfield, Belmont",11.401,10.831,11.971,162919,8.954,8.507,9.402,72653,5.737,5.45,6.024,50889,23.0,37.38,28.32,82.47
"B0026","https://nci-naaccr-zone-design.github.io/louisiana-2020/?address=B0026","Female","Stomach","05yrs","De Soto, Sabine","Stonewall, Zwolle, Fort Jesup, Logansport, Keachi, Many, Mansfield, Belmont",9.317,8.851,9.783,82279,7.014,6.664,7.365,38395,"","","",50889,23.0,37.38,28.32,82.47
"B0026","https://nci-naaccr-zone-design.github.io/louisiana-2020/?address=B0026","Male","Stomach","05yrs","De Soto, Sabine","Stonewall, Zwolle, Fort Jesup, Logansport, Keachi, Many, Mansfield, Belmont",4.598,4.368,4.828,80640,11.552,10.974,12.129,34258,16.334,15.517,17.15,50889,23.0,37.38,28.32,82.47
"B0026","https://nci-naaccr-zone-design.github.io/louisiana-2020/?address=B0026","Both","Myeloma","05yrs","De Soto, Sabine","Stonewall, Zwolle, Fort Jesup, Logansport, Keachi, Many, Mansfield, Belmont",9.083,8.628,9.537,162919,6.329,6.012,6.645,72653,4.825,4.583,5.066,50889,23.0,37.38,28.32,82.47
"B0026","https://nci-naaccr-zone-design.github.io/louisiana-2020/?address=B0026","Female","Myeloma","05yrs","De Soto, Sabine","Stonewall, Zwolle, Fort Jesup, Logansport, Keachi, Many, Mansfield, Belmont",2.833,2.691,2.975,82279,12.025,11.424,12.626,38395,8.251,7.838,8.663,50889,23.0,37.38,28.32,82.47
"B0026","https://nci-naaccr-zone-design.github.io/louisiana-2020/?address=B0026","Male","Myeloma","05yrs","De Soto, Sabine","Stonewall, Zwolle, Fort Jesup, Logansport, Keachi, Many, Mansfield, Belmont",5.261,4.998,5.524,80640,10.338,9.821,10.855,34258,"","","",50889,23.0,37.38,28.32,82.47
"B0026","https://nci-naaccr-zone-design.github.io/louisiana-2020/?address=B0026","Both","Brain","05yrs","De Soto, Sabine","Stonewall, Zwolle, Fort Jesup, Logansport, Keachi, Many, Mansfield, Belmont",7.953,7.555,8.35,162919,5.429,5.157,5.7,72653,"","","",50889,23.0,37.38,28.32,82.47
"B0026","https://nci-naaccr-zone-design.github.io/louisiana-2020/?address=B0026","Female","Brain","05yrs","De Soto, Sabine","Stonewall, Zwolle, Fort Jesup, Logansport, Keachi, Many, Mansfield, Belmont",4.486,4.262,4.711,82279,4.954,4.706,5.202,38395,"","","",50889,23.0,37.38,28.32,82.47
"B0026","https://nci-naaccr-zone-design.github.io/louisiana-2020/?address=B0026","Male","Brain","05yrs","De Soto, Sabine","Stonewall, Zwolle, Fort Jesup, Logansport, Keachi, Many, Mansfield, Belmont",5.117,4.861,5.373,80640,4.309,4.093,4.524,34258,"","","",50889,23.0,37.38,28.32,82.47
"B0026","https://nci-naaccr-zone-design.github.io/louisiana-2020/?address=B0026","Both","Larynx","05yrs","De Soto, Sabine","Stonewall, Zwolle, Fort Jesup, Logansport, Keachi, Many, Mansfield, Belmont",6.977,6.628,7.325,162919,6.328,6.011,6.644,72653,7.023,6.672,7.374,50889,23.0,37.38,28.32,82.47
"B0026","https://nci-naaccr-zone-design.github.io/louisiana-2020/?address=B0026","Female","Larynx","05yrs","De Soto, Sabine","Stonewall, Zwolle, Fort Jesup, Logansport, Keachi, Many, Mansfield, Belmont","","","",82279,"","","",38395,"","","",50889,23.0,37.38,28.32,82.47
"B0026","https://nci-naaccr-zone-design.github.io/louisiana-2020/?address=B0026","Male","Larynx","05yrs","De Soto, Sabine","Stonewall, Zwolle, Fort Jesup, Logansport, Keachi, Many, Mansfield, Belmont",11.853,11.261,12.446,80640,12.16,11.552,12.768,34258,"","","",50889,23.0,37.38,28.32,82.47
"B0026","https://nci-naaccr-zone-design.github.io/louisiana-2020/?address=B0026","Female","Ovary","05yrs","De Soto, Sabine","Stonewall, Zwolle, Fort Jesup, Logansport, Keachi, Many, Mansfield, Belmont",11.298,10.734,11.863,82279,4.926,4.68,5.172,38395,"","","",50889,23.0,37.38,28.32,82.47
"B0026","https://nci-naaccr-zone-design.github.io/louisiana-2020/?address=B0026","Both","Esoph","05yrs","De Soto, Sabine","Stonewall, Zwolle, Fort Jesup, Logansport, Keachi, Many, Mansfield, Belmont",5.901,5.606,6.197,162919,7.42,7.049,7.79,72653,"","","",50889,23.0,37.38,28.32,82.47
"B0026","https://nci-naaccr-zone-design.github.io/louisiana-2020/?address=B0026","Female","Esoph","05yrs","De Soto, Sabine","Stonewall, Zwolle, Fort Jesup, Logansport, Keachi, Many, Mansfield, Belmont",3.342,3.175,3.509,82279,"","","",38395,"","","",50889,23.0,37.38,28.32,82.47
"B0026","https://nci-naaccr-zone-design.github.io/louisiana-2020/?address=B0026","Male","Esoph","05yrs","De Soto, Sabine","Stonewall, Zwolle, Fort Jesup, Logansport, Keachi, Many, Mansfield, Belmont",12.009,11.409,12.61,80640,12.977,12.329,13.626,34258,10.455,9.932,10.978,50889,23.0,37.38,28.32,82.47
"B0026","https://nci-naaccr-zone-design.github.io/louisiana-2020/?address=B0026","Both","AllSite","10yrs","De Soto, Sabine","Stonewall, Zwolle, Fort Jesup, Logansport, Keachi, Many, Mansfield, Belmont",463.876,440.682,487.07,324093,437.602,415.722,459.482,146202,520.766,494.727,546.804,50889,23.0,37.38,28.32,82.47
"B0026","https://nci-naaccr-zone-design.github.io/louisiana-2020/?address=B0026","Female","AllSite","10yrs","De Soto, Sabine","Stonewall, Zwolle, Fort Jesup, Logansport, Keachi, Many, Mansfield, Belmont",428.579,407.15,450.008,163224,438.821,416.88,460.762,77606,434.837,413.095,456.578,50889,23.0,37.38,28.32,82.47
"B0026","https://nci-naaccr-zone-design.github.io/louisiana-2020/?address=B0026","Male","AllSite","10yrs","De Soto, Sabine","Stonewall, Zwolle, Fort Jesup, Logansport, Keachi, Many, Mansfield, Belmont",565.271,537.008,593.535,160869,584.762,555.524,614.001,68596,591.93,562.334,621.527,50889,23.0,37.38,28.32,82.47
"B0026","https://nci-naaccr-zone-design.github.io/louisiana-2020/?address=B0026","Male","Prostate","10yrs","De Soto, Sabine","Stonewall, Zwolle, Fort Jesup, Logansport, Keachi, Many, Mansfield, Belmont",155.339,147.572,163.106,160869,182.018,172.917,191.119,68596,158.295,150.38,166.21,50889,23.0,37.38,28.32,82.47
"B0026","https://nci-naaccr-zone-design.github.io/louisiana-2020/?address=B0026","Both","Lung","10yrs","De Soto, Sabine","Stonewall, Zwolle, Fort Jesup, Logansport, Keachi, Many, Mansfield, Belmont",64.177,60.968,67.386,324093,83.044,78.892,87.197,146202,44.984,42.735,47.233,50889,23.0,37.38,28.32,82.47
"B0026","https://nci-naaccr-zone-design.github.io/louisiana-2020/?address=B0026","Female","Lung","10yrs","De Soto, Sabine","Stonewall, Zwolle, Fort Jesup, Logansport, Keachi, Many, Mansfield, Belmont",73.496,69.821,77.17,163224,57.746,54.859,60.633,77606,58.164,55.255,61.072,50889,23.0,37.38,28.32,82.47
"B0026","https://nci-naaccr-zone-design.github.io/louisiana-2020/?address=B0026","Male","Lung","10yrs","De Soto, Sabine","Stonewall, Zwolle, Fort Jesup, Logansport, Keachi, Many, Mansfield, Belmont",63.562,60.384,66.74,160869,70.019,66.518,73.52,68596,78.953,75.006,82.901,50889,23.0,37.38,28.32,82.47
"B0026","https://nci-naaccr-zone-design.github.io/louisiana-2020/?address=B0026","Female","Breast","10yrs","De Soto, Sabine","Stonewall, Zwolle, Fort Jesup, Logansport, Keachi, Many, Mansfield, Belmont",129.711,123.226,136.197,163224,108.947,103.5,114.394,77606,142.911,135.766,150.057,50889,23.0,37.38,28.32,82.47
"B0026","https://nci-naaccr-zone-design.github.io/louisiana-2020/?address=B0026","Both","CRC","10yrs","De Soto, Sabine","Stonewall, Zwolle, Fort Jesup, Logansport, Keachi, Many, Mansfield, Belmont",45.454,43.181,47.727,324093,50.31,47.795,52.826,146202,34.926,33.18,36.672,50889,23.0,37.38,28.32,82.47
"B0026","https://nci-naaccr-zone-design.github.io/louisiana-2020/?address=B0026","Female","CRC","10yrs","De Soto, Sabine","Stonewall, Zwolle, Fort Jesup, Logansport, Keachi, Many, Mansfield, Belmont",51.68,49.096,54.264,163224,36.481,34.657,38.305,77606,33.139,31.482,34.796,50889,23.0,37.38,28.32,82.47
"B0026","https://nci-naaccr-zone-design.github.io/louisiana-2020/?address=B0026","Male","CRC","10yrs","De Soto, Sabine","Stonewall, Zwolle, Fort Jesup, Logansport, Keachi, Many, Mansfield, Belmont",65.299,62.034,68.564,160869,64.483,61.259,67.707,68596,62.038,58.936,65.14,50889,23.0,37.38,28.32,82.47
"B0026","https://nci-naaccr-zone-design.github.io/louisiana-2020/?address=B0026","Both","Kidney","10yrs","De Soto, Sabine","Stonewall, Zwolle, Fort Jesup, Logansport, Keachi, Many, Mansfield, Belmont",21.187,20.128,22.247,324093,20.968,19.919,22.016,146202,23.808,22.618,24.999,50889,23.0,37.38,28.32,82.47
"B0026","https://nci-naaccr-zone-design.github.io/louisiana-2020/?address=B0026","Female","Kidney","10yrs","De Soto, Sabine","Stonewall, Zwolle, Fort Jesup, Logansport, Keachi, Many, Mansfield, Belmont",21.757,20.669,22.845,163224,11.488,10.914,12.063,77606,19.146,18.188,20.103,50889,23.0,37.38,28.32,82.47
"B0026","https://nci-naaccr-zone-design.github.io/louisiana-2020/?address=B0026","Male","Kidney","10yrs","De Soto, Sabine","Stonewall, Zwolle, Fort Jesup, Logansport, Keachi, Many, Mansfield, Belmont",27.944,26.547,29.342,160869,35.711,33.926,37.497,68596,27.499,26.124,28.874,50889,23.0,37.38,28.32,82.47
"B0026","https://nci-naaccr-zone-design.github.io/louisiana-2020/?address=B0026","Both","NHL","10yrs","De Soto, Sabine","Stonewall, Zwolle, Fort Jesup, Logansport, Keachi, Many, Mansfield, Belmont",17.677,16.794,18.561,324093,21.063,20.01,22.116,146202,19.797,18.807,20.787,50889,23.0,37.38,28.32,82.47
"B0026","https://nci-naaccr-zone-design.github.io/louisiana-2020/?address=B0026","Female","NHL","10yrs","De Soto, Sabine","Stonewall, Zwolle, Fort Jesup, Logansport, Keachi, Many, Mansfield, Belmont",16.158,15.35,16.966,163224,12.334,11.717,12.95,77606,10.844,10.302,11.386,50889,23.0,37.38,28.32,82.47
"B0026","https://nci-naaccr-zone-design.github.io/louisiana-2020/?address=B0026","Male","NHL","10yrs","De Soto, Sabine","Stonewall, Zwolle, Fort Jesup, Logansport, Keachi, Many, Mansfield, Belmont",21.262,20.199,22.325,160869,27.669,26.285,29.052,68596,30.985,29.436,32.535,50889,23.0,37.38,28.32,82.47
"B0026","https://nci-naaccr-zone-design.github.io/louisiana-2020/?address=B0026","Both","Urinary","10yrs","De Soto, Sabine","Stonewall, Zwolle, Fort Jesup, Logansport, Keachi, Many, Mansfield, Belmont",19.73,18.744,20.717,324093,18.293,17.378,19.208,146202,15.995,15.195,16.795,50889,23.0,37.38,28.32,82.47
"B0026","https://nci-naaccr-zone-design.github.io/louisiana-2020/?address=B0026","Female","Urinary","10yrs","De Soto, Sabine","Stonewall, Zwolle, Fort Jesup, Logansport, Keachi, Many, Mansfield, Belmont",10.943,10.396,11.491,163224,7.382,7.013,7.752,77606,8.454,8.031,8.877,50889,23.0,37.38,28.32,82.47
"B0026","https://nci-naaccr-zone-design.github.io/louisiana-2020/?address=B0026","Male","Urinary","10yrs","De Soto, Sabine","Stonewall, Zwolle, Fort Jesup, Logansport, Keachi, Many, Mansfield, Belmont",34.716,32.981,36.452,160869,45.56,43.282,47.838,68596,34.685,32.95,36.419,50889,23.0,37.38,28.32,82.47
"B0026","https://nci-naaccr-zone-design.github.io/louisiana-2020/?address=B0026","Both","Mela","10yrs","De Soto, Sabine","Stonewall, Zwolle, Fort Jesup, Logansport, Keachi, Many, Mansfield, Belmont",24.939,23.692,26.186,324093,12.806,12.165,13.446,146202,28.746,27.308,30.183,50889,23.0,37.38,28.32,82.47
"B0026","https://nci-naaccr-zone-design.github.io/louisiana-2020/?address=B0026","Female","Mela","10yrs","De Soto, Sabine","Stonewall, Zwolle, Fort Jesup, Logansport, Keachi, Many, Mansfield, Belmont",16.73,15.893,17.566,163224,11.138,10.581,11.695,77606,18.293,17.378,19.207,50889,23.0,37.38,28.32,82.47
"B0026","https://nci-naaccr-zone-design.github.io/louisiana-2020/?address=B0026","Male","Mela","10yrs","De Soto, Sabine","Stonewall, Zwolle, Fort Jesup, Logansport, Keachi, Many, Mansfield, Belmont",15.856,15.063,16.649,160869,8.315,7.9,8.731,68596,6.812,6.471,7.153,50889,23.0,37.38,28.32,82.47
"B0026","https://nci-naaccr-zone-design.github.io/louisiana-2020/?address=B0026","Both","Pancreas","10yrs","De Soto, Sabine","Stonewall, Zwolle, Fort Jesup, Logansport, Keachi, Many, Mansfield, Belmont",17.185,16.326,18.045,324093,15.449,14.677,16.222,146202,10.516,9.99,11.042,50889,23.0,37.38,28.32,82.47
"B0026","https://nci-naaccr-zone-design.github.io/louisiana-2020/?address=B0026","Female","Pancreas","10yrs","De Soto, Sabine","Stonewall, Zwolle, Fort Jesup, Logansport, Keachi, Many, Mansfield, Belmont",16.066,15.263,16.869,163224,14.834,14.092,15.576,77606,16.42,15.599,17.241,50889,23.0,37.38,28.32,82.47
"B0026","https://nci-naaccr-zone-design.github.io/louisiana-2020/?address=B0026","Male","Pancreas","10yrs","De Soto, Sabine","Stonewall, Zwolle, Fort Jesup, Logansport, Keachi, Many, Mansfield, Belmont",19.196,18.236,20.155,160869,20.13,19.123,21.136,68596,10.266,9.753,10.779,50889,23.0,37.38,28.32,82.47
"B0026","https://nci-naaccr-zone-design.github.io/louisiana-2020/?address=B0026","Both","Leuks","10yrs","De Soto, Sabine","Stonewall, Zwolle, Fort Jesup, Logansport, Keachi, Many, Mansfield, Belmont",15.922,15.126,16.719,324093,17.195,16.335,18.055,146202,14.011,13.311,14.712,50889,23.0,37.38,28.32,82.47
"B0026","https://nci-naaccr-zone-design.github.io/louisiana-2020/?address=B0026","Female","Leuks","10yrs","De Soto, Sabine","Stonewall, Zwolle, Fort Jesup, Logansport, Keachi, Many, Mansfield, Belmont",6.839,6.497,7.181,163224,6.665,6.331,6.998,77606,11.499,10.925,12.074,50889,23.0,37.38,28.32,82.47
"B0026","https://nci-naaccr-zone-design.github.io/louisiana-2020/?address=B0026","Male","Leuks","10yrs","De Soto, Sabine","Stonewall, Zwolle, Fort Jesup, Logansport, Keachi, Many, Mansfield, Belmont",13.632,12.95,14.313,160869,24.642,23.41,25.874,68596,19.256,18.293,20.218,50889,23.0,37.38,28.32,82.47
"B0026","https://nci-naaccr-zone-design.github.io/louisiana-2020/?address=B0026","Both","Oral","10yrs","De Soto, Sabine","Stonewall, Zwolle, Fort Jesup, Logansport, Keachi, Many, Mansfield, Belmont",8.491,8.066,8.915,324093,13.949,13.252,14.647,146202,6.878,6.535,7.222,50889,23.0,37.38,28.32,82.47
"B0026","https://nci-naaccr-zone-design.github.io/louisiana-2020/?address=B0026","Female","Oral","10yrs","De Soto, Sabine","Stonewall, Zwolle, Fort Jesup, Logansport, Keachi, Many, Mansfield, Belmont",8.911,8.465,9.356,163224,6.142,5.835,6.45,77606,2.62,2.489,2.751,50889,23.0,37.38,28.32,82.47
"B0026","https://nci-naaccr-zone-design.github.io/louisiana-2020/?address=B0026","Male","Oral","10yrs","De Soto, Sabine","Stonewall, Zwolle, Fort Jesup, Logansport, Keachi, Many, Mansfield, Belmont",12.442,11.82,13.064,160869,15.407,14.637,16.178,68596,22.207,21.097,23.318,50889,23.0,37.38,28.32,82.47
"B0026","https://nci-naaccr-zone-design.github.io/louisiana-2020/?address=B0026","Both","Thyroid","10yrs","De Soto, Sabine","Stonewall, Zwolle, Fort Jesup, Logansport, Keachi, Many, Mansfield, Belmont",14.182,13.473,14.891,324093,7.51,7.135,7.886,146202,16.375,15.556,17.194,50889,23.0,37.38,28.32,82.47
"B0026","https://nci-naaccr-zone-design.github.io/louisiana-2020/?address=B0026","Female","Thyroid","10yrs","De Soto, Sabine","Stonewall, Zwolle, Fort Jesup, Logansport, Keachi, Many, Mansfield, Belmont",21.734,20.647,22.821,163224,21.771,20.683,22.86,77606,22.179,21.07,23.288,50889,23.0,37.38,28.32,82.47
"B0026","https://nci-naaccr-zone-design.github.io/louisiana-2020/?address=B0026","Male","Thyroid","10yrs","De Soto, Sabine","Stonewall, Zwolle, Fort Jesup, Logansport, Keachi, Many, Mansfield, Belmont",3.072,2.918,3.226,160869,4.499,4.274,4.724,68596,6.137,5.83,6.444,50889,23.0,37.38,28.32,82.47
"B0026","https://nci-naaccr-zone-design.github.io/louisiana-2020/?address=B0026","Female","Uterine","10yrs","De Soto, Sabine","Stonewall, Zwolle, Fort Jesup, Logansport, Keachi, Many, Mansfield, Belmont",25.437,24.165,26.708,163224,15.95,15.152,16.747,77606,25.061,23.808,26.314,50889,23.0,37.38,28.32,82.47
"B0026","https://nci-naaccr-zone-design.github.io/louisiana-2020/?address=B0026","Both","Liver","10yrs","De Soto, Sabine","Stonewall, Zwolle, Fort Jesup, Logansport, Keachi, Many, Mansfield, Belmont",11.546,10.969,12.123,324093,15.415,14.644,16.185,146202,14.01,13.31,14.711,50889,23.0,37.38,28.32,82.47
"B0026","https://nci-naaccr-zone-design.github.io/louisiana-2020/?address=B0026","Female","Liver","10yrs","De Soto, Sabine","Stonewall, Zwolle, Fort Jesup, Logansport, Keachi, Many, Mansfield, Belmont",6.976,6.627,7.325,163224,3.613,3.432,3.793,77606,5.118,4.862,5.374,50889,23.0,37.38,28.32,82.47
"B0026","https://nci-naaccr-zone-design.github.io/louisiana-2020/?address=B0026","Male","Liver","10yrs","De Soto, Sabine","Stonewall, Zwolle, Fort Jesup, Logansport, Keachi, Many, Mansfield, Belmont",9.381,8.912,9.85,160869,15.677,14.894,16.461,68596,8.973,8.524,9.421,50889,23.0,37.38,28.32,82.47
"B0026","https://nci-naaccr-zone-design.github.io/louisiana-2020/?address=B0026","Both","Stomach","10yrs","De Soto, Sabine","Stonewall, Zwolle, Fort Jesup, Logansport, Keachi, Many, Mansfield, Belmont",8.755,8.317,9.193,324093,8.468,8.044,8.891,146202,9.11,8.654,9.565,50889,23.0,37.38,28.32,82.47
"B0026","https://nci-naaccr-zone-design.github.io/louisiana-2020/?address=B0026","Female","Stomach","10yrs","De Soto, Sabine","Stonewall, Zwolle, Fort Jesup, Logansport, Keachi, Many, Mansfield, Belmont",6.249,5.936,6.561,163224,4.69,4.455,4.924,77606,10.1,9.595,10.605,50889,23.0,37.38,28.32,82.47
"B0026","https://nci-naaccr-zone-design.github.io/louisiana-2020/?address=B0026","Male","Stomach","10yrs","De Soto, Sabine","Stonewall, Zwolle, Fort Jesup, Logansport, Keachi, Many, Mansfield, Belmont",13.631,12.949,14.312,160869,9.905,9.41,10.401,68596,10.16,9.652,10.668,50889,23.0,37.38,28.32,82.47
"B0026","https://nci-naaccr-zone-design.github.io/louisiana-2020/?address=B0026","Both","Myeloma","10yrs","De Soto, Sabine","Stonewall, Zwolle, Fort Jesup, Logansport, Keachi, Many, Mansfield, Belmont",10.859,10.316,11.402,324093,7.109,6.754,7.465,146202,13.133,12.477,13.79,50889,23.0,37.38,28.32,82.47
"B0026","https://nci-naaccr-zone-design.github.io/louisiana-2020/?address=B0026","Female","Myeloma","10yrs","De Soto, Sabine","Stonewall, Zwolle, Fort Jesup, Logansport, Keachi, Many, Mansfield, Belmont",7.96,7.562,8.358,163224,11.402,10.832,11.972,77606,7.205,6.844,7.565,50889,23.0,37.38,28.32,82.47
"B0026","https://nci-naaccr-zone-design.github.io/louisiana-2020/?address=B0026","Male","Myeloma","10yrs","De Soto, Sabine","Stonewall, Zwolle, Fort Jesup, Logansport, Keachi, Many, Mansfield, Belmont",8.781,8.342,9.22,160869,7.957,7.559,8.355,68596,14.555,13.827,15.283,50889,23.0,37.38,28.32,82.47
"B0026","https://nci-naaccr-zone-design.github.io/louisiana-2020/?address=B0026","Both","Brain","10yrs","De Soto, Sabine","Stonewall, Zwolle, Fort Jesup, Logansport, Keachi, Many, Mansfield, Belmont",3.87,3.676,4.063,324093,4.667,4.434,4.9,146202,3.695,3.51,3.88,50889,23.0,37.38,28.32,82.47
"B0026","https://nci-naaccr-zone-design.github.io/louisiana-2020/?address=B0026","Female","Brain","10yrs","De Soto, Sabine","Stonewall, Zwolle, Fort Jesup, Logansport, Keachi, Many, Mansfield, Belmont",7.445,7.073,7.818,163224,7.317,6.951,7.683,77606,7.84,7.448,8.232,50889,23.0,37.38,28.32,82.47
"B0026","https://nci-naaccr-zone-design.github.io/louisiana-2020/?address=B0026","Male","Brain","10yrs","De Soto, Sabine","Stonewall, Zwolle, Fort Jesup, Logansport, Keachi, Many, Mansfield, Belmont",5.844,5.552,6.136,160869,4.628,4.397,4.86,68596,4.584,4.355,4.813,50889,23.0,37.38,28.32,82.47
"B0026","https://nci-naaccr-zone-design.github.io/louisiana-2020/?address=B0026","Both","Larynx","10yrs","De Soto, Sabine","Stonewall, Zwolle, Fort Jesup, Logansport, Keachi, Many, Mansfield, Belmont",5.118,4.862,5.374,324093,8.097,7.692,8.502,146202,7.749,7.361,8.136,50889,23.0,37.38,28.32,82.47
"B0026","https://nci-naaccr-zone-design.github.io/louisiana-2020/?address=B0026","Female","Larynx","10yrs","De Soto, Sabine","Stonewall, Zwolle, Fort Jesup, Logansport, Keachi, Many, Mansfield, Belmont",2.219,2.108,2.33,163224,2.157,2.049,2.265,77606,3.698,3.513,3.883,50889,23.0,37.38,28.32,82.47
"B0026","https://nci-naaccr-zone-design.github.io/louisiana-2020/?address=B0026","Male","Larynx","10yrs","De Soto, Sabine","Stonewall, Zwolle, Fort Jesup, Logansport, Keachi, Many, Mansfield, Belmont",5.151,4.893,5.408,160869,4.813,4.572,5.053,68596,8.429,8.008,8.851,50889,23.0,37.38,28.32,82.47
"B0026","https://nci-naaccr-zone-design.github.io/louisiana-2020/?address=B0026","Female","Ovary","10yrs","De Soto, Sabine","Stonewall, Zwolle, Fort Jesup, Logansport, Keachi, Many, Mansfield, Belmont",5.231,4.969,5.492,163224,10.705,10.17,11.241,77606,13.174,12.515,13.833,50889,23.0,37.38,28.32,82.47
"B0026","https://nci-naaccr-zone-design.github.io/louisiana-2020/?address=B0026","Both","Esoph","10yrs","De Soto, Sabine","Stonewall, Zwolle, Fort Jesup, Logansport, Keachi, Many, Mansfield, Belmont",6.846,6.503,7.188,324093,5.861,5.568,6.154,146202,6.663,6.33,6.996,50889,23.0,37.38,28.32,82.47
"B0026","https://nci-naaccr-zone-design.github.io/louisiana-2020/?address=B0026","Female","Esoph","10yrs","De Soto, Sabine","Stonewall, Zwolle, Fort Jesup, Logansport, Keachi, Many, Mansfield, Belmont",2.545,2.417,2.672,163224,2.122,2.016,2.228,77606,2.304,2.189,2.419,50889,23.0,37.38,28.32,82.47
"B0026","https://nci-naaccr-zone-design.github.io/louisiana-2020/?address=B0026","Male","Esoph","10yrs","De Soto, Sabine","Stonewall, Zwolle, Fort Jesup, Logansport, Keachi, Many, Mansfield, Belmont",6.061,5.758,6.364,160869,11.247,10.685,11.809,68596,8.94,8.493,9.387,50889,23.0,37.38,28.32,82.47
