"Zone","URL","Sex","Cancer","Years","Counties","Places","AAIR","LCI","UCI","White_PopTot","White_AAIR","White_LCI","White_UCI","Black_PopTot","Black_AAIR","Black_LCI","Black_UCI","Hispanic_PopTot","Hispanic_AAIR","Hispanic_LCI","Hispanic_UCI","Asian_PopTot","Asian_AAIR","Asian_LCI","Asian_UCI","TotalPop","Pct100Pov","PctMinority","PctHispanic","PctBlackNH","PctAPINH","PctRural"
"A9013","https://www.example.com?address=A9013","Both","AllSite","01yr","Bossier","Bossier City, Red Chute, Eastwood, Haughton",501.559,476.481,526.637,42203,541.002,513.952,568.052,12237,528.4,501.98,554.82,4788,517.156,491.299,543.014,1378,"","","",56934,13.91,30.1,7.16,18.35,1.88,23.33
"A9013","https://www.example.com?address=A9013","Female","AllSite","01yr","Bossier","Bossier City, Red Chute, Eastwood, Haughton",401.756,381.669,421.844,21030,449.187,426.727,471.646,6277,383.718,364.532,402.904,2176,"","","",752,"","","",56934,13.91,30.1,7.16,18.35,1.88,23.33
"A9013","https://www.example.com?address=A9013","Male","AllSite","01yr","Bossier","Bossier City, Red Chute, Eastwood, Haughton",679.769,645.781,713.758,21174,639.093,607.139,671.048,5960,633.23,601.569,664.892,2612,"","","",626,"","","",56934,13.91,30.1,7.16,18.35,1.88,23.33
"A9013","https://www.example.com?address=A9013","Male","Prostate","01yr","Bossier","Bossier City, Red Chute, Eastwood, Haughton",141.71,134.624,148.795,21174,124.941,118.694,131.188,5960,"","","",2612,"","","",626,"","","",56934,13.91,30.1,7.16,18.35,1.88,23.33
"A9013","https://www.example.com?address=A9013","Both","Lung","01yr","Bossier","Bossier City, Red Chute, Eastwood, Haughton",61.517,58.441,64.592,42203,85.426,81.155,89.697,12237,"","","",4788,"","","",1378,"","","",56934,13.91,30.1,7.16,18.35,1.88,23.33
"A9013","https://www.example.com?address=A9013","Female","Lung","01yr","Bossier","Bossier City, Red Chute, Eastwood, Haughton","","","",21030,"","","",6277,"","","",2176,"","","",752,"","","",56934,13.91,30.1,7.16,18.35,1.88,23.33
"A9013","https://www.example.com?address=A9013","Male","Lung","01yr","Bossier","Bossier City, Red Chute, Eastwood, Haughton",113.639,107.957,119.321,21174,"","","",5960,"","","",2612,"","","",626,"","","",56934,13.91,30.1,7.16,18.35,1.88,23.33
"A9013","https://www.example.com?address=A9013","Female","Breast","01yr","Bossier","Bossier City, Red Chute, Eastwood, Haughton",141.995,134.896,149.095,21030,120.803,114.763,126.843,6277,"","","",2176,"","","",752,"","","",56934,13.91,30.1,7.16,18.35,1.88,23.33
"A9013","https://www.example.com?address=A9013","Both","CRC","01yr","Bossier","Bossier City, Red Chute, Eastwood, Haughton",59.78,56.791,62.769,42203,39.422,37.451,41.393,12237,"","","",4788,"","","",1378,"","","",56934,13.91,30.1,7.16,18.35,1.88,23.33
"A9013","https://www.example.com?address=A9013","Female","CRC","01yr","Bossier","Bossier City, Red Chute, Eastwood, Haughton","","","",21030,"","","",6277,"","","",2176,"","","",752,"","","",56934,13.91,30.1,7.16,18.35,1.88,23.33
"A9013","https://www.example.com?address=A9013","Male","CRC","01yr","Bossier","Bossier City, Red Chute, Eastwood, Haughton",61.123,58.067,64.179,21174,"","","",5960,"","","",2612,"","","",626,"","","",56934,13.91,30.1,7.16,18.35,1.88,23.33
"A9013","https://www.example.com?address=A9013","Both","Kidney","01yr","Bossier","Bossier City, Red Chute, Eastwood, Haughton","","","",42203,"","","",12237,"","","",4788,"","","",1378,"","","",56934,13.91,30.1,7.16,18.35,1.88,23.33
"A9013","https://www.example.com?address=A9013","Female","Kidney","01yr","Bossier","Bossier City, Red Chute, Eastwood, Haughton","","","",21030,"","","",6277,"","","",2176,"","","",752,"","","",56934,13.91,30.1,7.16,18.35,1.88,23.33
"A9013","https://www.example.com?address=A9013","Male","Kidney","01yr","Bossier","Bossier City, Red Chute, Eastwood, Haughton","","","",21174,"","","",5960,"","","",2612,"","","",626,"","","",56934,13.91,30.1,7.16,18.35,1.88,23.33
"A9013","https://www.example.com?address=A9013","Both","NHL","01yr","Bossier","Bossier City, Red Chute, Eastwood, Haughton","","","",42203,"","","",12237,"","","",4788,"","","",1378,"","","",56934,13.91,30.1,7.16,18.35,1.88,23.33
"A9013","https://www.example.com?address=A9013","Female","NHL","01yr","Bossier","Bossier City, Red Chute, Eastwood, Haughton","","","",21030,"","","",6277,"","","",2176,"","","",752,"","","",56934,13.91,30.1,7.16,18.35,1.88,23.33
"A9013","https://www.example.com?address=A9013","Male","NHL","01yr","Bossier","Bossier City, Red Chute, Eastwood, Haughton","","","",21174,"","","",5960,"","","",2612,"","","",626,"","","",56934,13.91,30.1,7.16,18.35,1.88,23.33
"A9013","https://www.example.com?address=A9013","Both","Urinary","01yr","Bossier","Bossier City, Red Chute, Eastwood, Haughton","","","",42203,"","","",12237,"","","",4788,"","","",1378,"","","",56934,13.91,30.1,7.16,18.35,1.88,23.33
"A9013","https://www.example.com?address=A9013","Female","Urinary","01yr","Bossier","Bossier City, Red Chute, Eastwood, Haughton","","","",21030,"","","",6277,"","","",2176,"","","",752,"","","",56934,13.91,30.1,7.16,18.35,1.88,23.33
"A9013","https://www.example.com?address=A9013","Male","Urinary","01yr","Bossier","Bossier City, Red Chute, Eastwood, Haughton","","","",21174,"","","",5960,"","","",2612,"","","",626,"","","",56934,13.91,30.1,7.16,18.35,1.88,23.33
"A9013","https://www.example.com?address=A9013","Both","Mela","01yr","Bossier","Bossier City, Red Chute, Eastwood, Haughton","","","",42203,"","","",12237,"","","",4788,"","","",1378,"","","",56934,13.91,30.1,7.16,18.35,1.88,23.33
"A9013","https://www.example.com?address=A9013","Female","Mela","01yr","Bossier","Bossier City, Red Chute, Eastwood, Haughton","","","",21030,"","","",6277,"","","",2176,"","","",752,"","","",56934,13.91,30.1,7.16,18.35,1.88,23.33
"A9013","https://www.example.com?address=A9013","Male","Mela","01yr","Bossier","Bossier City, Red Chute, Eastwood, Haughton","","","",21174,"","","",5960,"","","",2612,"","","",626,"","","",56934,13.91,30.1,7.16,18.35,1.88,23.33
"A9013","https://www.example.com?address=A9013","Both","Pancreas","01yr","Bossier","Bossier City, Red Chute, Eastwood, Haughton","","","",42203,"","","",12237,"","","",4788,"","","",1378,"","","",56934,13.91,30.1,7.16,18.35,1.88,23.33
"A9013","https://www.example.com?address=A9013","Female","Pancreas","01yr","Bossier","Bossier City, Red Chute, Eastwood, Haughton","","","",21030,"","","",6277,"","","",2176,"","","",752,"","","",56934,13.91,30.1,7.16,18.35,1.88,23.33
"A9013","https://www.example.com?address=A9013","Male","Pancreas","01yr","Bossier","Bossier City, Red Chute, Eastwood, Haughton","","","",21174,"","","",5960,"","","",2612,"","","",626,"","","",56934,13.91,30.1,7.16,18.35,1.88,23.33
"A9013","https://www.example.com?address=A9013","Both","Leuks","01yr","Bossier","Bossier City, Red Chute, Eastwood, Haughton","","","",42203,"","","",12237,"","","",4788,"","","",1378,"","","",56934,13.91,30.1,7.16,18.35,1.88,23.33
"A9013","https://www.example.com?address=A9013","Female","Leuks","01yr","Bossier","Bossier City, Red Chute, Eastwood, Haughton","","","",21030,"","","",6277,"","","",2176,"","","",752,"","","",56934,13.91,30.1,7.16,18.35,1.88,23.33
"A9013","https://www.example.com?address=A9013","Male","Leuks","01yr","Bossier","Bossier City, Red Chute, Eastwood, Haughton","","","",21174,"","","",5960,"","","",2612,"","","",626,"","","",56934,13.91,30.1,7.16,18.35,1.88,23.33
"A9013","https://www.example.com?address=A9013","Both","Oral","01yr","Bossier","Bossier City, Red Chute, Eastwood, Haughton","","","",42203,"","","",12237,"","","",4788,"","","",1378,"","","",56934,13.91,30.1,7.16,18.35,1.88,23.33
"A9013","https://www.example.com?address=A9013","Female","Oral","01yr","Bossier","Bossier City, Red Chute, Eastwood, Haughton","","","",21030,"","","",6277,"","","",2176,"","","",752,"","","",56934,13.91,30.1,7.16,18.35,1.88,23.33
"A9013","https://www.example.com?address=A9013","Male","Oral","01yr","Bossier","Bossier City, Red Chute, Eastwood, Haughton","","","",21174,"","","",5960,"","","",2612,"","","",626,"","","",56934,13.91,30.1,7.16,18.35,1.88,23.33
"A9013","https://www.example.com?address=A9013","Both","Thyroid","01yr","Bossier","Bossier City, Red Chute, Eastwood, Haughton","","","",42203,"","","",12237,"","","",4788,"","","",1378,"","","",56934,13.91,30.1,7.16,18.35,1.88,23.33
"A9013","https://www.example.com?address=A9013","Female","Thyroid","01yr","Bossier","Bossier City, Red Chute, Eastwood, Haughton","","","",21030,"","","",6277,"","","",2176,"","","",752,"","","",56934,13.91,30.1,7.16,18.35,1.88,23.33
"A9013","https://www.example.com?address=A9013","Male","Thyroid","01yr","Bossier","Bossier City, Red Chute, Eastwood, Haughton","","","",21174,"","","",5960,"","","",2612,"","","",626,"","","",56934,13.91,30.1,7.16,18.35,1.88,23.33
"A9013","https://www.example.com?address=A9013","Female","Uterine","01yr","Bossier","Bossier City, Red Chute, Eastwood, Haughton","","","",21030,"","","",6277,"","","",2176,"","","",752,"","","",56934,13.91,30.1,7.16,18.35,1.88,23.33
"A9013","https://www.example.com?address=A9013","Both","Liver","01yr","Bossier","Bossier City, Red Chute, Eastwood, Haughton","","","",42203,"","","",12237,"","","",4788,"","","",1378,"","","",56934,13.91,30.1,7.16,18.35,1.88,23.33
"A9013","https://www.example.com?address=A9013","Female","Liver","01yr","Bossier","Bossier City, Red Chute, Eastwood, Haughton","","","",21030,"","","",6277,"","","",2176,"","","",752,"","","",56934,13.91,30.1,7.16,18.35,1.88,23.33
"A9013","https://www.example.com?address=A9013","Male","Liver","01yr","Bossier","Bossier City, Red Chute, Eastwood, Haughton","","","",21174,"","","",5960,"","","",2612,"","","",626,"","","",56934,13.91,30.1,7.16,18.35,1.88,23.33
"A9013","https://www.example.com?address=A9013","Both","Stomach","01yr","Bossier","Bossier City, Red Chute, Eastwood, Haughton","","","",42203,"","","",12237,"","","",4788,"","","",1378,"","","",56934,13.91,30.1,7.16,18.35,1.88,23.33
"A9013","https://www.example.com?address=A9013","Female","Stomach","01yr","Bossier","Bossier City, Red Chute, Eastwood, Haughton","","","",21030,"","","",6277,"","","",2176,"","","",752,"","","",56934,13.91,30.1,7.16,18.35,1.88,23.33
"A9013","https://www.example.com?address=A9013","Male","Stomach","01yr","Bossier","Bossier City, Red Chute, Eastwood, Haughton","","","",21174,"","","",5960,"","","",2612,"","","",626,"","","",56934,13.91,30.1,7.16,18.35,1.88,23.33
"A9013","https://www.example.com?address=A9013","Both","Myeloma","01yr","Bossier","Bossier City, Red Chute, Eastwood, Haughton","","","",42203,"","","",12237,"","","",4788,"","","",1378,"","","",56934,13.91,30.1,7.16,18.35,1.88,23.33
"A9013","https://www.example.com?address=A9013","Female","Myeloma","01yr","Bossier","Bossier City, Red Chute, Eastwood, Haughton","","","",21030,"","","",6277,"","","",2176,"","","",752,"","","",56934,13.91,30.1,7.16,18.35,1.88,23.33
"A9013","https://www.example.com?address=A9013","Male","Myeloma","01yr","Bossier","Bossier City, Red Chute, Eastwood, Haughton","","","",21174,"","","",5960,"","","",2612,"","","",626,"","","",56934,13.91,30.1,7.16,18.35,1.88,23.33
"A9013","https://www.example.com?address=A9013","Both","Brain","01yr","Bossier","Bossier City, Red Chute, Eastwood, Haughton","","","",42203,"","","",12237,"","","",4788,"","","",1378,"","","",56934,13.91,30.1,7.16,18.35,1.88,23.33
"A9013","https://www.example.com?address=A9013","Female","Brain","01yr","Bossier","Bossier City, Red Chute, Eastwood, Haughton","","","",21030,"","","",6277,"","","",2176,"","","",752,"","","",56934,13.91,30.1,7.16,18.35,1.88,23.33
"A9013","https://www.example.com?address=A9013","Male","Brain","01yr","Bossier","Bossier City, Red Chute, Eastwood, Haughton","","","",21174,"","","",5960,"","","",2612,"","","",626,"","","",56934,13.91,30.1,7.16,18.35,1.88,23.33
"A9013","https://www.example.com?address=A9013","Both","Larynx","01yr","Bossier","Bossier City, Red Chute, Eastwood, Haughton","","","",42203,"","","",12237,"","","",4788,"","","",1378,"","","",56934,13.91,30.1,7.16,18.35,1.88,23.33
"A9013","https://www.example.com?address=A9013","Female","Larynx","01yr","Bossier","Bossier City, Red Chute, Eastwood, Haughton","","","",21030,"","","",6277,"","","",2176,"","","",752,"","","",56934,13.91,30.1,7.16,18.35,1.88,23.33
"A9013","https://www.example.com?address=A9013","Male","Larynx","01yr","Bossier","Bossier City, Red Chute, Eastwood, Haughton","","","",21174,"","","",5960,"","","",2612,"","","",626,"","","",56934,13.91,30.1,7.16,18.35,1.88,23.33
"A9013","https://www.example.com?address=A9013","Female","Ovary","01yr","Bossier","Bossier City, Red Chute, Eastwood, Haughton","","","",21030,"","","",6277,"","","",2176,"","","",752,"","","",56934,13.91,30.1,7.16,18.35,1.88,23.33
"A9013","https://www.example.com?address=A9013","Both","Esoph","01yr","Bossier","Bossier City, Red Chute, Eastwood, Haughton","","","",42203,"","","",12237,"","","",4788,"","","",1378,"","","",56934,13.91,30.1,7.16,18.35,1.88,23.33
"A9013","https://www.example.com?address=A9013","Female","Esoph","01yr","Bossier","Bossier City, Red Chute, Eastwood, Haughton","","","",21030,"","","",6277,"","","",2176,"","","",752,"","","",56934,13.91,30.1,7.16,18.35,1.88,23.33
"A9013","https://www.example.com?address=A9013","Male","Esoph","01yr","Bossier","Bossier City, Red Chute, Eastwood, Haughton","","","",21174,"","","",5960,"","","",2612,"","","",626,"","","",56934,13.91,30.1,7.16,18.35,1.88,23.33
"A9013","https://www.example.com?address=A9013","Both","AllSite","05yrs","Bossier","Bossier City, Red Chute, Eastwood, Haughton",437.866,415.973,459.76,210982,476.2,452.39,500.01,58714,513.158,487.5,538.816,22638,531.186,504.627,557.746,6648,439.444,417.472,461.416,56934,13.91,30.1,7.16,18.35,1.88,23.33
"A9013","https://www.example.com?address=A9013","Female","AllSite","05yrs","Bossier","Bossier City, Red Chute, Eastwood, Haughton",434.557,412.829,456.285,105236,368.305,349.889,386.72,30177,437.062,415.209,458.915,10146,378.365,359.446,397.283,3710,429.898,408.403,451.393,56934,13.91,30.1,7.16,18.35,1.88,23.33
"A9013","https://www.example.com?address=A9013","Male","AllSite","05yrs","Bossier","Bossier City, Red Chute, Eastwood, Haughton",657.791,624.902,690.681,105746,553.476,525.802,581.15,28537,579.447,550.475,608.419,12492,597.418,567.548,627.289,2938,610.012,579.511,640.513,56934,13.91,30.1,7.16,18.35,1.88,23.33
"A9013","https://www.example.com?address=A9013","Male","Prostate","05yrs","Bossier","Bossier City, Red Chute, Eastwood, Haughton",209.007,198.557,219.457,105746,178.811,169.87,187.751,28537,132.69,126.056,139.325,12492,203.558,193.38,213.736,2938,203.041,192.889,213.193,56934,13.91,30.1,7.16,18.35,1.88,23.33
"A9013","https://www.example.com?address=A9013","Both","Lung","05yrs","Bossier","Bossier City, Red Chute, Eastwood, Haughton",60.399,57.379,63.419,210982,73.108,69.452,76.763,58714,51.99,49.39,54.589,22638,50.694,48.159,53.229,6648,86.833,82.491,91.175,56934,13.91,30.1,7.16,18.35,1.88,23.33
"A9013","https://www.example.com?address=A9013","Female","Lung","05yrs","Bossier","Bossier City, Red Chute, Eastwood, Haughton",63.891,60.696,67.085,105236,68.967,65.519,72.415,30177,47.865,45.471,50.258,10146,59.613,56.632,62.593,3710,"","","",56934,13.91,30.1,7.16,18.35,1.88,23.33
"A9013","https://www.example.com?address=A9013","Male","Lung","05yrs","Bossier","Bossier City, Red Chute, Eastwood, Haughton",61.785,58.695,64.874,105746,71.863,68.27,75.456,28537,53.66,50.977,56.343,12492,80.028,76.027,84.03,2938,117.536,111.659,123.413,56934,13.91,30.1,7.16,18.35,1.88,23.33
"A9013","https://www.example.com?address=A9013","Female","Breast","05yrs","Bossier","Bossier City, Red Chute, Eastwood, Haughton",123.526,117.35,129.703,105236,125.665,119.382,131.949,30177,102.983,97.834,108.132,10146,138.233,131.321,145.145,3710,101.857,96.764,106.95,56934,13.91,30.1,7.16,18.35,1.88,23.33
"A9013","https://www.example.com?address=A9013","Both","CRC","05yrs","Bossier","Bossier City, Red Chute, Eastwood, Haughton",41.959,39.861,44.057,210982,51.676,49.092,54.259,58714,39.629,37.647,41.61,22638,42.075,39.971,44.178,6648,"","","",56934,13.91,30.1,7.16,18.35,1.88,23.33
"A9013","https://www.example.com?address=A9013","Female","CRC","05yrs","Bossier","Bossier City, Red Chute, Eastwood, Haughton",48.529,46.102,50.955,105236,38.784,36.845,40.723,30177,38.135,36.228,40.042,10146,34.329,32.613,36.046,3710,"","","",56934,13.91,30.1,7.16,18.35,1.88,23.33
"A9013","https://www.example.com?address=A9013","Male","CRC","05yrs","Bossier","Bossier City, Red Chute, Eastwood, Haughton",63.085,59.931,66.239,105746,47.507,45.132,49.883,28537,70.23,66.718,73.741,12492,56.926,54.079,59.772,2938,"","","",56934,13.91,30.1,7.16,18.35,1.88,23.33
"A9013","https://www.example.com?address=A9013","Both","Kidney","05yrs","Bossier","Bossier City, Red Chute, Eastwood, Haughton",17.875,16.981,18.769,210982,26.015,24.714,27.315,58714,20.933,19.887,21.98,22638,15.576,14.797,16.355,6648,"","","",56934,13.91,30.1,7.16,18.35,1.88,23.33
"A9013","https://www.example.com?address=A9013","Female","Kidney","05yrs","Bossier","Bossier City, Red Chute, Eastwood, Haughton",11.273,10.709,11.836,105236,18.738,17.801,19.675,30177,20.371,19.353,21.39,10146,"","","",3710,"","","",56934,13.91,30.1,7.16,18.35,1.88,23.33
"A9013","https://www.example.com?address=A9013","Male","Kidney","05yrs","Bossier","Bossier City, Red Chute, Eastwood, Haughton",17.841,16.949,18.734,105746,28.991,27.541,30.441,28537,26.121,24.815,27.427,12492,"","","",2938,"","","",56934,13.91,30.1,7.16,18.35,1.88,23.33
"A9013","https://www.example.com?address=A9013","Both","NHL","05yrs","Bossier","Bossier City, Red Chute, Eastwood, Haughton",24.194,22.984,25.404,210982,24.658,23.425,25.89,58714,16.134,15.327,16.941,22638,14.402,13.682,15.122,6648,"","","",56934,13.91,30.1,7.16,18.35,1.88,23.33
"A9013","https://www.example.com?address=A9013","Female","NHL","05yrs","Bossier","Bossier City, Red Chute, Eastwood, Haughton",20.407,19.387,21.428,105236,20.358,19.34,21.376,30177,13.74,13.053,14.427,10146,"","","",3710,"","","",56934,13.91,30.1,7.16,18.35,1.88,23.33
"A9013","https://www.example.com?address=A9013","Male","NHL","05yrs","Bossier","Bossier City, Red Chute, Eastwood, Haughton",32.59,30.96,34.219,105746,32.436,30.814,34.058,28537,29.834,28.342,31.325,12492,"","","",2938,"","","",56934,13.91,30.1,7.16,18.35,1.88,23.33
"A9013","https://www.example.com?address=A9013","Both","Urinary","05yrs","Bossier","Bossier City, Red Chute, Eastwood, Haughton",26.828,25.486,28.169,210982,18.29,17.375,19.204,58714,24.944,23.697,26.191,22638,16.814,15.973,17.655,6648,"","","",56934,13.91,30.1,7.16,18.35,1.88,23.33
"A9013","https://www.example.com?address=A9013","Female","Urinary","05yrs","Bossier","Bossier City, Red Chute, Eastwood, Haughton",13.591,12.911,14.27,105236,7.145,6.788,7.502,30177,"","","",10146,"","","",3710,"","","",56934,13.91,30.1,7.16,18.35,1.88,23.33
"A9013","https://www.example.com?address=A9013","Male","Urinary","05yrs","Bossier","Bossier City, Red Chute, Eastwood, Haughton",36.353,34.535,38.171,105746,37.946,36.049,39.844,28537,35.543,33.766,37.32,12492,28.981,27.532,30.43,2938,"","","",56934,13.91,30.1,7.16,18.35,1.88,23.33
"A9013","https://www.example.com?address=A9013","Both","Mela","05yrs","Bossier","Bossier City, Red Chute, Eastwood, Haughton",23.045,21.892,24.197,210982,26.978,25.629,28.327,58714,6.973,6.624,7.321,22638,27.719,26.333,29.105,6648,"","","",56934,13.91,30.1,7.16,18.35,1.88,23.33
"A9013","https://www.example.com?address=A9013","Female","Mela","05yrs","Bossier","Bossier City, Red Chute, Eastwood, Haughton",3.416,3.245,3.587,105236,"","","",30177,"","","",10146,"","","",3710,"","","",56934,13.91,30.1,7.16,18.35,1.88,23.33
"A9013","https://www.example.com?address=A9013","Male","Mela","05yrs","Bossier","Bossier City, Red Chute, Eastwood, Haughton",8.233,7.821,8.644,105746,14.639,13.908,15.371,28537,40.685,38.651,42.719,12492,32.954,31.306,34.601,2938,"","","",56934,13.91,30.1,7.16,18.35,1.88,23.33
"A9013","https://www.example.com?address=A9013","Both","Pancreas","05yrs","Bossier","Bossier City, Red Chute, Eastwood, Haughton",17.367,16.499,18.235,210982,13.179,12.52,13.838,58714,10.79,10.251,11.33,22638,"","","",6648,"","","",56934,13.91,30.1,7.16,18.35,1.88,23.33
"A9013","https://www.example.com?address=A9013","Female","Pancreas","05yrs","Bossier","Bossier City, Red Chute, Eastwood, Haughton",15.371,14.603,16.14,105236,13.616,12.935,14.296,30177,12.272,11.658,12.886,10146,"","","",3710,"","","",56934,13.91,30.1,7.16,18.35,1.88,23.33
"A9013","https://www.example.com?address=A9013","Male","Pancreas","05yrs","Bossier","Bossier City, Red Chute, Eastwood, Haughton",18.817,17.876,19.758,105746,18.949,18.001,19.896,28537,15.935,15.138,16.732,12492,"","","",2938,"","","",56934,13.91,30.1,7.16,18.35,1.88,23.33
"A9013","https://www.example.com?address=A9013","Both","Leuks","05yrs","Bossier","Bossier City, Red Chute, Eastwood, Haughton",8.911,8.466,9.357,210982,17.372,16.504,18.241,58714,16.661,15.828,17.494,22638,13.798,13.108,14.488,6648,"","","",56934,13.91,30.1,7.16,18.35,1.88,23.33
"A9013","https://www.example.com?address=A9013","Female","Leuks","05yrs","Bossier","Bossier City, Red Chute, Eastwood, Haughton",7.591,7.211,7.971,105236,12.386,11.767,13.006,30177,"","","",10146,"","","",3710,"","","",56934,13.91,30.1,7.16,18.35,1.88,23.33
"A9013","https://www.example.com?address=A9013","Male","Leuks","05yrs","Bossier","Bossier City, Red Chute, Eastwood, Haughton",19.512,18.537,20.488,105746,11.368,10.8,11.937,28537,"","","",12492,"","","",2938,"","","",56934,13.91,30.1,7.16,18.35,1.88,23.33
"A9013","https://www.example.com?address=A9013","Both","Oral","05yrs","Bossier","Bossier City, Red Chute, Eastwood, Haughton",9.048,8.596,9.5,210982,11.68,11.096,12.265,58714,11.059,10.506,11.612,22638,16.376,15.558,17.195,6648,"","","",56934,13.91,30.1,7.16,18.35,1.88,23.33
"A9013","https://www.example.com?address=A9013","Female","Oral","05yrs","Bossier","Bossier City, Red Chute, Eastwood, Haughton",3.279,3.115,3.443,105236,6.944,6.597,7.291,30177,"","","",10146,"","","",3710,"","","",56934,13.91,30.1,7.16,18.35,1.88,23.33
"A9013","https://www.example.com?address=A9013","Male","Oral","05yrs","Bossier","Bossier City, Red Chute, Eastwood, Haughton",15.751,14.963,16.538,105746,10.825,10.284,11.366,28537,17.674,16.791,18.558,12492,"","","",2938,"","","",56934,13.91,30.1,7.16,18.35,1.88,23.33
"A9013","https://www.example.com?address=A9013","Both","Thyroid","05yrs","Bossier","Bossier City, Red Chute, Eastwood, Haughton",8.856,8.414,9.299,210982,14.9,14.155,15.645,58714,7.811,7.421,8.202,22638,"","","",6648,"","","",56934,13.91,30.1,7.16,18.35,1.88,23.33
"A9013","https://www.example.com?address=A9013","Female","Thyroid","05yrs","Bossier","Bossier City, Red Chute, Eastwood, Haughton",25.009,23.758,26.259,105236,10.715,10.18,11.251,30177,14.488,13.763,15.212,10146,"","","",3710,"","","",56934,13.91,30.1,7.16,18.35,1.88,23.33
"A9013","https://www.example.com?address=A9013","Male","Thyroid","05yrs","Bossier","Bossier City, Red Chute, Eastwood, Haughton",5.478,5.204,5.752,105746,5.36,5.092,5.628,28537,"","","",12492,"","","",2938,"","","",56934,13.91,30.1,7.16,18.35,1.88,23.33
"A9013","https://www.example.com?address=A9013","Female","Uterine","05yrs","Bossier","Bossier City, Red Chute, Eastwood, Haughton",15.369,14.6,16.137,105236,12.323,11.707,12.939,30177,18.448,17.525,19.37,10146,"","","",3710,"","","",56934,13.91,30.1,7.16,18.35,1.88,23.33
"A9013","https://www.example.com?address=A9013","Both","Liver","05yrs","Bossier","Bossier City, Red Chute, Eastwood, Haughton",8.398,7.978,8.817,210982,8.057,7.655,8.46,58714,15.581,14.802,16.36,22638,"","","",6648,"","","",56934,13.91,30.1,7.16,18.35,1.88,23.33
"A9013","https://www.example.com?address=A9013","Female","Liver","05yrs","Bossier","Bossier City, Red Chute, Eastwood, Haughton","","","",105236,4.254,4.041,4.467,30177,"","","",10146,"","","",3710,"","","",56934,13.91,30.1,7.16,18.35,1.88,23.33
"A9013","https://www.example.com?address=A9013","Male","Liver","05yrs","Bossier","Bossier City, Red Chute, Eastwood, Haughton",14.568,13.839,15.296,105746,10.997,10.447,11.547,28537,16.856,16.013,17.699,12492,"","","",2938,"","","",56934,13.91,30.1,7.16,18.35,1.88,23.33
"A9013","https://www.example.com?address=A9013","Both","Stomach","05yrs","Bossier","Bossier City, Red Chute, Eastwood, Haughton",11.172,10.613,11.731,210982,10.006,9.506,10.506,58714,9.462,8.989,9.935,22638,"","","",6648,"","","",56934,13.91,30.1,7.16,18.35,1.88,23.33
"A9013","https://www.example.com?address=A9013","Female","Stomach","05yrs","Bossier","Bossier City, Red Chute, Eastwood, Haughton",9.074,8.62,9.528,105236,3.54,3.363,3.717,30177,"","","",10146,"","","",3710,"","","",56934,13.91,30.1,7.16,18.35,1.88,23.33
"A9013","https://www.example.com?address=A9013","Male","Stomach","05yrs","Bossier","Bossier City, Red Chute, Eastwood, Haughton",10.278,9.764,10.792,105746,8.004,7.603,8.404,28537,"","","",12492,"","","",2938,"","","",56934,13.91,30.1,7.16,18.35,1.88,23.33
"A9013","https://www.example.com?address=A9013","Both","Myeloma","05yrs","Bossier","Bossier City, Red Chute, Eastwood, Haughton",8.52,8.094,8.946,210982,8.665,8.231,9.098,58714,14.523,13.797,15.249,22638,"","","",6648,"","","",56934,13.91,30.1,7.16,18.35,1.88,23.33
"A9013","https://www.example.com?address=A9013","Female","Myeloma","05yrs","Bossier","Bossier City, Red Chute, Eastwood, Haughton",2.515,2.39,2.641,105236,4.731,4.495,4.968,30177,"","","",10146,"","","",3710,"","","",56934,13.91,30.1,7.16,18.35,1.88,23.33
"A9013","https://www.example.com?address=A9013","Male","Myeloma","05yrs","Bossier","Bossier City, Red Chute, Eastwood, Haughton",12.87,12.227,13.514,105746,5.924,5.627,6.22,28537,14.419,13.698,15.14,12492,"","","",2938,"","","",56934,13.91,30.1,7.16,18.35,1.88,23.33
"A9013","https://www.example.com?address=A9013","Both","Brain","05yrs","Bossier","Bossier City, Red Chute, Eastwood, Haughton",4.882,4.638,5.126,210982,6.988,6.639,7.338,58714,"","","",22638,"","","",6648,"","","",56934,13.91,30.1,7.16,18.35,1.88,23.33
"A9013","https://www.example.com?address=A9013","Female","Brain","05yrs","Bossier","Bossier City, Red Chute, Eastwood, Haughton",7.345,6.978,7.712,105236,7.359,6.991,7.727,30177,"","","",10146,"","","",3710,"","","",56934,13.91,30.1,7.16,18.35,1.88,23.33
"A9013","https://www.example.com?address=A9013","Male","Brain","05yrs","Bossier","Bossier City, Red Chute, Eastwood, Haughton",5.43,5.158,5.701,105746,4.278,4.064,4.492,28537,"","","",12492,"","","",2938,"","","",56934,13.91,30.1,7.16,18.35,1.88,23.33
"A9013","https://www.example.com?address=A9013","Both","Larynx","05yrs","Bossier","Bossier City, Red Chute, Eastwood, Haughton",6.904,6.559,7.249,210982,4.962,4.713,5.21,58714,6.121,5.815,6.427,22638,"","","",6648,"","","",56934,13.91,30.1,7.16,18.35,1.88,23.33
"A9013","https://www.example.com?address=A9013","Female","Larynx","05yrs","Bossier","Bossier City, Red Chute, Eastwood, Haughton",2.07,1.967,2.174,105236,"","","",30177,"","","",10146,"","","",3710,"","","",56934,13.91,30.1,7.16,18.35,1.88,23.33
"A9013","https://www.example.com?address=A9013","Male","Larynx","05yrs","Bossier","Bossier City, Red Chute, Eastwood, Haughton",10.935,10.388,11.482,105746,9.835,9.344,10.327,28537,11.622,11.041,12.203,12492,"","","",2938,"","","",56934,13.91,30.1,7.16,18.35,1.88,23.33
"A9013","https://www.example.com?address=A9013","Female","Ovary","05yrs","Bossier","Bossier City, Red Chute, Eastwood, Haughton",8.171,7.762,8.58,105236,5.959,5.661,6.257,30177,14.37,13.651,15.088,10146,"","","",3710,"","","",56934,13.91,30.1,7.16,18.35,1.88,23.33
"A9013","https://www.example.com?address=A9013","Both","Esoph","05yrs","Bossier","Bossier City, Red Chute, Eastwood, Haughton",3.365,3.197,3.534,210982,2.966,2.817,3.114,58714,"","","",22638,"","","",6648,"","","",56934,13.91,30.1,7.16,18.35,1.88,23.33
"A9013","https://www.example.com?address=A9013","Female","Esoph","05yrs","Bossier","Bossier City, Red Chute, Eastwood, Haughton","","","",105236,"","","",30177,"","","",10146,"","","",3710,"","","",56934,13.91,30.1,7.16,18.35,1.88,23.33
"A9013","https://www.example.com?address=A9013","Male","Esoph","05yrs","Bossier","Bossier City, Red Chute, Eastwood, Haughton",8.65,8.217,9.082,105746,12.101,11.496,12.706,28537,11.574,10.996,12.153,12492,"","","",2938,"","","",56934,13.91,30.1,7.16,18.35,1.88,23.33
"A9013","https://www.example.com?address=A9013","Both","AllSite","10yrs","Bossier","Bossier City, Red Chute, Eastwood, Haughton",538.532,511.605,565.459,410189,486.95,462.602,511.297,112954,526.998,500.648,553.348,40491,487.683,463.298,512.067,12281,507.901,482.506,533.296,56934,13.91,30.1,7.16,18.35,1.88,23.33
"A9013","https://www.example.com?address=A9013","Female","AllSite","10yrs","Bossier","Bossier City, Red Chute, Eastwood, Haughton",408.294,387.879,428.708,205185,416.685,395.851,437.519,58462,410.289,389.774,430.803,17937,405.682,385.398,425.966,7087,402.61,382.48,422.741,56934,13.91,30.1,7.16,18.35,1.88,23.33
"A9013","https://www.example.com?address=A9013","Male","AllSite","10yrs","Bossier","Bossier City, Red Chute, Eastwood, Haughton",610.192,579.682,640.702,205005,656.505,623.68,689.331,54492,659.143,626.186,692.1,22554,613.705,583.019,644.39,5194,678.476,644.553,712.4,56934,13.91,30.1,7.16,18.35,1.88,23.33
"A9013","https://www.example.com?address=A9013","Male","Prostate","10yrs","Bossier","Bossier City, Red Chute, Eastwood, Haughton",200.551,190.524,210.579,205005,157.752,149.865,165.64,54492,158.634,150.703,166.566,22554,154.439,146.717,162.161,5194,144.053,136.851,151.256,56934,13.91,30.1,7.16,18.35,1.88,23.33
"A9013","https://www.example.com?address=A9013","Both","Lung","10yrs","Bossier","Bossier City, Red Chute, Eastwood, Haughton",59.829,56.837,62.82,410189,51.581,49.002,54.161,112954,73.242,69.58,76.904,40491,79.077,75.123,83.03,12281,75.52,71.744,79.296,56934,13.91,30.1,7.16,18.35,1.88,23.33
"A9013","https://www.example.com?address=A9013","Female","Lung","10yrs","Bossier","Bossier City, Red Chute, Eastwood, Haughton",69.76,66.272,73.248,205185,60.074,57.07,63.078,58462,45.198,42.939,47.458,17937,59.344,56.377,62.311,7087,73.34,69.673,77.007,56934,13.91,30.1,7.16,18.35,1.88,23.33
"A9013","https://www.example.com?address=A9013","Male","Lung","10yrs","Bossier","Bossier City, Red Chute, Eastwood, Haughton",78.239,74.327,82.151,205005,82.544,78.417,86.671,54492,64.363,61.145,67.581,22554,67.38,64.011,70.749,5194,76.342,72.525,80.159,56934,13.91,30.1,7.16,18.35,1.88,23.33
"A9013","https://www.example.com?address=A9013","Female","Breast","10yrs","Bossier","Bossier City, Red Chute, Eastwood, Haughton",126.247,119.935,132.56,205185,118.729,112.793,124.665,58462,112.709,107.073,118.344,17937,114.481,108.757,120.205,7087,98.851,93.908,103.793,56934,13.91,30.1,7.16,18.35,1.88,23.33
"A9013","https://www.example.com?address=A9013","Both","CRC","10yrs","Bossier","Bossier City, Red Chute, Eastwood, Haughton",50.359,47.841,52.877,410189,48.343,45.926,50.76,112954,51.56,48.982,54.138,40491,55.963,53.165,58.762,12281,47.903,45.508,50.298,56934,13.91,30.1,7.16,18.35,1.88,23.33
"A9013","https://www.example.com?address=A9013","Female","CRC","10yrs","Bossier","Bossier City, Red Chute, Eastwood, Haughton",34.037,32.335,35.738,205185,48.778,46.34,51.217,58462,53.395,50.725,56.065,17937,46.639,44.307,48.971,7087,43.299,41.134,45.463,56934,13.91,30.1,7.16,18.35,1.88,23.33
"A9013","https://www.example.com?address=A9013","Male","CRC","10yrs","Bossier","Bossier City, Red Chute, Eastwood, Haughton",72.21,68.6,75.821,205005,67.372,64.003,70.74,54492,37.268,35.405,39.132,22554,53.313,50.647,55.979,5194,73.594,69.914,77.273,56934,13.91,30.1,7.16,18.35,1.88,23.33
"A9013","https://www.example.com?address=A9013","Both","Kidney","10yrs","Bossier","Bossier City, Red Chute, Eastwood, Haughton",17.998,17.098,18.898,410189,23.093,21.938,24.247,112954,21.914,20.818,23.009,40491,22.677,21.543,23.811,12281,25.485,24.211,26.759,56934,13.91,30.1,7.16,18.35,1.88,23.33
"A9013","https://www.example.com?address=A9013","Female","Kidney","10yrs","Bossier","Bossier City, Red Chute, Eastwood, Haughton",22.125,21.018,23.231,205185,13.217,12.556,13.878,58462,20.974,19.925,22.023,17937,21.306,20.241,22.371,7087,"","","",56934,13.91,30.1,7.16,18.35,1.88,23.33
"A9013","https://www.example.com?address=A9013","Male","Kidney","10yrs","Bossier","Bossier City, Red Chute, Eastwood, Haughton",34.942,33.195,36.689,205005,33.068,31.414,34.721,54492,23.43,22.259,24.602,22554,21.202,20.142,22.262,5194,33.46,31.787,35.133,56934,13.91,30.1,7.16,18.35,1.88,23.33
"A9013","https://www.example.com?address=A9013","Both","NHL","10yrs","Bossier","Bossier City, Red Chute, Eastwood, Haughton",16.723,15.887,17.559,410189,15.264,14.501,16.028,112954,22.602,21.472,23.732,40491,15.664,14.88,16.447,12281,18.296,17.381,19.21,56934,13.91,30.1,7.16,18.35,1.88,23.33
"A9013","https://www.example.com?address=A9013","Female","NHL","10yrs","Bossier","Bossier City, Red Chute, Eastwood, Haughton",16.43,15.609,17.252,205185,19.235,18.273,20.196,58462,17.736,16.85,18.623,17937,16.45,15.628,17.273,7087,23.275,22.111,24.439,56934,13.91,30.1,7.16,18.35,1.88,23.33
"A9013","https://www.example.com?address=A9013","Male","NHL","10yrs","Bossier","Bossier City, Red Chute, Eastwood, Haughton",17.523,16.647,18.399,205005,22.445,21.323,23.568,54492,27.341,25.974,28.708,22554,22.524,21.397,23.65,5194,30.928,29.382,32.475,56934,13.91,30.1,7.16,18.35,1.88,23.33
"A9013","https://www.example.com?address=A9013","Both","Urinary","10yrs","Bossier","Bossier City, Red Chute, Eastwood, Haughton",24.87,23.627,26.114,410189,18.089,17.185,18.994,112954,17.247,16.384,18.109,40491,14.964,14.216,15.712,12281,24.679,23.445,25.913,56934,13.91,30.1,7.16,18.35,1.88,23.33
"A9013","https://www.example.com?address=A9013","Female","Urinary","10yrs","Bossier","Bossier City, Red Chute, Eastwood, Haughton",3.772,3.583,3.961,205185,4.373,4.154,4.592,58462,12.156,11.548,12.764,17937,"","","",7087,"","","",56934,13.91,30.1,7.16,18.35,1.88,23.33
"A9013","https://www.example.com?address=A9013","Male","Urinary","10yrs","Bossier","Bossier City, Red Chute, Eastwood, Haughton",26.644,25.312,27.977,205005,35.017,33.266,36.768,54492,26.767,25.429,28.106,22554,24.878,23.634,26.122,5194,40.177,38.168,42.186,56934,13.91,30.1,7.16,18.35,1.88,23.33
"A9013","https://www.example.com?address=A9013","Both","Mela","10yrs","Bossier","Bossier City, Red Chute, Eastwood, Haughton",23.009,21.858,24.159,410189,23.439,22.267,24.611,112954,20.009,19.009,21.01,40491,9.926,9.429,10.422,12281,"","","",56934,13.91,30.1,7.16,18.35,1.88,23.33
"A9013","https://www.example.com?address=A9013","Female","Mela","10yrs","Bossier","Bossier City, Red Chute, Eastwood, Haughton",20.954,19.906,22.002,205185,5.415,5.144,5.685,58462,6.232,5.92,6.543,17937,"","","",7087,"","","",56934,13.91,30.1,7.16,18.35,1.88,23.33
"A9013","https://www.example.com?address=A9013","Male","Mela","10yrs","Bossier","Bossier City, Red Chute, Eastwood, Haughton",6.473,6.149,6.797,205005,10.073,9.57,10.577,54492,15.314,14.548,16.079,22554,"","","",5194,"","","",56934,13.91,30.1,7.16,18.35,1.88,23.33
"A9013","https://www.example.com?address=A9013","Both","Pancreas","10yrs","Bossier","Bossier City, Red Chute, Eastwood, Haughton",14.952,14.204,15.699,410189,17.555,16.677,18.433,112954,17.543,16.665,18.42,40491,11.851,11.258,12.443,12281,15.062,14.309,15.815,56934,13.91,30.1,7.16,18.35,1.88,23.33
"A9013","https://www.example.com?address=A9013","Female","Pancreas","10yrs","Bossier","Bossier City, Red Chute, Eastwood, Haughton",17.191,16.332,18.051,205185,16.68,15.846,17.514,58462,15.434,14.663,16.206,17937,17.131,16.274,17.987,7087,"","","",56934,13.91,30.1,7.16,18.35,1.88,23.33
"A9013","https://www.example.com?address=A9013","Male","Pancreas","10yrs","Bossier","Bossier City, Red Chute, Eastwood, Haughton",11.338,10.771,11.904,205005,11.956,11.358,12.554,54492,15.723,14.937,16.509,22554,19.432,18.461,20.404,5194,"","","",56934,13.91,30.1,7.16,18.35,1.88,23.33
"A9013","https://www.example.com?address=A9013","Both","Leuks","10yrs","Bossier","Bossier City, Red Chute, Eastwood, Haughton",10.025,9.524,10.526,410189,9.871,9.378,10.365,112954,11.483,10.909,12.058,40491,17.102,16.247,17.957,12281,16.223,15.411,17.034,56934,13.91,30.1,7.16,18.35,1.88,23.33
"A9013","https://www.example.com?address=A9013","Female","Leuks","10yrs","Bossier","Bossier City, Red Chute, Eastwood, Haughton",12.158,11.55,12.765,205185,10.693,10.158,11.228,58462,15.635,14.853,16.417,17937,9.974,9.475,10.472,7087,"","","",56934,13.91,30.1,7.16,18.35,1.88,23.33
"A9013","https://www.example.com?address=A9013","Male","Leuks","10yrs","Bossier","Bossier City, Red Chute, Eastwood, Haughton",20.712,19.677,21.748,205005,23.679,22.495,24.863,54492,22.814,21.673,23.954,22554,9.785,9.295,10.274,5194,"","","",56934,13.91,30.1,7.16,18.35,1.88,23.33
"A9013","https://www.example.com?address=A9013","Both","Oral","10yrs","Bossier","Bossier City, Red Chute, Eastwood, Haughton",10.794,10.255,11.334,410189,13.519,12.843,14.195,112954,15.172,14.414,15.931,40491,8.645,8.213,9.077,12281,"","","",56934,13.91,30.1,7.16,18.35,1.88,23.33
"A9013","https://www.example.com?address=A9013","Female","Oral","10yrs","Bossier","Bossier City, Red Chute, Eastwood, Haughton",6.165,5.856,6.473,205185,2.682,2.547,2.816,58462,5.712,5.426,5.997,17937,"","","",7087,"","","",56934,13.91,30.1,7.16,18.35,1.88,23.33
"A9013","https://www.example.com?address=A9013","Male","Oral","10yrs","Bossier","Bossier City, Red Chute, Eastwood, Haughton",13.169,12.511,13.827,205005,19.103,18.148,20.058,54492,23.298,22.133,24.463,22554,15.792,15.002,16.581,5194,"","","",56934,13.91,30.1,7.16,18.35,1.88,23.33
"A9013","https://www.example.com?address=A9013","Both","Thyroid","10yrs","Bossier","Bossier City, Red Chute, Eastwood, Haughton",9.796,9.306,10.286,410189,8.488,8.063,8.912,112954,16.008,15.208,16.809,40491,9.419,8.948,9.89,12281,"","","",56934,13.91,30.1,7.16,18.35,1.88,23.33
"A9013","https://www.example.com?address=A9013","Female","Thyroid","10yrs","Bossier","Bossier City, Red Chute, Eastwood, Haughton",12.981,12.332,13.63,205185,13.275,12.611,13.939,58462,19.874,18.88,20.867,17937,10.871,10.327,11.414,7087,"","","",56934,13.91,30.1,7.16,18.35,1.88,23.33
"A9013","https://www.example.com?address=A9013","Male","Thyroid","10yrs","Bossier","Bossier City, Red Chute, Eastwood, Haughton",8.921,8.475,9.367,205005,8.879,8.435,9.323,54492,5.35,5.083,5.618,22554,"","","",5194,"","","",56934,13.91,30.1,7.16,18.35,1.88,23.33
"A9013","https://www.example.com?address=A9013","Female","Uterine","10yrs","Bossier","Bossier City, Red Chute, Eastwood, Haughton",17.219,16.358,18.08,205185,21.563,20.485,22.642,58462,16.017,15.216,16.818,17937,18.602,17.672,19.532,7087,"","","",56934,13.91,30.1,7.16,18.35,1.88,23.33
"A9013","https://www.example.com?address=A9013","Both","Liver","10yrs","Bossier","Bossier City, Red Chute, Eastwood, Haughton",11.165,10.607,11.723,410189,5.796,5.507,6.086,112954,8.459,8.036,8.882,40491,10.231,9.72,10.743,12281,"","","",56934,13.91,30.1,7.16,18.35,1.88,23.33
"A9013","https://www.example.com?address=A9013","Female","Liver","10yrs","Bossier","Bossier City, Red Chute, Eastwood, Haughton",3.396,3.226,3.566,205185,3.678,3.494,3.862,58462,5.375,5.106,5.643,17937,"","","",7087,"","","",56934,13.91,30.1,7.16,18.35,1.88,23.33
"A9013","https://www.example.com?address=A9013","Male","Liver","10yrs","Bossier","Bossier City, Red Chute, Eastwood, Haughton",12.823,12.182,13.464,205005,20.576,19.547,21.605,54492,13.439,12.767,14.111,22554,23.129,21.973,24.286,5194,"","","",56934,13.91,30.1,7.16,18.35,1.88,23.33
"A9013","https://www.example.com?address=A9013","Both","Stomach","10yrs","Bossier","Bossier City, Red Chute, Eastwood, Haughton",8.595,8.165,9.024,410189,7.494,7.119,7.869,112954,9.222,8.761,9.684,40491,9.745,9.258,10.232,12281,"","","",56934,13.91,30.1,7.16,18.35,1.88,23.33
"A9013","https://www.example.com?address=A9013","Female","Stomach","10yrs","Bossier","Bossier City, Red Chute, Eastwood, Haughton",7.678,7.294,8.062,205185,9.954,9.456,10.451,58462,5.062,4.809,5.315,17937,9.998,9.498,10.498,7087,"","","",56934,13.91,30.1,7.16,18.35,1.88,23.33
"A9013","https://www.example.com?address=A9013","Male","Stomach","10yrs","Bossier","Bossier City, Red Chute, Eastwood, Haughton",11.359,10.791,11.927,205005,6.481,6.157,6.805,54492,6.454,6.131,6.776,22554,"","","",5194,"","","",56934,13.91,30.1,7.16,18.35,1.88,23.33
"A9013","https://www.example.com?address=A9013","Both","Myeloma","10yrs","Bossier","Bossier City, Red Chute, Eastwood, Haughton",10.079,9.575,10.583,410189,12.763,12.124,13.401,112954,5.142,4.885,5.399,40491,12.072,11.468,12.675,12281,"","","",56934,13.91,30.1,7.16,18.35,1.88,23.33
"A9013","https://www.example.com?address=A9013","Female","Myeloma","10yrs","Bossier","Bossier City, Red Chute, Eastwood, Haughton",5.791,5.501,6.081,205185,9.459,8.986,9.932,58462,7.611,7.231,7.992,17937,"","","",7087,"","","",56934,13.91,30.1,7.16,18.35,1.88,23.33
"A9013","https://www.example.com?address=A9013","Male","Myeloma","10yrs","Bossier","Bossier City, Red Chute, Eastwood, Haughton",11.819,11.228,12.41,205005,10.03,9.528,10.531,54492,5.43,5.158,5.701,22554,16.481,15.657,17.305,5194,"","","",56934,13.91,30.1,7.16,18.35,1.88,23.33
"A9013","https://www.example.com?address=A9013","Both","Brain","10yrs","Bossier","Bossier City, Red Chute, Eastwood, Haughton",6.703,6.368,7.038,410189,6.881,6.537,7.225,112954,3.722,3.536,3.908,40491,5.109,4.853,5.364,12281,"","","",56934,13.91,30.1,7.16,18.35,1.88,23.33
"A9013","https://www.example.com?address=A9013","Female","Brain","10yrs","Bossier","Bossier City, Red Chute, Eastwood, Haughton",4.81,4.569,5.05,205185,3.211,3.051,3.372,58462,4.316,4.1,4.531,17937,"","","",7087,"","","",56934,13.91,30.1,7.16,18.35,1.88,23.33
"A9013","https://www.example.com?address=A9013","Male","Brain","10yrs","Bossier","Bossier City, Red Chute, Eastwood, Haughton",6.612,6.281,6.942,205005,3.551,3.373,3.729,54492,11.064,10.511,11.617,22554,7.386,7.017,7.756,5194,"","","",56934,13.91,30.1,7.16,18.35,1.88,23.33
"A9013","https://www.example.com?address=A9013","Both","Larynx","10yrs","Bossier","Bossier City, Red Chute, Eastwood, Haughton",8.483,8.059,8.907,410189,7.03,6.679,7.382,112954,7.953,7.556,8.351,40491,8.034,7.632,8.436,12281,"","","",56934,13.91,30.1,7.16,18.35,1.88,23.33
"A9013","https://www.example.com?address=A9013","Female","Larynx","10yrs","Bossier","Bossier City, Red Chute, Eastwood, Haughton",1.689,1.605,1.774,205185,"","","",58462,"","","",17937,"","","",7087,"","","",56934,13.91,30.1,7.16,18.35,1.88,23.33
"A9013","https://www.example.com?address=A9013","Male","Larynx","10yrs","Bossier","Bossier City, Red Chute, Eastwood, Haughton",7.178,6.819,7.537,205005,10.036,9.535,10.538,54492,10.946,10.399,11.493,22554,14.586,13.856,15.315,5194,"","","",56934,13.91,30.1,7.16,18.35,1.88,23.33
"A9013","https://www.example.com?address=A9013","Female","Ovary","10yrs","Bossier","Bossier City, Red Chute, Eastwood, Haughton",7.708,7.322,8.093,205185,7.828,7.437,8.22,58462,11.677,11.093,12.261,17937,9.222,8.761,9.683,7087,"","","",56934,13.91,30.1,7.16,18.35,1.88,23.33
"A9013","https://www.example.com?address=A9013","Both","Esoph","10yrs","Bossier","Bossier City, Red Chute, Eastwood, Haughton",5.734,5.448,6.021,410189,5.799,5.509,6.089,112954,4.303,4.088,4.518,40491,6.862,6.519,7.205,12281,"","","",56934,13.91,30.1,7.16,18.35,1.88,23.33
"A9013","https://www.example.com?address=A9013","Female","Esoph","10yrs","Bossier","Bossier City, Red Chute, Eastwood, Haughton",4.013,3.812,4.214,205185,2.256,2.143,2.369,58462,"","","",17937,"","","",7087,"","","",56934,13.91,30.1,7.16,18.35,1.88,23.33
"A9013","https://www.example.com?address=A9013","Male","Esoph","10yrs","Bossier","Bossier City, Red Chute, Eastwood, Haughton",13.749,13.061,14.436,205005,6.345,6.028,6.662,54492,13.153,12.495,13.811,22554,10.324,9.807,10.84,5194,"","","",56934,13.91,30.1,7.16,18.35,1.88,23.33
