"Zone","URL","Sex","Cancer","Years","Counties","Places","AAIR","LCI","UCI","White_PopTot","White_AAIR","White_LCI","White_UCI","Black_PopTot","Black_AAIR","Black_LCI","Black_UCI","TotalPop","Pct100Pov","PctMinority","PctBlackNH","PctRural"
"A9013","https://nci-naaccr-zone-design.github.io/louisiana-2020/?address=A9013","Both","AllSite","05yrs","Bossier","Red Chute, Haughton, Eastwood, Bossier City",437.866,415.973,459.76,210982,476.2,452.39,500.01,58714,513.158,487.5,538.816,56934,13.91,30.1,18.35,23.33
"A9013","https://nci-naaccr-zone-design.github.io/louisiana-2020/?address=A9013","Female","AllSite","05yrs","Bossier","Red Chute, Haughton, Eastwood, Bossier City",434.557,412.829,456.285,105236,368.305,349.889,386.72,30177,437.062,415.209,458.915,56934,13.91,30.1,18.35,23.33
"A9013","https://nci-naaccr-zone-design.github.io/louisiana-2020/?address=A9013","Male","AllSite","05yrs","Bossier","Red Chute, Haughton, Eastwood, Bossier City",657.791,624.902,690.681,105746,553.476,525.802,581.15,28537,579.447,550.475,608.419,56934,13.91,30.1,18.35,23.33
"A9013","https://nci-naaccr-zone-design.github.io/louisiana-2020/?address=A9013","Male","Prostate","05yrs","Bossier","Red Chute, Haughton, Eastwood, Bossier City",209.007,198.557,219.457,105746,178.811,169.87,187.751,28537,132.69,126.056,139.325,56934,13.91,30.1,18.35,23.33
"A9013","https://nci-naaccr-zone-design.github.io/louisiana-2020/?address=A9013","Both","Lung","05yrs","Bossier","Red Chute, Haughton, Eastwood, Bossier City",60.399,57.379,63.419,210982,73.108,69.452,76.763,58714,51.99,49.39,54.589,56934,13.91,30.1,18.35,23.33
"A9013","https://nci-naaccr-zone-design.github.io/louisiana-2020/?address=A9013","Female","Lung","05yrs","Bossier","Red Chute, Haughton, Eastwood, Bossier City",63.891,60.696,67.085,105236,68.967,65.519,72.415,30177,47.865,45.471,50.258,56934,13.91,30.1,18.35,23.33
"A9013","https://nci-naaccr-zone-design.github.io/louisiana-2020/?address=A9013","Male","Lung","05yrs","Bossier","Red Chute, Haughton, Eastwood, Bossier City",61.785,58.695,64.874,105746,71.863,68.27,75.456,28537,53.66,50.977,56.343,56934,13.91,30.1,18.35,23.33
"A9013","https://nci-naaccr-zone-design.github.io/louisiana-2020/?address=A9013","Female","Breast","05yrs","Bossier","Red Chute, Haughton, Eastwood, Bossier City",123.526,117.35,129.703,105236,125.665,119.382,131.949,30177,102.983,97.834,108.132,56934,13.91,30.1,18.35,23.33
"A9013","https://nci-naaccr-zone-design.github.io/louisiana-2020/?address=A9013","Both","CRC","05yrs","Bossier","Red Chute, Haughton, Eastwood, Bossier City",41.959,39.861,44.057,210982,51.676,49.092,54.259,58714,39.629,37.647,41.61,56934,13.91,30.1,18.35,23.33
"A9013","https://nci-naaccr-zone-design.github.io/louisiana-2020/?address=A9013","Female","CRC","05yrs","Bossier","Red Chute, Haughton, Eastwood, Bossier City",48.529,46.102,50.955,105236,38.784,36.845,40.723,30177,38.135,36.228,40.042,56934,13.91,30.1,18.35,23.33
"A9013","https://nci-naaccr-zone-design.github.io/louisiana-2020/?address=A9013","Male","CRC","05yrs","Bossier","Red Chute, Haughton, Eastwood, Bossier City",63.085,59.931,66.239,105746,47.507,45.132,49.883,28537,70.23,66.718,73.741,56934,13.91,30.1,18.35,23.33
"A9013","https://nci-naaccr-zone-design.github.io/louisiana-2020/?address=A9013","Both","Kidney","05yrs","Bossier","Red Chute, Haughton, Eastwood, Bossier City",17.875,16.981,18.769,210982,26.015,24.714,27.315,58714,20.933,19.887,21.98,56934,13.91,30.1,18.35,23.33
"A9013","https://nci-naaccr-zone-design.github.io/louisiana-2020/?address=A9013","Female","Kidney","05yrs","Bossier","Red Chute, Haughton, Eastwood, Bossier City",11.273,10.709,11.836,105236,18.738,17.801,19.675,30177,20.371,19.353,21.39,56934,13.91,30.1,18.35,23.33
"A9013","https://nci-naaccr-zone-design.github.io/louisiana-2020/?address=A9013","Male","Kidney","05yrs","Bossier","Red Chute, Haughton, Eastwood, Bossier City",17.841,16.949,18.734,105746,28.991,27.541,30.441,28537,26.121,24.815,27.427,56934,13.91,30.1,18.35,23.33
"A9013","https://nci-naaccr-zone-design.github.io/louisiana-2020/?address=A9013","Both","NHL","05yrs","Bossier","Red Chute, Haughton, Eastwood, Bossier City",24.194,22.984,25.404,210982,24.658,23.425,25.89,58714,16.134,15.327,16.941,56934,13.91,30.1,18.35,23.33
"A9013","https://nci-naaccr-zone-design.github.io/louisiana-2020/?address=A9013","Female","NHL","05yrs","Bossier","Red Chute, Haughton, Eastwood, Bossier City",20.407,19.387,21.428,105236,20.358,19.34,21.376,30177,13.74,13.053,14.427,56934,13.91,30.1,18.35,23.33
"A9013","https://nci-naaccr-zone-design.github.io/louisiana-2020/?address=A9013","Male","NHL","05yrs","Bossier","Red Chute, Haughton, Eastwood, Bossier City",32.59,30.96,34.219,105746,32.436,30.814,34.058,28537,29.834,28.342,31.325,56934,13.91,30.1,18.35,23.33
"A9013","https://nci-naaccr-zone-design.github.io/louisiana-2020/?address=A9013","Both","Urinary","05yrs","Bossier","Red Chute, Haughton, Eastwood, Bossier City",26.828,25.486,28.169,210982,18.29,17.375,19.204,58714,24.944,23.697,26.191,56934,13.91,30.1,18.35,23.33
"A9013","https://nci-naaccr-zone-design.github.io/louisiana-2020/?address=A9013","Female","Urinary","05yrs","Bossier","Red Chute, Haughton, Eastwood, Bossier City",13.591,12.911,14.27,105236,7.145,6.788,7.502,30177,"","","",56934,13.91,30.1,18.35,23.33
"A9013","https://nci-naaccr-zone-design.github.io/louisiana-2020/?address=A9013","Male","Urinary","05yrs","Bossier","Red Chute, Haughton, Eastwood, Bossier City",36.353,34.535,38.171,105746,37.946,36.049,39.844,28537,35.543,33.766,37.32,56934,13.91,30.1,18.35,23.33
"A9013","https://nci-naaccr-zone-design.github.io/louisiana-2020/?address=A9013","Both","Mela","05yrs","Bossier","Red Chute, Haughton, Eastwood, Bossier City",23.045,21.892,24.197,210982,26.978,25.629,28.327,58714,6.973,6.624,7.321,56934,13.91,30.1,18.35,23.33
"A9013","https://nci-naaccr-zone-design.github.io/louisiana-2020/?address=A9013","Female","Mela","05yrs","Bossier","Red Chute, Haughton, Eastwood, Bossier City",3.416,3.245,3.587,105236,"","","",30177,"","","",56934,13.91,30.1,18.35,23.33
"A9013","https://nci-naaccr-zone-design.github.io/louisiana-2020/?address=A9013","Male","Mela","05yrs","Bossier","Red Chute, Haughton, Eastwood, Bossier City",8.233,7.821,8.644,105746,14.639,13.908,15.371,28537,40.685,38.651,42.719,56934,13.91,30.1,18.35,23.33
"A9013","https://nci-naaccr-zone-design.github.io/louisiana-2020/?address=A9013","Both","Pancreas","05yrs","Bossier","Red Chute, Haughton, Eastwood, Bossier City",17.367,16.499,18.235,210982,13.179,12.52,13.838,58714,10.79,10.251,11.33,56934,13.91,30.1,18.35,23.33
"A9013","https://nci-naaccr-zone-design.github.io/louisiana-2020/?address=A9013","Female","Pancreas","05yrs","Bossier","Red Chute, Haughton, Eastwood, Bossier City",15.371,14.603,16.14,105236,13.616,12.935,14.296,30177,12.272,11.658,12.886,56934,13.91,30.1,18.35,23.33
"A9013","https://nci-naaccr-zone-design.github.io/louisiana-2020/?address=A9013","Male","Pancreas","05yrs","Bossier","Red Chute, Haughton, Eastwood, Bossier City",18.817,17.876,19.758,105746,18.949,18.001,19.896,28537,15.935,15.138,16.732,56934,13.91,30.1,18.35,23.33
"A9013","https://nci-naaccr-zone-design.github.io/louisiana-2020/?address=A9013","Both","Leuks","05yrs","Bossier","Red Chute, Haughton, Eastwood, Bossier City",8.911,8.466,9.357,210982,17.372,16.504,18.241,58714,16.661,15.828,17.494,56934,13.91,30.1,18.35,23.33
"A9013","https://nci-naaccr-zone-design.github.io/louisiana-2020/?address=A9013","Female","Leuks","05yrs","Bossier","Red Chute, Haughton, Eastwood, Bossier City",7.591,7.211,7.971,105236,12.386,11.767,13.006,30177,"","","",56934,13.91,30.1,18.35,23.33
"A9013","https://nci-naaccr-zone-design.github.io/louisiana-2020/?address=A9013","Male","Leuks","05yrs","Bossier","Red Chute, Haughton, Eastwood, Bossier City",19.512,18.537,20.488,105746,11.368,10.8,11.937,28537,"","","",56934,13.91,30.1,18.35,23.33
"A9013","https://nci-naaccr-zone-design.github.io/louisiana-2020/?address=A9013","Both","Oral","05yrs","Bossier","Red Chute, Haughton, Eastwood, Bossier City",9.048,8.596,9.5,210982,11.68,11.096,12.265,58714,11.059,10.506,11.612,56934,13.91,30.1,18.35,23.33
"A9013","https://nci-naaccr-zone-design.github.io/louisiana-2020/?address=A9013","Female","Oral","05yrs","Bossier","Red Chute, Haughton, Eastwood, Bossier City",3.279,3.115,3.443,105236,6.944,6.597,7.291,30177,"","","",56934,13.91,30.1,18.35,23.33
"A9013","https://nci-naaccr-zone-design.github.io/louisiana-2020/?address=A9013","Male","Oral","05yrs","Bossier","Red Chute, Haughton, Eastwood, Bossier City",15.751,14.963,16.538,105746,10.825,10.284,11.366,28537,17.674,16.791,18.558,56934,13.91,30.1,18.35,23.33
"A9013","https://nci-naaccr-zone-design.github.io/louisiana-2020/?address=A9013","Both","Thyroid","05yrs","Bossier","Red Chute, Haughton, Eastwood, Bossier City",8.856,8.414,9.299,210982,14.9,14.155,15.645,58714,7.811,7.421,8.202,56934,13.91,30.1,18.35,23.33
"A9013","https://nci-naaccr-zone-design.github.io/louisiana-2020/?address=A9013","Female","Thyroid","05yrs","Bossier","Red Chute, Haughton, Eastwood, Bossier City",25.009,23.758,26.259,105236,10.715,10.18,11.251,30177,14.488,13.763,15.212,56934,13.91,30.1,18.35,23.33
"A9013","https://nci-naaccr-zone-design.github.io/louisiana-2020/?address=A9013","Male","Thyroid","05yrs","Bossier","Red Chute, Haughton, Eastwood, Bossier City",5.478,5.204,5.752,105746,5.36,5.092,5.628,28537,"","","",56934,13.91,30.1,18.35,23.33
"A9013","https://nci-naaccr-zone-design.github.io/louisiana-2020/?address=A9013","Female","Uterine","05yrs","Bossier","Red Chute, Haughton, Eastwood, Bossier City",15.369,14.6,16.137,105236,12.323,11.707,12.939,30177,18.448,17.525,19.37,56934,13.91,30.1,18.35,23.33
"A9013","https://nci-naaccr-zone-design.github.io/louisiana-2020/?address=A9013","Both","Liver","05yrs","Bossier","Red Chute, Haughton, Eastwood, Bossier City",8.398,7.978,8.817,210982,8.057,7.655,8.46,58714,15.581,14.802,16.36,56934,13.91,30.1,18.35,23.33
"A9013","https://nci-naaccr-zone-design.github.io/louisiana-2020/?address=A9013","Female","Liver","05yrs","Bossier","Red Chute, Haughton, Eastwood, Bossier City","","","",105236,4.254,4.041,4.467,30177,"","","",56934,13.91,30.1,18.35,23.33
"A9013","https://nci-naaccr-zone-design.github.io/louisiana-2020/?address=A9013","Male","Liver","05yrs","Bossier","Red Chute, Haughton, Eastwood, Bossier City",14.568,13.839,15.296,105746,10.997,10.447,11.547,28537,16.856,16.013,17.699,56934,13.91,30.1,18.35,23.33
"A9013","https://nci-naaccr-zone-design.github.io/louisiana-2020/?address=A9013","Both","Stomach","05yrs","Bossier","Red Chute, Haughton, Eastwood, Bossier City",11.172,10.613,11.731,210982,10.006,9.506,10.506,58714,9.462,8.989,9.935,56934,13.91,30.1,18.35,23.33
"A9013","https://nci-naaccr-zone-design.github.io/louisiana-2020/?address=A9013","Female","Stomach","05yrs","Bossier","Red Chute, Haughton, Eastwood, Bossier City",9.074,8.62,9.528,105236,3.54,3.363,3.717,30177,"","","",56934,13.91,30.1,18.35,23.33
"A9013","https://nci-naaccr-zone-design.github.io/louisiana-2020/?address=A9013","Male","Stomach","05yrs","Bossier","Red Chute, Haughton, Eastwood, Bossier City",10.278,9.764,10.792,105746,8.004,7.603,8.404,28537,"","","",56934,13.91,30.1,18.35,23.33
"A9013","https://nci-naaccr-zone-design.github.io/louisiana-2020/?address=A9013","Both","Myeloma","05yrs","Bossier","Red Chute, Haughton, Eastwood, Bossier City",8.52,8.094,8.946,210982,8.665,8.231,9.098,58714,14.523,13.797,15.249,56934,13.91,30.1,18.35,23.33
"A9013","https://nci-naaccr-zone-design.github.io/louisiana-2020/?address=A9013","Female","Myeloma","05yrs","Bossier","Red Chute, Haughton, Eastwood, Bossier City",2.515,2.39,2.641,105236,4.731,4.495,4.968,30177,"","","",56934,13.91,30.1,18.35,23.33
"A9013","https://nci-naaccr-zone-design.github.io/louisiana-2020/?address=A9013","Male","Myeloma","05yrs","Bossier","Red Chute, Haughton, Eastwood, Bossier City",12.87,12.227,13.514,105746,5.924,5.627,6.22,28537,14.419,13.698,15.14,56934,13.91,30.1,18.35,23.33
"A9013","https://nci-naaccr-zone-design.github.io/louisiana-2020/?address=A9013","Both","Brain","05yrs","Bossier","Red Chute, Haughton, Eastwood, Bossier City",4.882,4.638,5.126,210982,6.988,6.639,7.338,58714,"","","",56934,13.91,30.1,18.35,23.33
"A9013","https://nci-naaccr-zone-design.github.io/louisiana-2020/?address=A9013","Female","Brain","05yrs","Bossier","Red Chute, Haughton, Eastwood, Bossier City",7.345,6.978,7.712,105236,7.359,6.991,7.727,30177,"","","",56934,13.91,30.1,18.35,23.33
"A9013","https://nci-naaccr-zone-design.github.io/louisiana-2020/?address=A9013","Male","Brain","05yrs","Bossier","Red Chute, Haughton, Eastwood, Bossier City",5.43,5.158,5.701,105746,4.278,4.064,4.492,28537,"","","",56934,13.91,30.1,18.35,23.33
"A9013","https://nci-naaccr-zone-design.github.io/louisiana-2020/?address=A9013","Both","Larynx","05yrs","Bossier","Red Chute, Haughton, Eastwood, Bossier City",6.904,6.559,7.249,210982,4.962,4.713,5.21,58714,6.121,5.815,6.427,56934,13.91,30.1,18.35,23.33
"A9013","https://nci-naaccr-zone-design.github.io/louisiana-2020/?address=A9013","Female","Larynx","05yrs","Bossier","Red Chute, Haughton, Eastwood, Bossier City",2.07,1.967,2.174,105236,"","","",30177,"","","",56934,13.91,30.1,18.35,23.33
"A9013","https://nci-naaccr-zone-design.github.io/louisiana-2020/?address=A9013","Male","Larynx","05yrs","Bossier","Red Chute, Haughton, Eastwood, Bossier City",10.935,10.388,11.482,105746,9.835,9.344,10.327,28537,11.622,11.041,12.203,56934,13.91,30.1,18.35,23.33
"A9013","https://nci-naaccr-zone-design.github.io/louisiana-2020/?address=A9013","Female","Ovary","05yrs","Bossier","Red Chute, Haughton, Eastwood, Bossier City",8.171,7.762,8.58,105236,5.959,5.661,6.257,30177,14.37,13.651,15.088,56934,13.91,30.1,18.35,23.33
"A9013","https://nci-naaccr-zone-design.github.io/louisiana-2020/?address=A9013","Both","Esoph","05yrs","Bossier","Red Chute, Haughton, Eastwood, Bossier City",3.365,3.197,3.534,210982,2.966,2.817,3.114,58714,"","","",56934,13.91,30.1,18.35,23.33
"A9013","https://nci-naaccr-zone-design.github.io/louisiana-2020/?address=A9013","Female","Esoph","05yrs","Bossier","Red Chute, Haughton, Eastwood, Bossier City","","","",105236,"","","",30177,"","","",56934,13.91,30.1,18.35,23.33
"A9013","https://nci-naaccr-zone-design.github.io/louisiana-2020/?address=A9013","Male","Esoph","05yrs","Bossier","Red Chute, Haughton, Eastwood, Bossier City",8.65,8.217,9.082,105746,12.101,11.496,12.706,28537,11.574,10.996,12.153,56934,13.91,30.1,18.35,23.33
"A9013","https://nci-naaccr-zone-design.github.io/louisiana-2020/?address=A9013","Both","AllSite","10yrs","Bossier","Red Chute, Haughton, Eastwood, Bossier City",538.532,511.605,565.459,410189,486.95,462.602,511.297,112954,526.998,500.648,553.348,56934,13.91,30.1,18.35,23.33
"A9013","https://nci-naaccr-zone-design.github.io/louisiana-2020/?address=A9013","Female","AllSite","10yrs","Bossier","Red Chute, Haughton, Eastwood, Bossier City",408.294,387.879,428.708,205185,416.685,395.851,437.519,58462,410.289,389.774,430.803,56934,13.91,30.1,18.35,23.33
"A9013","https://nci-naaccr-zone-design.github.io/louisiana-2020/?address=A9013","Male","AllSite","10yrs","Bossier","Red Chute, Haughton, Eastwood, Bossier City",610.192,579.682,640.702,205005,656.505,623.68,689.331,54492,659.143,626.186,692.1,56934,13.91,30.1,18.35,23.33
"A9013","https://nci-naaccr-zone-design.github.io/louisiana-2020/?address=A9013","Male","Prostate","10yrs","Bossier","Red Chute, Haughton, Eastwood, Bossier City",200.551,190.524,210.579,205005,157.752,149.865,165.64,54492,158.634,150.703,166.566,56934,13.91,30.1,18.35,23.33
"A9013","https://nci-naaccr-zone-design.github.io/louisiana-2020/?address=A9013","Both","Lung","10yrs","Bossier","Red Chute, Haughton, Eastwood, Bossier City",59.829,56.837,62.82,410189,51.581,49.002,54.161,112954,73.242,69.58,76.904,56934,13.91,30.1,18.35,23.33
"A9013","https://nci-naaccr-zone-design.github.io/louisiana-2020/?address=A9013","Female","Lung","10yrs","Bossier","Red Chute, Haughton, Eastwood, Bossier City",69.76,66.272,73.248,205185,60.074,57.07,63.078,58462,45.198,42.939,47.458,56934,13.91,30.1,18.35,23.33
"A9013","https://nci-naaccr-zone-design.github.io/louisiana-2020/?address=A9013","Male","Lung","10yrs","Bossier","Red Chute, Haughton, Eastwood, Bossier City",78.239,74.327,82.151,205005,82.544,78.417,86.671,54492,64.363,61.145,67.581,56934,13.91,30.1,18.35,23.33
"A9013","https://nci-naaccr-zone-design.github.io/louisiana-2020/?address=A9013","Female","Breast","10yrs","Bossier","Red Chute, Haughton, Eastwood, Bossier City",126.247,119.935,132.56,205185,118.729,112.793,124.665,58462,112.709,107.073,118.344,56934,13.91,30.1,18.35,23.33
"A9013","https://nci-naaccr-zone-design.github.io/louisiana-2020/?address=A9013","Both","CRC","10yrs","Bossier","Red Chute, Haughton, Eastwood, Bossier City",50.359,47.841,52.877,410189,48.343,45.926,50.76,112954,51.56,48.982,54.138,56934,13.91,30.1,18.35,23.33
"A9013","https://nci-naaccr-zone-design.github.io/louisiana-2020/?address=A9013","Female","CRC","10yrs","Bossier","Red Chute, Haughton, Eastwood, Bossier City",34.037,32.335,35.738,205185,48.778,46.34,51.217,58462,53.395,50.725,56.065,56934,13.91,30.1,18.35,23.33
"A9013","https://nci-naaccr-zone-design.github.io/louisiana-2020/?address=A9013","Male","CRC","10yrs","Bossier","Red Chute, Haughton, Eastwood, Bossier City",72.21,68.6,75.821,205005,67.372,64.003,70.74,54492,37.268,35.405,39.132,56934,13.91,30.1,18.35,23.33
"A9013","https://nci-naaccr-zone-design.github.io/louisiana-2020/?address=A9013","Both","Kidney","10yrs","Bossier","Red Chute, Haughton, Eastwood, Bossier City",17.998,17.098,18.898,410189,23.093,21.938,24.247,112954,21.914,20.818,23.009,56934,13.91,30.1,18.35,23.33
"A9013","https://nci-naaccr-zone-design.github.io/louisiana-2020/?address=A9013","Female","Kidney","10yrs","Bossier","Red Chute, Haughton, Eastwood, Bossier City",22.125,21.018,23.231,205185,13.217,12.556,13.878,58462,20.974,19.925,22.023,56934,13.91,30.1,18.35,23.33
"A9013","https://nci-naaccr-zone-design.github.io/louisiana-2020/?address=A9013","Male","Kidney","10yrs","Bossier","Red Chute, Haughton, Eastwood, Bossier City",34.942,33.195,36.689,205005,33.068,31.414,34.721,54492,23.43,22.259,24.602,56934,13.91,30.1,18.35,23.33
"A9013","https://nci-naaccr-zone-design.github.io/louisiana-2020/?address=A9013","Both","NHL","10yrs","Bossier","Red Chute, Haughton, Eastwood, Bossier City",16.723,15.887,17.559,410189,15.264,14.501,16.028,112954,22.602,21.472,23.732,56934,13.91,30.1,18.35,23.33
"A9013","https://nci-naaccr-zone-design.github.io/louisiana-2020/?address=A9013","Female","NHL","10yrs","Bossier","Red Chute, Haughton, Eastwood, Bossier City",16.43,15.609,17.252,205185,19.235,18.273,20.196,58462,17.736,16.85,18.623,56934,13.91,30.1,18.35,23.33
"A9013","https://nci-naaccr-zone-design.github.io/louisiana-2020/?address=A9013","Male","NHL","10yrs","Bossier","Red Chute, Haughton, Eastwood, Bossier City",17.523,16.647,18.399,205005,22.445,21.323,23.568,54492,27.341,25.974,28.708,56934,13.91,30.1,18.35,23.33
"A9013","https://nci-naaccr-zone-design.github.io/louisiana-2020/?address=A9013","Both","Urinary","10yrs","Bossier","Red Chute, Haughton, Eastwood, Bossier City",24.87,23.627,26.114,410189,18.089,17.185,18.994,112954,17.247,16.384,18.109,56934,13.91,30.1,18.35,23.33
"A9013","https://nci-naaccr-zone-design.github.io/louisiana-2020/?address=A9013","Female","Urinary","10yrs","Bossier","Red Chute, Haughton, Eastwood, Bossier City",3.772,3.583,3.961,205185,4.373,4.154,4.592,58462,12.156,11.548,12.764,56934,13.91,30.1,18.35,23.33
"A9013","https://nci-naaccr-zone-design.github.io/louisiana-2020/?address=A9013","Male","Urinary","10yrs","Bossier","Red Chute, Haughton, Eastwood, Bossier City",26.644,25.312,27.977,205005,35.017,33.266,36.768,54492,26.767,25.429,28.106,56934,13.91,30.1,18.35,23.33
"A9013","https://nci-naaccr-zone-design.github.io/louisiana-2020/?address=A9013","Both","Mela","10yrs","Bossier","Red Chute, Haughton, Eastwood, Bossier City",23.009,21.858,24.159,410189,23.439,22.267,24.611,112954,20.009,19.009,21.01,56934,13.91,30.1,18.35,23.33
"A9013","https://nci-naaccr-zone-design.github.io/louisiana-2020/?address=A9013","Female","Mela","10yrs","Bossier","Red Chute, Haughton, Eastwood, Bossier City",20.954,19.906,22.002,205185,5.415,5.144,5.685,58462,6.232,5.92,6.543,56934,13.91,30.1,18.35,23.33
"A9013","https://nci-naaccr-zone-design.github.io/louisiana-2020/?address=A9013","Male","Mela","10yrs","Bossier","Red Chute, Haughton, Eastwood, Bossier City",6.473,6.149,6.797,205005,10.073,9.57,10.577,54492,15.314,14.548,16.079,56934,13.91,30.1,18.35,23.33
"A9013","https://nci-naaccr-zone-design.github.io/louisiana-2020/?address=A9013","Both","Pancreas","10yrs","Bossier","Red Chute, Haughton, Eastwood, Bossier City",14.952,14.204,15.699,410189,17.555,16.677,18.433,112954,17.543,16.665,18.42,56934,13.91,30.1,18.35,23.33
"A9013","https://nci-naaccr-zone-design.github.io/louisiana-2020/?address=A9013","Female","Pancreas","10yrs","Bossier","Red Chute, Haughton, Eastwood, Bossier City",17.191,16.332,18.051,205185,16.68,15.846,17.514,58462,15.434,14.663,16.206,56934,13.91,30.1,18.35,23.33
"A9013","https://nci-naaccr-zone-design.github.io/louisiana-2020/?address=A9013","Male","Pancreas","10yrs","Bossier","Red Chute, Haughton, Eastwood, Bossier City",11.338,10.771,11.904,205005,11.956,11.358,12.554,54492,15.723,14.937,16.509,56934,13.91,30.1,18.35,23.33
"A9013","https://nci-naaccr-zone-design.github.io/louisiana-2020/?address=A9013","Both","Leuks","10yrs","Bossier","Red Chute, Haughton, Eastwood, Bossier City",10.025,9.524,10.526,410189,9.871,9.378,10.365,112954,11.483,10.909,12.058,56934,13.91,30.1,18.35,23.33
"A9013","https://nci-naaccr-zone-design.github.io/louisiana-2020/?address=A9013","Female","Leuks","10yrs","Bossier","Red Chute, Haughton, Eastwood, Bossier City",12.158,11.55,12.765,205185,10.693,10.158,11.228,58462,15.635,14.853,16.417,56934,13.91,30.1,18.35,23.33
"A9013","https://nci-naaccr-zone-design.github.io/louisiana-2020/?address=A9013","Male","Leuks","10yrs","Bossier","Red Chute, Haughton, Eastwood, Bossier City",20.712,19.677,21.748,205005,23.679,22.495,24.863,54492,22.814,21.673,23.954,56934,13.91,30.1,18.35,23.33
"A9013","https://nci-naaccr-zone-design.github.io/louisiana-2020/?address=A9013","Both","Oral","10yrs","Bossier","Red Chute, Haughton, Eastwood, Bossier City",10.794,10.255,11.334,410189,13.519,12.843,14.195,112954,15.172,14.414,15.931,56934,13.91,30.1,18.35,23.33
"A9013","https://nci-naaccr-zone-design.github.io/louisiana-2020/?address=A9013","Female","Oral","10yrs","Bossier","Red Chute, Haughton, Eastwood, Bossier City",6.165,5.856,6.473,205185,2.682,2.547,2.816,58462,5.712,5.426,5.997,56934,13.91,30.1,18.35,23.33
"A9013","https://nci-naaccr-zone-design.github.io/louisiana-2020/?address=A9013","Male","Oral","10yrs","Bossier","Red Chute, Haughton, Eastwood, Bossier City",13.169,12.511,13.827,205005,19.103,18.148,20.058,54492,23.298,22.133,24.463,56934,13.91,30.1,18.35,23.33
"A9013","https://nci-naaccr-zone-design.github.io/louisiana-2020/?address=A9013","Both","Thyroid","10yrs","Bossier","Red Chute, Haughton, Eastwood, Bossier City",9.796,9.306,10.286,410189,8.488,8.063,8.912,112954,16.008,15.208,16.809,56934,13.91,30.1,18.35,23.33
"A9013","https://nci-naaccr-zone-design.github.io/louisiana-2020/?address=A9013","Female","Thyroid","10yrs","Bossier","Red Chute, Haughton, Eastwood, Bossier City",12.981,12.332,13.63,205185,13.275,12.611,13.939,58462,19.874,18.88,20.867,56934,13.91,30.1,18.35,23.33
"A9013","https://nci-naaccr-zone-design.github.io/louisiana-2020/?address=A9013","Male","Thyroid","10yrs","Bossier","Red Chute, Haughton, Eastwood, Bossier City",8.921,8.475,9.367,205005,8.879,8.435,9.323,54492,5.35,5.083,5.618,56934,13.91,30.1,18.35,23.33
"A9013","https://nci-naaccr-zone-design.github.io/louisiana-2020/?address=A9013","Female","Uterine","10yrs","Bossier","Red Chute, Haughton, Eastwood, Bossier City",17.219,16.358,18.08,205185,21.563,20.485,22.642,58462,16.017,15.216,16.818,56934,13.91,30.1,18.35,23.33
"A9013","https://nci-naaccr-zone-design.github.io/louisiana-2020/?address=A9013","Both","Liver","10yrs","Bossier","Red Chute, Haughton, Eastwood, Bossier City",11.165,10.607,11.723,410189,5.796,5.507,6.086,112954,8.459,8.036,8.882,56934,13.91,30.1,18.35,23.33
"A9013","https://nci-naaccr-zone-design.github.io/louisiana-2020/?address=A9013","Female","Liver","10yrs","Bossier","Red Chute, Haughton, Eastwood, Bossier City",3.396,3.226,3.566,205185,3.678,3.494,3.862,58462,5.375,5.106,5.643,56934,13.91,30.1,18.35,23.33
"A9013","https://nci-naaccr-zone-design.github.io/louisiana-2020/?address=A9013","Male","Liver","10yrs","Bossier","Red Chute, Haughton, Eastwood, Bossier City",12.823,12.182,13.464,205005,20.576,19.547,21.605,54492,13.439,12.767,14.111,56934,13.91,30.1,18.35,23.33
"A9013","https://nci-naaccr-zone-design.github.io/louisiana-2020/?address=A9013","Both","Stomach","10yrs","Bossier","Red Chute, Haughton, Eastwood, Bossier City",8.595,8.165,9.024,410189,7.494,7.119,7.869,112954,9.222,8.761,9.684,56934,13.91,30.1,18.35,23.33
"A9013","https://nci-naaccr-zone-design.github.io/louisiana-2020/?address=A9013","Female","Stomach","10yrs","Bossier","Red Chute, Haughton, Eastwood, Bossier City",7.678,7.294,8.062,205185,9.954,9.456,10.451,58462,5.062,4.809,5.315,56934,13.91,30.1,18.35,23.33
"A9013","https://nci-naaccr-zone-design.github.io/louisiana-2020/?address=A9013","Male","Stomach","10yrs","Bossier","Red Chute, Haughton, Eastwood, Bossier City",11.359,10.791,11.927,205005,6.481,6.157,6.805,54492,6.454,6.131,6.776,56934,13.91,30.1,18.35,23.33
"A9013","https://nci-naaccr-zone-design.github.io/louisiana-2020/?address=A9013","Both","Myeloma","10yrs","Bossier","Red Chute, Haughton, Eastwood, Bossier City",10.079,9.575,10.583,410189,12.763,12.124,13.401,112954,5.142,4.885,5.399,56934,13.91,30.1,18.35,23.33
"A9013","https://nci-naaccr-zone-design.github.io/louisiana-2020/?address=A9013","Female","Myeloma","10yrs","Bossier","Red Chute, Haughton, Eastwood, Bossier City",5.791,5.501,6.081,205185,9.459,8.986,9.932,58462,7.611,7.231,7.992,56934,13.91,30.1,18.35,23.33
"A9013","https://nci-naaccr-zone-design.github.io/louisiana-2020/?address=A9013","Male","Myeloma","10yrs","Bossier","Red Chute, Haughton, Eastwood, Bossier City",11.819,11.228,12.41,205005,10.03,9.528,10.531,54492,5.43,5.158,5.701,56934,13.91,30.1,18.35,23.33
"A9013","https://nci-naaccr-zone-design.github.io/louisiana-2020/?address=A9013","Both","Brain","10yrs","Bossier","Red Chute, Haughton, Eastwood, Bossier City",6.703,6.368,7.038,410189,6.881,6.537,7.225,112954,3.722,3.536,3.908,56934,13.91,30.1,18.35,23.33
"A9013","https://nci-naaccr-zone-design.github.io/louisiana-2020/?address=A9013","Female","Brain","10yrs","Bossier","Red Chute, Haughton, Eastwood, Bossier City",4.81,4.569,5.05,205185,3.211,3.051,3.372,58462,4.316,4.1,4.531,56934,13.91,30.1,18.35,23.33
"A9013","https://nci-naaccr-zone-design.github.io/louisiana-2020/?address=A9013","Male","Brain","10yrs","Bossier","Red Chute, Haughton, Eastwood, Bossier City",6.612,6.281,6.942,205005,3.551,3.373,3.729,54492,11.064,10.511,11.617,56934,13.91,30.1,18.35,23.33
"A9013","https://nci-naaccr-zone-design.github.io/louisiana-2020/?address=A9013","Both","Larynx","10yrs","Bossier","Red Chute, Haughton, Eastwood, Bossier City",8.483,8.059,8.907,410189,7.03,6.679,7.382,112954,7.953,7.556,8.351,56934,13.91,30.1,18.35,23.33
"A9013","https://nci-naaccr-zone-design.github.io/louisiana-2020/?address=A9013","Female","Larynx","10yrs","Bossier","Red Chute, Haughton, Eastwood, Bossier City",1.689,1.605,1.774,205185,"","","",58462,"","","",56934,13.91,30.1,18.35,23.33
"A9013","https://nci-naaccr-zone-design.github.io/louisiana-2020/?address=A9013","Male","Larynx","10yrs","Bossier","Red Chute, Haughton, Eastwood, Bossier City",7.178,6.819,7.537,205005,10.036,9.535,10.538,54492,10.946,10.399,11.493,56934,13.91,30.1,18.35,23.33
"A9013","https://nci-naaccr-zone-design.github.io/louisiana-2020/?address=A9013","Female","Ovary","10yrs","Bossier","Red Chute, Haughton, Eastwood, Bossier City",7.708,7.322,8.093,205185,7.828,7.437,8.22,58462,11.677,11.093,12.261,56934,13.91,30.1,18.35,23.33
"A9013","https://nci-naaccr-zone-design.github.io/louisiana-2020/?address=A9013","Both","Esoph","10yrs","Bossier","Red Chute, Haughton, Eastwood, Bossier City",5.734,5.448,6.021,410189,5.799,5.509,6.089,112954,4.303,4.088,4.518,56934,13.91,30.1,18.35,23.33
"A9013","https://nci-naaccr-zone-design.github.io/louisiana-2020/?address=A9013","Female","Esoph","10yrs","Bossier","Red Chute, Haughton, Eastwood, Bossier City",4.013,3.812,4.214,205185,2.256,2.143,2.369,58462,"","","",56934,13.91,30.1,18.35,23.33
"A9013","https://nci-naaccr-zone-design.github.io/louisiana-2020/?address=A9013","Male","Esoph","10yrs","Bossier","Red Chute, Haughton, Eastwood, Bossier City",13.749,13.061,14.436,205005,6.345,6.028,6.662,54492,13.153,12.495,13.811,56934,13.91,30.1,18.35,23.33
