"Zone","URL","Sex","Cancer","Years","Counties","Places","AAIR","LCI","UCI","White_PopTot","White_AAIR","White_LCI","White_UCI","Black_PopTot","Black_AAIR","Black_LCI","Black_UCI","TotalPop","Pct100Pov","PctMinority","PctBlackNH","PctRural"
"B0071","https://nci-naaccr-zone-design.github.io/louisiana-2020/?address=B0071","Both","AllSite","05yrs","Vernon","Simpson, Fort Polk South, Fort Polk North, Pitkin, Leesville",459.875,436.882,482.869,189205,478.815,454.874,502.756,39285,455.831,433.039,478.622,52334,13.96,27.78,13.91,49.9
"B0071","https://nci-naaccr-zone-design.github.io/louisiana-2020/?address=B0071","Female","AllSite","05yrs","Vernon","Simpson, Fort Polk South, Fort Polk North, Pitkin, Leesville",379.322,360.356,398.288,90482,386.196,366.886,405.505,18581,438.994,417.044,460.944,52334,13.96,27.78,13.91,49.9
"B0071","https://nci-naaccr-zone-design.github.io/louisiana-2020/?address=B0071","Male","AllSite","05yrs","Vernon","Simpson, Fort Polk South, Fort Polk North, Pitkin, Leesville",543.843,516.651,571.035,98723,524.44,498.218,550.662,20704,615.807,585.016,646.597,52334,13.96,27.78,13.91,49.9
"B0071","https://nci-naaccr-zone-design.github.io/louisiana-2020/?address=B0071","Male","Prostate","05yrs","Vernon","Simpson, Fort Polk South, Fort Polk North, Pitkin, Leesville",174.551,165.823,183.278,98723,175.029,166.277,183.78,20704,135.049,128.297,141.801,52334,13.96,27.78,13.91,49.9
"B0071","https://nci-naaccr-zone-design.github.io/louisiana-2020/?address=B0071","Both","Lung","05yrs","Vernon","Simpson, Fort Polk South, Fort Polk North, Pitkin, Leesville",89.68,85.196,94.164,189205,76.262,72.449,80.075,39285,53.685,51.001,56.369,52334,13.96,27.78,13.91,49.9
"B0071","https://nci-naaccr-zone-design.github.io/louisiana-2020/?address=B0071","Female","Lung","05yrs","Vernon","Simpson, Fort Polk South, Fort Polk North, Pitkin, Leesville",57.172,54.314,60.031,90482,56.456,53.633,59.279,18581,46.501,44.176,48.826,52334,13.96,27.78,13.91,49.9
"B0071","https://nci-naaccr-zone-design.github.io/louisiana-2020/?address=B0071","Male","Lung","05yrs","Vernon","Simpson, Fort Polk South, Fort Polk North, Pitkin, Leesville",80.955,76.908,85.003,98723,99.46,94.487,104.433,20704,85.246,80.984,89.508,52334,13.96,27.78,13.91,49.9
"B0071","https://nci-naaccr-zone-design.github.io/louisiana-2020/?address=B0071","Female","Breast","05yrs","Vernon","Simpson, Fort Polk South, Fort Polk North, Pitkin, Leesville",120.288,114.273,126.302,90482,104.737,99.501,109.974,18581,142.579,135.45,149.708,52334,13.96,27.78,13.91,49.9
"B0071","https://nci-naaccr-zone-design.github.io/louisiana-2020/?address=B0071","Both","CRC","05yrs","Vernon","Simpson, Fort Polk South, Fort Polk North, Pitkin, Leesville",58.729,55.793,61.665,189205,42.595,40.465,44.725,39285,40.078,38.074,42.082,52334,13.96,27.78,13.91,49.9
"B0071","https://nci-naaccr-zone-design.github.io/louisiana-2020/?address=B0071","Female","CRC","05yrs","Vernon","Simpson, Fort Polk South, Fort Polk North, Pitkin, Leesville",31.014,29.463,32.565,90482,47.012,44.662,49.363,18581,39.634,37.653,41.616,52334,13.96,27.78,13.91,49.9
"B0071","https://nci-naaccr-zone-design.github.io/louisiana-2020/?address=B0071","Male","CRC","05yrs","Vernon","Simpson, Fort Polk South, Fort Polk North, Pitkin, Leesville",60.22,57.209,63.231,98723,63.884,60.689,67.078,20704,48.49,46.066,50.915,52334,13.96,27.78,13.91,49.9
"B0071","https://nci-naaccr-zone-design.github.io/louisiana-2020/?address=B0071","Both","Kidney","05yrs","Vernon","Simpson, Fort Polk South, Fort Polk North, Pitkin, Leesville",16.359,15.541,17.177,189205,26.156,24.848,27.464,39285,15.203,14.443,15.963,52334,13.96,27.78,13.91,49.9
"B0071","https://nci-naaccr-zone-design.github.io/louisiana-2020/?address=B0071","Female","Kidney","05yrs","Vernon","Simpson, Fort Polk South, Fort Polk North, Pitkin, Leesville",9.694,9.209,10.179,90482,13.541,12.864,14.218,18581,19.901,18.906,20.896,52334,13.96,27.78,13.91,49.9
"B0071","https://nci-naaccr-zone-design.github.io/louisiana-2020/?address=B0071","Male","Kidney","05yrs","Vernon","Simpson, Fort Polk South, Fort Polk North, Pitkin, Leesville",26.321,25.005,27.637,98723,23.13,21.974,24.287,20704,28.832,27.391,30.274,52334,13.96,27.78,13.91,49.9
"B0071","https://nci-naaccr-zone-design.github.io/louisiana-2020/?address=B0071","Both","NHL","05yrs","Vernon","Simpson, Fort Polk South, Fort Polk North, Pitkin, Leesville",19.891,18.897,20.886,189205,19.406,18.435,20.376,39285,14.319,13.603,15.035,52334,13.96,27.78,13.91,49.9
"B0071","https://nci-naaccr-zone-design.github.io/louisiana-2020/?address=B0071","Female","NHL","05yrs","Vernon","Simpson, Fort Polk South, Fort Polk North, Pitkin, Leesville",16.577,15.749,17.406,90482,9.2,8.74,9.66,18581,"","","",52334,13.96,27.78,13.91,49.9
"B0071","https://nci-naaccr-zone-design.github.io/louisiana-2020/?address=B0071","Male","NHL","05yrs","Vernon","Simpson, Fort Polk South, Fort Polk North, Pitkin, Leesville",25.562,24.284,26.84,98723,33.208,31.548,34.868,20704,27.225,25.864,28.586,52334,13.96,27.78,13.91,49.9
"B0071","https://nci-naaccr-zone-design.github.io/louisiana-2020/?address=B0071","Both","Urinary","05yrs","Vernon","Simpson, Fort Polk South, Fort Polk North, Pitkin, Leesville",14.404,13.684,15.124,189205,13.921,13.225,14.617,39285,15.5,14.725,16.275,52334,13.96,27.78,13.91,49.9
"B0071","https://nci-naaccr-zone-design.github.io/louisiana-2020/?address=B0071","Female","Urinary","05yrs","Vernon","Simpson, Fort Polk South, Fort Polk North, Pitkin, Leesville",5.218,4.957,5.478,90482,9.591,9.111,10.07,18581,"","","",52334,13.96,27.78,13.91,49.9
"B0071","https://nci-naaccr-zone-design.github.io/louisiana-2020/?address=B0071","Male","Urinary","05yrs","Vernon","Simpson, Fort Polk South, Fort Polk North, Pitkin, Leesville",21.863,20.769,22.956,98723,49.223,46.762,51.684,20704,26.405,25.085,27.726,52334,13.96,27.78,13.91,49.9
"B0071","https://nci-naaccr-zone-design.github.io/louisiana-2020/?address=B0071","Both","Mela","05yrs","Vernon","Simpson, Fort Polk South, Fort Polk North, Pitkin, Leesville",6.189,5.88,6.499,189205,25.16,23.902,26.418,39285,"","","",52334,13.96,27.78,13.91,49.9
"B0071","https://nci-naaccr-zone-design.github.io/louisiana-2020/?address=B0071","Female","Mela","05yrs","Vernon","Simpson, Fort Polk South, Fort Polk North, Pitkin, Leesville","","","",90482,13.058,12.405,13.711,18581,"","","",52334,13.96,27.78,13.91,49.9
"B0071","https://nci-naaccr-zone-design.github.io/louisiana-2020/?address=B0071","Male","Mela","05yrs","Vernon","Simpson, Fort Polk South, Fort Polk North, Pitkin, Leesville",32.697,31.063,34.332,98723,6.197,5.887,6.506,20704,30.255,28.742,31.767,52334,13.96,27.78,13.91,49.9
"B0071","https://nci-naaccr-zone-design.github.io/louisiana-2020/?address=B0071","Both","Pancreas","05yrs","Vernon","Simpson, Fort Polk South, Fort Polk North, Pitkin, Leesville",15.459,14.686,16.232,189205,16.099,15.294,16.904,39285,17.864,16.971,18.757,52334,13.96,27.78,13.91,49.9
"B0071","https://nci-naaccr-zone-design.github.io/louisiana-2020/?address=B0071","Female","Pancreas","05yrs","Vernon","Simpson, Fort Polk South, Fort Polk North, Pitkin, Leesville",14.665,13.932,15.398,90482,17.648,16.765,18.53,18581,16.915,16.069,17.761,52334,13.96,27.78,13.91,49.9
"B0071","https://nci-naaccr-zone-design.github.io/louisiana-2020/?address=B0071","Male","Pancreas","05yrs","Vernon","Simpson, Fort Polk South, Fort Polk North, Pitkin, Leesville",13.323,12.657,13.989,98723,15.912,15.116,16.707,20704,"","","",52334,13.96,27.78,13.91,49.9
"B0071","https://nci-naaccr-zone-design.github.io/louisiana-2020/?address=B0071","Both","Leuks","05yrs","Vernon","Simpson, Fort Polk South, Fort Polk North, Pitkin, Leesville",12.993,12.343,13.643,189205,12.789,12.149,13.428,39285,11.335,10.768,11.902,52334,13.96,27.78,13.91,49.9
"B0071","https://nci-naaccr-zone-design.github.io/louisiana-2020/?address=B0071","Female","Leuks","05yrs","Vernon","Simpson, Fort Polk South, Fort Polk North, Pitkin, Leesville",15.03,14.278,15.781,90482,12.144,11.537,12.751,18581,"","","",52334,13.96,27.78,13.91,49.9
"B0071","https://nci-naaccr-zone-design.github.io/louisiana-2020/?address=B0071","Male","Leuks","05yrs","Vernon","Simpson, Fort Polk South, Fort Polk North, Pitkin, Leesville",12.666,12.033,13.3,98723,12.02,11.419,12.621,20704,21.739,20.652,22.826,52334,13.96,27.78,13.91,49.9
"B0071","https://nci-naaccr-zone-design.github.io/louisiana-2020/?address=B0071","Both","Oral","05yrs","Vernon","Simpson, Fort Polk South, Fort Polk North, Pitkin, Leesville",16.41,15.59,17.231,189205,12.61,11.979,13.24,39285,12.317,11.701,12.933,52334,13.96,27.78,13.91,49.9
"B0071","https://nci-naaccr-zone-design.github.io/louisiana-2020/?address=B0071","Female","Oral","05yrs","Vernon","Simpson, Fort Polk South, Fort Polk North, Pitkin, Leesville",8.85,8.408,9.293,90482,"","","",18581,"","","",52334,13.96,27.78,13.91,49.9
"B0071","https://nci-naaccr-zone-design.github.io/louisiana-2020/?address=B0071","Male","Oral","05yrs","Vernon","Simpson, Fort Polk South, Fort Polk North, Pitkin, Leesville",23.282,22.118,24.447,98723,11.968,11.369,12.566,20704,"","","",52334,13.96,27.78,13.91,49.9
"B0071","https://nci-naaccr-zone-design.github.io/louisiana-2020/?address=B0071","Both","Thyroid","05yrs","Vernon","Simpson, Fort Polk South, Fort Polk North, Pitkin, Leesville",14.266,13.553,14.98,189205,10.104,9.599,10.609,39285,8.083,7.679,8.487,52334,13.96,27.78,13.91,49.9
"B0071","https://nci-naaccr-zone-design.github.io/louisiana-2020/?address=B0071","Female","Thyroid","05yrs","Vernon","Simpson, Fort Polk South, Fort Polk North, Pitkin, Leesville",20.358,19.34,21.376,90482,24.77,23.532,26.009,18581,17.018,16.167,17.869,52334,13.96,27.78,13.91,49.9
"B0071","https://nci-naaccr-zone-design.github.io/louisiana-2020/?address=B0071","Male","Thyroid","05yrs","Vernon","Simpson, Fort Polk South, Fort Polk North, Pitkin, Leesville",2.828,2.687,2.969,98723,8.404,7.984,8.824,20704,"","","",52334,13.96,27.78,13.91,49.9
"B0071","https://nci-naaccr-zone-design.github.io/louisiana-2020/?address=B0071","Female","Uterine","05yrs","Vernon","Simpson, Fort Polk South, Fort Polk North, Pitkin, Leesville",17.177,16.318,18.036,90482,19.553,18.575,20.53,18581,"","","",52334,13.96,27.78,13.91,49.9
"B0071","https://nci-naaccr-zone-design.github.io/louisiana-2020/?address=B0071","Both","Liver","05yrs","Vernon","Simpson, Fort Polk South, Fort Polk North, Pitkin, Leesville",14.173,13.465,14.882,189205,14.681,13.947,15.415,39285,11.634,11.053,12.216,52334,13.96,27.78,13.91,49.9
"B0071","https://nci-naaccr-zone-design.github.io/louisiana-2020/?address=B0071","Female","Liver","05yrs","Vernon","Simpson, Fort Polk South, Fort Polk North, Pitkin, Leesville",4.223,4.012,4.435,90482,6.61,6.28,6.941,18581,"","","",52334,13.96,27.78,13.91,49.9
"B0071","https://nci-naaccr-zone-design.github.io/louisiana-2020/?address=B0071","Male","Liver","05yrs","Vernon","Simpson, Fort Polk South, Fort Polk North, Pitkin, Leesville",19.785,18.796,20.774,98723,12.965,12.316,13.613,20704,"","","",52334,13.96,27.78,13.91,49.9
"B0071","https://nci-naaccr-zone-design.github.io/louisiana-2020/?address=B0071","Both","Stomach","05yrs","Vernon","Simpson, Fort Polk South, Fort Polk North, Pitkin, Leesville",11.462,10.889,12.035,189205,8.675,8.241,9.109,39285,"","","",52334,13.96,27.78,13.91,49.9
"B0071","https://nci-naaccr-zone-design.github.io/louisiana-2020/?address=B0071","Female","Stomach","05yrs","Vernon","Simpson, Fort Polk South, Fort Polk North, Pitkin, Leesville",5.093,4.839,5.348,90482,4.491,4.266,4.715,18581,"","","",52334,13.96,27.78,13.91,49.9
"B0071","https://nci-naaccr-zone-design.github.io/louisiana-2020/?address=B0071","Male","Stomach","05yrs","Vernon","Simpson, Fort Polk South, Fort Polk North, Pitkin, Leesville",10.056,9.553,10.559,98723,8.454,8.032,8.877,20704,16.378,15.559,17.197,52334,13.96,27.78,13.91,49.9
"B0071","https://nci-naaccr-zone-design.github.io/louisiana-2020/?address=B0071","Both","Myeloma","05yrs","Vernon","Simpson, Fort Polk South, Fort Polk North, Pitkin, Leesville",14.862,14.119,15.605,189205,8.29,7.875,8.704,39285,12.543,11.915,13.17,52334,13.96,27.78,13.91,49.9
"B0071","https://nci-naaccr-zone-design.github.io/louisiana-2020/?address=B0071","Female","Myeloma","05yrs","Vernon","Simpson, Fort Polk South, Fort Polk North, Pitkin, Leesville",4.304,4.088,4.519,90482,10.172,9.664,10.681,18581,"","","",52334,13.96,27.78,13.91,49.9
"B0071","https://nci-naaccr-zone-design.github.io/louisiana-2020/?address=B0071","Male","Myeloma","05yrs","Vernon","Simpson, Fort Polk South, Fort Polk North, Pitkin, Leesville",14.284,13.569,14.998,98723,8.599,8.169,9.029,20704,"","","",52334,13.96,27.78,13.91,49.9
"B0071","https://nci-naaccr-zone-design.github.io/louisiana-2020/?address=B0071","Both","Brain","05yrs","Vernon","Simpson, Fort Polk South, Fort Polk North, Pitkin, Leesville",7.32,6.954,7.686,189205,5.08,4.826,5.334,39285,"","","",52334,13.96,27.78,13.91,49.9
"B0071","https://nci-naaccr-zone-design.github.io/louisiana-2020/?address=B0071","Female","Brain","05yrs","Vernon","Simpson, Fort Polk South, Fort Polk North, Pitkin, Leesville",2.89,2.746,3.035,90482,"","","",18581,"","","",52334,13.96,27.78,13.91,49.9
"B0071","https://nci-naaccr-zone-design.github.io/louisiana-2020/?address=B0071","Male","Brain","05yrs","Vernon","Simpson, Fort Polk South, Fort Polk North, Pitkin, Leesville",10.257,9.744,10.769,98723,3.87,3.676,4.063,20704,"","","",52334,13.96,27.78,13.91,49.9
"B0071","https://nci-naaccr-zone-design.github.io/louisiana-2020/?address=B0071","Both","Larynx","05yrs","Vernon","Simpson, Fort Polk South, Fort Polk North, Pitkin, Leesville",6.922,6.576,7.268,189205,5.804,5.514,6.095,39285,8.906,8.461,9.351,52334,13.96,27.78,13.91,49.9
"B0071","https://nci-naaccr-zone-design.github.io/louisiana-2020/?address=B0071","Female","Larynx","05yrs","Vernon","Simpson, Fort Polk South, Fort Polk North, Pitkin, Leesville",3.256,3.093,3.418,90482,"","","",18581,"","","",52334,13.96,27.78,13.91,49.9
"B0071","https://nci-naaccr-zone-design.github.io/louisiana-2020/?address=B0071","Male","Larynx","05yrs","Vernon","Simpson, Fort Polk South, Fort Polk North, Pitkin, Leesville",10.519,9.993,11.045,98723,7.893,7.498,8.287,20704,"","","",52334,13.96,27.78,13.91,49.9
"B0071","https://nci-naaccr-zone-design.github.io/louisiana-2020/?address=B0071","Female","Ovary","05yrs","Vernon","Simpson, Fort Polk South, Fort Polk North, Pitkin, Leesville",5.871,5.578,6.165,90482,6.393,6.074,6.713,18581,"","","",52334,13.96,27.78,13.91,49.9
"B0071","https://nci-naaccr-zone-design.github.io/louisiana-2020/?address=B0071","Both","Esoph","05yrs","Vernon","Simpson, Fort Polk South, Fort Polk North, Pitkin, Leesville",3.916,3.72,4.112,189205,5.679,5.395,5.962,39285,"","","",52334,13.96,27.78,13.91,49.9
"B0071","https://nci-naaccr-zone-design.github.io/louisiana-2020/?address=B0071","Female","Esoph","05yrs","Vernon","Simpson, Fort Polk South, Fort Polk North, Pitkin, Leesville","","","",90482,"","","",18581,"","","",52334,13.96,27.78,13.91,49.9
"B0071","https://nci-naaccr-zone-design.github.io/louisiana-2020/?address=B0071","Male","Esoph","05yrs","Vernon","Simpson, Fort Polk South, Fort Polk North, Pitkin, Leesville",11.23,10.668,11.791,98723,8.286,7.872,8.7,20704,"","","",52334,13.96,27.78,13.91,49.9
"B0071","https://nci-naaccr-zone-design.github.io/louisiana-2020/?address=B0071","Both","AllSite","10yrs","Vernon","Simpson, Fort Polk South, Fort Polk North, Pitkin, Leesville",538.038,511.136,564.939,376254,517.923,492.027,543.819,77368,470.387,446.867,493.906,52334,13.96,27.78,13.91,49.9
"B0071","https://nci-naaccr-zone-design.github.io/louisiana-2020/?address=B0071","Female","AllSite","10yrs","Vernon","Simpson, Fort Polk South, Fort Polk North, Pitkin, Leesville",458.068,435.164,480.971,181809,442.441,420.319,464.563,37088,435.496,413.721,457.271,52334,13.96,27.78,13.91,49.9
"B0071","https://nci-naaccr-zone-design.github.io/louisiana-2020/?address=B0071","Male","AllSite","10yrs","Vernon","Simpson, Fort Polk South, Fort Polk North, Pitkin, Leesville",646.402,614.082,678.722,194445,647.94,615.543,680.337,40280,568.426,540.005,596.848,52334,13.96,27.78,13.91,49.9
"B0071","https://nci-naaccr-zone-design.github.io/louisiana-2020/?address=B0071","Male","Prostate","10yrs","Vernon","Simpson, Fort Polk South, Fort Polk North, Pitkin, Leesville",203.599,193.419,213.779,194445,211.947,201.35,222.545,40280,135.953,129.155,142.75,52334,13.96,27.78,13.91,49.9
"B0071","https://nci-naaccr-zone-design.github.io/louisiana-2020/?address=B0071","Both","Lung","10yrs","Vernon","Simpson, Fort Polk South, Fort Polk North, Pitkin, Leesville",71.183,67.624,74.742,376254,68.484,65.06,71.908,77368,49.384,46.915,51.853,52334,13.96,27.78,13.91,49.9
"B0071","https://nci-naaccr-zone-design.github.io/louisiana-2020/?address=B0071","Female","Lung","10yrs","Vernon","Simpson, Fort Polk South, Fort Polk North, Pitkin, Leesville",47.237,44.876,49.599,181809,44.519,42.293,46.744,37088,68.142,64.735,71.549,52334,13.96,27.78,13.91,49.9
"B0071","https://nci-naaccr-zone-design.github.io/louisiana-2020/?address=B0071","Male","Lung","10yrs","Vernon","Simpson, Fort Polk South, Fort Polk North, Pitkin, Leesville",113.732,108.045,119.419,194445,105.08,99.826,110.334,40280,99.693,94.708,104.677,52334,13.96,27.78,13.91,49.9
"B0071","https://nci-naaccr-zone-design.github.io/louisiana-2020/?address=B0071","Female","Breast","10yrs","Vernon","Simpson, Fort Polk South, Fort Polk North, Pitkin, Leesville",119.798,113.808,125.788,181809,132.366,125.747,138.984,37088,121.335,115.269,127.402,52334,13.96,27.78,13.91,49.9
"B0071","https://nci-naaccr-zone-design.github.io/louisiana-2020/?address=B0071","Both","CRC","10yrs","Vernon","Simpson, Fort Polk South, Fort Polk North, Pitkin, Leesville",39.367,37.398,41.335,376254,37.578,35.699,39.457,77368,59.491,56.516,62.465,52334,13.96,27.78,13.91,49.9
"B0071","https://nci-naaccr-zone-design.github.io/louisiana-2020/?address=B0071","Female","CRC","10yrs","Vernon","Simpson, Fort Polk South, Fort Polk North, Pitkin, Leesville",33.441,31.769,35.113,181809,40.245,38.233,42.258,37088,47.45,45.077,49.822,52334,13.96,27.78,13.91,49.9
"B0071","https://nci-naaccr-zone-design.github.io/louisiana-2020/?address=B0071","Male","CRC","10yrs","Vernon","Simpson, Fort Polk South, Fort Polk North, Pitkin, Leesville",40.218,38.208,42.229,194445,56.96,54.112,59.808,40280,45.047,42.794,47.299,52334,13.96,27.78,13.91,49.9
"B0071","https://nci-naaccr-zone-design.github.io/louisiana-2020/?address=B0071","Both","Kidney","10yrs","Vernon","Simpson, Fort Polk South, Fort Polk North, Pitkin, Leesville",23.249,22.086,24.411,376254,21.382,20.313,22.451,77368,17.382,16.513,18.251,52334,13.96,27.78,13.91,49.9
"B0071","https://nci-naaccr-zone-design.github.io/louisiana-2020/?address=B0071","Female","Kidney","10yrs","Vernon","Simpson, Fort Polk South, Fort Polk North, Pitkin, Leesville",13.177,12.518,13.835,181809,14.775,14.036,15.514,37088,19.8,18.81,20.79,52334,13.96,27.78,13.91,49.9
"B0071","https://nci-naaccr-zone-design.github.io/louisiana-2020/?address=B0071","Male","Kidney","10yrs","Vernon","Simpson, Fort Polk South, Fort Polk North, Pitkin, Leesville",25.282,24.018,26.546,194445,26.704,25.369,28.039,40280,35.716,33.931,37.502,52334,13.96,27.78,13.91,49.9
"B0071","https://nci-naaccr-zone-design.github.io/louisiana-2020/?address=B0071","Both","NHL","10yrs","Vernon","Simpson, Fort Polk South, Fort Polk North, Pitkin, Leesville",24.095,22.89,25.3,376254,23.2,22.04,24.36,77368,15.899,15.104,16.694,52334,13.96,27.78,13.91,49.9
"B0071","https://nci-naaccr-zone-design.github.io/louisiana-2020/?address=B0071","Female","NHL","10yrs","Vernon","Simpson, Fort Polk South, Fort Polk North, Pitkin, Leesville",10.79,10.25,11.329,181809,19.801,18.811,20.791,37088,10.393,9.873,10.912,52334,13.96,27.78,13.91,49.9
"B0071","https://nci-naaccr-zone-design.github.io/louisiana-2020/?address=B0071","Male","NHL","10yrs","Vernon","Simpson, Fort Polk South, Fort Polk North, Pitkin, Leesville",31.336,29.77,32.903,194445,17.313,16.448,18.179,40280,17.028,16.176,17.879,52334,13.96,27.78,13.91,49.9
"B0071","https://nci-naaccr-zone-design.github.io/louisiana-2020/?address=B0071","Both","Urinary","10yrs","Vernon","Simpson, Fort Polk South, Fort Polk North, Pitkin, Leesville",26.479,25.155,27.803,376254,19.945,18.948,20.942,77368,20.41,19.389,21.43,52334,13.96,27.78,13.91,49.9
"B0071","https://nci-naaccr-zone-design.github.io/louisiana-2020/?address=B0071","Female","Urinary","10yrs","Vernon","Simpson, Fort Polk South, Fort Polk North, Pitkin, Leesville",7.783,7.394,8.173,181809,7.649,7.266,8.031,37088,7.544,7.167,7.922,52334,13.96,27.78,13.91,49.9
"B0071","https://nci-naaccr-zone-design.github.io/louisiana-2020/?address=B0071","Male","Urinary","10yrs","Vernon","Simpson, Fort Polk South, Fort Polk North, Pitkin, Leesville",35.05,33.297,36.802,194445,43.557,41.379,45.735,40280,29.108,27.652,30.563,52334,13.96,27.78,13.91,49.9
"B0071","https://nci-naaccr-zone-design.github.io/louisiana-2020/?address=B0071","Both","Mela","10yrs","Vernon","Simpson, Fort Polk South, Fort Polk North, Pitkin, Leesville",7.633,7.251,8.014,376254,24.852,23.609,26.095,77368,19.343,18.376,20.31,52334,13.96,27.78,13.91,49.9
"B0071","https://nci-naaccr-zone-design.github.io/louisiana-2020/?address=B0071","Female","Mela","10yrs","Vernon","Simpson, Fort Polk South, Fort Polk North, Pitkin, Leesville",9.151,8.694,9.609,181809,5.372,5.104,5.641,37088,23.405,22.235,24.575,52334,13.96,27.78,13.91,49.9
"B0071","https://nci-naaccr-zone-design.github.io/louisiana-2020/?address=B0071","Male","Mela","10yrs","Vernon","Simpson, Fort Polk South, Fort Polk North, Pitkin, Leesville",25.364,24.096,26.633,194445,22.184,21.074,23.293,40280,7.815,7.424,8.206,52334,13.96,27.78,13.91,49.9
"B0071","https://nci-naaccr-zone-design.github.io/louisiana-2020/?address=B0071","Both","Pancreas","10yrs","Vernon","Simpson, Fort Polk South, Fort Polk North, Pitkin, Leesville",12.628,11.997,13.26,376254,13.902,13.207,14.597,77368,10.873,10.33,11.417,52334,13.96,27.78,13.91,49.9
"B0071","https://nci-naaccr-zone-design.github.io/louisiana-2020/?address=B0071","Female","Pancreas","10yrs","Vernon","Simpson, Fort Polk South, Fort Polk North, Pitkin, Leesville",15.538,14.761,16.315,181809,14.981,14.232,15.73,37088,13.989,13.289,14.688,52334,13.96,27.78,13.91,49.9
"B0071","https://nci-naaccr-zone-design.github.io/louisiana-2020/?address=B0071","Male","Pancreas","10yrs","Vernon","Simpson, Fort Polk South, Fort Polk North, Pitkin, Leesville",9.667,9.184,10.151,194445,20.585,19.556,21.614,40280,10.891,10.347,11.436,52334,13.96,27.78,13.91,49.9
"B0071","https://nci-naaccr-zone-design.github.io/louisiana-2020/?address=B0071","Both","Leuks","10yrs","Vernon","Simpson, Fort Polk South, Fort Polk North, Pitkin, Leesville",15.708,14.923,16.493,376254,11.176,10.617,11.735,77368,11.119,10.563,11.675,52334,13.96,27.78,13.91,49.9
"B0071","https://nci-naaccr-zone-design.github.io/louisiana-2020/?address=B0071","Female","Leuks","10yrs","Vernon","Simpson, Fort Polk South, Fort Polk North, Pitkin, Leesville",11.012,10.462,11.563,181809,13.071,12.418,13.725,37088,6.515,6.189,6.84,52334,13.96,27.78,13.91,49.9
"B0071","https://nci-naaccr-zone-design.github.io/louisiana-2020/?address=B0071","Male","Leuks","10yrs","Vernon","Simpson, Fort Polk South, Fort Polk North, Pitkin, Leesville",10.694,10.159,11.228,194445,9.306,8.841,9.771,40280,16.219,15.408,17.03,52334,13.96,27.78,13.91,49.9
"B0071","https://nci-naaccr-zone-design.github.io/louisiana-2020/?address=B0071","Both","Oral","10yrs","Vernon","Simpson, Fort Polk South, Fort Polk North, Pitkin, Leesville",14.998,14.248,15.748,376254,11.931,11.334,12.527,77368,7.406,7.036,7.777,52334,13.96,27.78,13.91,49.9
"B0071","https://nci-naaccr-zone-design.github.io/louisiana-2020/?address=B0071","Female","Oral","10yrs","Vernon","Simpson, Fort Polk South, Fort Polk North, Pitkin, Leesville",7.572,7.193,7.95,181809,7.081,6.727,7.435,37088,5.59,5.311,5.87,52334,13.96,27.78,13.91,49.9
"B0071","https://nci-naaccr-zone-design.github.io/louisiana-2020/?address=B0071","Male","Oral","10yrs","Vernon","Simpson, Fort Polk South, Fort Polk North, Pitkin, Leesville",24.148,22.94,25.355,194445,18.971,18.022,19.919,40280,18.397,17.478,19.317,52334,13.96,27.78,13.91,49.9
"B0071","https://nci-naaccr-zone-design.github.io/louisiana-2020/?address=B0071","Both","Thyroid","10yrs","Vernon","Simpson, Fort Polk South, Fort Polk North, Pitkin, Leesville",13.016,12.365,13.666,376254,12.689,12.055,13.324,77368,14.016,13.315,14.717,52334,13.96,27.78,13.91,49.9
"B0071","https://nci-naaccr-zone-design.github.io/louisiana-2020/?address=B0071","Female","Thyroid","10yrs","Vernon","Simpson, Fort Polk South, Fort Polk North, Pitkin, Leesville",17.412,16.541,18.283,181809,18.091,17.186,18.995,37088,16.304,15.489,17.119,52334,13.96,27.78,13.91,49.9
"B0071","https://nci-naaccr-zone-design.github.io/louisiana-2020/?address=B0071","Male","Thyroid","10yrs","Vernon","Simpson, Fort Polk South, Fort Polk North, Pitkin, Leesville",5.725,5.439,6.011,194445,8.525,8.099,8.951,40280,5.225,4.964,5.486,52334,13.96,27.78,13.91,49.9
"B0071","https://nci-naaccr-zone-design.github.io/louisiana-2020/?address=B0071","Female","Uterine","10yrs","Vernon","Simpson, Fort Polk South, Fort Polk North, Pitkin, Leesville",15.03,14.279,15.782,181809,19.024,18.073,19.976,37088,21.997,20.897,23.097,52334,13.96,27.78,13.91,49.9
"B0071","https://nci-naaccr-zone-design.github.io/louisiana-2020/?address=B0071","Both","Liver","10yrs","Vernon","Simpson, Fort Polk South, Fort Polk North, Pitkin, Leesville",5.804,5.514,6.094,376254,8.065,7.662,8.469,77368,12.931,12.285,13.578,52334,13.96,27.78,13.91,49.9
"B0071","https://nci-naaccr-zone-design.github.io/louisiana-2020/?address=B0071","Female","Liver","10yrs","Vernon","Simpson, Fort Polk South, Fort Polk North, Pitkin, Leesville",2.405,2.285,2.525,181809,6.684,6.35,7.018,37088,"","","",52334,13.96,27.78,13.91,49.9
"B0071","https://nci-naaccr-zone-design.github.io/louisiana-2020/?address=B0071","Male","Liver","10yrs","Vernon","Simpson, Fort Polk South, Fort Polk North, Pitkin, Leesville",12.946,12.299,13.593,194445,15.274,14.51,16.037,40280,15.523,14.746,16.299,52334,13.96,27.78,13.91,49.9
"B0071","https://nci-naaccr-zone-design.github.io/louisiana-2020/?address=B0071","Both","Stomach","10yrs","Vernon","Simpson, Fort Polk South, Fort Polk North, Pitkin, Leesville",11.302,10.737,11.867,376254,9.401,8.931,9.871,77368,7.002,6.652,7.352,52334,13.96,27.78,13.91,49.9
"B0071","https://nci-naaccr-zone-design.github.io/louisiana-2020/?address=B0071","Female","Stomach","10yrs","Vernon","Simpson, Fort Polk South, Fort Polk North, Pitkin, Leesville",4.88,4.636,5.124,181809,3.348,3.18,3.515,37088,9.663,9.18,10.146,52334,13.96,27.78,13.91,49.9
"B0071","https://nci-naaccr-zone-design.github.io/louisiana-2020/?address=B0071","Male","Stomach","10yrs","Vernon","Simpson, Fort Polk South, Fort Polk North, Pitkin, Leesville",7.341,6.974,7.708,194445,13.473,12.8,14.147,40280,14.015,13.314,14.715,52334,13.96,27.78,13.91,49.9
"B0071","https://nci-naaccr-zone-design.github.io/louisiana-2020/?address=B0071","Both","Myeloma","10yrs","Vernon","Simpson, Fort Polk South, Fort Polk North, Pitkin, Leesville",7.22,6.859,7.581,376254,13.26,12.597,13.923,77368,7.525,7.149,7.901,52334,13.96,27.78,13.91,49.9
"B0071","https://nci-naaccr-zone-design.github.io/louisiana-2020/?address=B0071","Female","Myeloma","10yrs","Vernon","Simpson, Fort Polk South, Fort Polk North, Pitkin, Leesville",7.069,6.716,7.422,181809,4.492,4.268,4.717,37088,4.365,4.146,4.583,52334,13.96,27.78,13.91,49.9
"B0071","https://nci-naaccr-zone-design.github.io/louisiana-2020/?address=B0071","Male","Myeloma","10yrs","Vernon","Simpson, Fort Polk South, Fort Polk North, Pitkin, Leesville",11.554,10.976,12.132,194445,11.521,10.945,12.097,40280,15.706,14.921,16.492,52334,13.96,27.78,13.91,49.9
"B0071","https://nci-naaccr-zone-design.github.io/louisiana-2020/?address=B0071","Both","Brain","10yrs","Vernon","Simpson, Fort Polk South, Fort Polk North, Pitkin, Leesville",6.488,6.164,6.813,376254,7.984,7.584,8.383,77368,5.435,5.163,5.707,52334,13.96,27.78,13.91,49.9
"B0071","https://nci-naaccr-zone-design.github.io/louisiana-2020/?address=B0071","Female","Brain","10yrs","Vernon","Simpson, Fort Polk South, Fort Polk North, Pitkin, Leesville",5.862,5.569,6.155,181809,6.797,6.458,7.137,37088,6.896,6.551,7.24,52334,13.96,27.78,13.91,49.9
"B0071","https://nci-naaccr-zone-design.github.io/louisiana-2020/?address=B0071","Male","Brain","10yrs","Vernon","Simpson, Fort Polk South, Fort Polk North, Pitkin, Leesville",11.561,10.983,12.139,194445,4.039,3.837,4.241,40280,8.956,8.508,9.404,52334,13.96,27.78,13.91,49.9
"B0071","https://nci-naaccr-zone-design.github.io/louisiana-2020/?address=B0071","Both","Larynx","10yrs","Vernon","Simpson, Fort Polk South, Fort Polk North, Pitkin, Leesville",8.041,7.639,8.444,376254,7.16,6.802,7.518,77368,6.486,6.162,6.811,52334,13.96,27.78,13.91,49.9
"B0071","https://nci-naaccr-zone-design.github.io/louisiana-2020/?address=B0071","Female","Larynx","10yrs","Vernon","Simpson, Fort Polk South, Fort Polk North, Pitkin, Leesville",2.974,2.825,3.123,181809,1.109,1.054,1.165,37088,"","","",52334,13.96,27.78,13.91,49.9
"B0071","https://nci-naaccr-zone-design.github.io/louisiana-2020/?address=B0071","Male","Larynx","10yrs","Vernon","Simpson, Fort Polk South, Fort Polk North, Pitkin, Leesville",14.47,13.746,15.193,194445,6.6,6.27,6.93,40280,14.049,13.347,14.752,52334,13.96,27.78,13.91,49.9
"B0071","https://nci-naaccr-zone-design.github.io/louisiana-2020/?address=B0071","Female","Ovary","10yrs","Vernon","Simpson, Fort Polk South, Fort Polk North, Pitkin, Leesville",6.895,6.551,7.24,181809,12.785,12.146,13.424,37088,5.224,4.963,5.485,52334,13.96,27.78,13.91,49.9
"B0071","https://nci-naaccr-zone-design.github.io/louisiana-2020/?address=B0071","Both","Esoph","10yrs","Vernon","Simpson, Fort Polk South, Fort Polk North, Pitkin, Leesville",3.895,3.7,4.089,376254,2.778,2.639,2.917,77368,4.822,4.581,5.063,52334,13.96,27.78,13.91,49.9
"B0071","https://nci-naaccr-zone-design.github.io/louisiana-2020/?address=B0071","Female","Esoph","10yrs","Vernon","Simpson, Fort Polk South, Fort Polk North, Pitkin, Leesville","","","",181809,3.246,3.084,3.408,37088,"","","",52334,13.96,27.78,13.91,49.9
"B0071","https://nci-naaccr-zone-design.github.io/louisiana-2020/?address=B0071","Male","Esoph","10yrs","Vernon","Simpson, Fort Polk South, Fort Polk North, Pitkin, Leesville",7.215,6.854,7.576,194445,5.906,5.61,6.201,40280,13.801,13.11,14.491,52334,13.96,27.78,13.91,49.9
