"Zone","URL","Sex","Cancer","Years","Counties","Places","AAIR","LCI","UCI","White_PopTot","White_AAIR","White_LCI","White_UCI","Black_PopTot","Black_AAIR","Black_LCI","Black_UCI","TotalPop","Pct100Pov","PctMinority","PctBlackNH","PctRural"
"A9020","https://nci-naaccr-zone-design.github.io/louisiana-2020/?address=A9020","Both","AllSite","05yrs","Caddo","Shreveport",455.559,432.781,478.337,73493,448.399,425.979,470.819,243898,536.464,509.641,563.287,65980,28.69,75.66,71.31,0.39
"A9020","https://nci-naaccr-zone-design.github.io/louisiana-2020/?address=A9020","Female","AllSite","05yrs","Caddo","Shreveport",364.441,346.219,382.663,38058,451.999,429.399,474.599,134785,428.935,407.488,450.382,65980,28.69,75.66,71.31,0.39
"A9020","https://nci-naaccr-zone-design.github.io/louisiana-2020/?address=A9020","Male","AllSite","05yrs","Caddo","Shreveport",670.046,636.543,703.548,35435,605.248,574.985,635.51,109113,665.518,632.242,698.794,65980,28.69,75.66,71.31,0.39
"A9020","https://nci-naaccr-zone-design.github.io/louisiana-2020/?address=A9020","Male","Prostate","05yrs","Caddo","Shreveport",142.563,135.435,149.691,35435,146.954,139.607,154.302,109113,136.099,129.294,142.904,65980,28.69,75.66,71.31,0.39
"A9020","https://nci-naaccr-zone-design.github.io/louisiana-2020/?address=A9020","Both","Lung","05yrs","Caddo","Shreveport",62.566,59.438,65.694,73493,80.708,76.673,84.744,243898,77.905,74.01,81.8,65980,28.69,75.66,71.31,0.39
"A9020","https://nci-naaccr-zone-design.github.io/louisiana-2020/?address=A9020","Female","Lung","05yrs","Caddo","Shreveport",70.701,67.166,74.236,38058,70.719,67.183,74.255,134785,52.139,49.532,54.746,65980,28.69,75.66,71.31,0.39
"A9020","https://nci-naaccr-zone-design.github.io/louisiana-2020/?address=A9020","Male","Lung","05yrs","Caddo","Shreveport",69.737,66.25,73.224,35435,88.398,83.978,92.818,109113,91.025,86.474,95.577,65980,28.69,75.66,71.31,0.39
"A9020","https://nci-naaccr-zone-design.github.io/louisiana-2020/?address=A9020","Female","Breast","05yrs","Caddo","Shreveport",129.588,123.109,136.067,38058,113.347,107.68,119.015,134785,142.443,135.32,149.565,65980,28.69,75.66,71.31,0.39
"A9020","https://nci-naaccr-zone-design.github.io/louisiana-2020/?address=A9020","Both","CRC","05yrs","Caddo","Shreveport",48.483,46.059,50.907,73493,53.572,50.894,56.251,243898,43.831,41.64,46.023,65980,28.69,75.66,71.31,0.39
"A9020","https://nci-naaccr-zone-design.github.io/louisiana-2020/?address=A9020","Female","CRC","05yrs","Caddo","Shreveport",37.198,35.338,39.058,38058,47.577,45.198,49.956,134785,43.114,40.959,45.27,65980,28.69,75.66,71.31,0.39
"A9020","https://nci-naaccr-zone-design.github.io/louisiana-2020/?address=A9020","Male","CRC","05yrs","Caddo","Shreveport",74.533,70.806,78.259,35435,56.793,53.954,59.633,109113,73.176,69.518,76.835,65980,28.69,75.66,71.31,0.39
"A9020","https://nci-naaccr-zone-design.github.io/louisiana-2020/?address=A9020","Both","Kidney","05yrs","Caddo","Shreveport",22.69,21.555,23.824,73493,18.794,17.855,19.734,243898,19.62,18.639,20.601,65980,28.69,75.66,71.31,0.39
"A9020","https://nci-naaccr-zone-design.github.io/louisiana-2020/?address=A9020","Female","Kidney","05yrs","Caddo","Shreveport",14.333,13.616,15.05,38058,13.051,12.399,13.704,134785,12.482,11.858,13.106,65980,28.69,75.66,71.31,0.39
"A9020","https://nci-naaccr-zone-design.github.io/louisiana-2020/?address=A9020","Male","Kidney","05yrs","Caddo","Shreveport",19.826,18.834,20.817,35435,28.107,26.701,29.512,109113,25.644,24.362,26.926,65980,28.69,75.66,71.31,0.39
"A9020","https://nci-naaccr-zone-design.github.io/louisiana-2020/?address=A9020","Both","NHL","05yrs","Caddo","Shreveport",20.645,19.612,21.677,73493,20.954,19.906,22.002,243898,15.156,14.398,15.914,65980,28.69,75.66,71.31,0.39
"A9020","https://nci-naaccr-zone-design.github.io/louisiana-2020/?address=A9020","Female","NHL","05yrs","Caddo","Shreveport",12.107,11.502,12.712,38058,10.338,9.821,10.855,134785,10.323,9.807,10.839,65980,28.69,75.66,71.31,0.39
"A9020","https://nci-naaccr-zone-design.github.io/louisiana-2020/?address=A9020","Male","NHL","05yrs","Caddo","Shreveport",32.702,31.067,34.337,35435,20.07,19.066,21.073,109113,29.538,28.061,31.015,65980,28.69,75.66,71.31,0.39
"A9020","https://nci-naaccr-zone-design.github.io/louisiana-2020/?address=A9020","Both","Urinary","05yrs","Caddo","Shreveport",15.507,14.731,16.282,73493,21.857,20.764,22.95,243898,21.612,20.532,22.693,65980,28.69,75.66,71.31,0.39
"A9020","https://nci-naaccr-zone-design.github.io/louisiana-2020/?address=A9020","Female","Urinary","05yrs","Caddo","Shreveport",10.045,9.542,10.547,38058,"","","",134785,7.222,6.861,7.583,65980,28.69,75.66,71.31,0.39
"A9020","https://nci-naaccr-zone-design.github.io/louisiana-2020/?address=A9020","Male","Urinary","05yrs","Caddo","Shreveport",22.837,21.695,23.979,35435,25.048,23.796,26.301,109113,37.056,35.203,38.909,65980,28.69,75.66,71.31,0.39
"A9020","https://nci-naaccr-zone-design.github.io/louisiana-2020/?address=A9020","Both","Mela","05yrs","Caddo","Shreveport",25.962,24.664,27.26,73493,12.291,11.676,12.905,243898,5.441,5.169,5.713,65980,28.69,75.66,71.31,0.39
"A9020","https://nci-naaccr-zone-design.github.io/louisiana-2020/?address=A9020","Female","Mela","05yrs","Caddo","Shreveport",19.025,18.073,19.976,38058,22.593,21.463,23.723,134785,21.927,20.831,23.024,65980,28.69,75.66,71.31,0.39
"A9020","https://nci-naaccr-zone-design.github.io/louisiana-2020/?address=A9020","Male","Mela","05yrs","Caddo","Shreveport",12.073,11.469,12.676,35435,39.374,37.405,41.343,109113,11.514,10.938,12.089,65980,28.69,75.66,71.31,0.39
"A9020","https://nci-naaccr-zone-design.github.io/louisiana-2020/?address=A9020","Both","Pancreas","05yrs","Caddo","Shreveport",12.256,11.643,12.868,73493,16.854,16.011,17.697,243898,16.501,15.676,17.326,65980,28.69,75.66,71.31,0.39
"A9020","https://nci-naaccr-zone-design.github.io/louisiana-2020/?address=A9020","Female","Pancreas","05yrs","Caddo","Shreveport",13.037,12.385,13.689,38058,10.629,10.098,11.161,134785,16.899,16.054,17.744,65980,28.69,75.66,71.31,0.39
"A9020","https://nci-naaccr-zone-design.github.io/louisiana-2020/?address=A9020","Male","Pancreas","05yrs","Caddo","Shreveport",18.638,17.706,19.57,35435,20.32,19.304,21.336,109113,18.063,17.16,18.967,65980,28.69,75.66,71.31,0.39
"A9020","https://nci-naaccr-zone-design.github.io/louisiana-2020/?address=A9020","Both","Leuks","05yrs","Caddo","Shreveport",11.127,10.571,11.683,73493,13.365,12.697,14.034,243898,15.505,14.73,16.28,65980,28.69,75.66,71.31,0.39
"A9020","https://nci-naaccr-zone-design.github.io/louisiana-2020/?address=A9020","Female","Leuks","05yrs","Caddo","Shreveport",7.925,7.528,8.321,38058,9.835,9.344,10.327,134785,13.378,12.709,14.047,65980,28.69,75.66,71.31,0.39
"A9020","https://nci-naaccr-zone-design.github.io/louisiana-2020/?address=A9020","Male","Leuks","05yrs","Caddo","Shreveport",25.498,24.223,26.773,35435,14.71,13.975,15.446,109113,12.113,11.507,12.719,65980,28.69,75.66,71.31,0.39
"A9020","https://nci-naaccr-zone-design.github.io/louisiana-2020/?address=A9020","Both","Oral","05yrs","Caddo","Shreveport",15.673,14.889,16.457,73493,14.124,13.417,14.83,243898,15.556,14.778,16.333,65980,28.69,75.66,71.31,0.39
"A9020","https://nci-naaccr-zone-design.github.io/louisiana-2020/?address=A9020","Female","Oral","05yrs","Caddo","Shreveport",5.922,5.626,6.218,38058,"","","",134785,6.343,6.026,6.66,65980,28.69,75.66,71.31,0.39
"A9020","https://nci-naaccr-zone-design.github.io/louisiana-2020/?address=A9020","Male","Oral","05yrs","Caddo","Shreveport",15.268,14.505,16.032,35435,18.918,17.972,19.864,109113,12.021,11.42,12.622,65980,28.69,75.66,71.31,0.39
"A9020","https://nci-naaccr-zone-design.github.io/louisiana-2020/?address=A9020","Both","Thyroid","05yrs","Caddo","Shreveport",8.366,7.948,8.785,73493,16.914,16.068,17.76,243898,14.539,13.812,15.266,65980,28.69,75.66,71.31,0.39
"A9020","https://nci-naaccr-zone-design.github.io/louisiana-2020/?address=A9020","Female","Thyroid","05yrs","Caddo","Shreveport",19.163,18.205,20.121,38058,21.503,20.428,22.578,134785,11.248,10.686,11.811,65980,28.69,75.66,71.31,0.39
"A9020","https://nci-naaccr-zone-design.github.io/louisiana-2020/?address=A9020","Male","Thyroid","05yrs","Caddo","Shreveport",9.111,8.656,9.567,35435,"","","",109113,3.335,3.168,3.502,65980,28.69,75.66,71.31,0.39
"A9020","https://nci-naaccr-zone-design.github.io/louisiana-2020/?address=A9020","Female","Uterine","05yrs","Caddo","Shreveport",14.495,13.77,15.22,38058,23.703,22.518,24.888,134785,24.187,22.978,25.397,65980,28.69,75.66,71.31,0.39
"A9020","https://nci-naaccr-zone-design.github.io/louisiana-2020/?address=A9020","Both","Liver","05yrs","Caddo","Shreveport",8.411,7.991,8.832,73493,11.415,10.844,11.986,243898,15.123,14.367,15.879,65980,28.69,75.66,71.31,0.39
"A9020","https://nci-naaccr-zone-design.github.io/louisiana-2020/?address=A9020","Female","Liver","05yrs","Caddo","Shreveport",5.925,5.629,6.221,38058,"","","",134785,4.167,3.958,4.375,65980,28.69,75.66,71.31,0.39
"A9020","https://nci-naaccr-zone-design.github.io/louisiana-2020/?address=A9020","Male","Liver","05yrs","Caddo","Shreveport",15.64,14.858,16.422,35435,9.058,8.605,9.511,109113,13.914,13.219,14.61,65980,28.69,75.66,71.31,0.39
"A9020","https://nci-naaccr-zone-design.github.io/louisiana-2020/?address=A9020","Both","Stomach","05yrs","Caddo","Shreveport",9.862,9.369,10.356,73493,7.081,6.727,7.435,243898,5.618,5.337,5.899,65980,28.69,75.66,71.31,0.39
"A9020","https://nci-naaccr-zone-design.github.io/louisiana-2020/?address=A9020","Female","Stomach","05yrs","Caddo","Shreveport",6.97,6.621,7.318,38058,"","","",134785,5.196,4.936,5.456,65980,28.69,75.66,71.31,0.39
"A9020","https://nci-naaccr-zone-design.github.io/louisiana-2020/?address=A9020","Male","Stomach","05yrs","Caddo","Shreveport",10.163,9.655,10.671,35435,"","","",109113,4.992,4.742,5.241,65980,28.69,75.66,71.31,0.39
"A9020","https://nci-naaccr-zone-design.github.io/louisiana-2020/?address=A9020","Both","Myeloma","05yrs","Caddo","Shreveport",8.898,8.453,9.343,73493,13.048,12.395,13.7,243898,13.253,12.591,13.916,65980,28.69,75.66,71.31,0.39
"A9020","https://nci-naaccr-zone-design.github.io/louisiana-2020/?address=A9020","Female","Myeloma","05yrs","Caddo","Shreveport",2.392,2.272,2.511,38058,12.979,12.33,13.628,134785,7.618,7.237,7.998,65980,28.69,75.66,71.31,0.39
"A9020","https://nci-naaccr-zone-design.github.io/louisiana-2020/?address=A9020","Male","Myeloma","05yrs","Caddo","Shreveport",7.959,7.561,8.357,35435,"","","",109113,15.574,14.796,16.353,65980,28.69,75.66,71.31,0.39
"A9020","https://nci-naaccr-zone-design.github.io/louisiana-2020/?address=A9020","Both","Brain","05yrs","Caddo","Shreveport",5.524,5.247,5.8,73493,7.783,7.393,8.172,243898,8.278,7.864,8.692,65980,28.69,75.66,71.31,0.39
"A9020","https://nci-naaccr-zone-design.github.io/louisiana-2020/?address=A9020","Female","Brain","05yrs","Caddo","Shreveport",2.879,2.735,3.023,38058,"","","",134785,4.171,3.962,4.379,65980,28.69,75.66,71.31,0.39
"A9020","https://nci-naaccr-zone-design.github.io/louisiana-2020/?address=A9020","Male","Brain","05yrs","Caddo","Shreveport",5.305,5.04,5.57,35435,"","","",109113,6.3,5.985,6.615,65980,28.69,75.66,71.31,0.39
"A9020","https://nci-naaccr-zone-design.github.io/louisiana-2020/?address=A9020","Both","Larynx","05yrs","Caddo","Shreveport",4.577,4.348,4.806,73493,9.041,8.589,9.493,243898,7.762,7.374,8.15,65980,28.69,75.66,71.31,0.39
"A9020","https://nci-naaccr-zone-design.github.io/louisiana-2020/?address=A9020","Female","Larynx","05yrs","Caddo","Shreveport","","","",38058,"","","",134785,"","","",65980,28.69,75.66,71.31,0.39
"A9020","https://nci-naaccr-zone-design.github.io/louisiana-2020/?address=A9020","Male","Larynx","05yrs","Caddo","Shreveport",6.573,6.245,6.902,35435,10.062,9.559,10.566,109113,11.936,11.339,12.533,65980,28.69,75.66,71.31,0.39
"A9020","https://nci-naaccr-zone-design.github.io/louisiana-2020/?address=A9020","Female","Ovary","05yrs","Caddo","Shreveport",7.854,7.461,8.246,38058,9.622,9.14,10.103,134785,7.423,7.052,7.794,65980,28.69,75.66,71.31,0.39
"A9020","https://nci-naaccr-zone-design.github.io/louisiana-2020/?address=A9020","Both","Esoph","05yrs","Caddo","Shreveport",6.338,6.021,6.655,73493,7.95,7.553,8.348,243898,3.625,3.444,3.806,65980,28.69,75.66,71.31,0.39
"A9020","https://nci-naaccr-zone-design.github.io/louisiana-2020/?address=A9020","Female","Esoph","05yrs","Caddo","Shreveport","","","",38058,"","","",134785,"","","",65980,28.69,75.66,71.31,0.39
"A9020","https://nci-naaccr-zone-design.github.io/louisiana-2020/?address=A9020","Male","Esoph","05yrs","Caddo","Shreveport",5.464,5.191,5.737,35435,11.699,11.114,12.284,109113,5.944,5.647,6.241,65980,28.69,75.66,71.31,0.39
"A9020","https://nci-naaccr-zone-design.github.io/louisiana-2020/?address=A9020","Both","AllSite","10yrs","Caddo","Shreveport",476.058,452.255,499.861,163699,486.819,462.478,511.16,472971,511.404,485.834,536.974,65980,28.69,75.66,71.31,0.39
"A9020","https://nci-naaccr-zone-design.github.io/louisiana-2020/?address=A9020","Female","AllSite","10yrs","Caddo","Shreveport",360.084,342.079,378.088,85151,385.593,366.314,404.873,261232,373.38,354.711,392.049,65980,28.69,75.66,71.31,0.39
"A9020","https://nci-naaccr-zone-design.github.io/louisiana-2020/?address=A9020","Male","AllSite","10yrs","Caddo","Shreveport",677.859,643.966,711.752,78547,586.967,557.619,616.316,211739,641.389,609.32,673.459,65980,28.69,75.66,71.31,0.39
"A9020","https://nci-naaccr-zone-design.github.io/louisiana-2020/?address=A9020","Male","Prostate","10yrs","Caddo","Shreveport",151.294,143.729,158.858,78547,173.778,165.09,182.467,211739,140.929,133.882,147.975,65980,28.69,75.66,71.31,0.39
"A9020","https://nci-naaccr-zone-design.github.io/louisiana-2020/?address=A9020","Both","Lung","10yrs","Caddo","Shreveport",68.747,65.309,72.184,163699,54.537,51.811,57.264,472971,74.887,71.143,78.632,65980,28.69,75.66,71.31,0.39
"A9020","https://nci-naaccr-zone-design.github.io/louisiana-2020/?address=A9020","Female","Lung","10yrs","Caddo","Shreveport",49.476,47.003,51.95,85151,50.964,48.416,53.513,261232,61.191,58.131,64.25,65980,28.69,75.66,71.31,0.39
"A9020","https://nci-naaccr-zone-design.github.io/louisiana-2020/?address=A9020","Male","Lung","10yrs","Caddo","Shreveport",98.313,93.398,103.229,78547,53.273,50.609,55.936,211739,93.205,88.544,97.865,65980,28.69,75.66,71.31,0.39
"A9020","https://nci-naaccr-zone-design.github.io/louisiana-2020/?address=A9020","Female","Breast","10yrs","Caddo","Shreveport",139.725,132.738,146.711,85151,127.861,121.468,134.254,261232,122.1,115.995,128.205,65980,28.69,75.66,71.31,0.39
"A9020","https://nci-naaccr-zone-design.github.io/louisiana-2020/?address=A9020","Both","CRC","10yrs","Caddo","Shreveport",51.217,48.656,53.777,163699,43.797,41.607,45.987,472971,59.319,56.353,62.285,65980,28.69,75.66,71.31,0.39
"A9020","https://nci-naaccr-zone-design.github.io/louisiana-2020/?address=A9020","Female","CRC","10yrs","Caddo","Shreveport",32.577,30.948,34.206,85151,45.799,43.509,48.088,261232,39.746,37.759,41.734,65980,28.69,75.66,71.31,0.39
"A9020","https://nci-naaccr-zone-design.github.io/louisiana-2020/?address=A9020","Male","CRC","10yrs","Caddo","Shreveport",43.547,41.37,45.725,78547,65.608,62.328,68.889,211739,61.243,58.181,64.305,65980,28.69,75.66,71.31,0.39
"A9020","https://nci-naaccr-zone-design.github.io/louisiana-2020/?address=A9020","Both","Kidney","10yrs","Caddo","Shreveport",17.459,16.586,18.331,163699,18.489,17.565,19.414,472971,20.343,19.326,21.36,65980,28.69,75.66,71.31,0.39
"A9020","https://nci-naaccr-zone-design.github.io/louisiana-2020/?address=A9020","Female","Kidney","10yrs","Caddo","Shreveport",11.74,11.153,12.327,85151,19.91,18.914,20.905,261232,10.87,10.326,11.413,65980,28.69,75.66,71.31,0.39
"A9020","https://nci-naaccr-zone-design.github.io/louisiana-2020/?address=A9020","Male","Kidney","10yrs","Caddo","Shreveport",21.816,20.725,22.907,78547,21.65,20.568,22.733,211739,27.664,26.281,29.047,65980,28.69,75.66,71.31,0.39
"A9020","https://nci-naaccr-zone-design.github.io/louisiana-2020/?address=A9020","Both","NHL","10yrs","Caddo","Shreveport",18.474,17.55,19.397,163699,20.7,19.665,21.735,472971,18.535,17.608,19.462,65980,28.69,75.66,71.31,0.39
"A9020","https://nci-naaccr-zone-design.github.io/louisiana-2020/?address=A9020","Female","NHL","10yrs","Caddo","Shreveport",15.956,15.158,16.754,85151,12.66,12.027,13.293,261232,21.396,20.326,22.466,65980,28.69,75.66,71.31,0.39
"A9020","https://nci-naaccr-zone-design.github.io/louisiana-2020/?address=A9020","Male","NHL","10yrs","Caddo","Shreveport",20.962,19.914,22.01,78547,28.677,27.243,30.111,211739,24.258,23.045,25.471,65980,28.69,75.66,71.31,0.39
"A9020","https://nci-naaccr-zone-design.github.io/louisiana-2020/?address=A9020","Both","Urinary","10yrs","Caddo","Shreveport",15.274,14.511,16.038,163699,16.012,15.211,16.812,472971,13.316,12.65,13.982,65980,28.69,75.66,71.31,0.39
"A9020","https://nci-naaccr-zone-design.github.io/louisiana-2020/?address=A9020","Female","Urinary","10yrs","Caddo","Shreveport",8.288,7.874,8.703,85151,13.889,13.194,14.583,261232,10.852,10.309,11.395,65980,28.69,75.66,71.31,0.39
"A9020","https://nci-naaccr-zone-design.github.io/louisiana-2020/?address=A9020","Male","Urinary","10yrs","Caddo","Shreveport",39.042,37.09,40.994,78547,49.736,47.249,52.223,211739,32.552,30.925,34.18,65980,28.69,75.66,71.31,0.39
"A9020","https://nci-naaccr-zone-design.github.io/louisiana-2020/?address=A9020","Both","Mela","10yrs","Caddo","Shreveport",19.933,18.936,20.929,163699,10.484,9.96,11.008,472971,9.115,8.659,9.571,65980,28.69,75.66,71.31,0.39
"A9020","https://nci-naaccr-zone-design.github.io/louisiana-2020/?address=A9020","Female","Mela","10yrs","Caddo","Shreveport",11.567,10.989,12.146,85151,21.678,20.594,22.762,261232,2.574,2.445,2.703,65980,28.69,75.66,71.31,0.39
"A9020","https://nci-naaccr-zone-design.github.io/louisiana-2020/?address=A9020","Male","Mela","10yrs","Caddo","Shreveport",5.822,5.531,6.113,78547,16.774,15.935,17.612,211739,32.718,31.082,34.354,65980,28.69,75.66,71.31,0.39
"A9020","https://nci-naaccr-zone-design.github.io/louisiana-2020/?address=A9020","Both","Pancreas","10yrs","Caddo","Shreveport",17.496,16.621,18.371,163699,14.624,13.893,15.356,472971,13.903,13.208,14.598,65980,28.69,75.66,71.31,0.39
"A9020","https://nci-naaccr-zone-design.github.io/louisiana-2020/?address=A9020","Female","Pancreas","10yrs","Caddo","Shreveport",12.837,12.195,13.479,85151,17.332,16.465,18.199,261232,16.429,15.608,17.251,65980,28.69,75.66,71.31,0.39
"A9020","https://nci-naaccr-zone-design.github.io/louisiana-2020/?address=A9020","Male","Pancreas","10yrs","Caddo","Shreveport",9.957,9.459,10.454,78547,12.46,11.837,13.083,211739,13.829,13.137,14.52,65980,28.69,75.66,71.31,0.39
"A9020","https://nci-naaccr-zone-design.github.io/louisiana-2020/?address=A9020","Both","Leuks","10yrs","Caddo","Shreveport",14.396,13.676,15.115,163699,15.98,15.181,16.779,472971,13.608,12.927,14.288,65980,28.69,75.66,71.31,0.39
"A9020","https://nci-naaccr-zone-design.github.io/louisiana-2020/?address=A9020","Female","Leuks","10yrs","Caddo","Shreveport",10.27,9.757,10.784,85151,13.322,12.656,13.988,261232,10.399,9.879,10.919,65980,28.69,75.66,71.31,0.39
"A9020","https://nci-naaccr-zone-design.github.io/louisiana-2020/?address=A9020","Male","Leuks","10yrs","Caddo","Shreveport",11.208,10.648,11.768,78547,20.368,19.349,21.386,211739,20.201,19.191,21.211,65980,28.69,75.66,71.31,0.39
"A9020","https://nci-naaccr-zone-design.github.io/louisiana-2020/?address=A9020","Both","Oral","10yrs","Caddo","Shreveport",12.822,12.181,13.463,163699,10.939,10.392,11.486,472971,6.521,6.195,6.847,65980,28.69,75.66,71.31,0.39
"A9020","https://nci-naaccr-zone-design.github.io/louisiana-2020/?address=A9020","Female","Oral","10yrs","Caddo","Shreveport",7.102,6.747,7.458,85151,3.187,3.028,3.347,261232,2.143,2.036,2.25,65980,28.69,75.66,71.31,0.39
"A9020","https://nci-naaccr-zone-design.github.io/louisiana-2020/?address=A9020","Male","Oral","10yrs","Caddo","Shreveport",12.41,11.79,13.031,78547,16.854,16.012,17.697,211739,10.409,9.889,10.93,65980,28.69,75.66,71.31,0.39
"A9020","https://nci-naaccr-zone-design.github.io/louisiana-2020/?address=A9020","Both","Thyroid","10yrs","Caddo","Shreveport",15.161,14.403,15.919,163699,14.719,13.983,15.455,472971,10.403,9.882,10.923,65980,28.69,75.66,71.31,0.39
"A9020","https://nci-naaccr-zone-design.github.io/louisiana-2020/?address=A9020","Female","Thyroid","10yrs","Caddo","Shreveport",25.54,24.263,26.817,85151,21.857,20.764,22.95,261232,26.125,24.819,27.431,65980,28.69,75.66,71.31,0.39
"A9020","https://nci-naaccr-zone-design.github.io/louisiana-2020/?address=A9020","Male","Thyroid","10yrs","Caddo","Shreveport",3.554,3.376,3.732,78547,9.26,8.797,9.723,211739,8.1,7.695,8.505,65980,28.69,75.66,71.31,0.39
"A9020","https://nci-naaccr-zone-design.github.io/louisiana-2020/?address=A9020","Female","Uterine","10yrs","Caddo","Shreveport",18.392,17.472,19.311,85151,25.815,24.524,27.106,261232,25.769,24.481,27.058,65980,28.69,75.66,71.31,0.39
"A9020","https://nci-naaccr-zone-design.github.io/louisiana-2020/?address=A9020","Both","Liver","10yrs","Caddo","Shreveport",13.87,13.177,14.564,163699,13.617,12.936,14.298,472971,8.827,8.386,9.269,65980,28.69,75.66,71.31,0.39
"A9020","https://nci-naaccr-zone-design.github.io/louisiana-2020/?address=A9020","Female","Liver","10yrs","Caddo","Shreveport",6.757,6.419,7.095,85151,4.054,3.851,4.256,261232,2.775,2.636,2.914,65980,28.69,75.66,71.31,0.39
"A9020","https://nci-naaccr-zone-design.github.io/louisiana-2020/?address=A9020","Male","Liver","10yrs","Caddo","Shreveport",19.174,18.215,20.132,78547,17.857,16.964,18.75,211739,8.967,8.519,9.416,65980,28.69,75.66,71.31,0.39
"A9020","https://nci-naaccr-zone-design.github.io/louisiana-2020/?address=A9020","Both","Stomach","10yrs","Caddo","Shreveport",6.751,6.413,7.088,163699,5.398,5.128,5.668,472971,8.514,8.088,8.94,65980,28.69,75.66,71.31,0.39
"A9020","https://nci-naaccr-zone-design.github.io/louisiana-2020/?address=A9020","Female","Stomach","10yrs","Caddo","Shreveport",3.295,3.13,3.46,85151,3.633,3.451,3.814,261232,3.801,3.611,3.991,65980,28.69,75.66,71.31,0.39
"A9020","https://nci-naaccr-zone-design.github.io/louisiana-2020/?address=A9020","Male","Stomach","10yrs","Caddo","Shreveport",16.139,15.332,16.946,78547,9.171,8.712,9.629,211739,8.859,8.416,9.302,65980,28.69,75.66,71.31,0.39
"A9020","https://nci-naaccr-zone-design.github.io/louisiana-2020/?address=A9020","Both","Myeloma","10yrs","Caddo","Shreveport",8.954,8.506,9.401,163699,13.122,12.466,13.779,472971,8.417,7.996,8.837,65980,28.69,75.66,71.31,0.39
"A9020","https://nci-naaccr-zone-design.github.io/louisiana-2020/?address=A9020","Female","Myeloma","10yrs","Caddo","Shreveport",12.803,12.163,13.444,85151,6.417,6.096,6.738,261232,11.186,10.627,11.745,65980,28.69,75.66,71.31,0.39
"A9020","https://nci-naaccr-zone-design.github.io/louisiana-2020/?address=A9020","Male","Myeloma","10yrs","Caddo","Shreveport",10.524,9.998,11.05,78547,5.195,4.935,5.455,211739,15.337,14.57,16.104,65980,28.69,75.66,71.31,0.39
"A9020","https://nci-naaccr-zone-design.github.io/louisiana-2020/?address=A9020","Both","Brain","10yrs","Caddo","Shreveport",5.815,5.524,6.106,163699,8.03,7.628,8.431,472971,7.708,7.322,8.093,65980,28.69,75.66,71.31,0.39
"A9020","https://nci-naaccr-zone-design.github.io/louisiana-2020/?address=A9020","Female","Brain","10yrs","Caddo","Shreveport",4.41,4.189,4.63,85151,3.608,3.427,3.788,261232,7.838,7.446,8.23,65980,28.69,75.66,71.31,0.39
"A9020","https://nci-naaccr-zone-design.github.io/louisiana-2020/?address=A9020","Male","Brain","10yrs","Caddo","Shreveport",9.112,8.656,9.568,78547,4.081,3.877,4.285,211739,10.56,10.032,11.088,65980,28.69,75.66,71.31,0.39
"A9020","https://nci-naaccr-zone-design.github.io/louisiana-2020/?address=A9020","Both","Larynx","10yrs","Caddo","Shreveport",7.853,7.461,8.246,163699,3.678,3.494,3.862,472971,5.003,4.753,5.253,65980,28.69,75.66,71.31,0.39
"A9020","https://nci-naaccr-zone-design.github.io/louisiana-2020/?address=A9020","Female","Larynx","10yrs","Caddo","Shreveport",3.891,3.696,4.085,85151,"","","",261232,3.362,3.194,3.53,65980,28.69,75.66,71.31,0.39
"A9020","https://nci-naaccr-zone-design.github.io/louisiana-2020/?address=A9020","Male","Larynx","10yrs","Caddo","Shreveport",13.156,12.498,13.814,78547,11.106,10.551,11.662,211739,6.185,5.876,6.494,65980,28.69,75.66,71.31,0.39
"A9020","https://nci-naaccr-zone-design.github.io/louisiana-2020/?address=A9020","Female","Ovary","10yrs","Caddo","Shreveport",12.331,11.714,12.947,85151,8.782,8.343,9.221,261232,4.362,4.144,4.58,65980,28.69,75.66,71.31,0.39
"A9020","https://nci-naaccr-zone-design.github.io/louisiana-2020/?address=A9020","Both","Esoph","10yrs","Caddo","Shreveport",4.818,4.577,5.059,163699,5.241,4.979,5.503,472971,3.071,2.918,3.225,65980,28.69,75.66,71.31,0.39
"A9020","https://nci-naaccr-zone-design.github.io/louisiana-2020/?address=A9020","Female","Esoph","10yrs","Caddo","Shreveport",1.306,1.241,1.371,85151,"","","",261232,1.376,1.307,1.444,65980,28.69,75.66,71.31,0.39
"A9020","https://nci-naaccr-zone-design.github.io/louisiana-2020/?address=A9020","Male","Esoph","10yrs","Caddo","Shreveport",8.216,7.805,8.627,78547,14.207,13.497,14.917,211739,12.605,11.975,13.236,65980,28.69,75.66,71.31,0.39
