"Zone","URL","Sex","Cancer","Years","Counties","Places","AAIR","LCI","UCI","White_PopTot","White_AAIR","White_LCI","White_UCI","Black_PopTot","Black_AAIR","Black_LCI","Black_UCI","TotalPop","Pct100Pov","PctMinority","PctBlackNH","PctRural"
"A9018","https://nci-naaccr-zone-design.github.io/louisiana-2020/?address=A9018","Both","AllSite","05yrs","St. Tammany","Mandeville, Lacombe",541.421,514.35,568.492,247071,474.117,450.411,497.823,23593,523.683,497.499,549.868,56163,7.95,15.39,7.54,13.88
"A9018","https://nci-naaccr-zone-design.github.io/louisiana-2020/?address=A9018","Female","AllSite","05yrs","St. Tammany","Mandeville, Lacombe",364.502,346.277,382.727,127646,449.161,426.703,471.619,12063,364.502,346.277,382.727,56163,7.95,15.39,7.54,13.88
"A9018","https://nci-naaccr-zone-design.github.io/louisiana-2020/?address=A9018","Male","AllSite","05yrs","St. Tammany","Mandeville, Lacombe",552.143,524.535,579.75,119425,676.982,643.133,710.831,11530,588.852,559.409,618.295,56163,7.95,15.39,7.54,13.88
"A9018","https://nci-naaccr-zone-design.github.io/louisiana-2020/?address=A9018","Male","Prostate","05yrs","St. Tammany","Mandeville, Lacombe",161.815,153.725,169.906,119425,173.849,165.156,182.541,11530,184.638,175.406,193.87,56163,7.95,15.39,7.54,13.88
"A9018","https://nci-naaccr-zone-design.github.io/louisiana-2020/?address=A9018","Both","Lung","05yrs","St. Tammany","Mandeville, Lacombe",81.929,77.832,86.025,247071,59.262,56.299,62.226,23593,65.944,62.646,69.241,56163,7.95,15.39,7.54,13.88
"A9018","https://nci-naaccr-zone-design.github.io/louisiana-2020/?address=A9018","Female","Lung","05yrs","St. Tammany","Mandeville, Lacombe",63.527,60.351,66.703,127646,71.039,67.487,74.591,12063,57.517,54.641,60.393,56163,7.95,15.39,7.54,13.88
"A9018","https://nci-naaccr-zone-design.github.io/louisiana-2020/?address=A9018","Male","Lung","05yrs","St. Tammany","Mandeville, Lacombe",90.038,85.536,94.54,119425,111.507,105.932,117.083,11530,115.031,109.279,120.782,56163,7.95,15.39,7.54,13.88
"A9018","https://nci-naaccr-zone-design.github.io/louisiana-2020/?address=A9018","Female","Breast","05yrs","St. Tammany","Mandeville, Lacombe",132.048,125.445,138.65,127646,106.581,101.252,111.91,12063,125.03,118.778,131.281,56163,7.95,15.39,7.54,13.88
"A9018","https://nci-naaccr-zone-design.github.io/louisiana-2020/?address=A9018","Both","CRC","05yrs","St. Tammany","Mandeville, Lacombe",58.157,55.249,61.065,247071,57.903,55.007,60.798,23593,59.658,56.675,62.641,56163,7.95,15.39,7.54,13.88
"A9018","https://nci-naaccr-zone-design.github.io/louisiana-2020/?address=A9018","Female","CRC","05yrs","St. Tammany","Mandeville, Lacombe",46.858,44.515,49.201,127646,36.155,34.347,37.963,12063,42.963,40.815,45.111,56163,7.95,15.39,7.54,13.88
"A9018","https://nci-naaccr-zone-design.github.io/louisiana-2020/?address=A9018","Male","CRC","05yrs","St. Tammany","Mandeville, Lacombe",45.681,43.397,47.966,119425,53.271,50.608,55.935,11530,70.888,67.343,74.432,56163,7.95,15.39,7.54,13.88
"A9018","https://nci-naaccr-zone-design.github.io/louisiana-2020/?address=A9018","Both","Kidney","05yrs","St. Tammany","Mandeville, Lacombe",22.856,21.713,23.999,247071,15.369,14.6,16.137,23593,19.794,18.804,20.784,56163,7.95,15.39,7.54,13.88
"A9018","https://nci-naaccr-zone-design.github.io/louisiana-2020/?address=A9018","Female","Kidney","05yrs","St. Tammany","Mandeville, Lacombe",12.445,11.823,13.067,127646,18.076,17.173,18.98,12063,"","","",56163,7.95,15.39,7.54,13.88
"A9018","https://nci-naaccr-zone-design.github.io/louisiana-2020/?address=A9018","Male","Kidney","05yrs","St. Tammany","Mandeville, Lacombe",26.938,25.591,28.284,119425,23.621,22.44,24.802,11530,28.428,27.007,29.849,56163,7.95,15.39,7.54,13.88
"A9018","https://nci-naaccr-zone-design.github.io/louisiana-2020/?address=A9018","Both","NHL","05yrs","St. Tammany","Mandeville, Lacombe",19.004,18.053,19.954,247071,21.224,20.163,22.285,23593,22.972,21.823,24.12,56163,7.95,15.39,7.54,13.88
"A9018","https://nci-naaccr-zone-design.github.io/louisiana-2020/?address=A9018","Female","NHL","05yrs","St. Tammany","Mandeville, Lacombe",18.529,17.602,19.455,127646,12.221,11.61,12.832,12063,"","","",56163,7.95,15.39,7.54,13.88
"A9018","https://nci-naaccr-zone-design.github.io/louisiana-2020/?address=A9018","Male","NHL","05yrs","St. Tammany","Mandeville, Lacombe",25.874,24.581,27.168,119425,25.728,24.441,27.014,11530,32.662,31.029,34.295,56163,7.95,15.39,7.54,13.88
"A9018","https://nci-naaccr-zone-design.github.io/louisiana-2020/?address=A9018","Both","Urinary","05yrs","St. Tammany","Mandeville, Lacombe",26.629,25.298,27.96,247071,14.765,14.027,15.503,23593,17.798,16.908,18.688,56163,7.95,15.39,7.54,13.88
"A9018","https://nci-naaccr-zone-design.github.io/louisiana-2020/?address=A9018","Female","Urinary","05yrs","St. Tammany","Mandeville, Lacombe",4.012,3.811,4.213,127646,10.117,9.611,10.623,12063,"","","",56163,7.95,15.39,7.54,13.88
"A9018","https://nci-naaccr-zone-design.github.io/louisiana-2020/?address=A9018","Male","Urinary","05yrs","St. Tammany","Mandeville, Lacombe",39.656,37.674,41.639,119425,42.73,40.594,44.867,11530,33.555,31.877,35.233,56163,7.95,15.39,7.54,13.88
"A9018","https://nci-naaccr-zone-design.github.io/louisiana-2020/?address=A9018","Both","Mela","05yrs","St. Tammany","Mandeville, Lacombe",13.478,12.804,14.152,247071,4.878,4.634,5.122,23593,27.53,26.153,28.906,56163,7.95,15.39,7.54,13.88
"A9018","https://nci-naaccr-zone-design.github.io/louisiana-2020/?address=A9018","Female","Mela","05yrs","St. Tammany","Mandeville, Lacombe",23.041,21.889,24.193,127646,5.939,5.642,6.236,12063,"","","",56163,7.95,15.39,7.54,13.88
"A9018","https://nci-naaccr-zone-design.github.io/louisiana-2020/?address=A9018","Male","Mela","05yrs","St. Tammany","Mandeville, Lacombe",23.31,22.144,24.475,119425,27.888,26.494,29.283,11530,"","","",56163,7.95,15.39,7.54,13.88
"A9018","https://nci-naaccr-zone-design.github.io/louisiana-2020/?address=A9018","Both","Pancreas","05yrs","St. Tammany","Mandeville, Lacombe",12.821,12.18,13.462,247071,18.021,17.12,18.922,23593,18.159,17.251,19.067,56163,7.95,15.39,7.54,13.88
"A9018","https://nci-naaccr-zone-design.github.io/louisiana-2020/?address=A9018","Female","Pancreas","05yrs","St. Tammany","Mandeville, Lacombe",16.203,15.393,17.013,127646,17.031,16.179,17.882,12063,"","","",56163,7.95,15.39,7.54,13.88
"A9018","https://nci-naaccr-zone-design.github.io/louisiana-2020/?address=A9018","Male","Pancreas","05yrs","St. Tammany","Mandeville, Lacombe",15.861,15.068,16.654,119425,11.35,10.783,11.918,11530,"","","",56163,7.95,15.39,7.54,13.88
"A9018","https://nci-naaccr-zone-design.github.io/louisiana-2020/?address=A9018","Both","Leuks","05yrs","St. Tammany","Mandeville, Lacombe",12.772,12.133,13.411,247071,14.959,14.211,15.707,23593,15.826,15.034,16.617,56163,7.95,15.39,7.54,13.88
"A9018","https://nci-naaccr-zone-design.github.io/louisiana-2020/?address=A9018","Female","Leuks","05yrs","St. Tammany","Mandeville, Lacombe",10.34,9.823,10.857,127646,7.747,7.36,8.135,12063,"","","",56163,7.95,15.39,7.54,13.88
"A9018","https://nci-naaccr-zone-design.github.io/louisiana-2020/?address=A9018","Male","Leuks","05yrs","St. Tammany","Mandeville, Lacombe",23.856,22.664,25.049,119425,20.437,19.415,21.459,11530,"","","",56163,7.95,15.39,7.54,13.88
"A9018","https://nci-naaccr-zone-design.github.io/louisiana-2020/?address=A9018","Both","Oral","05yrs","St. Tammany","Mandeville, Lacombe",15.816,15.026,16.607,247071,11.513,10.937,12.089,23593,13.186,12.527,13.845,56163,7.95,15.39,7.54,13.88
"A9018","https://nci-naaccr-zone-design.github.io/louisiana-2020/?address=A9018","Female","Oral","05yrs","St. Tammany","Mandeville, Lacombe",8.494,8.07,8.919,127646,6.349,6.032,6.667,12063,"","","",56163,7.95,15.39,7.54,13.88
"A9018","https://nci-naaccr-zone-design.github.io/louisiana-2020/?address=A9018","Male","Oral","05yrs","St. Tammany","Mandeville, Lacombe",22.717,21.582,23.853,119425,14.537,13.81,15.263,11530,"","","",56163,7.95,15.39,7.54,13.88
"A9018","https://nci-naaccr-zone-design.github.io/louisiana-2020/?address=A9018","Both","Thyroid","05yrs","St. Tammany","Mandeville, Lacombe",8.974,8.525,9.423,247071,13.724,13.038,14.411,23593,17.514,16.638,18.389,56163,7.95,15.39,7.54,13.88
"A9018","https://nci-naaccr-zone-design.github.io/louisiana-2020/?address=A9018","Female","Thyroid","05yrs","St. Tammany","Mandeville, Lacombe",12.917,12.271,13.562,127646,23.795,22.605,24.985,12063,"","","",56163,7.95,15.39,7.54,13.88
"A9018","https://nci-naaccr-zone-design.github.io/louisiana-2020/?address=A9018","Male","Thyroid","05yrs","St. Tammany","Mandeville, Lacombe",9.499,9.024,9.974,119425,8.386,7.967,8.806,11530,"","","",56163,7.95,15.39,7.54,13.88
"A9018","https://nci-naaccr-zone-design.github.io/louisiana-2020/?address=A9018","Female","Uterine","05yrs","St. Tammany","Mandeville, Lacombe",21.293,20.228,22.357,127646,15.437,14.665,16.209,12063,"","","",56163,7.95,15.39,7.54,13.88
"A9018","https://nci-naaccr-zone-design.github.io/louisiana-2020/?address=A9018","Both","Liver","05yrs","St. Tammany","Mandeville, Lacombe",5.591,5.311,5.87,247071,12.393,11.774,13.013,23593,"","","",56163,7.95,15.39,7.54,13.88
"A9018","https://nci-naaccr-zone-design.github.io/louisiana-2020/?address=A9018","Female","Liver","05yrs","St. Tammany","Mandeville, Lacombe",5.543,5.266,5.82,127646,5.033,4.781,5.285,12063,"","","",56163,7.95,15.39,7.54,13.88
"A9018","https://nci-naaccr-zone-design.github.io/louisiana-2020/?address=A9018","Male","Liver","05yrs","St. Tammany","Mandeville, Lacombe",14.027,13.325,14.728,119425,19.622,18.641,20.604,11530,"","","",56163,7.95,15.39,7.54,13.88
"A9018","https://nci-naaccr-zone-design.github.io/louisiana-2020/?address=A9018","Both","Stomach","05yrs","St. Tammany","Mandeville, Lacombe",4.733,4.496,4.969,247071,6.034,5.733,6.336,23593,"","","",56163,7.95,15.39,7.54,13.88
"A9018","https://nci-naaccr-zone-design.github.io/louisiana-2020/?address=A9018","Female","Stomach","05yrs","St. Tammany","Mandeville, Lacombe",6.805,6.465,7.146,127646,3.248,3.086,3.411,12063,"","","",56163,7.95,15.39,7.54,13.88
"A9018","https://nci-naaccr-zone-design.github.io/louisiana-2020/?address=A9018","Male","Stomach","05yrs","St. Tammany","Mandeville, Lacombe",11.273,10.71,11.837,119425,16.363,15.545,17.181,11530,"","","",56163,7.95,15.39,7.54,13.88
"A9018","https://nci-naaccr-zone-design.github.io/louisiana-2020/?address=A9018","Both","Myeloma","05yrs","St. Tammany","Mandeville, Lacombe",10.224,9.712,10.735,247071,8.699,8.264,9.134,23593,13.202,12.542,13.862,56163,7.95,15.39,7.54,13.88
"A9018","https://nci-naaccr-zone-design.github.io/louisiana-2020/?address=A9018","Female","Myeloma","05yrs","St. Tammany","Mandeville, Lacombe",7.265,6.902,7.628,127646,9.781,9.292,10.27,12063,"","","",56163,7.95,15.39,7.54,13.88
"A9018","https://nci-naaccr-zone-design.github.io/louisiana-2020/?address=A9018","Male","Myeloma","05yrs","St. Tammany","Mandeville, Lacombe",13.643,12.961,14.325,119425,12.101,11.495,12.706,11530,"","","",56163,7.95,15.39,7.54,13.88
"A9018","https://nci-naaccr-zone-design.github.io/louisiana-2020/?address=A9018","Both","Brain","05yrs","St. Tammany","Mandeville, Lacombe",3.527,3.351,3.704,247071,5.602,5.322,5.882,23593,"","","",56163,7.95,15.39,7.54,13.88
"A9018","https://nci-naaccr-zone-design.github.io/louisiana-2020/?address=A9018","Female","Brain","05yrs","St. Tammany","Mandeville, Lacombe",4.268,4.055,4.482,127646,2.699,2.564,2.834,12063,"","","",56163,7.95,15.39,7.54,13.88
"A9018","https://nci-naaccr-zone-design.github.io/louisiana-2020/?address=A9018","Male","Brain","05yrs","St. Tammany","Mandeville, Lacombe",8.437,8.015,8.859,119425,7.401,7.031,7.772,11530,"","","",56163,7.95,15.39,7.54,13.88
"A9018","https://nci-naaccr-zone-design.github.io/louisiana-2020/?address=A9018","Both","Larynx","05yrs","St. Tammany","Mandeville, Lacombe",3.597,3.417,3.777,247071,8.558,8.13,8.986,23593,"","","",56163,7.95,15.39,7.54,13.88
"A9018","https://nci-naaccr-zone-design.github.io/louisiana-2020/?address=A9018","Female","Larynx","05yrs","St. Tammany","Mandeville, Lacombe",2.7,2.565,2.835,127646,3.599,3.419,3.778,12063,"","","",56163,7.95,15.39,7.54,13.88
"A9018","https://nci-naaccr-zone-design.github.io/louisiana-2020/?address=A9018","Male","Larynx","05yrs","St. Tammany","Mandeville, Lacombe",5.686,5.401,5.97,119425,5.778,5.489,6.067,11530,"","","",56163,7.95,15.39,7.54,13.88
"A9018","https://nci-naaccr-zone-design.github.io/louisiana-2020/?address=A9018","Female","Ovary","05yrs","St. Tammany","Mandeville, Lacombe",3.598,3.418,3.778,127646,6.0,5.7,6.3,12063,"","","",56163,7.95,15.39,7.54,13.88
"A9018","https://nci-naaccr-zone-design.github.io/louisiana-2020/?address=A9018","Both","Esoph","05yrs","St. Tammany","Mandeville, Lacombe",5.195,4.935,5.455,247071,7.038,6.686,7.39,23593,"","","",56163,7.95,15.39,7.54,13.88
"A9018","https://nci-naaccr-zone-design.github.io/louisiana-2020/?address=A9018","Female","Esoph","05yrs","St. Tammany","Mandeville, Lacombe",2.829,2.688,2.971,127646,"","","",12063,"","","",56163,7.95,15.39,7.54,13.88
"A9018","https://nci-naaccr-zone-design.github.io/louisiana-2020/?address=A9018","Male","Esoph","05yrs","St. Tammany","Mandeville, Lacombe",7.695,7.311,8.08,119425,6.587,6.258,6.917,11530,"","","",56163,7.95,15.39,7.54,13.88
"A9018","https://nci-naaccr-zone-design.github.io/louisiana-2020/?address=A9018","Both","AllSite","10yrs","St. Tammany","Mandeville, Lacombe",464.888,441.644,488.132,486015,525.147,498.89,551.404,46269,448.526,426.1,470.953,56163,7.95,15.39,7.54,13.88
"A9018","https://nci-naaccr-zone-design.github.io/louisiana-2020/?address=A9018","Female","AllSite","10yrs","St. Tammany","Mandeville, Lacombe",453.704,431.019,476.389,250686,424.17,402.961,445.378,23692,458.065,435.162,480.969,56163,7.95,15.39,7.54,13.88
"A9018","https://nci-naaccr-zone-design.github.io/louisiana-2020/?address=A9018","Male","AllSite","10yrs","St. Tammany","Mandeville, Lacombe",598.601,568.671,628.531,235329,621.786,590.696,652.875,22577,530.49,503.966,557.015,56163,7.95,15.39,7.54,13.88
"A9018","https://nci-naaccr-zone-design.github.io/louisiana-2020/?address=A9018","Male","Prostate","10yrs","St. Tammany","Mandeville, Lacombe",137.074,130.22,143.928,235329,136.91,130.065,143.756,22577,135.839,129.047,142.631,56163,7.95,15.39,7.54,13.88
"A9018","https://nci-naaccr-zone-design.github.io/louisiana-2020/?address=A9018","Both","Lung","10yrs","St. Tammany","Mandeville, Lacombe",69.741,66.254,73.228,486015,78.923,74.977,82.869,46269,57.861,54.968,60.754,56163,7.95,15.39,7.54,13.88
"A9018","https://nci-naaccr-zone-design.github.io/louisiana-2020/?address=A9018","Female","Lung","10yrs","St. Tammany","Mandeville, Lacombe",41.249,39.186,43.311,250686,60.383,57.364,63.402,23692,64.264,61.051,67.477,56163,7.95,15.39,7.54,13.88
"A9018","https://nci-naaccr-zone-design.github.io/louisiana-2020/?address=A9018","Male","Lung","10yrs","St. Tammany","Mandeville, Lacombe",118.571,112.642,124.499,235329,87.09,82.735,91.444,22577,113.428,107.756,119.099,56163,7.95,15.39,7.54,13.88
"A9018","https://nci-naaccr-zone-design.github.io/louisiana-2020/?address=A9018","Female","Breast","10yrs","St. Tammany","Mandeville, Lacombe",107.02,101.669,112.371,250686,129.505,123.029,135.98,23692,125.255,118.992,131.517,56163,7.95,15.39,7.54,13.88
"A9018","https://nci-naaccr-zone-design.github.io/louisiana-2020/?address=A9018","Both","CRC","10yrs","St. Tammany","Mandeville, Lacombe",59.92,56.924,62.916,486015,39.063,37.109,41.016,46269,36.688,34.854,38.523,56163,7.95,15.39,7.54,13.88
"A9018","https://nci-naaccr-zone-design.github.io/louisiana-2020/?address=A9018","Female","CRC","10yrs","St. Tammany","Mandeville, Lacombe",44.27,42.057,46.484,250686,32.747,31.109,34.384,23692,47.525,45.149,49.901,56163,7.95,15.39,7.54,13.88
"A9018","https://nci-naaccr-zone-design.github.io/louisiana-2020/?address=A9018","Male","CRC","10yrs","St. Tammany","Mandeville, Lacombe",48.532,46.106,50.959,235329,47.914,45.518,50.309,22577,47.732,45.346,50.119,56163,7.95,15.39,7.54,13.88
"A9018","https://nci-naaccr-zone-design.github.io/louisiana-2020/?address=A9018","Both","Kidney","10yrs","St. Tammany","Mandeville, Lacombe",23.811,22.62,25.001,486015,22.662,21.529,23.795,46269,16.287,15.473,17.102,56163,7.95,15.39,7.54,13.88
"A9018","https://nci-naaccr-zone-design.github.io/louisiana-2020/?address=A9018","Female","Kidney","10yrs","St. Tammany","Mandeville, Lacombe",19.046,18.094,19.998,250686,18.303,17.388,19.218,23692,21.291,20.226,22.356,56163,7.95,15.39,7.54,13.88
"A9018","https://nci-naaccr-zone-design.github.io/louisiana-2020/?address=A9018","Male","Kidney","10yrs","St. Tammany","Mandeville, Lacombe",36.587,34.757,38.416,235329,33.331,31.665,34.998,22577,21.457,20.384,22.53,56163,7.95,15.39,7.54,13.88
"A9018","https://nci-naaccr-zone-design.github.io/louisiana-2020/?address=A9018","Both","NHL","10yrs","St. Tammany","Mandeville, Lacombe",21.949,20.852,23.047,486015,22.319,21.203,23.435,46269,21.306,20.24,22.371,56163,7.95,15.39,7.54,13.88
"A9018","https://nci-naaccr-zone-design.github.io/louisiana-2020/?address=A9018","Female","NHL","10yrs","St. Tammany","Mandeville, Lacombe",22.878,21.734,24.022,250686,9.398,8.928,9.868,23692,13.429,12.757,14.1,56163,7.95,15.39,7.54,13.88
"A9018","https://nci-naaccr-zone-design.github.io/louisiana-2020/?address=A9018","Male","NHL","10yrs","St. Tammany","Mandeville, Lacombe",25.798,24.508,27.088,235329,17.668,16.785,18.551,22577,24.927,23.681,26.174,56163,7.95,15.39,7.54,13.88
"A9018","https://nci-naaccr-zone-design.github.io/louisiana-2020/?address=A9018","Both","Urinary","10yrs","St. Tammany","Mandeville, Lacombe",25.352,24.085,26.62,486015,17.329,16.463,18.196,46269,20.218,19.207,21.229,56163,7.95,15.39,7.54,13.88
"A9018","https://nci-naaccr-zone-design.github.io/louisiana-2020/?address=A9018","Female","Urinary","10yrs","St. Tammany","Mandeville, Lacombe",11.696,11.111,12.281,250686,9.377,8.909,9.846,23692,8.868,8.425,9.311,56163,7.95,15.39,7.54,13.88
"A9018","https://nci-naaccr-zone-design.github.io/louisiana-2020/?address=A9018","Male","Urinary","10yrs","St. Tammany","Mandeville, Lacombe",29.965,28.467,31.464,235329,27.323,25.957,28.69,22577,38.585,36.656,40.515,56163,7.95,15.39,7.54,13.88
"A9018","https://nci-naaccr-zone-design.github.io/louisiana-2020/?address=A9018","Both","Mela","10yrs","St. Tammany","Mandeville, Lacombe",23.852,22.66,25.045,486015,8.01,7.61,8.411,46269,23.269,22.106,24.433,56163,7.95,15.39,7.54,13.88
"A9018","https://nci-naaccr-zone-design.github.io/louisiana-2020/?address=A9018","Female","Mela","10yrs","St. Tammany","Mandeville, Lacombe",17.304,16.439,18.169,250686,2.159,2.051,2.267,23692,22.129,21.022,23.235,56163,7.95,15.39,7.54,13.88
"A9018","https://nci-naaccr-zone-design.github.io/louisiana-2020/?address=A9018","Male","Mela","10yrs","St. Tammany","Mandeville, Lacombe",18.333,17.417,19.25,235329,22.019,20.918,23.12,22577,29.579,28.1,31.058,56163,7.95,15.39,7.54,13.88
"A9018","https://nci-naaccr-zone-design.github.io/louisiana-2020/?address=A9018","Both","Pancreas","10yrs","St. Tammany","Mandeville, Lacombe",16.284,15.469,17.098,486015,16.392,15.573,17.212,46269,10.717,10.181,11.253,56163,7.95,15.39,7.54,13.88
"A9018","https://nci-naaccr-zone-design.github.io/louisiana-2020/?address=A9018","Female","Pancreas","10yrs","St. Tammany","Mandeville, Lacombe",16.046,15.244,16.849,250686,12.761,12.123,13.399,23692,12.519,11.893,13.145,56163,7.95,15.39,7.54,13.88
"A9018","https://nci-naaccr-zone-design.github.io/louisiana-2020/?address=A9018","Male","Pancreas","10yrs","St. Tammany","Mandeville, Lacombe",17.485,16.611,18.36,235329,13.877,13.184,14.571,22577,9.887,9.393,10.381,56163,7.95,15.39,7.54,13.88
"A9018","https://nci-naaccr-zone-design.github.io/louisiana-2020/?address=A9018","Both","Leuks","10yrs","St. Tammany","Mandeville, Lacombe",9.506,9.031,9.981,486015,10.757,10.219,11.295,46269,14.759,14.021,15.497,56163,7.95,15.39,7.54,13.88
"A9018","https://nci-naaccr-zone-design.github.io/louisiana-2020/?address=A9018","Female","Leuks","10yrs","St. Tammany","Mandeville, Lacombe",10.481,9.957,11.005,250686,13.233,12.572,13.895,23692,9.1,8.645,9.554,56163,7.95,15.39,7.54,13.88
"A9018","https://nci-naaccr-zone-design.github.io/louisiana-2020/?address=A9018","Male","Leuks","10yrs","St. Tammany","Mandeville, Lacombe",24.115,22.909,25.321,235329,11.808,11.218,12.399,22577,25.799,24.509,27.089,56163,7.95,15.39,7.54,13.88
"A9018","https://nci-naaccr-zone-design.github.io/louisiana-2020/?address=A9018","Both","Oral","10yrs","St. Tammany","Mandeville, Lacombe",10.838,10.296,11.38,486015,16.327,15.511,17.143,46269,10.027,9.526,10.529,56163,7.95,15.39,7.54,13.88
"A9018","https://nci-naaccr-zone-design.github.io/louisiana-2020/?address=A9018","Female","Oral","10yrs","St. Tammany","Mandeville, Lacombe",7.165,6.807,7.523,250686,6.474,6.15,6.798,23692,6.905,6.56,7.25,56163,7.95,15.39,7.54,13.88
"A9018","https://nci-naaccr-zone-design.github.io/louisiana-2020/?address=A9018","Male","Oral","10yrs","St. Tammany","Mandeville, Lacombe",21.582,20.503,22.661,235329,10.727,10.191,11.264,22577,15.745,14.957,16.532,56163,7.95,15.39,7.54,13.88
"A9018","https://nci-naaccr-zone-design.github.io/louisiana-2020/?address=A9018","Both","Thyroid","10yrs","St. Tammany","Mandeville, Lacombe",14.425,13.704,15.146,486015,9.226,8.765,9.687,46269,16.124,15.318,16.93,56163,7.95,15.39,7.54,13.88
"A9018","https://nci-naaccr-zone-design.github.io/louisiana-2020/?address=A9018","Female","Thyroid","10yrs","St. Tammany","Mandeville, Lacombe",14.421,13.7,15.142,250686,12.462,11.839,13.085,23692,21.908,20.813,23.004,56163,7.95,15.39,7.54,13.88
"A9018","https://nci-naaccr-zone-design.github.io/louisiana-2020/?address=A9018","Male","Thyroid","10yrs","St. Tammany","Mandeville, Lacombe",8.501,8.076,8.926,235329,6.725,6.388,7.061,22577,"","","",56163,7.95,15.39,7.54,13.88
"A9018","https://nci-naaccr-zone-design.github.io/louisiana-2020/?address=A9018","Female","Uterine","10yrs","St. Tammany","Mandeville, Lacombe",24.115,22.909,25.32,250686,25.711,24.426,26.997,23692,14.887,14.142,15.631,56163,7.95,15.39,7.54,13.88
"A9018","https://nci-naaccr-zone-design.github.io/louisiana-2020/?address=A9018","Both","Liver","10yrs","St. Tammany","Mandeville, Lacombe",14.391,13.672,15.111,486015,11.347,10.78,11.915,46269,12.727,12.09,13.363,56163,7.95,15.39,7.54,13.88
"A9018","https://nci-naaccr-zone-design.github.io/louisiana-2020/?address=A9018","Female","Liver","10yrs","St. Tammany","Mandeville, Lacombe",5.007,4.756,5.257,250686,2.319,2.203,2.435,23692,"","","",56163,7.95,15.39,7.54,13.88
"A9018","https://nci-naaccr-zone-design.github.io/louisiana-2020/?address=A9018","Male","Liver","10yrs","St. Tammany","Mandeville, Lacombe",7.676,7.292,8.059,235329,20.493,19.468,21.518,22577,16.08,15.276,16.884,56163,7.95,15.39,7.54,13.88
"A9018","https://nci-naaccr-zone-design.github.io/louisiana-2020/?address=A9018","Both","Stomach","10yrs","St. Tammany","Mandeville, Lacombe",4.79,4.551,5.03,486015,5.449,5.176,5.721,46269,10.087,9.583,10.591,56163,7.95,15.39,7.54,13.88
"A9018","https://nci-naaccr-zone-design.github.io/louisiana-2020/?address=A9018","Female","Stomach","10yrs","St. Tammany","Mandeville, Lacombe",6.616,6.285,6.947,250686,7.337,6.97,7.704,23692,8.635,8.204,9.067,56163,7.95,15.39,7.54,13.88
"A9018","https://nci-naaccr-zone-design.github.io/louisiana-2020/?address=A9018","Male","Stomach","10yrs","St. Tammany","Mandeville, Lacombe",11.836,11.244,12.427,235329,9.879,9.385,10.372,22577,"","","",56163,7.95,15.39,7.54,13.88
"A9018","https://nci-naaccr-zone-design.github.io/louisiana-2020/?address=A9018","Both","Myeloma","10yrs","St. Tammany","Mandeville, Lacombe",11.702,11.117,12.287,486015,4.615,4.384,4.845,46269,8.499,8.074,8.924,56163,7.95,15.39,7.54,13.88
"A9018","https://nci-naaccr-zone-design.github.io/louisiana-2020/?address=A9018","Female","Myeloma","10yrs","St. Tammany","Mandeville, Lacombe",8.754,8.316,9.191,250686,7.989,7.589,8.388,23692,"","","",56163,7.95,15.39,7.54,13.88
"A9018","https://nci-naaccr-zone-design.github.io/louisiana-2020/?address=A9018","Male","Myeloma","10yrs","St. Tammany","Mandeville, Lacombe",17.652,16.769,18.534,235329,5.815,5.525,6.106,22577,"","","",56163,7.95,15.39,7.54,13.88
"A9018","https://nci-naaccr-zone-design.github.io/louisiana-2020/?address=A9018","Both","Brain","10yrs","St. Tammany","Mandeville, Lacombe",7.788,7.399,8.177,486015,4.073,3.869,4.276,46269,7.232,6.871,7.594,56163,7.95,15.39,7.54,13.88
"A9018","https://nci-naaccr-zone-design.github.io/louisiana-2020/?address=A9018","Female","Brain","10yrs","St. Tammany","Mandeville, Lacombe",2.799,2.659,2.939,250686,5.195,4.935,5.454,23692,7.438,7.066,7.81,56163,7.95,15.39,7.54,13.88
"A9018","https://nci-naaccr-zone-design.github.io/louisiana-2020/?address=A9018","Male","Brain","10yrs","St. Tammany","Mandeville, Lacombe",5.974,5.675,6.273,235329,11.125,10.569,11.681,22577,8.514,8.088,8.94,56163,7.95,15.39,7.54,13.88
"A9018","https://nci-naaccr-zone-design.github.io/louisiana-2020/?address=A9018","Both","Larynx","10yrs","St. Tammany","Mandeville, Lacombe",4.545,4.317,4.772,486015,5.489,5.214,5.763,46269,8.641,8.209,9.073,56163,7.95,15.39,7.54,13.88
"A9018","https://nci-naaccr-zone-design.github.io/louisiana-2020/?address=A9018","Female","Larynx","10yrs","St. Tammany","Mandeville, Lacombe",2.652,2.52,2.785,250686,2.142,2.035,2.249,23692,"","","",56163,7.95,15.39,7.54,13.88
"A9018","https://nci-naaccr-zone-design.github.io/louisiana-2020/?address=A9018","Male","Larynx","10yrs","St. Tammany","Mandeville, Lacombe",9.286,8.821,9.75,235329,8.055,7.652,8.458,22577,10.166,9.658,10.674,56163,7.95,15.39,7.54,13.88
"A9018","https://nci-naaccr-zone-design.github.io/louisiana-2020/?address=A9018","Female","Ovary","10yrs","St. Tammany","Mandeville, Lacombe",12.004,11.404,12.604,250686,4.486,4.262,4.71,23692,11.179,10.62,11.738,56163,7.95,15.39,7.54,13.88
"A9018","https://nci-naaccr-zone-design.github.io/louisiana-2020/?address=A9018","Both","Esoph","10yrs","St. Tammany","Mandeville, Lacombe",5.465,5.192,5.738,486015,6.204,5.894,6.514,46269,3.744,3.557,3.931,56163,7.95,15.39,7.54,13.88
"A9018","https://nci-naaccr-zone-design.github.io/louisiana-2020/?address=A9018","Female","Esoph","10yrs","St. Tammany","Mandeville, Lacombe",3.959,3.761,4.157,250686,0.686,0.652,0.721,23692,"","","",56163,7.95,15.39,7.54,13.88
"A9018","https://nci-naaccr-zone-design.github.io/louisiana-2020/?address=A9018","Male","Esoph","10yrs","St. Tammany","Mandeville, Lacombe",9.12,8.664,9.576,235329,9.776,9.287,10.264,22577,11.599,11.019,12.179,56163,7.95,15.39,7.54,13.88
