"Zone","URL","Sex","Cancer","Years","Counties","Places","AAIR","LCI","UCI","White_PopTot","White_AAIR","White_LCI","White_UCI","Black_PopTot","Black_AAIR","Black_LCI","Black_UCI","TotalPop","Pct100Pov","PctMinority","PctBlackNH","PctRural"
"A9041","https://nci-naaccr-zone-design.github.io/louisiana-2020/?address=A9041","Both","AllSite","05yrs","East Baton Rouge","Baton Rouge, Oak Hills Place",458.065,435.162,480.969,203504,481.403,457.333,505.473,82991,524.628,498.397,550.859,62880,10.35,35.79,25.05,3.87
"A9041","https://nci-naaccr-zone-design.github.io/louisiana-2020/?address=A9041","Female","AllSite","05yrs","East Baton Rouge","Baton Rouge, Oak Hills Place",420.461,399.438,441.485,104746,381.2,362.14,400.26,45540,426.679,405.345,448.013,62880,10.35,35.79,25.05,3.87
"A9041","https://nci-naaccr-zone-design.github.io/louisiana-2020/?address=A9041","Male","AllSite","05yrs","East Baton Rouge","Baton Rouge, Oak Hills Place",664.645,631.412,697.877,98757,592.741,563.104,622.378,37451,533.13,506.474,559.787,62880,10.35,35.79,25.05,3.87
"A9041","https://nci-naaccr-zone-design.github.io/louisiana-2020/?address=A9041","Male","Prostate","05yrs","East Baton Rouge","Baton Rouge, Oak Hills Place",182.883,173.738,192.027,98757,130.08,123.576,136.584,37451,163.022,154.871,171.174,62880,10.35,35.79,25.05,3.87
"A9041","https://nci-naaccr-zone-design.github.io/louisiana-2020/?address=A9041","Both","Lung","05yrs","East Baton Rouge","Baton Rouge, Oak Hills Place",90.42,85.899,94.941,203504,83.431,79.259,87.602,82991,75.328,71.561,79.094,62880,10.35,35.79,25.05,3.87
"A9041","https://nci-naaccr-zone-design.github.io/louisiana-2020/?address=A9041","Female","Lung","05yrs","East Baton Rouge","Baton Rouge, Oak Hills Place",57.508,54.633,60.384,104746,43.563,41.385,45.741,45540,56.98,54.131,59.829,62880,10.35,35.79,25.05,3.87
"A9041","https://nci-naaccr-zone-design.github.io/louisiana-2020/?address=A9041","Male","Lung","05yrs","East Baton Rouge","Baton Rouge, Oak Hills Place",108.658,103.225,114.091,98757,91.307,86.742,95.873,37451,103.162,98.004,108.32,62880,10.35,35.79,25.05,3.87
"A9041","https://nci-naaccr-zone-design.github.io/louisiana-2020/?address=A9041","Female","Breast","05yrs","East Baton Rouge","Baton Rouge, Oak Hills Place",125.746,119.459,132.033,104746,120.436,114.414,126.458,45540,106.336,101.02,111.653,62880,10.35,35.79,25.05,3.87
"A9041","https://nci-naaccr-zone-design.github.io/louisiana-2020/?address=A9041","Both","CRC","05yrs","East Baton Rouge","Baton Rouge, Oak Hills Place",52.755,50.118,55.393,203504,51.498,48.923,54.073,82991,53.124,50.468,55.78,62880,10.35,35.79,25.05,3.87
"A9041","https://nci-naaccr-zone-design.github.io/louisiana-2020/?address=A9041","Female","CRC","05yrs","East Baton Rouge","Baton Rouge, Oak Hills Place",31.026,29.475,32.577,104746,52.37,49.751,54.988,45540,31.44,29.868,33.013,62880,10.35,35.79,25.05,3.87
"A9041","https://nci-naaccr-zone-design.github.io/louisiana-2020/?address=A9041","Male","CRC","05yrs","East Baton Rouge","Baton Rouge, Oak Hills Place",60.836,57.794,63.878,98757,66.698,63.363,70.033,37451,44.245,42.033,46.457,62880,10.35,35.79,25.05,3.87
"A9041","https://nci-naaccr-zone-design.github.io/louisiana-2020/?address=A9041","Both","Kidney","05yrs","East Baton Rouge","Baton Rouge, Oak Hills Place",19.922,18.926,20.918,203504,18.771,17.833,19.71,82991,17.723,16.837,18.609,62880,10.35,35.79,25.05,3.87
"A9041","https://nci-naaccr-zone-design.github.io/louisiana-2020/?address=A9041","Female","Kidney","05yrs","East Baton Rouge","Baton Rouge, Oak Hills Place",10.36,9.842,10.878,104746,11.891,11.297,12.486,45540,14.945,14.198,15.693,62880,10.35,35.79,25.05,3.87
"A9041","https://nci-naaccr-zone-design.github.io/louisiana-2020/?address=A9041","Male","Kidney","05yrs","East Baton Rouge","Baton Rouge, Oak Hills Place",30.363,28.845,31.882,98757,24.386,23.167,25.606,37451,17.642,16.76,18.524,62880,10.35,35.79,25.05,3.87
"A9041","https://nci-naaccr-zone-design.github.io/louisiana-2020/?address=A9041","Both","NHL","05yrs","East Baton Rouge","Baton Rouge, Oak Hills Place",19.582,18.603,20.561,203504,15.949,15.152,16.746,82991,22.69,21.556,23.825,62880,10.35,35.79,25.05,3.87
"A9041","https://nci-naaccr-zone-design.github.io/louisiana-2020/?address=A9041","Female","NHL","05yrs","East Baton Rouge","Baton Rouge, Oak Hills Place",10.966,10.418,11.515,104746,12.358,11.74,12.976,45540,13.062,12.409,13.715,62880,10.35,35.79,25.05,3.87
"A9041","https://nci-naaccr-zone-design.github.io/louisiana-2020/?address=A9041","Male","NHL","05yrs","East Baton Rouge","Baton Rouge, Oak Hills Place",28.643,27.21,30.075,98757,29.028,27.577,30.479,37451,26.646,25.313,27.978,62880,10.35,35.79,25.05,3.87
"A9041","https://nci-naaccr-zone-design.github.io/louisiana-2020/?address=A9041","Both","Urinary","05yrs","East Baton Rouge","Baton Rouge, Oak Hills Place",24.014,22.814,25.215,203504,24.321,23.105,25.537,82991,23.852,22.659,25.044,62880,10.35,35.79,25.05,3.87
"A9041","https://nci-naaccr-zone-design.github.io/louisiana-2020/?address=A9041","Female","Urinary","05yrs","East Baton Rouge","Baton Rouge, Oak Hills Place",6.497,6.172,6.821,104746,9.993,9.493,10.493,45540,12.155,11.547,12.763,62880,10.35,35.79,25.05,3.87
"A9041","https://nci-naaccr-zone-design.github.io/louisiana-2020/?address=A9041","Male","Urinary","05yrs","East Baton Rouge","Baton Rouge, Oak Hills Place",19.542,18.565,20.519,98757,39.357,37.389,41.325,37451,42.797,40.657,44.937,62880,10.35,35.79,25.05,3.87
"A9041","https://nci-naaccr-zone-design.github.io/louisiana-2020/?address=A9041","Both","Mela","05yrs","East Baton Rouge","Baton Rouge, Oak Hills Place",19.511,18.536,20.487,203504,4.332,4.115,4.548,82991,19.228,18.267,20.19,62880,10.35,35.79,25.05,3.87
"A9041","https://nci-naaccr-zone-design.github.io/louisiana-2020/?address=A9041","Female","Mela","05yrs","East Baton Rouge","Baton Rouge, Oak Hills Place",2.225,2.114,2.336,104746,"","","",45540,23.194,22.034,24.353,62880,10.35,35.79,25.05,3.87
"A9041","https://nci-naaccr-zone-design.github.io/louisiana-2020/?address=A9041","Male","Mela","05yrs","East Baton Rouge","Baton Rouge, Oak Hills Place",18.62,17.689,19.551,98757,18.374,17.456,19.293,37451,27.534,26.157,28.91,62880,10.35,35.79,25.05,3.87
"A9041","https://nci-naaccr-zone-design.github.io/louisiana-2020/?address=A9041","Both","Pancreas","05yrs","East Baton Rouge","Baton Rouge, Oak Hills Place",17.01,16.159,17.86,203504,17.116,16.261,17.972,82991,14.854,14.111,15.596,62880,10.35,35.79,25.05,3.87
"A9041","https://nci-naaccr-zone-design.github.io/louisiana-2020/?address=A9041","Female","Pancreas","05yrs","East Baton Rouge","Baton Rouge, Oak Hills Place",16.806,15.966,17.646,104746,12.499,11.874,13.124,45540,12.809,12.169,13.45,62880,10.35,35.79,25.05,3.87
"A9041","https://nci-naaccr-zone-design.github.io/louisiana-2020/?address=A9041","Male","Pancreas","05yrs","East Baton Rouge","Baton Rouge, Oak Hills Place",13.756,13.068,14.444,98757,20.717,19.682,21.753,37451,11.431,10.859,12.002,62880,10.35,35.79,25.05,3.87
"A9041","https://nci-naaccr-zone-design.github.io/louisiana-2020/?address=A9041","Both","Leuks","05yrs","East Baton Rouge","Baton Rouge, Oak Hills Place",15.992,15.193,16.792,203504,16.411,15.591,17.232,82991,17.607,16.727,18.488,62880,10.35,35.79,25.05,3.87
"A9041","https://nci-naaccr-zone-design.github.io/louisiana-2020/?address=A9041","Female","Leuks","05yrs","East Baton Rouge","Baton Rouge, Oak Hills Place",11.325,10.759,11.891,104746,9.505,9.03,9.981,45540,"","","",62880,10.35,35.79,25.05,3.87
"A9041","https://nci-naaccr-zone-design.github.io/louisiana-2020/?address=A9041","Male","Leuks","05yrs","East Baton Rouge","Baton Rouge, Oak Hills Place",25.658,24.375,26.941,98757,22.016,20.915,23.117,37451,15.786,14.996,16.575,62880,10.35,35.79,25.05,3.87
"A9041","https://nci-naaccr-zone-design.github.io/louisiana-2020/?address=A9041","Both","Oral","05yrs","East Baton Rouge","Baton Rouge, Oak Hills Place",10.057,9.554,10.56,203504,16.52,15.694,17.346,82991,14.353,13.635,15.071,62880,10.35,35.79,25.05,3.87
"A9041","https://nci-naaccr-zone-design.github.io/louisiana-2020/?address=A9041","Female","Oral","05yrs","East Baton Rouge","Baton Rouge, Oak Hills Place",6.599,6.269,6.928,104746,8.807,8.366,9.247,45540,"","","",62880,10.35,35.79,25.05,3.87
"A9041","https://nci-naaccr-zone-design.github.io/louisiana-2020/?address=A9041","Male","Oral","05yrs","East Baton Rouge","Baton Rouge, Oak Hills Place",20.293,19.278,21.308,98757,12.089,11.484,12.693,37451,24.407,23.186,25.627,62880,10.35,35.79,25.05,3.87
"A9041","https://nci-naaccr-zone-design.github.io/louisiana-2020/?address=A9041","Both","Thyroid","05yrs","East Baton Rouge","Baton Rouge, Oak Hills Place",12.785,12.146,13.425,203504,13.591,12.912,14.271,82991,8.007,7.606,8.407,62880,10.35,35.79,25.05,3.87
"A9041","https://nci-naaccr-zone-design.github.io/louisiana-2020/?address=A9041","Female","Thyroid","05yrs","East Baton Rouge","Baton Rouge, Oak Hills Place",17.958,17.06,18.855,104746,10.771,10.232,11.309,45540,17.134,16.277,17.991,62880,10.35,35.79,25.05,3.87
"A9041","https://nci-naaccr-zone-design.github.io/louisiana-2020/?address=A9041","Male","Thyroid","05yrs","East Baton Rouge","Baton Rouge, Oak Hills Place",3.459,3.286,3.632,98757,9.603,9.123,10.083,37451,"","","",62880,10.35,35.79,25.05,3.87
"A9041","https://nci-naaccr-zone-design.github.io/louisiana-2020/?address=A9041","Female","Uterine","05yrs","East Baton Rouge","Baton Rouge, Oak Hills Place",15.203,14.443,15.964,104746,18.804,17.864,19.744,45540,17.416,16.545,18.287,62880,10.35,35.79,25.05,3.87
"A9041","https://nci-naaccr-zone-design.github.io/louisiana-2020/?address=A9041","Both","Liver","05yrs","East Baton Rouge","Baton Rouge, Oak Hills Place",14.264,13.551,14.977,203504,14.67,13.937,15.404,82991,15.252,14.489,16.014,62880,10.35,35.79,25.05,3.87
"A9041","https://nci-naaccr-zone-design.github.io/louisiana-2020/?address=A9041","Female","Liver","05yrs","East Baton Rouge","Baton Rouge, Oak Hills Place",4.442,4.22,4.664,104746,3.627,3.445,3.808,45540,"","","",62880,10.35,35.79,25.05,3.87
"A9041","https://nci-naaccr-zone-design.github.io/louisiana-2020/?address=A9041","Male","Liver","05yrs","East Baton Rouge","Baton Rouge, Oak Hills Place",9.242,8.78,9.704,98757,8.46,8.037,8.883,37451,14.994,14.245,15.744,62880,10.35,35.79,25.05,3.87
"A9041","https://nci-naaccr-zone-design.github.io/louisiana-2020/?address=A9041","Both","Stomach","05yrs","East Baton Rouge","Baton Rouge, Oak Hills Place",8.334,7.917,8.751,203504,5.842,5.55,6.134,82991,6.845,6.503,7.187,62880,10.35,35.79,25.05,3.87
"A9041","https://nci-naaccr-zone-design.github.io/louisiana-2020/?address=A9041","Female","Stomach","05yrs","East Baton Rouge","Baton Rouge, Oak Hills Place",3.047,2.895,3.199,104746,6.191,5.881,6.501,45540,9.77,9.282,10.259,62880,10.35,35.79,25.05,3.87
"A9041","https://nci-naaccr-zone-design.github.io/louisiana-2020/?address=A9041","Male","Stomach","05yrs","East Baton Rouge","Baton Rouge, Oak Hills Place",4.99,4.74,5.239,98757,4.375,4.156,4.593,37451,8.589,8.16,9.019,62880,10.35,35.79,25.05,3.87
"A9041","https://nci-naaccr-zone-design.github.io/louisiana-2020/?address=A9041","Both","Myeloma","05yrs","East Baton Rouge","Baton Rouge, Oak Hills Place",5.383,5.114,5.652,203504,5.06,4.807,5.313,82991,11.793,11.204,12.383,62880,10.35,35.79,25.05,3.87
"A9041","https://nci-naaccr-zone-design.github.io/louisiana-2020/?address=A9041","Female","Myeloma","05yrs","East Baton Rouge","Baton Rouge, Oak Hills Place",12.885,12.241,13.529,104746,8.115,7.709,8.52,45540,11.516,10.94,12.092,62880,10.35,35.79,25.05,3.87
"A9041","https://nci-naaccr-zone-design.github.io/louisiana-2020/?address=A9041","Male","Myeloma","05yrs","East Baton Rouge","Baton Rouge, Oak Hills Place",6.338,6.021,6.655,98757,13.698,13.014,14.383,37451,"","","",62880,10.35,35.79,25.05,3.87
"A9041","https://nci-naaccr-zone-design.github.io/louisiana-2020/?address=A9041","Both","Brain","05yrs","East Baton Rouge","Baton Rouge, Oak Hills Place",6.145,5.838,6.452,203504,6.5,6.175,6.825,82991,7.516,7.141,7.892,62880,10.35,35.79,25.05,3.87
"A9041","https://nci-naaccr-zone-design.github.io/louisiana-2020/?address=A9041","Female","Brain","05yrs","East Baton Rouge","Baton Rouge, Oak Hills Place",4.744,4.507,4.981,104746,4.566,4.338,4.795,45540,"","","",62880,10.35,35.79,25.05,3.87
"A9041","https://nci-naaccr-zone-design.github.io/louisiana-2020/?address=A9041","Male","Brain","05yrs","East Baton Rouge","Baton Rouge, Oak Hills Place",4.675,4.441,4.909,98757,3.609,3.428,3.789,37451,"","","",62880,10.35,35.79,25.05,3.87
"A9041","https://nci-naaccr-zone-design.github.io/louisiana-2020/?address=A9041","Both","Larynx","05yrs","East Baton Rouge","Baton Rouge, Oak Hills Place",6.668,6.335,7.001,203504,6.276,5.963,6.59,82991,"","","",62880,10.35,35.79,25.05,3.87
"A9041","https://nci-naaccr-zone-design.github.io/louisiana-2020/?address=A9041","Female","Larynx","05yrs","East Baton Rouge","Baton Rouge, Oak Hills Place",3.792,3.602,3.981,104746,"","","",45540,"","","",62880,10.35,35.79,25.05,3.87
"A9041","https://nci-naaccr-zone-design.github.io/louisiana-2020/?address=A9041","Male","Larynx","05yrs","East Baton Rouge","Baton Rouge, Oak Hills Place",9.554,9.076,10.031,98757,11.429,10.858,12.001,37451,"","","",62880,10.35,35.79,25.05,3.87
"A9041","https://nci-naaccr-zone-design.github.io/louisiana-2020/?address=A9041","Female","Ovary","05yrs","East Baton Rouge","Baton Rouge, Oak Hills Place",12.543,11.916,13.171,104746,7.214,6.853,7.574,45540,14.742,14.005,15.479,62880,10.35,35.79,25.05,3.87
"A9041","https://nci-naaccr-zone-design.github.io/louisiana-2020/?address=A9041","Both","Esoph","05yrs","East Baton Rouge","Baton Rouge, Oak Hills Place",5.466,5.193,5.739,203504,5.138,4.881,5.395,82991,6.885,6.541,7.23,62880,10.35,35.79,25.05,3.87
"A9041","https://nci-naaccr-zone-design.github.io/louisiana-2020/?address=A9041","Female","Esoph","05yrs","East Baton Rouge","Baton Rouge, Oak Hills Place","","","",104746,3.705,3.52,3.89,45540,"","","",62880,10.35,35.79,25.05,3.87
"A9041","https://nci-naaccr-zone-design.github.io/louisiana-2020/?address=A9041","Male","Esoph","05yrs","East Baton Rouge","Baton Rouge, Oak Hills Place",11.769,11.18,12.357,98757,12.731,12.095,13.368,37451,11.923,11.327,12.52,62880,10.35,35.79,25.05,3.87
"A9041","https://nci-naaccr-zone-design.github.io/louisiana-2020/?address=A9041","Both","AllSite","10yrs","East Baton Rouge","Baton Rouge, Oak Hills Place",437.057,415.204,458.91,399139,441.494,419.419,463.568,162556,499.073,474.119,524.026,62880,10.35,35.79,25.05,3.87
"A9041","https://nci-naaccr-zone-design.github.io/louisiana-2020/?address=A9041","Female","AllSite","10yrs","East Baton Rouge","Baton Rouge, Oak Hills Place",443.0,420.85,465.15,205716,438.363,416.445,460.281,89358,407.674,387.29,428.058,62880,10.35,35.79,25.05,3.87
"A9041","https://nci-naaccr-zone-design.github.io/louisiana-2020/?address=A9041","Male","AllSite","10yrs","East Baton Rouge","Baton Rouge, Oak Hills Place",657.55,624.673,690.428,193423,553.877,526.184,581.571,73199,587.328,557.961,616.694,62880,10.35,35.79,25.05,3.87
"A9041","https://nci-naaccr-zone-design.github.io/louisiana-2020/?address=A9041","Male","Prostate","10yrs","East Baton Rouge","Baton Rouge, Oak Hills Place",175.625,166.843,184.406,193423,190.141,180.634,199.648,73199,208.779,198.34,219.218,62880,10.35,35.79,25.05,3.87
"A9041","https://nci-naaccr-zone-design.github.io/louisiana-2020/?address=A9041","Both","Lung","10yrs","East Baton Rouge","Baton Rouge, Oak Hills Place",72.451,68.829,76.074,399139,67.026,63.675,70.377,162556,56.58,53.751,59.409,62880,10.35,35.79,25.05,3.87
"A9041","https://nci-naaccr-zone-design.github.io/louisiana-2020/?address=A9041","Female","Lung","10yrs","East Baton Rouge","Baton Rouge, Oak Hills Place",50.086,47.582,52.59,205716,72.784,69.145,76.424,89358,49.474,47.0,51.948,62880,10.35,35.79,25.05,3.87
"A9041","https://nci-naaccr-zone-design.github.io/louisiana-2020/?address=A9041","Male","Lung","10yrs","East Baton Rouge","Baton Rouge, Oak Hills Place",83.382,79.213,87.551,193423,90.43,85.908,94.951,73199,86.546,82.219,90.874,62880,10.35,35.79,25.05,3.87
"A9041","https://nci-naaccr-zone-design.github.io/louisiana-2020/?address=A9041","Female","Breast","10yrs","East Baton Rouge","Baton Rouge, Oak Hills Place",116.437,110.616,122.259,205716,128.09,121.686,134.495,89358,102.1,96.995,107.205,62880,10.35,35.79,25.05,3.87
"A9041","https://nci-naaccr-zone-design.github.io/louisiana-2020/?address=A9041","Both","CRC","10yrs","East Baton Rouge","Baton Rouge, Oak Hills Place",43.54,41.363,45.717,399139,59.941,56.944,62.938,162556,35.363,33.595,37.132,62880,10.35,35.79,25.05,3.87
"A9041","https://nci-naaccr-zone-design.github.io/louisiana-2020/?address=A9041","Female","CRC","10yrs","East Baton Rouge","Baton Rouge, Oak Hills Place",47.213,44.852,49.574,205716,41.879,39.785,43.973,89358,45.055,42.802,47.308,62880,10.35,35.79,25.05,3.87
"A9041","https://nci-naaccr-zone-design.github.io/louisiana-2020/?address=A9041","Male","CRC","10yrs","East Baton Rouge","Baton Rouge, Oak Hills Place",57.787,54.898,60.677,193423,49.554,47.076,52.032,73199,46.12,43.814,48.426,62880,10.35,35.79,25.05,3.87
"A9041","https://nci-naaccr-zone-design.github.io/louisiana-2020/?address=A9041","Both","Kidney","10yrs","East Baton Rouge","Baton Rouge, Oak Hills Place",23.95,22.753,25.148,399139,20.882,19.838,21.926,162556,21.595,20.516,22.675,62880,10.35,35.79,25.05,3.87
"A9041","https://nci-naaccr-zone-design.github.io/louisiana-2020/?address=A9041","Female","Kidney","10yrs","East Baton Rouge","Baton Rouge, Oak Hills Place",22.373,21.254,23.491,205716,20.032,19.031,21.034,89358,12.47,11.847,13.094,62880,10.35,35.79,25.05,3.87
"A9041","https://nci-naaccr-zone-design.github.io/louisiana-2020/?address=A9041","Male","Kidney","10yrs","East Baton Rouge","Baton Rouge, Oak Hills Place",18.261,17.348,19.174,193423,24.187,22.977,25.396,73199,22.246,21.133,23.358,62880,10.35,35.79,25.05,3.87
"A9041","https://nci-naaccr-zone-design.github.io/louisiana-2020/?address=A9041","Both","NHL","10yrs","East Baton Rouge","Baton Rouge, Oak Hills Place",16.142,15.335,16.949,399139,14.98,14.231,15.73,162556,21.507,20.432,22.583,62880,10.35,35.79,25.05,3.87
"A9041","https://nci-naaccr-zone-design.github.io/louisiana-2020/?address=A9041","Female","NHL","10yrs","East Baton Rouge","Baton Rouge, Oak Hills Place",11.052,10.499,11.605,205716,18.908,17.963,19.853,89358,18.022,17.12,18.923,62880,10.35,35.79,25.05,3.87
"A9041","https://nci-naaccr-zone-design.github.io/louisiana-2020/?address=A9041","Male","NHL","10yrs","East Baton Rouge","Baton Rouge, Oak Hills Place",33.025,31.373,34.676,193423,29.851,28.358,31.343,73199,15.698,14.913,16.483,62880,10.35,35.79,25.05,3.87
"A9041","https://nci-naaccr-zone-design.github.io/louisiana-2020/?address=A9041","Both","Urinary","10yrs","East Baton Rouge","Baton Rouge, Oak Hills Place",24.003,22.803,25.203,399139,20.887,19.843,21.932,162556,18.402,17.482,19.322,62880,10.35,35.79,25.05,3.87
"A9041","https://nci-naaccr-zone-design.github.io/louisiana-2020/?address=A9041","Female","Urinary","10yrs","East Baton Rouge","Baton Rouge, Oak Hills Place",10.798,10.258,11.338,205716,9.665,9.181,10.148,89358,3.62,3.439,3.801,62880,10.35,35.79,25.05,3.87
"A9041","https://nci-naaccr-zone-design.github.io/louisiana-2020/?address=A9041","Male","Urinary","10yrs","East Baton Rouge","Baton Rouge, Oak Hills Place",23.081,21.927,24.235,193423,26.098,24.793,27.402,73199,30.006,28.506,31.506,62880,10.35,35.79,25.05,3.87
"A9041","https://nci-naaccr-zone-design.github.io/louisiana-2020/?address=A9041","Both","Mela","10yrs","East Baton Rouge","Baton Rouge, Oak Hills Place",20.918,19.872,21.964,399139,11.803,11.212,12.393,162556,10.821,10.28,11.362,62880,10.35,35.79,25.05,3.87
"A9041","https://nci-naaccr-zone-design.github.io/louisiana-2020/?address=A9041","Female","Mela","10yrs","East Baton Rouge","Baton Rouge, Oak Hills Place",19.634,18.652,20.615,205716,2.9,2.755,3.045,89358,2.877,2.733,3.021,62880,10.35,35.79,25.05,3.87
"A9041","https://nci-naaccr-zone-design.github.io/louisiana-2020/?address=A9041","Male","Mela","10yrs","East Baton Rouge","Baton Rouge, Oak Hills Place",38.311,36.395,40.226,193423,29.498,28.023,30.973,73199,6.001,5.701,6.301,62880,10.35,35.79,25.05,3.87
"A9041","https://nci-naaccr-zone-design.github.io/louisiana-2020/?address=A9041","Both","Pancreas","10yrs","East Baton Rouge","Baton Rouge, Oak Hills Place",11.379,10.81,11.948,399139,17.07,16.217,17.924,162556,11.847,11.254,12.439,62880,10.35,35.79,25.05,3.87
"A9041","https://nci-naaccr-zone-design.github.io/louisiana-2020/?address=A9041","Female","Pancreas","10yrs","East Baton Rouge","Baton Rouge, Oak Hills Place",8.671,8.238,9.105,205716,12.132,11.525,12.738,89358,15.157,14.399,15.915,62880,10.35,35.79,25.05,3.87
"A9041","https://nci-naaccr-zone-design.github.io/louisiana-2020/?address=A9041","Male","Pancreas","10yrs","East Baton Rouge","Baton Rouge, Oak Hills Place",16.298,15.483,17.113,193423,15.288,14.523,16.052,73199,16.231,15.42,17.043,62880,10.35,35.79,25.05,3.87
"A9041","https://nci-naaccr-zone-design.github.io/louisiana-2020/?address=A9041","Both","Leuks","10yrs","East Baton Rouge","Baton Rouge, Oak Hills Place",16.189,15.379,16.998,399139,12.839,12.197,13.481,162556,13.482,12.808,14.156,62880,10.35,35.79,25.05,3.87
"A9041","https://nci-naaccr-zone-design.github.io/louisiana-2020/?address=A9041","Female","Leuks","10yrs","East Baton Rouge","Baton Rouge, Oak Hills Place",13.282,12.618,13.946,205716,14.123,13.417,14.829,89358,11.234,10.673,11.796,62880,10.35,35.79,25.05,3.87
"A9041","https://nci-naaccr-zone-design.github.io/louisiana-2020/?address=A9041","Male","Leuks","10yrs","East Baton Rouge","Baton Rouge, Oak Hills Place",14.506,13.78,15.231,193423,25.019,23.769,26.27,73199,19.055,18.102,20.007,62880,10.35,35.79,25.05,3.87
"A9041","https://nci-naaccr-zone-design.github.io/louisiana-2020/?address=A9041","Both","Oral","10yrs","East Baton Rouge","Baton Rouge, Oak Hills Place",8.067,7.663,8.47,399139,8.495,8.07,8.92,162556,9.604,9.124,10.084,62880,10.35,35.79,25.05,3.87
"A9041","https://nci-naaccr-zone-design.github.io/louisiana-2020/?address=A9041","Female","Oral","10yrs","East Baton Rouge","Baton Rouge, Oak Hills Place",2.641,2.509,2.773,205716,3.445,3.273,3.617,89358,4.555,4.327,4.783,62880,10.35,35.79,25.05,3.87
"A9041","https://nci-naaccr-zone-design.github.io/louisiana-2020/?address=A9041","Male","Oral","10yrs","East Baton Rouge","Baton Rouge, Oak Hills Place",23.791,22.601,24.98,193423,25.202,23.942,26.462,73199,11.95,11.352,12.547,62880,10.35,35.79,25.05,3.87
"A9041","https://nci-naaccr-zone-design.github.io/louisiana-2020/?address=A9041","Both","Thyroid","10yrs","East Baton Rouge","Baton Rouge, Oak Hills Place",13.247,12.584,13.909,399139,9.827,9.335,10.318,162556,16.548,15.721,17.376,62880,10.35,35.79,25.05,3.87
"A9041","https://nci-naaccr-zone-design.github.io/louisiana-2020/?address=A9041","Female","Thyroid","10yrs","East Baton Rouge","Baton Rouge, Oak Hills Place",14.223,13.512,14.935,205716,18.3,17.385,19.215,89358,20.193,19.183,21.203,62880,10.35,35.79,25.05,3.87
"A9041","https://nci-naaccr-zone-design.github.io/louisiana-2020/?address=A9041","Male","Thyroid","10yrs","East Baton Rouge","Baton Rouge, Oak Hills Place",6.397,6.077,6.717,193423,3.396,3.226,3.566,73199,6.767,6.429,7.105,62880,10.35,35.79,25.05,3.87
"A9041","https://nci-naaccr-zone-design.github.io/louisiana-2020/?address=A9041","Female","Uterine","10yrs","East Baton Rouge","Baton Rouge, Oak Hills Place",12.701,12.066,13.337,205716,14.997,14.247,15.747,89358,13.506,12.831,14.181,62880,10.35,35.79,25.05,3.87
"A9041","https://nci-naaccr-zone-design.github.io/louisiana-2020/?address=A9041","Both","Liver","10yrs","East Baton Rouge","Baton Rouge, Oak Hills Place",8.368,7.949,8.786,399139,4.801,4.561,5.041,162556,11.557,10.979,12.135,62880,10.35,35.79,25.05,3.87
"A9041","https://nci-naaccr-zone-design.github.io/louisiana-2020/?address=A9041","Female","Liver","10yrs","East Baton Rouge","Baton Rouge, Oak Hills Place",2.79,2.65,2.929,205716,5.547,5.27,5.825,89358,7.215,6.855,7.576,62880,10.35,35.79,25.05,3.87
"A9041","https://nci-naaccr-zone-design.github.io/louisiana-2020/?address=A9041","Male","Liver","10yrs","East Baton Rouge","Baton Rouge, Oak Hills Place",13.02,12.369,13.671,193423,21.67,20.587,22.754,73199,17.691,16.807,18.576,62880,10.35,35.79,25.05,3.87
"A9041","https://nci-naaccr-zone-design.github.io/louisiana-2020/?address=A9041","Both","Stomach","10yrs","East Baton Rouge","Baton Rouge, Oak Hills Place",4.516,4.29,4.742,399139,6.401,6.081,6.721,162556,8.605,8.174,9.035,62880,10.35,35.79,25.05,3.87
"A9041","https://nci-naaccr-zone-design.github.io/louisiana-2020/?address=A9041","Female","Stomach","10yrs","East Baton Rouge","Baton Rouge, Oak Hills Place",7.048,6.695,7.4,205716,9.641,9.159,10.123,89358,4.482,4.258,4.706,62880,10.35,35.79,25.05,3.87
"A9041","https://nci-naaccr-zone-design.github.io/louisiana-2020/?address=A9041","Male","Stomach","10yrs","East Baton Rouge","Baton Rouge, Oak Hills Place",13.784,13.095,14.473,193423,11.41,10.84,11.981,73199,16.274,15.46,17.087,62880,10.35,35.79,25.05,3.87
"A9041","https://nci-naaccr-zone-design.github.io/louisiana-2020/?address=A9041","Both","Myeloma","10yrs","East Baton Rouge","Baton Rouge, Oak Hills Place",9.002,8.552,9.452,399139,12.72,12.084,13.356,162556,4.268,4.054,4.481,62880,10.35,35.79,25.05,3.87
"A9041","https://nci-naaccr-zone-design.github.io/louisiana-2020/?address=A9041","Female","Myeloma","10yrs","East Baton Rouge","Baton Rouge, Oak Hills Place",8.917,8.471,9.363,205716,9.249,8.786,9.711,89358,2.658,2.525,2.791,62880,10.35,35.79,25.05,3.87
"A9041","https://nci-naaccr-zone-design.github.io/louisiana-2020/?address=A9041","Male","Myeloma","10yrs","East Baton Rouge","Baton Rouge, Oak Hills Place",7.296,6.931,7.66,193423,15.184,14.425,15.944,73199,10.497,9.973,11.022,62880,10.35,35.79,25.05,3.87
"A9041","https://nci-naaccr-zone-design.github.io/louisiana-2020/?address=A9041","Both","Brain","10yrs","East Baton Rouge","Baton Rouge, Oak Hills Place",5.497,5.222,5.772,399139,6.319,6.004,6.635,162556,4.847,4.605,5.089,62880,10.35,35.79,25.05,3.87
"A9041","https://nci-naaccr-zone-design.github.io/louisiana-2020/?address=A9041","Female","Brain","10yrs","East Baton Rouge","Baton Rouge, Oak Hills Place",3.754,3.566,3.941,205716,7.278,6.914,7.642,89358,7.9,7.505,8.295,62880,10.35,35.79,25.05,3.87
"A9041","https://nci-naaccr-zone-design.github.io/louisiana-2020/?address=A9041","Male","Brain","10yrs","East Baton Rouge","Baton Rouge, Oak Hills Place",6.803,6.463,7.143,193423,4.759,4.521,4.997,73199,11.2,10.64,11.76,62880,10.35,35.79,25.05,3.87
"A9041","https://nci-naaccr-zone-design.github.io/louisiana-2020/?address=A9041","Both","Larynx","10yrs","East Baton Rouge","Baton Rouge, Oak Hills Place",6.35,6.033,6.668,399139,7.086,6.731,7.44,162556,7.845,7.453,8.237,62880,10.35,35.79,25.05,3.87
"A9041","https://nci-naaccr-zone-design.github.io/louisiana-2020/?address=A9041","Female","Larynx","10yrs","East Baton Rouge","Baton Rouge, Oak Hills Place",0.879,0.835,0.923,205716,2.596,2.467,2.726,89358,2.765,2.627,2.903,62880,10.35,35.79,25.05,3.87
"A9041","https://nci-naaccr-zone-design.github.io/louisiana-2020/?address=A9041","Male","Larynx","10yrs","East Baton Rouge","Baton Rouge, Oak Hills Place",13.754,13.066,14.442,193423,13.532,12.856,14.209,73199,15.299,14.534,16.064,62880,10.35,35.79,25.05,3.87
"A9041","https://nci-naaccr-zone-design.github.io/louisiana-2020/?address=A9041","Female","Ovary","10yrs","East Baton Rouge","Baton Rouge, Oak Hills Place",3.628,3.447,3.81,205716,4.138,3.931,4.344,89358,4.074,3.87,4.278,62880,10.35,35.79,25.05,3.87
"A9041","https://nci-naaccr-zone-design.github.io/louisiana-2020/?address=A9041","Both","Esoph","10yrs","East Baton Rouge","Baton Rouge, Oak Hills Place",4.436,4.214,4.658,399139,7.353,6.985,7.721,162556,6.572,6.244,6.901,62880,10.35,35.79,25.05,3.87
"A9041","https://nci-naaccr-zone-design.github.io/louisiana-2020/?address=A9041","Female","Esoph","10yrs","East Baton Rouge","Baton Rouge, Oak Hills Place",1.553,1.475,1.631,205716,3.884,3.69,4.079,89358,"","","",62880,10.35,35.79,25.05,3.87
"A9041","https://nci-naaccr-zone-design.github.io/louisiana-2020/?address=A9041","Male","Esoph","10yrs","East Baton Rouge","Baton Rouge, Oak Hills Place",14.404,13.684,15.124,193423,7.031,6.679,7.382,73199,12.936,12.289,13.583,62880,10.35,35.79,25.05,3.87
