"Zone","URL","Sex","Cancer","Years","Counties","Places","AAIR","LCI","UCI","White_PopTot","White_AAIR","White_LCI","White_UCI","Black_PopTot","Black_AAIR","Black_LCI","Black_UCI","TotalPop","Pct100Pov","PctMinority","PctBlackNH","PctRural"
"B0010","https://nci-naaccr-zone-design.github.io/louisiana-2020/?address=B0010","Both","AllSite","05yrs","Red River, Bienville, Natchitoches","Natchitoches, Martin, Arcadia, Ashland, Mount Lebanon, Lucky, Bienville, Coushatta, Goldonna",440.688,418.654,462.723,171342,456.676,433.842,479.509,129394,453.407,430.737,476.078,63010,27.92,45.62,41.15,64.04
"B0010","https://nci-naaccr-zone-design.github.io/louisiana-2020/?address=B0010","Female","AllSite","05yrs","Red River, Bienville, Natchitoches","Natchitoches, Martin, Arcadia, Ashland, Mount Lebanon, Lucky, Bienville, Coushatta, Goldonna",373.373,354.704,392.042,87529,455.341,432.574,478.108,69449,392.096,372.491,411.701,63010,27.92,45.62,41.15,64.04
"B0010","https://nci-naaccr-zone-design.github.io/louisiana-2020/?address=B0010","Male","AllSite","05yrs","Red River, Bienville, Natchitoches","Natchitoches, Martin, Arcadia, Ashland, Mount Lebanon, Lucky, Bienville, Coushatta, Goldonna",556.108,528.303,583.913,83813,653.956,621.258,686.653,59945,536.438,509.616,563.26,63010,27.92,45.62,41.15,64.04
"B0010","https://nci-naaccr-zone-design.github.io/louisiana-2020/?address=B0010","Male","Prostate","05yrs","Red River, Bienville, Natchitoches","Natchitoches, Martin, Arcadia, Ashland, Mount Lebanon, Lucky, Bienville, Coushatta, Goldonna",131.167,124.608,137.725,83813,129.431,122.96,135.903,59945,151.903,144.307,159.498,63010,27.92,45.62,41.15,64.04
"B0010","https://nci-naaccr-zone-design.github.io/louisiana-2020/?address=B0010","Both","Lung","05yrs","Red River, Bienville, Natchitoches","Natchitoches, Martin, Arcadia, Ashland, Mount Lebanon, Lucky, Bienville, Coushatta, Goldonna",52.896,50.251,55.541,171342,78.059,74.156,81.962,129394,77.403,73.533,81.273,63010,27.92,45.62,41.15,64.04
"B0010","https://nci-naaccr-zone-design.github.io/louisiana-2020/?address=B0010","Female","Lung","05yrs","Red River, Bienville, Natchitoches","Natchitoches, Martin, Arcadia, Ashland, Mount Lebanon, Lucky, Bienville, Coushatta, Goldonna",61.898,58.803,64.993,87529,50.363,47.845,52.881,69449,60.24,57.228,63.252,63010,27.92,45.62,41.15,64.04
"B0010","https://nci-naaccr-zone-design.github.io/louisiana-2020/?address=B0010","Male","Lung","05yrs","Red River, Bienville, Natchitoches","Natchitoches, Martin, Arcadia, Ashland, Mount Lebanon, Lucky, Bienville, Coushatta, Goldonna",100.145,95.138,105.152,83813,72.476,68.852,76.099,59945,97.481,92.607,102.355,63010,27.92,45.62,41.15,64.04
"B0010","https://nci-naaccr-zone-design.github.io/louisiana-2020/?address=B0010","Female","Breast","05yrs","Red River, Bienville, Natchitoches","Natchitoches, Martin, Arcadia, Ashland, Mount Lebanon, Lucky, Bienville, Coushatta, Goldonna",100.678,95.644,105.712,87529,142.097,134.992,149.202,69449,130.439,123.917,136.961,63010,27.92,45.62,41.15,64.04
"B0010","https://nci-naaccr-zone-design.github.io/louisiana-2020/?address=B0010","Both","CRC","05yrs","Red River, Bienville, Natchitoches","Natchitoches, Martin, Arcadia, Ashland, Mount Lebanon, Lucky, Bienville, Coushatta, Goldonna",48.491,46.067,50.916,171342,38.053,36.151,39.956,129394,49.478,47.004,51.952,63010,27.92,45.62,41.15,64.04
"B0010","https://nci-naaccr-zone-design.github.io/louisiana-2020/?address=B0010","Female","CRC","05yrs","Red River, Bienville, Natchitoches","Natchitoches, Martin, Arcadia, Ashland, Mount Lebanon, Lucky, Bienville, Coushatta, Goldonna",41.195,39.135,43.254,87529,53.155,50.497,55.813,69449,33.393,31.724,35.063,63010,27.92,45.62,41.15,64.04
"B0010","https://nci-naaccr-zone-design.github.io/louisiana-2020/?address=B0010","Male","CRC","05yrs","Red River, Bienville, Natchitoches","Natchitoches, Martin, Arcadia, Ashland, Mount Lebanon, Lucky, Bienville, Coushatta, Goldonna",39.066,37.112,41.019,83813,44.943,42.696,47.19,59945,41.015,38.964,43.065,63010,27.92,45.62,41.15,64.04
"B0010","https://nci-naaccr-zone-design.github.io/louisiana-2020/?address=B0010","Both","Kidney","05yrs","Red River, Bienville, Natchitoches","Natchitoches, Martin, Arcadia, Ashland, Mount Lebanon, Lucky, Bienville, Coushatta, Goldonna",19.385,18.416,20.354,171342,25.375,24.106,26.643,129394,22.084,20.98,23.188,63010,27.92,45.62,41.15,64.04
"B0010","https://nci-naaccr-zone-design.github.io/louisiana-2020/?address=B0010","Female","Kidney","05yrs","Red River, Bienville, Natchitoches","Natchitoches, Martin, Arcadia, Ashland, Mount Lebanon, Lucky, Bienville, Coushatta, Goldonna",21.535,20.458,22.612,87529,13.728,13.041,14.414,69449,18.915,17.969,19.86,63010,27.92,45.62,41.15,64.04
"B0010","https://nci-naaccr-zone-design.github.io/louisiana-2020/?address=B0010","Male","Kidney","05yrs","Red River, Bienville, Natchitoches","Natchitoches, Martin, Arcadia, Ashland, Mount Lebanon, Lucky, Bienville, Coushatta, Goldonna",31.678,30.094,33.262,83813,32.804,31.164,34.444,59945,27.303,25.938,28.668,63010,27.92,45.62,41.15,64.04
"B0010","https://nci-naaccr-zone-design.github.io/louisiana-2020/?address=B0010","Both","NHL","05yrs","Red River, Bienville, Natchitoches","Natchitoches, Martin, Arcadia, Ashland, Mount Lebanon, Lucky, Bienville, Coushatta, Goldonna",20.981,19.932,22.03,171342,20.157,19.149,21.165,129394,23.784,22.595,24.973,63010,27.92,45.62,41.15,64.04
"B0010","https://nci-naaccr-zone-design.github.io/louisiana-2020/?address=B0010","Female","NHL","05yrs","Red River, Bienville, Natchitoches","Natchitoches, Martin, Arcadia, Ashland, Mount Lebanon, Lucky, Bienville, Coushatta, Goldonna",17.778,16.889,18.667,87529,17.591,16.711,18.47,69449,15.395,14.626,16.165,63010,27.92,45.62,41.15,64.04
"B0010","https://nci-naaccr-zone-design.github.io/louisiana-2020/?address=B0010","Male","NHL","05yrs","Red River, Bienville, Natchitoches","Natchitoches, Martin, Arcadia, Ashland, Mount Lebanon, Lucky, Bienville, Coushatta, Goldonna",19.127,18.171,20.084,83813,24.854,23.611,26.097,59945,31.204,29.644,32.764,63010,27.92,45.62,41.15,64.04
"B0010","https://nci-naaccr-zone-design.github.io/louisiana-2020/?address=B0010","Both","Urinary","05yrs","Red River, Bienville, Natchitoches","Natchitoches, Martin, Arcadia, Ashland, Mount Lebanon, Lucky, Bienville, Coushatta, Goldonna",14.747,14.01,15.485,171342,15.237,14.475,15.999,129394,24.38,23.161,25.599,63010,27.92,45.62,41.15,64.04
"B0010","https://nci-naaccr-zone-design.github.io/louisiana-2020/?address=B0010","Female","Urinary","05yrs","Red River, Bienville, Natchitoches","Natchitoches, Martin, Arcadia, Ashland, Mount Lebanon, Lucky, Bienville, Coushatta, Goldonna",5.271,5.008,5.535,87529,10.31,9.795,10.826,69449,5.03,4.778,5.281,63010,27.92,45.62,41.15,64.04
"B0010","https://nci-naaccr-zone-design.github.io/louisiana-2020/?address=B0010","Male","Urinary","05yrs","Red River, Bienville, Natchitoches","Natchitoches, Martin, Arcadia, Ashland, Mount Lebanon, Lucky, Bienville, Coushatta, Goldonna",45.39,43.12,47.659,83813,30.315,28.799,31.83,59945,28.74,27.303,30.177,63010,27.92,45.62,41.15,64.04
"B0010","https://nci-naaccr-zone-design.github.io/louisiana-2020/?address=B0010","Both","Mela","05yrs","Red River, Bienville, Natchitoches","Natchitoches, Martin, Arcadia, Ashland, Mount Lebanon, Lucky, Bienville, Coushatta, Goldonna",5.711,5.426,5.997,171342,18.592,17.663,19.522,129394,6.234,5.922,6.546,63010,27.92,45.62,41.15,64.04
"B0010","https://nci-naaccr-zone-design.github.io/louisiana-2020/?address=B0010","Female","Mela","05yrs","Red River, Bienville, Natchitoches","Natchitoches, Martin, Arcadia, Ashland, Mount Lebanon, Lucky, Bienville, Coushatta, Goldonna",16.652,15.819,17.484,87529,18.787,17.848,19.727,69449,19.217,18.256,20.177,63010,27.92,45.62,41.15,64.04
"B0010","https://nci-naaccr-zone-design.github.io/louisiana-2020/?address=B0010","Male","Mela","05yrs","Red River, Bienville, Natchitoches","Natchitoches, Martin, Arcadia, Ashland, Mount Lebanon, Lucky, Bienville, Coushatta, Goldonna",9.558,9.08,10.036,83813,11.602,11.022,12.182,59945,24.557,23.329,25.785,63010,27.92,45.62,41.15,64.04
"B0010","https://nci-naaccr-zone-design.github.io/louisiana-2020/?address=B0010","Both","Pancreas","05yrs","Red River, Bienville, Natchitoches","Natchitoches, Martin, Arcadia, Ashland, Mount Lebanon, Lucky, Bienville, Coushatta, Goldonna",13.352,12.685,14.02,171342,14.518,13.792,15.244,129394,11.344,10.776,11.911,63010,27.92,45.62,41.15,64.04
"B0010","https://nci-naaccr-zone-design.github.io/louisiana-2020/?address=B0010","Female","Pancreas","05yrs","Red River, Bienville, Natchitoches","Natchitoches, Martin, Arcadia, Ashland, Mount Lebanon, Lucky, Bienville, Coushatta, Goldonna",11.416,10.845,11.986,87529,10.854,10.311,11.396,69449,15.806,15.016,16.596,63010,27.92,45.62,41.15,64.04
"B0010","https://nci-naaccr-zone-design.github.io/louisiana-2020/?address=B0010","Male","Pancreas","05yrs","Red River, Bienville, Natchitoches","Natchitoches, Martin, Arcadia, Ashland, Mount Lebanon, Lucky, Bienville, Coushatta, Goldonna",13.561,12.883,14.239,83813,20.294,19.279,21.309,59945,16.9,16.055,17.745,63010,27.92,45.62,41.15,64.04
"B0010","https://nci-naaccr-zone-design.github.io/louisiana-2020/?address=B0010","Both","Leuks","05yrs","Red River, Bienville, Natchitoches","Natchitoches, Martin, Arcadia, Ashland, Mount Lebanon, Lucky, Bienville, Coushatta, Goldonna",12.225,11.614,12.836,171342,15.992,15.192,16.792,129394,11.21,10.65,11.771,63010,27.92,45.62,41.15,64.04
"B0010","https://nci-naaccr-zone-design.github.io/louisiana-2020/?address=B0010","Female","Leuks","05yrs","Red River, Bienville, Natchitoches","Natchitoches, Martin, Arcadia, Ashland, Mount Lebanon, Lucky, Bienville, Coushatta, Goldonna",15.406,14.635,16.176,87529,10.939,10.392,11.486,69449,13.887,13.193,14.582,63010,27.92,45.62,41.15,64.04
"B0010","https://nci-naaccr-zone-design.github.io/louisiana-2020/?address=B0010","Male","Leuks","05yrs","Red River, Bienville, Natchitoches","Natchitoches, Martin, Arcadia, Ashland, Mount Lebanon, Lucky, Bienville, Coushatta, Goldonna",23.676,22.492,24.86,83813,19.805,18.814,20.795,59945,11.613,11.033,12.194,63010,27.92,45.62,41.15,64.04
"B0010","https://nci-naaccr-zone-design.github.io/louisiana-2020/?address=B0010","Both","Oral","05yrs","Red River, Bienville, Natchitoches","Natchitoches, Martin, Arcadia, Ashland, Mount Lebanon, Lucky, Bienville, Coushatta, Goldonna",7.521,7.145,7.897,171342,13.475,12.802,14.149,129394,15.055,14.302,15.808,63010,27.92,45.62,41.15,64.04
"B0010","https://nci-naaccr-zone-design.github.io/louisiana-2020/?address=B0010","Female","Oral","05yrs","Red River, Bienville, Natchitoches","Natchitoches, Martin, Arcadia, Ashland, Mount Lebanon, Lucky, Bienville, Coushatta, Goldonna",8.14,7.733,8.547,87529,5.634,5.353,5.916,69449,5.977,5.678,6.276,63010,27.92,45.62,41.15,64.04
"B0010","https://nci-naaccr-zone-design.github.io/louisiana-2020/?address=B0010","Male","Oral","05yrs","Red River, Bienville, Natchitoches","Natchitoches, Martin, Arcadia, Ashland, Mount Lebanon, Lucky, Bienville, Coushatta, Goldonna",23.922,22.726,25.118,83813,24.683,23.449,25.917,59945,15.974,15.176,16.773,63010,27.92,45.62,41.15,64.04
"B0010","https://nci-naaccr-zone-design.github.io/louisiana-2020/?address=B0010","Both","Thyroid","05yrs","Red River, Bienville, Natchitoches","Natchitoches, Martin, Arcadia, Ashland, Mount Lebanon, Lucky, Bienville, Coushatta, Goldonna",7.757,7.369,8.145,171342,10.009,9.509,10.51,129394,15.085,14.33,15.839,63010,27.92,45.62,41.15,64.04
"B0010","https://nci-naaccr-zone-design.github.io/louisiana-2020/?address=B0010","Female","Thyroid","05yrs","Red River, Bienville, Natchitoches","Natchitoches, Martin, Arcadia, Ashland, Mount Lebanon, Lucky, Bienville, Coushatta, Goldonna",12.436,11.814,13.057,87529,14.522,13.796,15.248,69449,12.29,11.675,12.904,63010,27.92,45.62,41.15,64.04
"B0010","https://nci-naaccr-zone-design.github.io/louisiana-2020/?address=B0010","Male","Thyroid","05yrs","Red River, Bienville, Natchitoches","Natchitoches, Martin, Arcadia, Ashland, Mount Lebanon, Lucky, Bienville, Coushatta, Goldonna",3.654,3.471,3.836,83813,6.588,6.258,6.917,59945,9.275,8.812,9.739,63010,27.92,45.62,41.15,64.04
"B0010","https://nci-naaccr-zone-design.github.io/louisiana-2020/?address=B0010","Female","Uterine","05yrs","Red River, Bienville, Natchitoches","Natchitoches, Martin, Arcadia, Ashland, Mount Lebanon, Lucky, Bienville, Coushatta, Goldonna",25.021,23.77,26.272,87529,15.365,14.597,16.133,69449,23.017,21.867,24.168,63010,27.92,45.62,41.15,64.04
"B0010","https://nci-naaccr-zone-design.github.io/louisiana-2020/?address=B0010","Both","Liver","05yrs","Red River, Bienville, Natchitoches","Natchitoches, Martin, Arcadia, Ashland, Mount Lebanon, Lucky, Bienville, Coushatta, Goldonna",8.763,8.325,9.201,171342,13.378,12.709,14.046,129394,5.075,4.821,5.328,63010,27.92,45.62,41.15,64.04
"B0010","https://nci-naaccr-zone-design.github.io/louisiana-2020/?address=B0010","Female","Liver","05yrs","Red River, Bienville, Natchitoches","Natchitoches, Martin, Arcadia, Ashland, Mount Lebanon, Lucky, Bienville, Coushatta, Goldonna",5.181,4.922,5.44,87529,4.271,4.058,4.485,69449,5.392,5.122,5.661,63010,27.92,45.62,41.15,64.04
"B0010","https://nci-naaccr-zone-design.github.io/louisiana-2020/?address=B0010","Male","Liver","05yrs","Red River, Bienville, Natchitoches","Natchitoches, Martin, Arcadia, Ashland, Mount Lebanon, Lucky, Bienville, Coushatta, Goldonna",17.738,16.851,18.625,83813,13.008,12.358,13.659,59945,12.537,11.91,13.164,63010,27.92,45.62,41.15,64.04
"B0010","https://nci-naaccr-zone-design.github.io/louisiana-2020/?address=B0010","Both","Stomach","05yrs","Red River, Bienville, Natchitoches","Natchitoches, Martin, Arcadia, Ashland, Mount Lebanon, Lucky, Bienville, Coushatta, Goldonna",5.257,4.994,5.52,171342,4.453,4.23,4.675,129394,7.381,7.012,7.751,63010,27.92,45.62,41.15,64.04
"B0010","https://nci-naaccr-zone-design.github.io/louisiana-2020/?address=B0010","Female","Stomach","05yrs","Red River, Bienville, Natchitoches","Natchitoches, Martin, Arcadia, Ashland, Mount Lebanon, Lucky, Bienville, Coushatta, Goldonna",9.971,9.472,10.469,87529,9.748,9.261,10.235,69449,4.67,4.436,4.903,63010,27.92,45.62,41.15,64.04
"B0010","https://nci-naaccr-zone-design.github.io/louisiana-2020/?address=B0010","Male","Stomach","05yrs","Red River, Bienville, Natchitoches","Natchitoches, Martin, Arcadia, Ashland, Mount Lebanon, Lucky, Bienville, Coushatta, Goldonna",10.873,10.33,11.417,83813,15.027,14.276,15.779,59945,11.817,11.226,12.408,63010,27.92,45.62,41.15,64.04
"B0010","https://nci-naaccr-zone-design.github.io/louisiana-2020/?address=B0010","Both","Myeloma","05yrs","Red River, Bienville, Natchitoches","Natchitoches, Martin, Arcadia, Ashland, Mount Lebanon, Lucky, Bienville, Coushatta, Goldonna",4.902,4.657,5.147,171342,11.697,11.112,12.282,129394,13.239,12.577,13.901,63010,27.92,45.62,41.15,64.04
"B0010","https://nci-naaccr-zone-design.github.io/louisiana-2020/?address=B0010","Female","Myeloma","05yrs","Red River, Bienville, Natchitoches","Natchitoches, Martin, Arcadia, Ashland, Mount Lebanon, Lucky, Bienville, Coushatta, Goldonna",10.906,10.361,11.451,87529,11.388,10.818,11.957,69449,8.321,7.905,8.737,63010,27.92,45.62,41.15,64.04
"B0010","https://nci-naaccr-zone-design.github.io/louisiana-2020/?address=B0010","Male","Myeloma","05yrs","Red River, Bienville, Natchitoches","Natchitoches, Martin, Arcadia, Ashland, Mount Lebanon, Lucky, Bienville, Coushatta, Goldonna",8.194,7.785,8.604,83813,8.601,8.171,9.031,59945,7.023,6.672,7.374,63010,27.92,45.62,41.15,64.04
"B0010","https://nci-naaccr-zone-design.github.io/louisiana-2020/?address=B0010","Both","Brain","05yrs","Red River, Bienville, Natchitoches","Natchitoches, Martin, Arcadia, Ashland, Mount Lebanon, Lucky, Bienville, Coushatta, Goldonna",5.078,4.824,5.332,171342,5.498,5.223,5.773,129394,7.946,7.549,8.343,63010,27.92,45.62,41.15,64.04
"B0010","https://nci-naaccr-zone-design.github.io/louisiana-2020/?address=B0010","Female","Brain","05yrs","Red River, Bienville, Natchitoches","Natchitoches, Martin, Arcadia, Ashland, Mount Lebanon, Lucky, Bienville, Coushatta, Goldonna",7.562,7.184,7.94,87529,8.071,7.668,8.475,69449,"","","",63010,27.92,45.62,41.15,64.04
"B0010","https://nci-naaccr-zone-design.github.io/louisiana-2020/?address=B0010","Male","Brain","05yrs","Red River, Bienville, Natchitoches","Natchitoches, Martin, Arcadia, Ashland, Mount Lebanon, Lucky, Bienville, Coushatta, Goldonna",8.058,7.655,8.461,83813,6.785,6.446,7.124,59945,10.334,9.817,10.851,63010,27.92,45.62,41.15,64.04
"B0010","https://nci-naaccr-zone-design.github.io/louisiana-2020/?address=B0010","Both","Larynx","05yrs","Red River, Bienville, Natchitoches","Natchitoches, Martin, Arcadia, Ashland, Mount Lebanon, Lucky, Bienville, Coushatta, Goldonna",3.716,3.53,3.902,171342,3.97,3.772,4.169,129394,9.036,8.585,9.488,63010,27.92,45.62,41.15,64.04
"B0010","https://nci-naaccr-zone-design.github.io/louisiana-2020/?address=B0010","Female","Larynx","05yrs","Red River, Bienville, Natchitoches","Natchitoches, Martin, Arcadia, Ashland, Mount Lebanon, Lucky, Bienville, Coushatta, Goldonna","","","",87529,"","","",69449,"","","",63010,27.92,45.62,41.15,64.04
"B0010","https://nci-naaccr-zone-design.github.io/louisiana-2020/?address=B0010","Male","Larynx","05yrs","Red River, Bienville, Natchitoches","Natchitoches, Martin, Arcadia, Ashland, Mount Lebanon, Lucky, Bienville, Coushatta, Goldonna",10.103,9.598,10.609,83813,15.066,14.312,15.819,59945,7.442,7.07,7.814,63010,27.92,45.62,41.15,64.04
"B0010","https://nci-naaccr-zone-design.github.io/louisiana-2020/?address=B0010","Female","Ovary","05yrs","Red River, Bienville, Natchitoches","Natchitoches, Martin, Arcadia, Ashland, Mount Lebanon, Lucky, Bienville, Coushatta, Goldonna",12.589,11.96,13.219,87529,11.841,11.249,12.433,69449,8.825,8.384,9.266,63010,27.92,45.62,41.15,64.04
"B0010","https://nci-naaccr-zone-design.github.io/louisiana-2020/?address=B0010","Both","Esoph","05yrs","Red River, Bienville, Natchitoches","Natchitoches, Martin, Arcadia, Ashland, Mount Lebanon, Lucky, Bienville, Coushatta, Goldonna",7.109,6.754,7.465,171342,3.299,3.134,3.464,129394,5.695,5.411,5.98,63010,27.92,45.62,41.15,64.04
"B0010","https://nci-naaccr-zone-design.github.io/louisiana-2020/?address=B0010","Female","Esoph","05yrs","Red River, Bienville, Natchitoches","Natchitoches, Martin, Arcadia, Ashland, Mount Lebanon, Lucky, Bienville, Coushatta, Goldonna",1.992,1.893,2.092,87529,"","","",69449,"","","",63010,27.92,45.62,41.15,64.04
"B0010","https://nci-naaccr-zone-design.github.io/louisiana-2020/?address=B0010","Male","Esoph","05yrs","Red River, Bienville, Natchitoches","Natchitoches, Martin, Arcadia, Ashland, Mount Lebanon, Lucky, Bienville, Coushatta, Goldonna",12.222,11.611,12.833,83813,6.801,6.461,7.141,59945,7.535,7.159,7.912,63010,27.92,45.62,41.15,64.04
"B0010","https://nci-naaccr-zone-design.github.io/louisiana-2020/?address=B0010","Both","AllSite","10yrs","Red River, Bienville, Natchitoches","Natchitoches, Martin, Arcadia, Ashland, Mount Lebanon, Lucky, Bienville, Coushatta, Goldonna",448.742,426.305,471.18,346065,453.744,431.057,476.432,260990,456.069,433.266,478.873,63010,27.92,45.62,41.15,64.04
"B0010","https://nci-naaccr-zone-design.github.io/louisiana-2020/?address=B0010","Female","AllSite","10yrs","Red River, Bienville, Natchitoches","Natchitoches, Martin, Arcadia, Ashland, Mount Lebanon, Lucky, Bienville, Coushatta, Goldonna",431.093,409.538,452.648,176808,426.034,404.732,447.335,140410,400.127,380.121,420.133,63010,27.92,45.62,41.15,64.04
"B0010","https://nci-naaccr-zone-design.github.io/louisiana-2020/?address=B0010","Male","AllSite","10yrs","Red River, Bienville, Natchitoches","Natchitoches, Martin, Arcadia, Ashland, Mount Lebanon, Lucky, Bienville, Coushatta, Goldonna",654.119,621.413,686.825,169257,576.465,547.642,605.288,120580,580.1,551.095,609.105,63010,27.92,45.62,41.15,64.04
"B0010","https://nci-naaccr-zone-design.github.io/louisiana-2020/?address=B0010","Male","Prostate","10yrs","Red River, Bienville, Natchitoches","Natchitoches, Martin, Arcadia, Ashland, Mount Lebanon, Lucky, Bienville, Coushatta, Goldonna",163.798,155.608,171.987,169257,134.086,127.382,140.791,120580,176.419,167.598,185.239,63010,27.92,45.62,41.15,64.04
"B0010","https://nci-naaccr-zone-design.github.io/louisiana-2020/?address=B0010","Both","Lung","10yrs","Red River, Bienville, Natchitoches","Natchitoches, Martin, Arcadia, Ashland, Mount Lebanon, Lucky, Bienville, Coushatta, Goldonna",48.955,46.507,51.403,346065,53.545,50.868,56.222,260990,70.964,67.416,74.512,63010,27.92,45.62,41.15,64.04
"B0010","https://nci-naaccr-zone-design.github.io/louisiana-2020/?address=B0010","Female","Lung","10yrs","Red River, Bienville, Natchitoches","Natchitoches, Martin, Arcadia, Ashland, Mount Lebanon, Lucky, Bienville, Coushatta, Goldonna",49.722,47.236,52.208,176808,52.004,49.404,54.604,140410,65.051,61.798,68.303,63010,27.92,45.62,41.15,64.04
"B0010","https://nci-naaccr-zone-design.github.io/louisiana-2020/?address=B0010","Male","Lung","10yrs","Red River, Bienville, Natchitoches","Natchitoches, Martin, Arcadia, Ashland, Mount Lebanon, Lucky, Bienville, Coushatta, Goldonna",94.73,89.993,99.466,169257,62.333,59.216,65.449,120580,109.033,103.582,114.485,63010,27.92,45.62,41.15,64.04
"B0010","https://nci-naaccr-zone-design.github.io/louisiana-2020/?address=B0010","Female","Breast","10yrs","Red River, Bienville, Natchitoches","Natchitoches, Martin, Arcadia, Ashland, Mount Lebanon, Lucky, Bienville, Coushatta, Goldonna",130.883,124.339,137.427,176808,136.448,129.625,143.27,140410,102.467,97.344,107.591,63010,27.92,45.62,41.15,64.04
"B0010","https://nci-naaccr-zone-design.github.io/louisiana-2020/?address=B0010","Both","CRC","10yrs","Red River, Bienville, Natchitoches","Natchitoches, Martin, Arcadia, Ashland, Mount Lebanon, Lucky, Bienville, Coushatta, Goldonna",42.342,40.225,44.459,346065,54.851,52.108,57.593,260990,51.932,49.335,54.528,63010,27.92,45.62,41.15,64.04
"B0010","https://nci-naaccr-zone-design.github.io/louisiana-2020/?address=B0010","Female","CRC","10yrs","Red River, Bienville, Natchitoches","Natchitoches, Martin, Arcadia, Ashland, Mount Lebanon, Lucky, Bienville, Coushatta, Goldonna",39.283,37.319,41.247,176808,32.34,30.723,33.957,140410,32.969,31.32,34.617,63010,27.92,45.62,41.15,64.04
"B0010","https://nci-naaccr-zone-design.github.io/louisiana-2020/?address=B0010","Male","CRC","10yrs","Red River, Bienville, Natchitoches","Natchitoches, Martin, Arcadia, Ashland, Mount Lebanon, Lucky, Bienville, Coushatta, Goldonna",52.655,50.022,55.288,169257,74.409,70.689,78.13,120580,47.807,45.417,50.198,63010,27.92,45.62,41.15,64.04
"B0010","https://nci-naaccr-zone-design.github.io/louisiana-2020/?address=B0010","Both","Kidney","10yrs","Red River, Bienville, Natchitoches","Natchitoches, Martin, Arcadia, Ashland, Mount Lebanon, Lucky, Bienville, Coushatta, Goldonna",24.55,23.322,25.777,346065,15.053,14.301,15.806,260990,19.673,18.689,20.657,63010,27.92,45.62,41.15,64.04
"B0010","https://nci-naaccr-zone-design.github.io/louisiana-2020/?address=B0010","Female","Kidney","10yrs","Red River, Bienville, Natchitoches","Natchitoches, Martin, Arcadia, Ashland, Mount Lebanon, Lucky, Bienville, Coushatta, Goldonna",9.958,9.46,10.456,176808,19.379,18.41,20.348,140410,19.078,18.124,20.032,63010,27.92,45.62,41.15,64.04
"B0010","https://nci-naaccr-zone-design.github.io/louisiana-2020/?address=B0010","Male","Kidney","10yrs","Red River, Bienville, Natchitoches","Natchitoches, Martin, Arcadia, Ashland, Mount Lebanon, Lucky, Bienville, Coushatta, Goldonna",32.923,31.277,34.57,169257,31.513,29.937,33.088,120580,19.523,18.547,20.499,63010,27.92,45.62,41.15,64.04
"B0010","https://nci-naaccr-zone-design.github.io/louisiana-2020/?address=B0010","Both","NHL","10yrs","Red River, Bienville, Natchitoches","Natchitoches, Martin, Arcadia, Ashland, Mount Lebanon, Lucky, Bienville, Coushatta, Goldonna",18.413,17.492,19.333,346065,17.079,16.225,17.933,260990,19.692,18.708,20.677,63010,27.92,45.62,41.15,64.04
"B0010","https://nci-naaccr-zone-design.github.io/louisiana-2020/?address=B0010","Female","NHL","10yrs","Red River, Bienville, Natchitoches","Natchitoches, Martin, Arcadia, Ashland, Mount Lebanon, Lucky, Bienville, Coushatta, Goldonna",13.853,13.16,14.545,176808,19.679,18.695,20.663,140410,9.701,9.216,10.186,63010,27.92,45.62,41.15,64.04
"B0010","https://nci-naaccr-zone-design.github.io/louisiana-2020/?address=B0010","Male","NHL","10yrs","Red River, Bienville, Natchitoches","Natchitoches, Martin, Arcadia, Ashland, Mount Lebanon, Lucky, Bienville, Coushatta, Goldonna",16.039,15.237,16.841,169257,28.172,26.763,29.58,120580,21.462,20.389,22.535,63010,27.92,45.62,41.15,64.04
"B0010","https://nci-naaccr-zone-design.github.io/louisiana-2020/?address=B0010","Both","Urinary","10yrs","Red River, Bienville, Natchitoches","Natchitoches, Martin, Arcadia, Ashland, Mount Lebanon, Lucky, Bienville, Coushatta, Goldonna",24.586,23.357,25.816,346065,12.685,12.051,13.319,260990,21.731,20.644,22.817,63010,27.92,45.62,41.15,64.04
"B0010","https://nci-naaccr-zone-design.github.io/louisiana-2020/?address=B0010","Female","Urinary","10yrs","Red River, Bienville, Natchitoches","Natchitoches, Martin, Arcadia, Ashland, Mount Lebanon, Lucky, Bienville, Coushatta, Goldonna",7.401,7.031,7.771,176808,4.409,4.188,4.629,140410,9.653,9.17,10.135,63010,27.92,45.62,41.15,64.04
"B0010","https://nci-naaccr-zone-design.github.io/louisiana-2020/?address=B0010","Male","Urinary","10yrs","Red River, Bienville, Natchitoches","Natchitoches, Martin, Arcadia, Ashland, Mount Lebanon, Lucky, Bienville, Coushatta, Goldonna",36.401,34.581,38.221,169257,45.785,43.496,48.075,120580,21.922,20.826,23.018,63010,27.92,45.62,41.15,64.04
"B0010","https://nci-naaccr-zone-design.github.io/louisiana-2020/?address=B0010","Both","Mela","10yrs","Red River, Bienville, Natchitoches","Natchitoches, Martin, Arcadia, Ashland, Mount Lebanon, Lucky, Bienville, Coushatta, Goldonna",18.028,17.127,18.93,346065,5.4,5.13,5.67,260990,11.088,10.533,11.642,63010,27.92,45.62,41.15,64.04
"B0010","https://nci-naaccr-zone-design.github.io/louisiana-2020/?address=B0010","Female","Mela","10yrs","Red River, Bienville, Natchitoches","Natchitoches, Martin, Arcadia, Ashland, Mount Lebanon, Lucky, Bienville, Coushatta, Goldonna",9.727,9.24,10.213,176808,17.518,16.642,18.394,140410,3.478,3.304,3.652,63010,27.92,45.62,41.15,64.04
"B0010","https://nci-naaccr-zone-design.github.io/louisiana-2020/?address=B0010","Male","Mela","10yrs","Red River, Bienville, Natchitoches","Natchitoches, Martin, Arcadia, Ashland, Mount Lebanon, Lucky, Bienville, Coushatta, Goldonna",29.229,27.767,30.69,169257,10.176,9.667,10.684,120580,27.342,25.975,28.709,63010,27.92,45.62,41.15,64.04
"B0010","https://nci-naaccr-zone-design.github.io/louisiana-2020/?address=B0010","Both","Pancreas","10yrs","Red River, Bienville, Natchitoches","Natchitoches, Martin, Arcadia, Ashland, Mount Lebanon, Lucky, Bienville, Coushatta, Goldonna",15.412,14.642,16.183,346065,10.719,10.184,11.255,260990,11.507,10.932,12.082,63010,27.92,45.62,41.15,64.04
"B0010","https://nci-naaccr-zone-design.github.io/louisiana-2020/?address=B0010","Female","Pancreas","10yrs","Red River, Bienville, Natchitoches","Natchitoches, Martin, Arcadia, Ashland, Mount Lebanon, Lucky, Bienville, Coushatta, Goldonna",10.928,10.381,11.474,176808,15.655,14.873,16.438,140410,15.366,14.598,16.134,63010,27.92,45.62,41.15,64.04
"B0010","https://nci-naaccr-zone-design.github.io/louisiana-2020/?address=B0010","Male","Pancreas","10yrs","Red River, Bienville, Natchitoches","Natchitoches, Martin, Arcadia, Ashland, Mount Lebanon, Lucky, Bienville, Coushatta, Goldonna",14.528,13.802,15.255,169257,16.33,15.514,17.147,120580,16.629,15.798,17.46,63010,27.92,45.62,41.15,64.04
"B0010","https://nci-naaccr-zone-design.github.io/louisiana-2020/?address=B0010","Both","Leuks","10yrs","Red River, Bienville, Natchitoches","Natchitoches, Martin, Arcadia, Ashland, Mount Lebanon, Lucky, Bienville, Coushatta, Goldonna",10.61,10.08,11.141,346065,10.213,9.702,10.724,260990,17.215,16.355,18.076,63010,27.92,45.62,41.15,64.04
"B0010","https://nci-naaccr-zone-design.github.io/louisiana-2020/?address=B0010","Female","Leuks","10yrs","Red River, Bienville, Natchitoches","Natchitoches, Martin, Arcadia, Ashland, Mount Lebanon, Lucky, Bienville, Coushatta, Goldonna",11.656,11.073,12.239,176808,8.041,7.639,8.443,140410,10.875,10.331,11.418,63010,27.92,45.62,41.15,64.04
"B0010","https://nci-naaccr-zone-design.github.io/louisiana-2020/?address=B0010","Male","Leuks","10yrs","Red River, Bienville, Natchitoches","Natchitoches, Martin, Arcadia, Ashland, Mount Lebanon, Lucky, Bienville, Coushatta, Goldonna",13.05,12.398,13.703,169257,18.052,17.15,18.955,120580,17.303,16.438,18.168,63010,27.92,45.62,41.15,64.04
"B0010","https://nci-naaccr-zone-design.github.io/louisiana-2020/?address=B0010","Both","Oral","10yrs","Red River, Bienville, Natchitoches","Natchitoches, Martin, Arcadia, Ashland, Mount Lebanon, Lucky, Bienville, Coushatta, Goldonna",13.893,13.198,14.587,346065,7.977,7.578,8.375,260990,7.922,7.526,8.318,63010,27.92,45.62,41.15,64.04
"B0010","https://nci-naaccr-zone-design.github.io/louisiana-2020/?address=B0010","Female","Oral","10yrs","Red River, Bienville, Natchitoches","Natchitoches, Martin, Arcadia, Ashland, Mount Lebanon, Lucky, Bienville, Coushatta, Goldonna",6.43,6.109,6.752,176808,2.888,2.744,3.032,140410,6.331,6.014,6.647,63010,27.92,45.62,41.15,64.04
"B0010","https://nci-naaccr-zone-design.github.io/louisiana-2020/?address=B0010","Male","Oral","10yrs","Red River, Bienville, Natchitoches","Natchitoches, Martin, Arcadia, Ashland, Mount Lebanon, Lucky, Bienville, Coushatta, Goldonna",15.593,14.813,16.372,169257,16.358,15.54,17.175,120580,16.188,15.378,16.997,63010,27.92,45.62,41.15,64.04
"B0010","https://nci-naaccr-zone-design.github.io/louisiana-2020/?address=B0010","Both","Thyroid","10yrs","Red River, Bienville, Natchitoches","Natchitoches, Martin, Arcadia, Ashland, Mount Lebanon, Lucky, Bienville, Coushatta, Goldonna",17.288,16.424,18.153,346065,12.742,12.105,13.379,260990,13.41,12.739,14.08,63010,27.92,45.62,41.15,64.04
"B0010","https://nci-naaccr-zone-design.github.io/louisiana-2020/?address=B0010","Female","Thyroid","10yrs","Red River, Bienville, Natchitoches","Natchitoches, Martin, Arcadia, Ashland, Mount Lebanon, Lucky, Bienville, Coushatta, Goldonna",16.215,15.404,17.026,176808,16.628,15.797,17.46,140410,18.079,17.175,18.983,63010,27.92,45.62,41.15,64.04
"B0010","https://nci-naaccr-zone-design.github.io/louisiana-2020/?address=B0010","Male","Thyroid","10yrs","Red River, Bienville, Natchitoches","Natchitoches, Martin, Arcadia, Ashland, Mount Lebanon, Lucky, Bienville, Coushatta, Goldonna",8.285,7.871,8.699,169257,7.928,7.531,8.324,120580,7.366,6.998,7.735,63010,27.92,45.62,41.15,64.04
"B0010","https://nci-naaccr-zone-design.github.io/louisiana-2020/?address=B0010","Female","Uterine","10yrs","Red River, Bienville, Natchitoches","Natchitoches, Martin, Arcadia, Ashland, Mount Lebanon, Lucky, Bienville, Coushatta, Goldonna",14.048,13.345,14.75,176808,14.914,14.168,15.659,140410,25.981,24.682,27.28,63010,27.92,45.62,41.15,64.04
"B0010","https://nci-naaccr-zone-design.github.io/louisiana-2020/?address=B0010","Both","Liver","10yrs","Red River, Bienville, Natchitoches","Natchitoches, Martin, Arcadia, Ashland, Mount Lebanon, Lucky, Bienville, Coushatta, Goldonna",15.345,14.578,16.113,346065,14.959,14.211,15.707,260990,4.977,4.729,5.226,63010,27.92,45.62,41.15,64.04
"B0010","https://nci-naaccr-zone-design.github.io/louisiana-2020/?address=B0010","Female","Liver","10yrs","Red River, Bienville, Natchitoches","Natchitoches, Martin, Arcadia, Ashland, Mount Lebanon, Lucky, Bienville, Coushatta, Goldonna",2.149,2.041,2.256,176808,4.305,4.089,4.52,140410,4.462,4.239,4.685,63010,27.92,45.62,41.15,64.04
"B0010","https://nci-naaccr-zone-design.github.io/louisiana-2020/?address=B0010","Male","Liver","10yrs","Red River, Bienville, Natchitoches","Natchitoches, Martin, Arcadia, Ashland, Mount Lebanon, Lucky, Bienville, Coushatta, Goldonna",23.873,22.68,25.067,169257,15.159,14.401,15.917,120580,23.715,22.53,24.901,63010,27.92,45.62,41.15,64.04
"B0010","https://nci-naaccr-zone-design.github.io/louisiana-2020/?address=B0010","Both","Stomach","10yrs","Red River, Bienville, Natchitoches","Natchitoches, Martin, Arcadia, Ashland, Mount Lebanon, Lucky, Bienville, Coushatta, Goldonna",7.838,7.446,8.23,346065,9.252,8.789,9.714,260990,10.469,9.946,10.993,63010,27.92,45.62,41.15,64.04
"B0010","https://nci-naaccr-zone-design.github.io/louisiana-2020/?address=B0010","Female","Stomach","10yrs","Red River, Bienville, Natchitoches","Natchitoches, Martin, Arcadia, Ashland, Mount Lebanon, Lucky, Bienville, Coushatta, Goldonna",7.794,7.405,8.184,176808,9.232,8.77,9.694,140410,3.351,3.183,3.518,63010,27.92,45.62,41.15,64.04
"B0010","https://nci-naaccr-zone-design.github.io/louisiana-2020/?address=B0010","Male","Stomach","10yrs","Red River, Bienville, Natchitoches","Natchitoches, Martin, Arcadia, Ashland, Mount Lebanon, Lucky, Bienville, Coushatta, Goldonna",7.718,7.332,8.104,169257,10.181,9.672,10.69,120580,11.758,11.17,12.346,63010,27.92,45.62,41.15,64.04
"B0010","https://nci-naaccr-zone-design.github.io/louisiana-2020/?address=B0010","Both","Myeloma","10yrs","Red River, Bienville, Natchitoches","Natchitoches, Martin, Arcadia, Ashland, Mount Lebanon, Lucky, Bienville, Coushatta, Goldonna",4.39,4.171,4.61,346065,7.775,7.387,8.164,260990,6.701,6.366,7.036,63010,27.92,45.62,41.15,64.04
"B0010","https://nci-naaccr-zone-design.github.io/louisiana-2020/?address=B0010","Female","Myeloma","10yrs","Red River, Bienville, Natchitoches","Natchitoches, Martin, Arcadia, Ashland, Mount Lebanon, Lucky, Bienville, Coushatta, Goldonna",5.387,5.118,5.657,176808,2.803,2.663,2.943,140410,7.106,6.751,7.461,63010,27.92,45.62,41.15,64.04
"B0010","https://nci-naaccr-zone-design.github.io/louisiana-2020/?address=B0010","Male","Myeloma","10yrs","Red River, Bienville, Natchitoches","Natchitoches, Martin, Arcadia, Ashland, Mount Lebanon, Lucky, Bienville, Coushatta, Goldonna",17.384,16.515,18.253,169257,15.583,14.804,16.362,120580,16.835,15.993,17.677,63010,27.92,45.62,41.15,64.04
"B0010","https://nci-naaccr-zone-design.github.io/louisiana-2020/?address=B0010","Both","Brain","10yrs","Red River, Bienville, Natchitoches","Natchitoches, Martin, Arcadia, Ashland, Mount Lebanon, Lucky, Bienville, Coushatta, Goldonna",7.434,7.062,7.806,346065,5.481,5.207,5.755,260990,8.364,7.946,8.782,63010,27.92,45.62,41.15,64.04
"B0010","https://nci-naaccr-zone-design.github.io/louisiana-2020/?address=B0010","Female","Brain","10yrs","Red River, Bienville, Natchitoches","Natchitoches, Martin, Arcadia, Ashland, Mount Lebanon, Lucky, Bienville, Coushatta, Goldonna",4.873,4.629,5.116,176808,3.039,2.887,3.191,140410,6.284,5.97,6.598,63010,27.92,45.62,41.15,64.04
"B0010","https://nci-naaccr-zone-design.github.io/louisiana-2020/?address=B0010","Male","Brain","10yrs","Red River, Bienville, Natchitoches","Natchitoches, Martin, Arcadia, Ashland, Mount Lebanon, Lucky, Bienville, Coushatta, Goldonna",9.416,8.945,9.887,169257,7.66,7.277,8.043,120580,8.44,8.018,8.862,63010,27.92,45.62,41.15,64.04
"B0010","https://nci-naaccr-zone-design.github.io/louisiana-2020/?address=B0010","Both","Larynx","10yrs","Red River, Bienville, Natchitoches","Natchitoches, Martin, Arcadia, Ashland, Mount Lebanon, Lucky, Bienville, Coushatta, Goldonna",7.647,7.264,8.029,346065,5.984,5.685,6.283,260990,7.98,7.581,8.379,63010,27.92,45.62,41.15,64.04
"B0010","https://nci-naaccr-zone-design.github.io/louisiana-2020/?address=B0010","Female","Larynx","10yrs","Red River, Bienville, Natchitoches","Natchitoches, Martin, Arcadia, Ashland, Mount Lebanon, Lucky, Bienville, Coushatta, Goldonna",2.015,1.914,2.116,176808,"","","",140410,3.936,3.74,4.133,63010,27.92,45.62,41.15,64.04
"B0010","https://nci-naaccr-zone-design.github.io/louisiana-2020/?address=B0010","Male","Larynx","10yrs","Red River, Bienville, Natchitoches","Natchitoches, Martin, Arcadia, Ashland, Mount Lebanon, Lucky, Bienville, Coushatta, Goldonna",13.168,12.509,13.826,169257,12.885,12.241,13.53,120580,7.607,7.227,7.987,63010,27.92,45.62,41.15,64.04
"B0010","https://nci-naaccr-zone-design.github.io/louisiana-2020/?address=B0010","Female","Ovary","10yrs","Red River, Bienville, Natchitoches","Natchitoches, Martin, Arcadia, Ashland, Mount Lebanon, Lucky, Bienville, Coushatta, Goldonna",15.499,14.724,16.274,176808,6.8,6.46,7.14,140410,5.761,5.473,6.049,63010,27.92,45.62,41.15,64.04
"B0010","https://nci-naaccr-zone-design.github.io/louisiana-2020/?address=B0010","Both","Esoph","10yrs","Red River, Bienville, Natchitoches","Natchitoches, Martin, Arcadia, Ashland, Mount Lebanon, Lucky, Bienville, Coushatta, Goldonna",4.723,4.487,4.96,346065,4.665,4.431,4.898,260990,5.255,4.992,5.517,63010,27.92,45.62,41.15,64.04
"B0010","https://nci-naaccr-zone-design.github.io/louisiana-2020/?address=B0010","Female","Esoph","10yrs","Red River, Bienville, Natchitoches","Natchitoches, Martin, Arcadia, Ashland, Mount Lebanon, Lucky, Bienville, Coushatta, Goldonna",1.962,1.864,2.06,176808,2.551,2.424,2.679,140410,3.089,2.935,3.244,63010,27.92,45.62,41.15,64.04
"B0010","https://nci-naaccr-zone-design.github.io/louisiana-2020/?address=B0010","Male","Esoph","10yrs","Red River, Bienville, Natchitoches","Natchitoches, Martin, Arcadia, Ashland, Mount Lebanon, Lucky, Bienville, Coushatta, Goldonna",7.935,7.538,8.331,169257,7.509,7.133,7.884,120580,8.055,7.652,8.458,63010,27.92,45.62,41.15,64.04
