"Zone","URL","Sex","Cancer","Years","Counties","Places","AAIR","LCI","UCI","White_PopTot","White_AAIR","White_LCI","White_UCI","Black_PopTot","Black_AAIR","Black_LCI","Black_UCI","TotalPop","Pct100Pov","PctMinority","PctBlackNH","PctRural"
"B0032","https://nci-naaccr-zone-design.github.io/louisiana-2020/?address=B0032","Both","AllSite","05yrs","West Baton Rouge, Iberville","St. Gabriel, Rosedale, Port Allen, Addis, Erwinville",496.097,471.292,520.902,151705,468.403,444.983,491.823,128516,469.605,446.125,493.086,57175,19.99,47.67,44.23,47.25
"B0032","https://nci-naaccr-zone-design.github.io/louisiana-2020/?address=B0032","Female","AllSite","05yrs","West Baton Rouge, Iberville","St. Gabriel, Rosedale, Port Allen, Addis, Erwinville",385.41,366.139,404.68,75894,401.837,381.745,421.928,64397,405.47,385.197,425.744,57175,19.99,47.67,44.23,47.25
"B0032","https://nci-naaccr-zone-design.github.io/louisiana-2020/?address=B0032","Male","AllSite","05yrs","West Baton Rouge, Iberville","St. Gabriel, Rosedale, Port Allen, Addis, Erwinville",652.567,619.939,685.196,75811,653.671,620.988,686.355,64119,666.609,633.279,699.94,57175,19.99,47.67,44.23,47.25
"B0032","https://nci-naaccr-zone-design.github.io/louisiana-2020/?address=B0032","Male","Prostate","05yrs","West Baton Rouge, Iberville","St. Gabriel, Rosedale, Port Allen, Addis, Erwinville",184.575,175.346,193.803,75811,149.948,142.451,157.445,64119,139.2,132.24,146.16,57175,19.99,47.67,44.23,47.25
"B0032","https://nci-naaccr-zone-design.github.io/louisiana-2020/?address=B0032","Both","Lung","05yrs","West Baton Rouge, Iberville","St. Gabriel, Rosedale, Port Allen, Addis, Erwinville",76.693,72.858,80.527,151705,51.176,48.617,53.735,128516,76.111,72.306,79.917,57175,19.99,47.67,44.23,47.25
"B0032","https://nci-naaccr-zone-design.github.io/louisiana-2020/?address=B0032","Female","Lung","05yrs","West Baton Rouge, Iberville","St. Gabriel, Rosedale, Port Allen, Addis, Erwinville",68.74,65.303,72.177,75894,56.83,53.989,59.672,64397,45.646,43.363,47.928,57175,19.99,47.67,44.23,47.25
"B0032","https://nci-naaccr-zone-design.github.io/louisiana-2020/?address=B0032","Male","Lung","05yrs","West Baton Rouge, Iberville","St. Gabriel, Rosedale, Port Allen, Addis, Erwinville",73.069,69.416,76.723,75811,97.957,93.059,102.855,64119,65.152,61.895,68.41,57175,19.99,47.67,44.23,47.25
"B0032","https://nci-naaccr-zone-design.github.io/louisiana-2020/?address=B0032","Female","Breast","05yrs","West Baton Rouge, Iberville","St. Gabriel, Rosedale, Port Allen, Addis, Erwinville",97.654,92.771,102.536,75894,136.083,129.279,142.887,64397,104.578,99.349,109.807,57175,19.99,47.67,44.23,47.25
"B0032","https://nci-naaccr-zone-design.github.io/louisiana-2020/?address=B0032","Both","CRC","05yrs","West Baton Rouge, Iberville","St. Gabriel, Rosedale, Port Allen, Addis, Erwinville",35.139,33.382,36.896,151705,56.825,53.984,59.666,128516,58.457,55.534,61.38,57175,19.99,47.67,44.23,47.25
"B0032","https://nci-naaccr-zone-design.github.io/louisiana-2020/?address=B0032","Female","CRC","05yrs","West Baton Rouge, Iberville","St. Gabriel, Rosedale, Port Allen, Addis, Erwinville",45.885,43.591,48.18,75894,40.132,38.125,42.138,64397,35.823,34.032,37.614,57175,19.99,47.67,44.23,47.25
"B0032","https://nci-naaccr-zone-design.github.io/louisiana-2020/?address=B0032","Male","CRC","05yrs","West Baton Rouge, Iberville","St. Gabriel, Rosedale, Port Allen, Addis, Erwinville",38.933,36.987,40.88,75811,73.386,69.716,77.055,64119,43.053,40.9,45.206,57175,19.99,47.67,44.23,47.25
"B0032","https://nci-naaccr-zone-design.github.io/louisiana-2020/?address=B0032","Both","Kidney","05yrs","West Baton Rouge, Iberville","St. Gabriel, Rosedale, Port Allen, Addis, Erwinville",19.476,18.503,20.45,151705,25.983,24.684,27.283,128516,15.637,14.855,16.419,57175,19.99,47.67,44.23,47.25
"B0032","https://nci-naaccr-zone-design.github.io/louisiana-2020/?address=B0032","Female","Kidney","05yrs","West Baton Rouge, Iberville","St. Gabriel, Rosedale, Port Allen, Addis, Erwinville",11.309,10.744,11.875,75894,22.347,21.23,23.465,64397,12.496,11.871,13.12,57175,19.99,47.67,44.23,47.25
"B0032","https://nci-naaccr-zone-design.github.io/louisiana-2020/?address=B0032","Male","Kidney","05yrs","West Baton Rouge, Iberville","St. Gabriel, Rosedale, Port Allen, Addis, Erwinville",31.634,30.052,33.216,75811,25.684,24.4,26.968,64119,19.323,18.357,20.29,57175,19.99,47.67,44.23,47.25
"B0032","https://nci-naaccr-zone-design.github.io/louisiana-2020/?address=B0032","Both","NHL","05yrs","West Baton Rouge, Iberville","St. Gabriel, Rosedale, Port Allen, Addis, Erwinville",23.818,22.627,25.008,151705,15.403,14.633,16.173,128516,14.177,13.468,14.886,57175,19.99,47.67,44.23,47.25
"B0032","https://nci-naaccr-zone-design.github.io/louisiana-2020/?address=B0032","Female","NHL","05yrs","West Baton Rouge, Iberville","St. Gabriel, Rosedale, Port Allen, Addis, Erwinville",17.708,16.822,18.593,75894,19.999,18.999,20.999,64397,16.921,16.075,17.767,57175,19.99,47.67,44.23,47.25
"B0032","https://nci-naaccr-zone-design.github.io/louisiana-2020/?address=B0032","Male","NHL","05yrs","West Baton Rouge, Iberville","St. Gabriel, Rosedale, Port Allen, Addis, Erwinville",28.69,27.255,30.124,75811,25.855,24.562,27.148,64119,20.714,19.678,21.75,57175,19.99,47.67,44.23,47.25
"B0032","https://nci-naaccr-zone-design.github.io/louisiana-2020/?address=B0032","Both","Urinary","05yrs","West Baton Rouge, Iberville","St. Gabriel, Rosedale, Port Allen, Addis, Erwinville",19.86,18.867,20.853,151705,19.319,18.353,20.285,128516,20.879,19.835,21.923,57175,19.99,47.67,44.23,47.25
"B0032","https://nci-naaccr-zone-design.github.io/louisiana-2020/?address=B0032","Female","Urinary","05yrs","West Baton Rouge, Iberville","St. Gabriel, Rosedale, Port Allen, Addis, Erwinville",6.785,6.445,7.124,75894,5.79,5.501,6.08,64397,9.136,8.679,9.592,57175,19.99,47.67,44.23,47.25
"B0032","https://nci-naaccr-zone-design.github.io/louisiana-2020/?address=B0032","Male","Urinary","05yrs","West Baton Rouge, Iberville","St. Gabriel, Rosedale, Port Allen, Addis, Erwinville",19.717,18.731,20.702,75811,45.715,43.429,48.0,64119,27.407,26.037,28.778,57175,19.99,47.67,44.23,47.25
"B0032","https://nci-naaccr-zone-design.github.io/louisiana-2020/?address=B0032","Both","Mela","05yrs","West Baton Rouge, Iberville","St. Gabriel, Rosedale, Port Allen, Addis, Erwinville",15.054,14.301,15.806,151705,14.59,13.861,15.32,128516,14.46,13.737,15.183,57175,19.99,47.67,44.23,47.25
"B0032","https://nci-naaccr-zone-design.github.io/louisiana-2020/?address=B0032","Female","Mela","05yrs","West Baton Rouge, Iberville","St. Gabriel, Rosedale, Port Allen, Addis, Erwinville",20.057,19.055,21.06,75894,18.056,17.153,18.958,64397,12.589,11.96,13.218,57175,19.99,47.67,44.23,47.25
"B0032","https://nci-naaccr-zone-design.github.io/louisiana-2020/?address=B0032","Male","Mela","05yrs","West Baton Rouge, Iberville","St. Gabriel, Rosedale, Port Allen, Addis, Erwinville",14.634,13.902,15.365,75811,10.153,9.646,10.661,64119,6.292,5.977,6.607,57175,19.99,47.67,44.23,47.25
"B0032","https://nci-naaccr-zone-design.github.io/louisiana-2020/?address=B0032","Both","Pancreas","05yrs","West Baton Rouge, Iberville","St. Gabriel, Rosedale, Port Allen, Addis, Erwinville",9.839,9.347,10.331,151705,11.079,10.525,11.633,128516,15.801,15.011,16.592,57175,19.99,47.67,44.23,47.25
"B0032","https://nci-naaccr-zone-design.github.io/louisiana-2020/?address=B0032","Female","Pancreas","05yrs","West Baton Rouge, Iberville","St. Gabriel, Rosedale, Port Allen, Addis, Erwinville",13.675,12.992,14.359,75894,10.909,10.364,11.455,64397,16.737,15.9,17.574,57175,19.99,47.67,44.23,47.25
"B0032","https://nci-naaccr-zone-design.github.io/louisiana-2020/?address=B0032","Male","Pancreas","05yrs","West Baton Rouge, Iberville","St. Gabriel, Rosedale, Port Allen, Addis, Erwinville",18.28,17.366,19.194,75811,20.122,19.116,21.128,64119,18.539,17.612,19.466,57175,19.99,47.67,44.23,47.25
"B0032","https://nci-naaccr-zone-design.github.io/louisiana-2020/?address=B0032","Both","Leuks","05yrs","West Baton Rouge, Iberville","St. Gabriel, Rosedale, Port Allen, Addis, Erwinville",9.192,8.732,9.651,151705,9.56,9.082,10.038,128516,17.196,16.336,18.056,57175,19.99,47.67,44.23,47.25
"B0032","https://nci-naaccr-zone-design.github.io/louisiana-2020/?address=B0032","Female","Leuks","05yrs","West Baton Rouge, Iberville","St. Gabriel, Rosedale, Port Allen, Addis, Erwinville",9.674,9.19,10.157,75894,11.599,11.019,12.179,64397,13.404,12.734,14.074,57175,19.99,47.67,44.23,47.25
"B0032","https://nci-naaccr-zone-design.github.io/louisiana-2020/?address=B0032","Male","Leuks","05yrs","West Baton Rouge, Iberville","St. Gabriel, Rosedale, Port Allen, Addis, Erwinville",12.394,11.775,13.014,75811,19.337,18.371,20.304,64119,14.428,13.706,15.149,57175,19.99,47.67,44.23,47.25
"B0032","https://nci-naaccr-zone-design.github.io/louisiana-2020/?address=B0032","Both","Oral","05yrs","West Baton Rouge, Iberville","St. Gabriel, Rosedale, Port Allen, Addis, Erwinville",10.983,10.434,11.532,151705,14.084,13.38,14.788,128516,13.916,13.22,14.612,57175,19.99,47.67,44.23,47.25
"B0032","https://nci-naaccr-zone-design.github.io/louisiana-2020/?address=B0032","Female","Oral","05yrs","West Baton Rouge, Iberville","St. Gabriel, Rosedale, Port Allen, Addis, Erwinville",3.523,3.347,3.699,75894,4.325,4.109,4.541,64397,"","","",57175,19.99,47.67,44.23,47.25
"B0032","https://nci-naaccr-zone-design.github.io/louisiana-2020/?address=B0032","Male","Oral","05yrs","West Baton Rouge, Iberville","St. Gabriel, Rosedale, Port Allen, Addis, Erwinville",12.193,11.583,12.803,75811,20.387,19.368,21.407,64119,20.845,19.803,21.887,57175,19.99,47.67,44.23,47.25
"B0032","https://nci-naaccr-zone-design.github.io/louisiana-2020/?address=B0032","Both","Thyroid","05yrs","West Baton Rouge, Iberville","St. Gabriel, Rosedale, Port Allen, Addis, Erwinville",8.555,8.127,8.983,151705,9.566,9.088,10.044,128516,8.282,7.868,8.696,57175,19.99,47.67,44.23,47.25
"B0032","https://nci-naaccr-zone-design.github.io/louisiana-2020/?address=B0032","Female","Thyroid","05yrs","West Baton Rouge, Iberville","St. Gabriel, Rosedale, Port Allen, Addis, Erwinville",14.037,13.335,14.739,75894,16.928,16.082,17.775,64397,26.172,24.864,27.481,57175,19.99,47.67,44.23,47.25
"B0032","https://nci-naaccr-zone-design.github.io/louisiana-2020/?address=B0032","Male","Thyroid","05yrs","West Baton Rouge, Iberville","St. Gabriel, Rosedale, Port Allen, Addis, Erwinville",3.949,3.752,4.147,75811,4.755,4.517,4.993,64119,7.871,7.477,8.264,57175,19.99,47.67,44.23,47.25
"B0032","https://nci-naaccr-zone-design.github.io/louisiana-2020/?address=B0032","Female","Uterine","05yrs","West Baton Rouge, Iberville","St. Gabriel, Rosedale, Port Allen, Addis, Erwinville",24.16,22.952,25.368,75894,23.428,22.257,24.6,64397,17.519,16.643,18.395,57175,19.99,47.67,44.23,47.25
"B0032","https://nci-naaccr-zone-design.github.io/louisiana-2020/?address=B0032","Both","Liver","05yrs","West Baton Rouge, Iberville","St. Gabriel, Rosedale, Port Allen, Addis, Erwinville",10.328,9.812,10.844,151705,10.185,9.676,10.694,128516,15.493,14.718,16.267,57175,19.99,47.67,44.23,47.25
"B0032","https://nci-naaccr-zone-design.github.io/louisiana-2020/?address=B0032","Female","Liver","05yrs","West Baton Rouge, Iberville","St. Gabriel, Rosedale, Port Allen, Addis, Erwinville",5.529,5.253,5.806,75894,6.691,6.356,7.025,64397,"","","",57175,19.99,47.67,44.23,47.25
"B0032","https://nci-naaccr-zone-design.github.io/louisiana-2020/?address=B0032","Male","Liver","05yrs","West Baton Rouge, Iberville","St. Gabriel, Rosedale, Port Allen, Addis, Erwinville",10.045,9.543,10.547,75811,22.859,21.716,24.002,64119,16.505,15.68,17.33,57175,19.99,47.67,44.23,47.25
"B0032","https://nci-naaccr-zone-design.github.io/louisiana-2020/?address=B0032","Both","Stomach","05yrs","West Baton Rouge, Iberville","St. Gabriel, Rosedale, Port Allen, Addis, Erwinville",6.209,5.898,6.519,151705,9.398,8.928,9.868,128516,5.912,5.616,6.207,57175,19.99,47.67,44.23,47.25
"B0032","https://nci-naaccr-zone-design.github.io/louisiana-2020/?address=B0032","Female","Stomach","05yrs","West Baton Rouge, Iberville","St. Gabriel, Rosedale, Port Allen, Addis, Erwinville",6.905,6.56,7.251,75894,4.375,4.156,4.593,64397,"","","",57175,19.99,47.67,44.23,47.25
"B0032","https://nci-naaccr-zone-design.github.io/louisiana-2020/?address=B0032","Male","Stomach","05yrs","West Baton Rouge, Iberville","St. Gabriel, Rosedale, Port Allen, Addis, Erwinville",14.777,14.038,15.516,75811,15.396,14.626,16.166,64119,"","","",57175,19.99,47.67,44.23,47.25
"B0032","https://nci-naaccr-zone-design.github.io/louisiana-2020/?address=B0032","Both","Myeloma","05yrs","West Baton Rouge, Iberville","St. Gabriel, Rosedale, Port Allen, Addis, Erwinville",5.187,4.928,5.447,151705,4.452,4.23,4.675,128516,14.6,13.87,15.33,57175,19.99,47.67,44.23,47.25
"B0032","https://nci-naaccr-zone-design.github.io/louisiana-2020/?address=B0032","Female","Myeloma","05yrs","West Baton Rouge, Iberville","St. Gabriel, Rosedale, Port Allen, Addis, Erwinville",11.912,11.316,12.507,75894,"","","",64397,7.386,7.017,7.755,57175,19.99,47.67,44.23,47.25
"B0032","https://nci-naaccr-zone-design.github.io/louisiana-2020/?address=B0032","Male","Myeloma","05yrs","West Baton Rouge, Iberville","St. Gabriel, Rosedale, Port Allen, Addis, Erwinville",15.447,14.675,16.219,75811,10.628,10.097,11.16,64119,5.234,4.972,5.495,57175,19.99,47.67,44.23,47.25
"B0032","https://nci-naaccr-zone-design.github.io/louisiana-2020/?address=B0032","Both","Brain","05yrs","West Baton Rouge, Iberville","St. Gabriel, Rosedale, Port Allen, Addis, Erwinville",7.025,6.673,7.376,151705,7.535,7.159,7.912,128516,7.016,6.665,7.367,57175,19.99,47.67,44.23,47.25
"B0032","https://nci-naaccr-zone-design.github.io/louisiana-2020/?address=B0032","Female","Brain","05yrs","West Baton Rouge, Iberville","St. Gabriel, Rosedale, Port Allen, Addis, Erwinville",7.741,7.354,8.128,75894,"","","",64397,"","","",57175,19.99,47.67,44.23,47.25
"B0032","https://nci-naaccr-zone-design.github.io/louisiana-2020/?address=B0032","Male","Brain","05yrs","West Baton Rouge, Iberville","St. Gabriel, Rosedale, Port Allen, Addis, Erwinville",10.85,10.308,11.393,75811,10.337,9.82,10.853,64119,"","","",57175,19.99,47.67,44.23,47.25
"B0032","https://nci-naaccr-zone-design.github.io/louisiana-2020/?address=B0032","Both","Larynx","05yrs","West Baton Rouge, Iberville","St. Gabriel, Rosedale, Port Allen, Addis, Erwinville",7.907,7.512,8.302,151705,6.515,6.189,6.84,128516,5.022,4.771,5.273,57175,19.99,47.67,44.23,47.25
"B0032","https://nci-naaccr-zone-design.github.io/louisiana-2020/?address=B0032","Female","Larynx","05yrs","West Baton Rouge, Iberville","St. Gabriel, Rosedale, Port Allen, Addis, Erwinville",4.049,3.847,4.252,75894,"","","",64397,"","","",57175,19.99,47.67,44.23,47.25
"B0032","https://nci-naaccr-zone-design.github.io/louisiana-2020/?address=B0032","Male","Larynx","05yrs","West Baton Rouge, Iberville","St. Gabriel, Rosedale, Port Allen, Addis, Erwinville",4.47,4.246,4.693,75811,11.5,10.925,12.075,64119,10.019,9.518,10.52,57175,19.99,47.67,44.23,47.25
"B0032","https://nci-naaccr-zone-design.github.io/louisiana-2020/?address=B0032","Female","Ovary","05yrs","West Baton Rouge, Iberville","St. Gabriel, Rosedale, Port Allen, Addis, Erwinville",6.933,6.586,7.279,75894,4.65,4.418,4.883,64397,8.752,8.314,9.189,57175,19.99,47.67,44.23,47.25
"B0032","https://nci-naaccr-zone-design.github.io/louisiana-2020/?address=B0032","Both","Esoph","05yrs","West Baton Rouge, Iberville","St. Gabriel, Rosedale, Port Allen, Addis, Erwinville",2.944,2.796,3.091,151705,7.883,7.489,8.278,128516,3.48,3.306,3.654,57175,19.99,47.67,44.23,47.25
"B0032","https://nci-naaccr-zone-design.github.io/louisiana-2020/?address=B0032","Female","Esoph","05yrs","West Baton Rouge, Iberville","St. Gabriel, Rosedale, Port Allen, Addis, Erwinville","","","",75894,"","","",64397,"","","",57175,19.99,47.67,44.23,47.25
"B0032","https://nci-naaccr-zone-design.github.io/louisiana-2020/?address=B0032","Male","Esoph","05yrs","West Baton Rouge, Iberville","St. Gabriel, Rosedale, Port Allen, Addis, Erwinville",13.892,13.197,14.586,75811,8.609,8.179,9.04,64119,11.143,10.586,11.7,57175,19.99,47.67,44.23,47.25
"B0032","https://nci-naaccr-zone-design.github.io/louisiana-2020/?address=B0032","Both","AllSite","10yrs","West Baton Rouge, Iberville","St. Gabriel, Rosedale, Port Allen, Addis, Erwinville",536.436,509.614,563.258,300991,465.834,442.543,489.126,256089,450.228,427.717,472.739,57175,19.99,47.67,44.23,47.25
"B0032","https://nci-naaccr-zone-design.github.io/louisiana-2020/?address=B0032","Female","AllSite","10yrs","West Baton Rouge, Iberville","St. Gabriel, Rosedale, Port Allen, Addis, Erwinville",442.65,420.517,464.782,150661,444.829,422.587,467.07,127917,400.327,380.31,420.343,57175,19.99,47.67,44.23,47.25
"B0032","https://nci-naaccr-zone-design.github.io/louisiana-2020/?address=B0032","Male","AllSite","10yrs","West Baton Rouge, Iberville","St. Gabriel, Rosedale, Port Allen, Addis, Erwinville",563.503,535.328,591.678,150330,547.261,519.898,574.624,128172,635.861,604.068,667.654,57175,19.99,47.67,44.23,47.25
"B0032","https://nci-naaccr-zone-design.github.io/louisiana-2020/?address=B0032","Male","Prostate","10yrs","West Baton Rouge, Iberville","St. Gabriel, Rosedale, Port Allen, Addis, Erwinville",200.695,190.66,210.73,150330,191.436,181.864,201.008,128172,192.246,182.634,201.859,57175,19.99,47.67,44.23,47.25
"B0032","https://nci-naaccr-zone-design.github.io/louisiana-2020/?address=B0032","Both","Lung","10yrs","West Baton Rouge, Iberville","St. Gabriel, Rosedale, Port Allen, Addis, Erwinville",76.185,72.375,79.994,300991,74.552,70.825,78.28,256089,48.584,46.154,51.013,57175,19.99,47.67,44.23,47.25
"B0032","https://nci-naaccr-zone-design.github.io/louisiana-2020/?address=B0032","Female","Lung","10yrs","West Baton Rouge, Iberville","St. Gabriel, Rosedale, Port Allen, Addis, Erwinville",69.536,66.059,73.013,150661,65.524,62.248,68.8,127917,58.55,55.622,61.477,57175,19.99,47.67,44.23,47.25
"B0032","https://nci-naaccr-zone-design.github.io/louisiana-2020/?address=B0032","Male","Lung","10yrs","West Baton Rouge, Iberville","St. Gabriel, Rosedale, Port Allen, Addis, Erwinville",108.168,102.76,113.577,150330,116.074,110.27,121.878,128172,88.448,84.026,92.871,57175,19.99,47.67,44.23,47.25
"B0032","https://nci-naaccr-zone-design.github.io/louisiana-2020/?address=B0032","Female","Breast","10yrs","West Baton Rouge, Iberville","St. Gabriel, Rosedale, Port Allen, Addis, Erwinville",106.877,101.533,112.221,150661,107.589,102.209,112.968,127917,127.047,120.695,133.4,57175,19.99,47.67,44.23,47.25
"B0032","https://nci-naaccr-zone-design.github.io/louisiana-2020/?address=B0032","Both","CRC","10yrs","West Baton Rouge, Iberville","St. Gabriel, Rosedale, Port Allen, Addis, Erwinville",56.085,53.281,58.889,300991,57.032,54.18,59.883,256089,41.94,39.843,44.037,57175,19.99,47.67,44.23,47.25
"B0032","https://nci-naaccr-zone-design.github.io/louisiana-2020/?address=B0032","Female","CRC","10yrs","West Baton Rouge, Iberville","St. Gabriel, Rosedale, Port Allen, Addis, Erwinville",30.704,29.169,32.239,150661,50.473,47.949,52.997,127917,49.513,47.037,51.988,57175,19.99,47.67,44.23,47.25
"B0032","https://nci-naaccr-zone-design.github.io/louisiana-2020/?address=B0032","Male","CRC","10yrs","West Baton Rouge, Iberville","St. Gabriel, Rosedale, Port Allen, Addis, Erwinville",50.722,48.186,53.258,150330,58.9,55.955,61.845,128172,57.941,55.044,60.838,57175,19.99,47.67,44.23,47.25
"B0032","https://nci-naaccr-zone-design.github.io/louisiana-2020/?address=B0032","Both","Kidney","10yrs","West Baton Rouge, Iberville","St. Gabriel, Rosedale, Port Allen, Addis, Erwinville",19.429,18.457,20.4,300991,15.266,14.503,16.03,256089,17.189,16.33,18.049,57175,19.99,47.67,44.23,47.25
"B0032","https://nci-naaccr-zone-design.github.io/louisiana-2020/?address=B0032","Female","Kidney","10yrs","West Baton Rouge, Iberville","St. Gabriel, Rosedale, Port Allen, Addis, Erwinville",16.657,15.825,17.49,150661,10.505,9.98,11.03,127917,13.993,13.293,14.692,57175,19.99,47.67,44.23,47.25
"B0032","https://nci-naaccr-zone-design.github.io/louisiana-2020/?address=B0032","Male","Kidney","10yrs","West Baton Rouge, Iberville","St. Gabriel, Rosedale, Port Allen, Addis, Erwinville",32.606,30.976,34.237,150330,22.287,21.172,23.401,128172,26.98,25.631,28.329,57175,19.99,47.67,44.23,47.25
"B0032","https://nci-naaccr-zone-design.github.io/louisiana-2020/?address=B0032","Both","NHL","10yrs","West Baton Rouge, Iberville","St. Gabriel, Rosedale, Port Allen, Addis, Erwinville",21.195,20.135,22.255,300991,18.337,17.42,19.253,256089,14.81,14.07,15.551,57175,19.99,47.67,44.23,47.25
"B0032","https://nci-naaccr-zone-design.github.io/louisiana-2020/?address=B0032","Female","NHL","10yrs","West Baton Rouge, Iberville","St. Gabriel, Rosedale, Port Allen, Addis, Erwinville",12.964,12.316,13.612,150661,16.561,15.733,17.389,127917,18.106,17.2,19.011,57175,19.99,47.67,44.23,47.25
"B0032","https://nci-naaccr-zone-design.github.io/louisiana-2020/?address=B0032","Male","NHL","10yrs","West Baton Rouge, Iberville","St. Gabriel, Rosedale, Port Allen, Addis, Erwinville",16.557,15.729,17.385,150330,19.697,18.712,20.682,128172,22.315,21.199,23.431,57175,19.99,47.67,44.23,47.25
"B0032","https://nci-naaccr-zone-design.github.io/louisiana-2020/?address=B0032","Both","Urinary","10yrs","West Baton Rouge, Iberville","St. Gabriel, Rosedale, Port Allen, Addis, Erwinville",13.824,13.133,14.516,300991,23.419,22.248,24.59,256089,13.534,12.857,14.211,57175,19.99,47.67,44.23,47.25
"B0032","https://nci-naaccr-zone-design.github.io/louisiana-2020/?address=B0032","Female","Urinary","10yrs","West Baton Rouge, Iberville","St. Gabriel, Rosedale, Port Allen, Addis, Erwinville",9.723,9.237,10.209,150661,3.928,3.732,4.125,127917,9.612,9.131,10.092,57175,19.99,47.67,44.23,47.25
"B0032","https://nci-naaccr-zone-design.github.io/louisiana-2020/?address=B0032","Male","Urinary","10yrs","West Baton Rouge, Iberville","St. Gabriel, Rosedale, Port Allen, Addis, Erwinville",36.005,34.204,37.805,150330,33.81,32.12,35.501,128172,38.214,36.303,40.125,57175,19.99,47.67,44.23,47.25
"B0032","https://nci-naaccr-zone-design.github.io/louisiana-2020/?address=B0032","Both","Mela","10yrs","West Baton Rouge, Iberville","St. Gabriel, Rosedale, Port Allen, Addis, Erwinville",13.535,12.859,14.212,300991,5.894,5.599,6.188,256089,13.904,13.209,14.599,57175,19.99,47.67,44.23,47.25
"B0032","https://nci-naaccr-zone-design.github.io/louisiana-2020/?address=B0032","Female","Mela","10yrs","West Baton Rouge, Iberville","St. Gabriel, Rosedale, Port Allen, Addis, Erwinville",18.223,17.312,19.134,150661,8.574,8.146,9.003,127917,6.272,5.959,6.586,57175,19.99,47.67,44.23,47.25
"B0032","https://nci-naaccr-zone-design.github.io/louisiana-2020/?address=B0032","Male","Mela","10yrs","West Baton Rouge, Iberville","St. Gabriel, Rosedale, Port Allen, Addis, Erwinville",39.662,37.679,41.645,150330,6.938,6.591,7.285,128172,20.678,19.644,21.712,57175,19.99,47.67,44.23,47.25
"B0032","https://nci-naaccr-zone-design.github.io/louisiana-2020/?address=B0032","Both","Pancreas","10yrs","West Baton Rouge, Iberville","St. Gabriel, Rosedale, Port Allen, Addis, Erwinville",13.361,12.693,14.029,300991,15.992,15.192,16.791,256089,10.672,10.139,11.206,57175,19.99,47.67,44.23,47.25
"B0032","https://nci-naaccr-zone-design.github.io/louisiana-2020/?address=B0032","Female","Pancreas","10yrs","West Baton Rouge, Iberville","St. Gabriel, Rosedale, Port Allen, Addis, Erwinville",9.353,8.885,9.821,150661,13.568,12.889,14.246,127917,15.094,14.339,15.848,57175,19.99,47.67,44.23,47.25
"B0032","https://nci-naaccr-zone-design.github.io/louisiana-2020/?address=B0032","Male","Pancreas","10yrs","West Baton Rouge, Iberville","St. Gabriel, Rosedale, Port Allen, Addis, Erwinville",17.678,16.794,18.562,150330,10.692,10.157,11.226,128172,12.973,12.324,13.621,57175,19.99,47.67,44.23,47.25
"B0032","https://nci-naaccr-zone-design.github.io/louisiana-2020/?address=B0032","Both","Leuks","10yrs","West Baton Rouge, Iberville","St. Gabriel, Rosedale, Port Allen, Addis, Erwinville",14.024,13.322,14.725,300991,11.179,10.62,11.738,256089,13.543,12.865,14.22,57175,19.99,47.67,44.23,47.25
"B0032","https://nci-naaccr-zone-design.github.io/louisiana-2020/?address=B0032","Female","Leuks","10yrs","West Baton Rouge, Iberville","St. Gabriel, Rosedale, Port Allen, Addis, Erwinville",6.673,6.34,7.007,150661,9.073,8.619,9.526,127917,7.617,7.236,7.998,57175,19.99,47.67,44.23,47.25
"B0032","https://nci-naaccr-zone-design.github.io/louisiana-2020/?address=B0032","Male","Leuks","10yrs","West Baton Rouge, Iberville","St. Gabriel, Rosedale, Port Allen, Addis, Erwinville",11.985,11.385,12.584,150330,22.611,21.481,23.742,128172,20.722,19.686,21.758,57175,19.99,47.67,44.23,47.25
"B0032","https://nci-naaccr-zone-design.github.io/louisiana-2020/?address=B0032","Both","Oral","10yrs","West Baton Rouge, Iberville","St. Gabriel, Rosedale, Port Allen, Addis, Erwinville",11.49,10.916,12.065,300991,13.356,12.688,14.024,256089,7.388,7.019,7.757,57175,19.99,47.67,44.23,47.25
"B0032","https://nci-naaccr-zone-design.github.io/louisiana-2020/?address=B0032","Female","Oral","10yrs","West Baton Rouge, Iberville","St. Gabriel, Rosedale, Port Allen, Addis, Erwinville",5.021,4.77,5.272,150661,5.63,5.348,5.911,127917,7.727,7.341,8.114,57175,19.99,47.67,44.23,47.25
"B0032","https://nci-naaccr-zone-design.github.io/louisiana-2020/?address=B0032","Male","Oral","10yrs","West Baton Rouge, Iberville","St. Gabriel, Rosedale, Port Allen, Addis, Erwinville",21.249,20.187,22.312,150330,16.376,15.557,17.195,128172,20.575,19.546,21.603,57175,19.99,47.67,44.23,47.25
"B0032","https://nci-naaccr-zone-design.github.io/louisiana-2020/?address=B0032","Both","Thyroid","10yrs","West Baton Rouge, Iberville","St. Gabriel, Rosedale, Port Allen, Addis, Erwinville",16.49,15.665,17.314,300991,11.527,10.951,12.103,256089,17.147,16.29,18.005,57175,19.99,47.67,44.23,47.25
"B0032","https://nci-naaccr-zone-design.github.io/louisiana-2020/?address=B0032","Female","Thyroid","10yrs","West Baton Rouge, Iberville","St. Gabriel, Rosedale, Port Allen, Addis, Erwinville",25.817,24.526,27.108,150661,9.6,9.12,10.079,127917,15.57,14.791,16.348,57175,19.99,47.67,44.23,47.25
"B0032","https://nci-naaccr-zone-design.github.io/louisiana-2020/?address=B0032","Male","Thyroid","10yrs","West Baton Rouge, Iberville","St. Gabriel, Rosedale, Port Allen, Addis, Erwinville",7.874,7.48,8.268,150330,2.354,2.236,2.472,128172,9.698,9.213,10.183,57175,19.99,47.67,44.23,47.25
"B0032","https://nci-naaccr-zone-design.github.io/louisiana-2020/?address=B0032","Female","Uterine","10yrs","West Baton Rouge, Iberville","St. Gabriel, Rosedale, Port Allen, Addis, Erwinville",17.697,16.813,18.582,150661,23.109,21.953,24.264,127917,21.449,20.377,22.522,57175,19.99,47.67,44.23,47.25
"B0032","https://nci-naaccr-zone-design.github.io/louisiana-2020/?address=B0032","Both","Liver","10yrs","West Baton Rouge, Iberville","St. Gabriel, Rosedale, Port Allen, Addis, Erwinville",5.288,5.023,5.552,300991,12.875,12.231,13.519,256089,7.381,7.012,7.75,57175,19.99,47.67,44.23,47.25
"B0032","https://nci-naaccr-zone-design.github.io/louisiana-2020/?address=B0032","Female","Liver","10yrs","West Baton Rouge, Iberville","St. Gabriel, Rosedale, Port Allen, Addis, Erwinville",6.042,5.74,6.344,150661,1.629,1.548,1.711,127917,7.606,7.226,7.986,57175,19.99,47.67,44.23,47.25
"B0032","https://nci-naaccr-zone-design.github.io/louisiana-2020/?address=B0032","Male","Liver","10yrs","West Baton Rouge, Iberville","St. Gabriel, Rosedale, Port Allen, Addis, Erwinville",20.856,19.814,21.899,150330,8.411,7.99,8.832,128172,23.644,22.461,24.826,57175,19.99,47.67,44.23,47.25
"B0032","https://nci-naaccr-zone-design.github.io/louisiana-2020/?address=B0032","Both","Stomach","10yrs","West Baton Rouge, Iberville","St. Gabriel, Rosedale, Port Allen, Addis, Erwinville",8.841,8.399,9.283,300991,8.438,8.016,8.86,256089,4.727,4.491,4.963,57175,19.99,47.67,44.23,47.25
"B0032","https://nci-naaccr-zone-design.github.io/louisiana-2020/?address=B0032","Female","Stomach","10yrs","West Baton Rouge, Iberville","St. Gabriel, Rosedale, Port Allen, Addis, Erwinville",4.736,4.499,4.972,150661,3.706,3.521,3.891,127917,6.576,6.247,6.905,57175,19.99,47.67,44.23,47.25
"B0032","https://nci-naaccr-zone-design.github.io/louisiana-2020/?address=B0032","Male","Stomach","10yrs","West Baton Rouge, Iberville","St. Gabriel, Rosedale, Port Allen, Addis, Erwinville",15.81,15.019,16.6,150330,5.783,5.494,6.072,128172,16.29,15.476,17.105,57175,19.99,47.67,44.23,47.25
"B0032","https://nci-naaccr-zone-design.github.io/louisiana-2020/?address=B0032","Both","Myeloma","10yrs","West Baton Rouge, Iberville","St. Gabriel, Rosedale, Port Allen, Addis, Erwinville",13.821,13.13,14.512,300991,7.022,6.671,7.373,256089,10.753,10.215,11.291,57175,19.99,47.67,44.23,47.25
"B0032","https://nci-naaccr-zone-design.github.io/louisiana-2020/?address=B0032","Female","Myeloma","10yrs","West Baton Rouge, Iberville","St. Gabriel, Rosedale, Port Allen, Addis, Erwinville",12.944,12.297,13.591,150661,3.952,3.755,4.15,127917,3.292,3.127,3.457,57175,19.99,47.67,44.23,47.25
"B0032","https://nci-naaccr-zone-design.github.io/louisiana-2020/?address=B0032","Male","Myeloma","10yrs","West Baton Rouge, Iberville","St. Gabriel, Rosedale, Port Allen, Addis, Erwinville",7.696,7.311,8.08,150330,13.103,12.448,13.758,128172,10.308,9.793,10.823,57175,19.99,47.67,44.23,47.25
"B0032","https://nci-naaccr-zone-design.github.io/louisiana-2020/?address=B0032","Both","Brain","10yrs","West Baton Rouge, Iberville","St. Gabriel, Rosedale, Port Allen, Addis, Erwinville",4.219,4.008,4.43,300991,3.545,3.368,3.723,256089,6.902,6.557,7.247,57175,19.99,47.67,44.23,47.25
"B0032","https://nci-naaccr-zone-design.github.io/louisiana-2020/?address=B0032","Female","Brain","10yrs","West Baton Rouge, Iberville","St. Gabriel, Rosedale, Port Allen, Addis, Erwinville",3.264,3.101,3.427,150661,3.103,2.948,3.258,127917,6.419,6.098,6.74,57175,19.99,47.67,44.23,47.25
"B0032","https://nci-naaccr-zone-design.github.io/louisiana-2020/?address=B0032","Male","Brain","10yrs","West Baton Rouge, Iberville","St. Gabriel, Rosedale, Port Allen, Addis, Erwinville",9.576,9.097,10.055,150330,10.184,9.675,10.693,128172,4.986,4.737,5.236,57175,19.99,47.67,44.23,47.25
"B0032","https://nci-naaccr-zone-design.github.io/louisiana-2020/?address=B0032","Both","Larynx","10yrs","West Baton Rouge, Iberville","St. Gabriel, Rosedale, Port Allen, Addis, Erwinville",7.382,7.013,7.751,300991,8.831,8.389,9.272,256089,6.055,5.752,6.358,57175,19.99,47.67,44.23,47.25
"B0032","https://nci-naaccr-zone-design.github.io/louisiana-2020/?address=B0032","Female","Larynx","10yrs","West Baton Rouge, Iberville","St. Gabriel, Rosedale, Port Allen, Addis, Erwinville",0.796,0.756,0.835,150661,1.131,1.074,1.188,127917,1.64,1.558,1.722,57175,19.99,47.67,44.23,47.25
"B0032","https://nci-naaccr-zone-design.github.io/louisiana-2020/?address=B0032","Male","Larynx","10yrs","West Baton Rouge, Iberville","St. Gabriel, Rosedale, Port Allen, Addis, Erwinville",5.903,5.608,6.198,150330,9.844,9.352,10.336,128172,4.629,4.398,4.861,57175,19.99,47.67,44.23,47.25
"B0032","https://nci-naaccr-zone-design.github.io/louisiana-2020/?address=B0032","Female","Ovary","10yrs","West Baton Rouge, Iberville","St. Gabriel, Rosedale, Port Allen, Addis, Erwinville",6.327,6.011,6.644,150661,5.12,4.864,5.376,127917,4.867,4.624,5.11,57175,19.99,47.67,44.23,47.25
"B0032","https://nci-naaccr-zone-design.github.io/louisiana-2020/?address=B0032","Both","Esoph","10yrs","West Baton Rouge, Iberville","St. Gabriel, Rosedale, Port Allen, Addis, Erwinville",3.862,3.669,4.055,300991,7.195,6.835,7.555,256089,6.969,6.62,7.317,57175,19.99,47.67,44.23,47.25
"B0032","https://nci-naaccr-zone-design.github.io/louisiana-2020/?address=B0032","Female","Esoph","10yrs","West Baton Rouge, Iberville","St. Gabriel, Rosedale, Port Allen, Addis, Erwinville",2.977,2.828,3.126,150661,3.412,3.241,3.582,127917,"","","",57175,19.99,47.67,44.23,47.25
"B0032","https://nci-naaccr-zone-design.github.io/louisiana-2020/?address=B0032","Male","Esoph","10yrs","West Baton Rouge, Iberville","St. Gabriel, Rosedale, Port Allen, Addis, Erwinville",9.789,9.3,10.279,150330,5.271,5.008,5.535,128172,11.551,10.973,12.128,57175,19.99,47.67,44.23,47.25
