"Zone","URL","Sex","Cancer","Years","Counties","Places","AAIR","LCI","UCI","White_PopTot","White_AAIR","White_LCI","White_UCI","Black_PopTot","Black_AAIR","Black_LCI","Black_UCI","TotalPop","Pct100Pov","PctMinority","PctBlackNH","PctRural"
"B0035","https://nci-naaccr-zone-design.github.io/louisiana-2020/?address=B0035","Both","AllSite","05yrs","Tangipahoa, St. Helena","Amite City, Kentwood",437.481,415.607,459.355,234477,449.458,426.985,471.931,121175,477.145,453.288,501.002,72514,22.23,37.65,32.65,73.12
"B0035","https://nci-naaccr-zone-design.github.io/louisiana-2020/?address=B0035","Female","AllSite","05yrs","Tangipahoa, St. Helena","Amite City, Kentwood",418.576,397.647,439.505,117949,383.254,364.091,402.417,63568,364.97,346.721,383.218,72514,22.23,37.65,32.65,73.12
"B0035","https://nci-naaccr-zone-design.github.io/louisiana-2020/?address=B0035","Male","AllSite","05yrs","Tangipahoa, St. Helena","Amite City, Kentwood",630.214,598.704,661.725,116529,593.489,563.814,623.163,57607,650.146,617.639,682.653,72514,22.23,37.65,32.65,73.12
"B0035","https://nci-naaccr-zone-design.github.io/louisiana-2020/?address=B0035","Male","Prostate","05yrs","Tangipahoa, St. Helena","Amite City, Kentwood",184.905,175.66,194.15,116529,189.524,180.047,199.0,57607,173.014,164.363,181.665,72514,22.23,37.65,32.65,73.12
"B0035","https://nci-naaccr-zone-design.github.io/louisiana-2020/?address=B0035","Both","Lung","05yrs","Tangipahoa, St. Helena","Amite City, Kentwood",82.854,78.711,86.996,234477,71.545,67.968,75.123,121175,54.077,51.373,56.781,72514,22.23,37.65,32.65,73.12
"B0035","https://nci-naaccr-zone-design.github.io/louisiana-2020/?address=B0035","Female","Lung","05yrs","Tangipahoa, St. Helena","Amite City, Kentwood",73.78,70.091,77.469,117949,45.97,43.671,48.268,63568,64.769,61.53,68.007,72514,22.23,37.65,32.65,73.12
"B0035","https://nci-naaccr-zone-design.github.io/louisiana-2020/?address=B0035","Male","Lung","05yrs","Tangipahoa, St. Helena","Amite City, Kentwood",94.438,89.716,99.16,116529,99.685,94.7,104.669,57607,77.579,73.7,81.458,72514,22.23,37.65,32.65,73.12
"B0035","https://nci-naaccr-zone-design.github.io/louisiana-2020/?address=B0035","Female","Breast","05yrs","Tangipahoa, St. Helena","Amite City, Kentwood",121.938,115.841,128.035,117949,114.172,108.464,119.881,63568,98.749,93.812,103.687,72514,22.23,37.65,32.65,73.12
"B0035","https://nci-naaccr-zone-design.github.io/louisiana-2020/?address=B0035","Both","CRC","05yrs","Tangipahoa, St. Helena","Amite City, Kentwood",47.277,44.914,49.641,234477,38.95,37.002,40.897,121175,42.271,40.157,44.384,72514,22.23,37.65,32.65,73.12
"B0035","https://nci-naaccr-zone-design.github.io/louisiana-2020/?address=B0035","Female","CRC","05yrs","Tangipahoa, St. Helena","Amite City, Kentwood",37.87,35.977,39.764,117949,39.354,37.386,41.321,63568,50.394,47.874,52.914,72514,22.23,37.65,32.65,73.12
"B0035","https://nci-naaccr-zone-design.github.io/louisiana-2020/?address=B0035","Male","CRC","05yrs","Tangipahoa, St. Helena","Amite City, Kentwood",72.905,69.259,76.55,116529,63.353,60.186,66.521,57607,59.481,56.507,62.455,72514,22.23,37.65,32.65,73.12
"B0035","https://nci-naaccr-zone-design.github.io/louisiana-2020/?address=B0035","Both","Kidney","05yrs","Tangipahoa, St. Helena","Amite City, Kentwood",20.809,19.769,21.85,234477,20.589,19.56,21.619,121175,17.454,16.582,18.327,72514,22.23,37.65,32.65,73.12
"B0035","https://nci-naaccr-zone-design.github.io/louisiana-2020/?address=B0035","Female","Kidney","05yrs","Tangipahoa, St. Helena","Amite City, Kentwood",16.954,16.106,17.801,117949,19.715,18.729,20.7,63568,11.866,11.273,12.459,72514,22.23,37.65,32.65,73.12
"B0035","https://nci-naaccr-zone-design.github.io/louisiana-2020/?address=B0035","Male","Kidney","05yrs","Tangipahoa, St. Helena","Amite City, Kentwood",29.576,28.097,31.055,116529,19.162,18.204,20.12,57607,33.111,31.456,34.767,72514,22.23,37.65,32.65,73.12
"B0035","https://nci-naaccr-zone-design.github.io/louisiana-2020/?address=B0035","Both","NHL","05yrs","Tangipahoa, St. Helena","Amite City, Kentwood",18.701,17.766,19.636,234477,22.865,21.721,24.008,121175,22.302,21.187,23.417,72514,22.23,37.65,32.65,73.12
"B0035","https://nci-naaccr-zone-design.github.io/louisiana-2020/?address=B0035","Female","NHL","05yrs","Tangipahoa, St. Helena","Amite City, Kentwood",9.149,8.691,9.606,117949,11.458,10.885,12.03,63568,21.341,20.274,22.409,72514,22.23,37.65,32.65,73.12
"B0035","https://nci-naaccr-zone-design.github.io/louisiana-2020/?address=B0035","Male","NHL","05yrs","Tangipahoa, St. Helena","Amite City, Kentwood",26.517,25.191,27.842,116529,28.435,27.014,29.857,57607,21.414,20.343,22.485,72514,22.23,37.65,32.65,73.12
"B0035","https://nci-naaccr-zone-design.github.io/louisiana-2020/?address=B0035","Both","Urinary","05yrs","Tangipahoa, St. Helena","Amite City, Kentwood",26.393,25.073,27.712,234477,18.316,17.4,19.232,121175,21.906,20.811,23.002,72514,22.23,37.65,32.65,73.12
"B0035","https://nci-naaccr-zone-design.github.io/louisiana-2020/?address=B0035","Female","Urinary","05yrs","Tangipahoa, St. Helena","Amite City, Kentwood",11.837,11.245,12.429,117949,4.443,4.221,4.665,63568,"","","",72514,22.23,37.65,32.65,73.12
"B0035","https://nci-naaccr-zone-design.github.io/louisiana-2020/?address=B0035","Male","Urinary","05yrs","Tangipahoa, St. Helena","Amite City, Kentwood",44.713,42.477,46.949,116529,28.155,26.747,29.563,57607,28.57,27.141,29.998,72514,22.23,37.65,32.65,73.12
"B0035","https://nci-naaccr-zone-design.github.io/louisiana-2020/?address=B0035","Both","Mela","05yrs","Tangipahoa, St. Helena","Amite City, Kentwood",14.673,13.939,15.406,234477,28.639,27.207,30.071,121175,21.026,19.974,22.077,72514,22.23,37.65,32.65,73.12
"B0035","https://nci-naaccr-zone-design.github.io/louisiana-2020/?address=B0035","Female","Mela","05yrs","Tangipahoa, St. Helena","Amite City, Kentwood",15.9,15.105,16.695,117949,7.824,7.432,8.215,63568,"","","",72514,22.23,37.65,32.65,73.12
"B0035","https://nci-naaccr-zone-design.github.io/louisiana-2020/?address=B0035","Male","Mela","05yrs","Tangipahoa, St. Helena","Amite City, Kentwood",15.701,14.916,16.486,116529,21.723,20.637,22.809,57607,40.638,38.606,42.67,72514,22.23,37.65,32.65,73.12
"B0035","https://nci-naaccr-zone-design.github.io/louisiana-2020/?address=B0035","Both","Pancreas","05yrs","Tangipahoa, St. Helena","Amite City, Kentwood",10.526,10.0,11.052,234477,12.768,12.129,13.406,121175,10.383,9.864,10.902,72514,22.23,37.65,32.65,73.12
"B0035","https://nci-naaccr-zone-design.github.io/louisiana-2020/?address=B0035","Female","Pancreas","05yrs","Tangipahoa, St. Helena","Amite City, Kentwood",13.905,13.21,14.6,117949,15.051,14.299,15.804,63568,14.487,13.763,15.212,72514,22.23,37.65,32.65,73.12
"B0035","https://nci-naaccr-zone-design.github.io/louisiana-2020/?address=B0035","Male","Pancreas","05yrs","Tangipahoa, St. Helena","Amite City, Kentwood",15.987,15.187,16.786,116529,13.945,13.248,14.643,57607,11.57,10.991,12.148,72514,22.23,37.65,32.65,73.12
"B0035","https://nci-naaccr-zone-design.github.io/louisiana-2020/?address=B0035","Both","Leuks","05yrs","Tangipahoa, St. Helena","Amite City, Kentwood",16.631,15.8,17.463,234477,15.852,15.059,16.645,121175,11.706,11.121,12.291,72514,22.23,37.65,32.65,73.12
"B0035","https://nci-naaccr-zone-design.github.io/louisiana-2020/?address=B0035","Female","Leuks","05yrs","Tangipahoa, St. Helena","Amite City, Kentwood",13.094,12.44,13.749,117949,13.652,12.969,14.334,63568,8.19,7.781,8.6,72514,22.23,37.65,32.65,73.12
"B0035","https://nci-naaccr-zone-design.github.io/louisiana-2020/?address=B0035","Male","Leuks","05yrs","Tangipahoa, St. Helena","Amite City, Kentwood",12.63,11.998,13.261,116529,15.702,14.917,16.487,57607,15.166,14.408,15.924,72514,22.23,37.65,32.65,73.12
"B0035","https://nci-naaccr-zone-design.github.io/louisiana-2020/?address=B0035","Both","Oral","05yrs","Tangipahoa, St. Helena","Amite City, Kentwood",12.88,12.236,13.524,234477,7.383,7.014,7.752,121175,9.986,9.486,10.485,72514,22.23,37.65,32.65,73.12
"B0035","https://nci-naaccr-zone-design.github.io/louisiana-2020/?address=B0035","Female","Oral","05yrs","Tangipahoa, St. Helena","Amite City, Kentwood",4.874,4.63,5.118,117949,"","","",63568,"","","",72514,22.23,37.65,32.65,73.12
"B0035","https://nci-naaccr-zone-design.github.io/louisiana-2020/?address=B0035","Male","Oral","05yrs","Tangipahoa, St. Helena","Amite City, Kentwood",21.004,19.954,22.055,116529,26.881,25.537,28.225,57607,10.766,10.227,11.304,72514,22.23,37.65,32.65,73.12
"B0035","https://nci-naaccr-zone-design.github.io/louisiana-2020/?address=B0035","Both","Thyroid","05yrs","Tangipahoa, St. Helena","Amite City, Kentwood",12.979,12.33,13.628,234477,11.89,11.295,12.484,121175,13.451,12.778,14.123,72514,22.23,37.65,32.65,73.12
"B0035","https://nci-naaccr-zone-design.github.io/louisiana-2020/?address=B0035","Female","Thyroid","05yrs","Tangipahoa, St. Helena","Amite City, Kentwood",19.782,18.793,20.771,117949,25.527,24.251,26.803,63568,26.325,25.008,27.641,72514,22.23,37.65,32.65,73.12
"B0035","https://nci-naaccr-zone-design.github.io/louisiana-2020/?address=B0035","Male","Thyroid","05yrs","Tangipahoa, St. Helena","Amite City, Kentwood",3.688,3.503,3.872,116529,7.962,7.563,8.36,57607,9.206,8.746,9.667,72514,22.23,37.65,32.65,73.12
"B0035","https://nci-naaccr-zone-design.github.io/louisiana-2020/?address=B0035","Female","Uterine","05yrs","Tangipahoa, St. Helena","Amite City, Kentwood",17.786,16.897,18.676,117949,21.942,20.844,23.039,63568,23.744,22.557,24.931,72514,22.23,37.65,32.65,73.12
"B0035","https://nci-naaccr-zone-design.github.io/louisiana-2020/?address=B0035","Both","Liver","05yrs","Tangipahoa, St. Helena","Amite City, Kentwood",12.841,12.199,13.483,234477,15.41,14.64,16.181,121175,14.624,13.893,15.355,72514,22.23,37.65,32.65,73.12
"B0035","https://nci-naaccr-zone-design.github.io/louisiana-2020/?address=B0035","Female","Liver","05yrs","Tangipahoa, St. Helena","Amite City, Kentwood",6.165,5.857,6.473,117949,4.598,4.368,4.827,63568,7.166,6.807,7.524,72514,22.23,37.65,32.65,73.12
"B0035","https://nci-naaccr-zone-design.github.io/louisiana-2020/?address=B0035","Male","Liver","05yrs","Tangipahoa, St. Helena","Amite City, Kentwood",19.652,18.67,20.635,116529,11.609,11.028,12.189,57607,18.416,17.496,19.337,72514,22.23,37.65,32.65,73.12
"B0035","https://nci-naaccr-zone-design.github.io/louisiana-2020/?address=B0035","Both","Stomach","05yrs","Tangipahoa, St. Helena","Amite City, Kentwood",8.145,7.737,8.552,234477,5.937,5.64,6.234,121175,11.248,10.686,11.811,72514,22.23,37.65,32.65,73.12
"B0035","https://nci-naaccr-zone-design.github.io/louisiana-2020/?address=B0035","Female","Stomach","05yrs","Tangipahoa, St. Helena","Amite City, Kentwood",10.159,9.651,10.667,117949,7.347,6.98,7.715,63568,9.019,8.568,9.47,72514,22.23,37.65,32.65,73.12
"B0035","https://nci-naaccr-zone-design.github.io/louisiana-2020/?address=B0035","Male","Stomach","05yrs","Tangipahoa, St. Helena","Amite City, Kentwood",10.114,9.609,10.62,116529,14.76,14.022,15.498,57607,11.722,11.136,12.308,72514,22.23,37.65,32.65,73.12
"B0035","https://nci-naaccr-zone-design.github.io/louisiana-2020/?address=B0035","Both","Myeloma","05yrs","Tangipahoa, St. Helena","Amite City, Kentwood",9.626,9.145,10.107,234477,13.491,12.816,14.165,121175,4.989,4.74,5.239,72514,22.23,37.65,32.65,73.12
"B0035","https://nci-naaccr-zone-design.github.io/louisiana-2020/?address=B0035","Female","Myeloma","05yrs","Tangipahoa, St. Helena","Amite City, Kentwood",5.774,5.485,6.063,117949,5.354,5.086,5.622,63568,10.471,9.947,10.994,72514,22.23,37.65,32.65,73.12
"B0035","https://nci-naaccr-zone-design.github.io/louisiana-2020/?address=B0035","Male","Myeloma","05yrs","Tangipahoa, St. Helena","Amite City, Kentwood",11.973,11.374,12.571,116529,13.051,12.399,13.704,57607,13.149,12.491,13.806,72514,22.23,37.65,32.65,73.12
"B0035","https://nci-naaccr-zone-design.github.io/louisiana-2020/?address=B0035","Both","Brain","05yrs","Tangipahoa, St. Helena","Amite City, Kentwood",6.165,5.856,6.473,234477,4.977,4.728,5.226,121175,6.482,6.158,6.806,72514,22.23,37.65,32.65,73.12
"B0035","https://nci-naaccr-zone-design.github.io/louisiana-2020/?address=B0035","Female","Brain","05yrs","Tangipahoa, St. Helena","Amite City, Kentwood",4.859,4.616,5.102,117949,5.847,5.555,6.139,63568,"","","",72514,22.23,37.65,32.65,73.12
"B0035","https://nci-naaccr-zone-design.github.io/louisiana-2020/?address=B0035","Male","Brain","05yrs","Tangipahoa, St. Helena","Amite City, Kentwood",9.092,8.637,9.546,116529,5.363,5.095,5.631,57607,"","","",72514,22.23,37.65,32.65,73.12
"B0035","https://nci-naaccr-zone-design.github.io/louisiana-2020/?address=B0035","Both","Larynx","05yrs","Tangipahoa, St. Helena","Amite City, Kentwood",5.778,5.489,6.067,234477,4.459,4.236,4.682,121175,5.107,4.851,5.362,72514,22.23,37.65,32.65,73.12
"B0035","https://nci-naaccr-zone-design.github.io/louisiana-2020/?address=B0035","Female","Larynx","05yrs","Tangipahoa, St. Helena","Amite City, Kentwood",2.732,2.595,2.869,117949,2.79,2.65,2.929,63568,"","","",72514,22.23,37.65,32.65,73.12
"B0035","https://nci-naaccr-zone-design.github.io/louisiana-2020/?address=B0035","Male","Larynx","05yrs","Tangipahoa, St. Helena","Amite City, Kentwood",13.66,12.977,14.343,116529,11.96,11.362,12.558,57607,10.428,9.907,10.949,72514,22.23,37.65,32.65,73.12
"B0035","https://nci-naaccr-zone-design.github.io/louisiana-2020/?address=B0035","Female","Ovary","05yrs","Tangipahoa, St. Helena","Amite City, Kentwood",5.403,5.132,5.673,117949,12.555,11.927,13.183,63568,5.376,5.107,5.645,72514,22.23,37.65,32.65,73.12
"B0035","https://nci-naaccr-zone-design.github.io/louisiana-2020/?address=B0035","Both","Esoph","05yrs","Tangipahoa, St. Helena","Amite City, Kentwood",6.543,6.216,6.87,234477,7.556,7.179,7.934,121175,3.155,2.997,3.313,72514,22.23,37.65,32.65,73.12
"B0035","https://nci-naaccr-zone-design.github.io/louisiana-2020/?address=B0035","Female","Esoph","05yrs","Tangipahoa, St. Helena","Amite City, Kentwood",3.81,3.619,4.0,117949,3.677,3.493,3.86,63568,"","","",72514,22.23,37.65,32.65,73.12
"B0035","https://nci-naaccr-zone-design.github.io/louisiana-2020/?address=B0035","Male","Esoph","05yrs","Tangipahoa, St. Helena","Amite City, Kentwood",9.73,9.243,10.216,116529,8.246,7.834,8.659,57607,9.114,8.658,9.569,72514,22.23,37.65,32.65,73.12
"B0035","https://nci-naaccr-zone-design.github.io/louisiana-2020/?address=B0035","Both","AllSite","10yrs","Tangipahoa, St. Helena","Amite City, Kentwood",540.844,513.801,567.886,459186,487.753,463.365,512.141,238085,542.86,515.717,570.003,72514,22.23,37.65,32.65,73.12
"B0035","https://nci-naaccr-zone-design.github.io/louisiana-2020/?address=B0035","Female","AllSite","10yrs","Tangipahoa, St. Helena","Amite City, Kentwood",425.532,404.255,446.808,231100,433.161,411.503,454.819,124679,372.974,354.325,391.623,72514,22.23,37.65,32.65,73.12
"B0035","https://nci-naaccr-zone-design.github.io/louisiana-2020/?address=B0035","Male","AllSite","10yrs","Tangipahoa, St. Helena","Amite City, Kentwood",676.105,642.3,709.911,228086,647.191,614.832,679.551,113407,661.637,628.555,694.718,72514,22.23,37.65,32.65,73.12
"B0035","https://nci-naaccr-zone-design.github.io/louisiana-2020/?address=B0035","Male","Prostate","10yrs","Tangipahoa, St. Helena","Amite City, Kentwood",214.082,203.377,224.786,228086,191.527,181.951,201.104,113407,190.888,181.344,200.433,72514,22.23,37.65,32.65,73.12
"B0035","https://nci-naaccr-zone-design.github.io/louisiana-2020/?address=B0035","Both","Lung","10yrs","Tangipahoa, St. Helena","Amite City, Kentwood",57.101,54.246,59.956,459186,91.014,86.463,95.565,238085,77.865,73.971,81.758,72514,22.23,37.65,32.65,73.12
"B0035","https://nci-naaccr-zone-design.github.io/louisiana-2020/?address=B0035","Female","Lung","10yrs","Tangipahoa, St. Helena","Amite City, Kentwood",69.521,66.045,72.997,231100,65.984,62.685,69.283,124679,46.951,44.603,49.298,72514,22.23,37.65,32.65,73.12
"B0035","https://nci-naaccr-zone-design.github.io/louisiana-2020/?address=B0035","Male","Lung","10yrs","Tangipahoa, St. Helena","Amite City, Kentwood",52.272,49.658,54.885,228086,67.325,63.959,70.691,113407,98.032,93.131,102.934,72514,22.23,37.65,32.65,73.12
"B0035","https://nci-naaccr-zone-design.github.io/louisiana-2020/?address=B0035","Female","Breast","10yrs","Tangipahoa, St. Helena","Amite City, Kentwood",141.446,134.373,148.518,231100,96.193,91.383,101.003,124679,122.629,116.498,128.761,72514,22.23,37.65,32.65,73.12
"B0035","https://nci-naaccr-zone-design.github.io/louisiana-2020/?address=B0035","Both","CRC","10yrs","Tangipahoa, St. Helena","Amite City, Kentwood",59.92,56.924,62.916,459186,51.431,48.859,54.002,238085,59.582,56.603,62.561,72514,22.23,37.65,32.65,73.12
"B0035","https://nci-naaccr-zone-design.github.io/louisiana-2020/?address=B0035","Female","CRC","10yrs","Tangipahoa, St. Helena","Amite City, Kentwood",35.128,33.371,36.884,231100,42.675,40.541,44.809,124679,32.055,30.453,33.658,72514,22.23,37.65,32.65,73.12
"B0035","https://nci-naaccr-zone-design.github.io/louisiana-2020/?address=B0035","Male","CRC","10yrs","Tangipahoa, St. Helena","Amite City, Kentwood",58.088,55.183,60.992,228086,72.752,69.114,76.39,113407,72.918,69.272,76.563,72514,22.23,37.65,32.65,73.12
"B0035","https://nci-naaccr-zone-design.github.io/louisiana-2020/?address=B0035","Both","Kidney","10yrs","Tangipahoa, St. Helena","Amite City, Kentwood",20.367,19.349,21.385,459186,23.542,22.365,24.719,238085,16.761,15.923,17.599,72514,22.23,37.65,32.65,73.12
"B0035","https://nci-naaccr-zone-design.github.io/louisiana-2020/?address=B0035","Female","Kidney","10yrs","Tangipahoa, St. Helena","Amite City, Kentwood",19.249,18.286,20.211,231100,18.281,17.367,19.195,124679,9.501,9.026,9.976,72514,22.23,37.65,32.65,73.12
"B0035","https://nci-naaccr-zone-design.github.io/louisiana-2020/?address=B0035","Male","Kidney","10yrs","Tangipahoa, St. Helena","Amite City, Kentwood",26.538,25.211,27.864,228086,17.173,16.314,18.032,113407,30.511,28.986,32.037,72514,22.23,37.65,32.65,73.12
"B0035","https://nci-naaccr-zone-design.github.io/louisiana-2020/?address=B0035","Both","NHL","10yrs","Tangipahoa, St. Helena","Amite City, Kentwood",19.016,18.065,19.966,459186,23.547,22.369,24.724,238085,23.287,22.123,24.451,72514,22.23,37.65,32.65,73.12
"B0035","https://nci-naaccr-zone-design.github.io/louisiana-2020/?address=B0035","Female","NHL","10yrs","Tangipahoa, St. Helena","Amite City, Kentwood",21.582,20.503,22.662,231100,17.89,16.996,18.785,124679,20.671,19.637,21.705,72514,22.23,37.65,32.65,73.12
"B0035","https://nci-naaccr-zone-design.github.io/louisiana-2020/?address=B0035","Male","NHL","10yrs","Tangipahoa, St. Helena","Amite City, Kentwood",32.009,30.408,33.609,228086,26.434,25.112,27.756,113407,28.361,26.943,29.779,72514,22.23,37.65,32.65,73.12
"B0035","https://nci-naaccr-zone-design.github.io/louisiana-2020/?address=B0035","Both","Urinary","10yrs","Tangipahoa, St. Helena","Amite City, Kentwood",24.114,22.908,25.32,459186,19.87,18.877,20.864,238085,18.465,17.542,19.388,72514,22.23,37.65,32.65,73.12
"B0035","https://nci-naaccr-zone-design.github.io/louisiana-2020/?address=B0035","Female","Urinary","10yrs","Tangipahoa, St. Helena","Amite City, Kentwood",9.466,8.993,9.94,231100,11.703,11.118,12.288,124679,9.203,8.743,9.663,72514,22.23,37.65,32.65,73.12
"B0035","https://nci-naaccr-zone-design.github.io/louisiana-2020/?address=B0035","Male","Urinary","10yrs","Tangipahoa, St. Helena","Amite City, Kentwood",46.725,44.388,49.061,228086,23.958,22.76,25.156,113407,48.741,46.304,51.178,72514,22.23,37.65,32.65,73.12
"B0035","https://nci-naaccr-zone-design.github.io/louisiana-2020/?address=B0035","Both","Mela","10yrs","Tangipahoa, St. Helena","Amite City, Kentwood",22.378,21.259,23.497,459186,18.058,17.155,18.961,238085,14.576,13.847,15.305,72514,22.23,37.65,32.65,73.12
"B0035","https://nci-naaccr-zone-design.github.io/louisiana-2020/?address=B0035","Female","Mela","10yrs","Tangipahoa, St. Helena","Amite City, Kentwood",5.037,4.785,5.289,231100,11.787,11.197,12.376,124679,3.545,3.368,3.723,72514,22.23,37.65,32.65,73.12
"B0035","https://nci-naaccr-zone-design.github.io/louisiana-2020/?address=B0035","Male","Mela","10yrs","Tangipahoa, St. Helena","Amite City, Kentwood",18.324,17.408,19.24,228086,9.928,9.432,10.424,113407,13.391,12.721,14.061,72514,22.23,37.65,32.65,73.12
"B0035","https://nci-naaccr-zone-design.github.io/louisiana-2020/?address=B0035","Both","Pancreas","10yrs","Tangipahoa, St. Helena","Amite City, Kentwood",12.355,11.737,12.972,459186,15.867,15.074,16.661,238085,18.107,17.202,19.013,72514,22.23,37.65,32.65,73.12
"B0035","https://nci-naaccr-zone-design.github.io/louisiana-2020/?address=B0035","Female","Pancreas","10yrs","Tangipahoa, St. Helena","Amite City, Kentwood",10.724,10.187,11.26,231100,9.842,9.35,10.334,124679,17.334,16.467,18.2,72514,22.23,37.65,32.65,73.12
"B0035","https://nci-naaccr-zone-design.github.io/louisiana-2020/?address=B0035","Male","Pancreas","10yrs","Tangipahoa, St. Helena","Amite City, Kentwood",20.578,19.549,21.607,228086,13.681,12.997,14.365,113407,9.678,9.194,10.162,72514,22.23,37.65,32.65,73.12
"B0035","https://nci-naaccr-zone-design.github.io/louisiana-2020/?address=B0035","Both","Leuks","10yrs","Tangipahoa, St. Helena","Amite City, Kentwood",13.434,12.762,14.105,459186,16.268,15.455,17.081,238085,16.343,15.526,17.16,72514,22.23,37.65,32.65,73.12
"B0035","https://nci-naaccr-zone-design.github.io/louisiana-2020/?address=B0035","Female","Leuks","10yrs","Tangipahoa, St. Helena","Amite City, Kentwood",14.825,14.084,15.566,231100,11.438,10.866,12.009,124679,9.542,9.064,10.019,72514,22.23,37.65,32.65,73.12
"B0035","https://nci-naaccr-zone-design.github.io/louisiana-2020/?address=B0035","Male","Leuks","10yrs","Tangipahoa, St. Helena","Amite City, Kentwood",13.92,13.224,14.616,228086,9.265,8.802,9.728,113407,19.978,18.979,20.977,72514,22.23,37.65,32.65,73.12
"B0035","https://nci-naaccr-zone-design.github.io/louisiana-2020/?address=B0035","Both","Oral","10yrs","Tangipahoa, St. Helena","Amite City, Kentwood",7.375,7.006,7.743,459186,6.78,6.441,7.118,238085,11.814,11.224,12.405,72514,22.23,37.65,32.65,73.12
"B0035","https://nci-naaccr-zone-design.github.io/louisiana-2020/?address=B0035","Female","Oral","10yrs","Tangipahoa, St. Helena","Amite City, Kentwood",7.521,7.145,7.898,231100,7.527,7.15,7.903,124679,4.417,4.197,4.638,72514,22.23,37.65,32.65,73.12
"B0035","https://nci-naaccr-zone-design.github.io/louisiana-2020/?address=B0035","Male","Oral","10yrs","Tangipahoa, St. Helena","Amite City, Kentwood",11.776,11.187,12.365,228086,13.842,13.15,14.534,113407,19.45,18.477,20.422,72514,22.23,37.65,32.65,73.12
"B0035","https://nci-naaccr-zone-design.github.io/louisiana-2020/?address=B0035","Both","Thyroid","10yrs","Tangipahoa, St. Helena","Amite City, Kentwood",8.327,7.91,8.743,459186,10.293,9.779,10.808,238085,13.665,12.982,14.348,72514,22.23,37.65,32.65,73.12
"B0035","https://nci-naaccr-zone-design.github.io/louisiana-2020/?address=B0035","Female","Thyroid","10yrs","Tangipahoa, St. Helena","Amite City, Kentwood",10.264,9.751,10.778,231100,22.993,21.843,24.143,124679,22.277,21.164,23.391,72514,22.23,37.65,32.65,73.12
"B0035","https://nci-naaccr-zone-design.github.io/louisiana-2020/?address=B0035","Male","Thyroid","10yrs","Tangipahoa, St. Helena","Amite City, Kentwood",9.85,9.357,10.342,228086,8.541,8.114,8.968,113407,6.763,6.425,7.101,72514,22.23,37.65,32.65,73.12
"B0035","https://nci-naaccr-zone-design.github.io/louisiana-2020/?address=B0035","Female","Uterine","10yrs","Tangipahoa, St. Helena","Amite City, Kentwood",14.104,13.399,14.809,231100,24.713,23.477,25.949,124679,18.511,17.585,19.436,72514,22.23,37.65,32.65,73.12
"B0035","https://nci-naaccr-zone-design.github.io/louisiana-2020/?address=B0035","Both","Liver","10yrs","Tangipahoa, St. Helena","Amite City, Kentwood",13.049,12.396,13.701,459186,13.393,12.723,14.063,238085,12.51,11.885,13.136,72514,22.23,37.65,32.65,73.12
"B0035","https://nci-naaccr-zone-design.github.io/louisiana-2020/?address=B0035","Female","Liver","10yrs","Tangipahoa, St. Helena","Amite City, Kentwood",5.19,4.931,5.45,231100,5.463,5.19,5.736,124679,3.201,3.041,3.361,72514,22.23,37.65,32.65,73.12
"B0035","https://nci-naaccr-zone-design.github.io/louisiana-2020/?address=B0035","Male","Liver","10yrs","Tangipahoa, St. Helena","Amite City, Kentwood",17.023,16.171,17.874,228086,10.861,10.318,11.405,113407,17.012,16.162,17.863,72514,22.23,37.65,32.65,73.12
"B0035","https://nci-naaccr-zone-design.github.io/louisiana-2020/?address=B0035","Both","Stomach","10yrs","Tangipahoa, St. Helena","Amite City, Kentwood",7.704,7.319,8.09,459186,9.392,8.922,9.861,238085,7.307,6.941,7.672,72514,22.23,37.65,32.65,73.12
"B0035","https://nci-naaccr-zone-design.github.io/louisiana-2020/?address=B0035","Female","Stomach","10yrs","Tangipahoa, St. Helena","Amite City, Kentwood",4.499,4.274,4.723,231100,3.458,3.285,3.631,124679,7.12,6.764,7.476,72514,22.23,37.65,32.65,73.12
"B0035","https://nci-naaccr-zone-design.github.io/louisiana-2020/?address=B0035","Male","Stomach","10yrs","Tangipahoa, St. Helena","Amite City, Kentwood",9.948,9.451,10.446,228086,13.104,12.448,13.759,113407,8.449,8.026,8.871,72514,22.23,37.65,32.65,73.12
"B0035","https://nci-naaccr-zone-design.github.io/louisiana-2020/?address=B0035","Both","Myeloma","10yrs","Tangipahoa, St. Helena","Amite City, Kentwood",5.518,5.242,5.793,459186,8.378,7.959,8.797,238085,9.276,8.812,9.74,72514,22.23,37.65,32.65,73.12
"B0035","https://nci-naaccr-zone-design.github.io/louisiana-2020/?address=B0035","Female","Myeloma","10yrs","Tangipahoa, St. Helena","Amite City, Kentwood",12.412,11.791,13.032,231100,7.308,6.943,7.674,124679,4.981,4.732,5.23,72514,22.23,37.65,32.65,73.12
"B0035","https://nci-naaccr-zone-design.github.io/louisiana-2020/?address=B0035","Male","Myeloma","10yrs","Tangipahoa, St. Helena","Amite City, Kentwood",7.4,7.03,7.77,228086,6.408,6.087,6.728,113407,6.925,6.579,7.271,72514,22.23,37.65,32.65,73.12
"B0035","https://nci-naaccr-zone-design.github.io/louisiana-2020/?address=B0035","Both","Brain","10yrs","Tangipahoa, St. Helena","Amite City, Kentwood",3.386,3.217,3.556,459186,4.939,4.692,5.186,238085,4.735,4.498,4.972,72514,22.23,37.65,32.65,73.12
"B0035","https://nci-naaccr-zone-design.github.io/louisiana-2020/?address=B0035","Female","Brain","10yrs","Tangipahoa, St. Helena","Amite City, Kentwood",2.968,2.82,3.117,231100,6.95,6.603,7.298,124679,2.873,2.73,3.017,72514,22.23,37.65,32.65,73.12
"B0035","https://nci-naaccr-zone-design.github.io/louisiana-2020/?address=B0035","Male","Brain","10yrs","Tangipahoa, St. Helena","Amite City, Kentwood",9.706,9.221,10.191,228086,4.372,4.153,4.59,113407,9.23,8.768,9.691,72514,22.23,37.65,32.65,73.12
"B0035","https://nci-naaccr-zone-design.github.io/louisiana-2020/?address=B0035","Both","Larynx","10yrs","Tangipahoa, St. Helena","Amite City, Kentwood",5.552,5.275,5.83,459186,4.484,4.26,4.708,238085,4.474,4.25,4.698,72514,22.23,37.65,32.65,73.12
"B0035","https://nci-naaccr-zone-design.github.io/louisiana-2020/?address=B0035","Female","Larynx","10yrs","Tangipahoa, St. Helena","Amite City, Kentwood",0.742,0.705,0.779,231100,0.877,0.833,0.921,124679,2.85,2.707,2.992,72514,22.23,37.65,32.65,73.12
"B0035","https://nci-naaccr-zone-design.github.io/louisiana-2020/?address=B0035","Male","Larynx","10yrs","Tangipahoa, St. Helena","Amite City, Kentwood",7.462,7.089,7.835,228086,9.648,9.166,10.131,113407,9.305,8.839,9.77,72514,22.23,37.65,32.65,73.12
"B0035","https://nci-naaccr-zone-design.github.io/louisiana-2020/?address=B0035","Female","Ovary","10yrs","Tangipahoa, St. Helena","Amite City, Kentwood",15.258,14.495,16.021,231100,15.414,14.644,16.185,124679,8.029,7.628,8.43,72514,22.23,37.65,32.65,73.12
"B0035","https://nci-naaccr-zone-design.github.io/louisiana-2020/?address=B0035","Both","Esoph","10yrs","Tangipahoa, St. Helena","Amite City, Kentwood",4.963,4.714,5.211,459186,4.755,4.517,4.993,238085,4.683,4.448,4.917,72514,22.23,37.65,32.65,73.12
"B0035","https://nci-naaccr-zone-design.github.io/louisiana-2020/?address=B0035","Female","Esoph","10yrs","Tangipahoa, St. Helena","Amite City, Kentwood",1.253,1.19,1.315,231100,2.958,2.81,3.105,124679,"","","",72514,22.23,37.65,32.65,73.12
"B0035","https://nci-naaccr-zone-design.github.io/louisiana-2020/?address=B0035","Male","Esoph","10yrs","Tangipahoa, St. Helena","Amite City, Kentwood",5.097,4.842,5.352,228086,5.103,4.848,5.358,113407,7.066,6.713,7.419,72514,22.23,37.65,32.65,73.12
