"Zone","URL","Sex","Cancer","Years","Counties","Places","AAIR","LCI","UCI","White_PopTot","White_AAIR","White_LCI","White_UCI","Black_PopTot","Black_AAIR","Black_LCI","Black_UCI","TotalPop","Pct100Pov","PctMinority","PctBlackNH","PctRural"
"A9007","https://nci-naaccr-zone-design.github.io/louisiana-2020/?address=A9007","Both","AllSite","05yrs","Orleans","New Orleans",472.915,449.269,496.561,177729,489.216,464.755,513.677,118633,476.078,452.274,499.882,59150,21.05,43.0,33.41,0.0
"A9007","https://nci-naaccr-zone-design.github.io/louisiana-2020/?address=A9007","Female","AllSite","05yrs","Orleans","New Orleans",453.108,430.453,475.764,90849,370.377,351.858,388.896,65421,384.039,364.837,403.241,59150,21.05,43.0,33.41,0.0
"A9007","https://nci-naaccr-zone-design.github.io/louisiana-2020/?address=A9007","Male","AllSite","05yrs","Orleans","New Orleans",543.292,516.128,570.457,86880,594.11,564.404,623.815,53212,528.965,502.516,555.413,59150,21.05,43.0,33.41,0.0
"A9007","https://nci-naaccr-zone-design.github.io/louisiana-2020/?address=A9007","Male","Prostate","05yrs","Orleans","New Orleans",164.94,156.693,173.187,86880,189.196,179.736,198.656,53212,146.694,139.359,154.029,59150,21.05,43.0,33.41,0.0
"A9007","https://nci-naaccr-zone-design.github.io/louisiana-2020/?address=A9007","Both","Lung","05yrs","Orleans","New Orleans",45.782,43.493,48.071,177729,44.352,42.134,46.569,118633,86.703,82.368,91.038,59150,21.05,43.0,33.41,0.0
"A9007","https://nci-naaccr-zone-design.github.io/louisiana-2020/?address=A9007","Female","Lung","05yrs","Orleans","New Orleans",63.463,60.29,66.636,90849,67.978,64.579,71.377,65421,40.482,38.458,42.506,59150,21.05,43.0,33.41,0.0
"A9007","https://nci-naaccr-zone-design.github.io/louisiana-2020/?address=A9007","Male","Lung","05yrs","Orleans","New Orleans",59.481,56.507,62.455,86880,113.368,107.699,119.036,53212,90.628,86.097,95.16,59150,21.05,43.0,33.41,0.0
"A9007","https://nci-naaccr-zone-design.github.io/louisiana-2020/?address=A9007","Female","Breast","05yrs","Orleans","New Orleans",125.035,118.783,131.287,90849,106.579,101.25,111.908,65421,102.392,97.273,107.512,59150,21.05,43.0,33.41,0.0
"A9007","https://nci-naaccr-zone-design.github.io/louisiana-2020/?address=A9007","Both","CRC","05yrs","Orleans","New Orleans",36.367,34.549,38.186,177729,58.223,55.312,61.134,118633,51.57,48.992,54.149,59150,21.05,43.0,33.41,0.0
"A9007","https://nci-naaccr-zone-design.github.io/louisiana-2020/?address=A9007","Female","CRC","05yrs","Orleans","New Orleans",38.522,36.596,40.448,90849,49.99,47.49,52.489,65421,47.642,45.26,50.024,59150,21.05,43.0,33.41,0.0
"A9007","https://nci-naaccr-zone-design.github.io/louisiana-2020/?address=A9007","Male","CRC","05yrs","Orleans","New Orleans",51.887,49.293,54.482,86880,43.435,41.263,45.607,53212,71.819,68.228,75.41,59150,21.05,43.0,33.41,0.0
"A9007","https://nci-naaccr-zone-design.github.io/louisiana-2020/?address=A9007","Both","Kidney","05yrs","Orleans","New Orleans",18.44,17.518,19.362,177729,15.541,14.764,16.318,118633,24.783,23.543,26.022,59150,21.05,43.0,33.41,0.0
"A9007","https://nci-naaccr-zone-design.github.io/louisiana-2020/?address=A9007","Female","Kidney","05yrs","Orleans","New Orleans",14.295,13.58,15.009,90849,14.289,13.575,15.003,65421,17.448,16.576,18.32,59150,21.05,43.0,33.41,0.0
"A9007","https://nci-naaccr-zone-design.github.io/louisiana-2020/?address=A9007","Male","Kidney","05yrs","Orleans","New Orleans",27.056,25.703,28.409,86880,17.857,16.964,18.75,53212,33.651,31.968,35.333,59150,21.05,43.0,33.41,0.0
"A9007","https://nci-naaccr-zone-design.github.io/louisiana-2020/?address=A9007","Both","NHL","05yrs","Orleans","New Orleans",19.112,18.156,20.067,177729,21.233,20.172,22.295,118633,16.776,15.937,17.615,59150,21.05,43.0,33.41,0.0
"A9007","https://nci-naaccr-zone-design.github.io/louisiana-2020/?address=A9007","Female","NHL","05yrs","Orleans","New Orleans",12.24,11.628,12.852,90849,9.087,8.633,9.541,65421,12.568,11.94,13.197,59150,21.05,43.0,33.41,0.0
"A9007","https://nci-naaccr-zone-design.github.io/louisiana-2020/?address=A9007","Male","NHL","05yrs","Orleans","New Orleans",27.018,25.667,28.369,86880,28.818,27.377,30.259,53212,16.493,15.669,17.318,59150,21.05,43.0,33.41,0.0
"A9007","https://nci-naaccr-zone-design.github.io/louisiana-2020/?address=A9007","Both","Urinary","05yrs","Orleans","New Orleans",20.709,19.673,21.744,177729,21.138,20.081,22.195,118633,14.068,13.365,14.772,59150,21.05,43.0,33.41,0.0
"A9007","https://nci-naaccr-zone-design.github.io/louisiana-2020/?address=A9007","Female","Urinary","05yrs","Orleans","New Orleans",11.273,10.709,11.836,90849,8.439,8.017,8.861,65421,10.65,10.117,11.182,59150,21.05,43.0,33.41,0.0
"A9007","https://nci-naaccr-zone-design.github.io/louisiana-2020/?address=A9007","Male","Urinary","05yrs","Orleans","New Orleans",34.237,32.525,35.949,86880,30.177,28.669,31.686,53212,36.611,34.78,38.442,59150,21.05,43.0,33.41,0.0
"A9007","https://nci-naaccr-zone-design.github.io/louisiana-2020/?address=A9007","Both","Mela","05yrs","Orleans","New Orleans",21.425,20.354,22.497,177729,18.659,17.726,19.592,118633,10.107,9.601,10.612,59150,21.05,43.0,33.41,0.0
"A9007","https://nci-naaccr-zone-design.github.io/louisiana-2020/?address=A9007","Female","Mela","05yrs","Orleans","New Orleans",11.683,11.098,12.267,90849,16.795,15.955,17.635,65421,16.484,15.66,17.308,59150,21.05,43.0,33.41,0.0
"A9007","https://nci-naaccr-zone-design.github.io/louisiana-2020/?address=A9007","Male","Mela","05yrs","Orleans","New Orleans",17.306,16.441,18.172,86880,34.607,32.877,36.337,53212,7.655,7.272,8.037,59150,21.05,43.0,33.41,0.0
"A9007","https://nci-naaccr-zone-design.github.io/louisiana-2020/?address=A9007","Both","Pancreas","05yrs","Orleans","New Orleans",10.554,10.027,11.082,177729,16.399,15.579,17.219,118633,10.736,10.199,11.273,59150,21.05,43.0,33.41,0.0
"A9007","https://nci-naaccr-zone-design.github.io/louisiana-2020/?address=A9007","Female","Pancreas","05yrs","Orleans","New Orleans",11.828,11.237,12.419,90849,8.753,8.315,9.19,65421,13.163,12.505,13.822,59150,21.05,43.0,33.41,0.0
"A9007","https://nci-naaccr-zone-design.github.io/louisiana-2020/?address=A9007","Male","Pancreas","05yrs","Orleans","New Orleans",14.811,14.071,15.552,86880,15.512,14.737,16.288,53212,13.292,12.628,13.957,59150,21.05,43.0,33.41,0.0
"A9007","https://nci-naaccr-zone-design.github.io/louisiana-2020/?address=A9007","Both","Leuks","05yrs","Orleans","New Orleans",16.071,15.267,16.874,177729,9.196,8.736,9.655,118633,10.52,9.994,11.046,59150,21.05,43.0,33.41,0.0
"A9007","https://nci-naaccr-zone-design.github.io/louisiana-2020/?address=A9007","Female","Leuks","05yrs","Orleans","New Orleans",8.428,8.006,8.849,90849,14.064,13.361,14.767,65421,9.309,8.843,9.774,59150,21.05,43.0,33.41,0.0
"A9007","https://nci-naaccr-zone-design.github.io/louisiana-2020/?address=A9007","Male","Leuks","05yrs","Orleans","New Orleans",22.018,20.918,23.119,86880,12.953,12.305,13.6,53212,11.682,11.098,12.266,59150,21.05,43.0,33.41,0.0
"A9007","https://nci-naaccr-zone-design.github.io/louisiana-2020/?address=A9007","Both","Oral","05yrs","Orleans","New Orleans",14.047,13.345,14.749,177729,7.828,7.436,8.219,118633,16.52,15.694,17.346,59150,21.05,43.0,33.41,0.0
"A9007","https://nci-naaccr-zone-design.github.io/louisiana-2020/?address=A9007","Female","Oral","05yrs","Orleans","New Orleans",5.131,4.874,5.388,90849,5.735,5.448,6.021,65421,6.56,6.232,6.888,59150,21.05,43.0,33.41,0.0
"A9007","https://nci-naaccr-zone-design.github.io/louisiana-2020/?address=A9007","Male","Oral","05yrs","Orleans","New Orleans",21.064,20.01,22.117,86880,13.321,12.655,13.987,53212,25.477,24.203,26.751,59150,21.05,43.0,33.41,0.0
"A9007","https://nci-naaccr-zone-design.github.io/louisiana-2020/?address=A9007","Both","Thyroid","05yrs","Orleans","New Orleans",12.821,12.18,13.462,177729,17.051,16.199,17.904,118633,12.192,11.582,12.801,59150,21.05,43.0,33.41,0.0
"A9007","https://nci-naaccr-zone-design.github.io/louisiana-2020/?address=A9007","Female","Thyroid","05yrs","Orleans","New Orleans",24.245,23.033,25.458,90849,26.199,24.889,27.509,65421,14.323,13.607,15.039,59150,21.05,43.0,33.41,0.0
"A9007","https://nci-naaccr-zone-design.github.io/louisiana-2020/?address=A9007","Male","Thyroid","05yrs","Orleans","New Orleans",7.513,7.137,7.889,86880,"","","",53212,8.798,8.358,9.238,59150,21.05,43.0,33.41,0.0
"A9007","https://nci-naaccr-zone-design.github.io/louisiana-2020/?address=A9007","Female","Uterine","05yrs","Orleans","New Orleans",19.829,18.838,20.821,90849,20.966,19.918,22.015,65421,17.341,16.474,18.208,59150,21.05,43.0,33.41,0.0
"A9007","https://nci-naaccr-zone-design.github.io/louisiana-2020/?address=A9007","Both","Liver","05yrs","Orleans","New Orleans",10.212,9.701,10.722,177729,14.875,14.131,15.619,118633,13.795,13.105,14.485,59150,21.05,43.0,33.41,0.0
"A9007","https://nci-naaccr-zone-design.github.io/louisiana-2020/?address=A9007","Female","Liver","05yrs","Orleans","New Orleans",4.681,4.447,4.915,90849,5.126,4.87,5.382,65421,"","","",59150,21.05,43.0,33.41,0.0
"A9007","https://nci-naaccr-zone-design.github.io/louisiana-2020/?address=A9007","Male","Liver","05yrs","Orleans","New Orleans",19.194,18.234,20.153,86880,12.98,12.331,13.629,53212,9.755,9.267,10.243,59150,21.05,43.0,33.41,0.0
"A9007","https://nci-naaccr-zone-design.github.io/louisiana-2020/?address=A9007","Both","Stomach","05yrs","Orleans","New Orleans",9.121,8.665,9.577,177729,6.889,6.544,7.233,118633,7.531,7.154,7.907,59150,21.05,43.0,33.41,0.0
"A9007","https://nci-naaccr-zone-design.github.io/louisiana-2020/?address=A9007","Female","Stomach","05yrs","Orleans","New Orleans",7.028,6.677,7.379,90849,8.954,8.506,9.402,65421,6.64,6.308,6.972,59150,21.05,43.0,33.41,0.0
"A9007","https://nci-naaccr-zone-design.github.io/louisiana-2020/?address=A9007","Male","Stomach","05yrs","Orleans","New Orleans",12.044,11.442,12.646,86880,9.631,9.149,10.112,53212,"","","",59150,21.05,43.0,33.41,0.0
"A9007","https://nci-naaccr-zone-design.github.io/louisiana-2020/?address=A9007","Both","Myeloma","05yrs","Orleans","New Orleans",6.348,6.031,6.665,177729,10.208,9.698,10.718,118633,10.342,9.825,10.859,59150,21.05,43.0,33.41,0.0
"A9007","https://nci-naaccr-zone-design.github.io/louisiana-2020/?address=A9007","Female","Myeloma","05yrs","Orleans","New Orleans",7.352,6.984,7.72,90849,4.754,4.516,4.991,65421,10.006,9.505,10.506,59150,21.05,43.0,33.41,0.0
"A9007","https://nci-naaccr-zone-design.github.io/louisiana-2020/?address=A9007","Male","Myeloma","05yrs","Orleans","New Orleans",10.453,9.93,10.975,86880,9.016,8.565,9.467,53212,9.283,8.819,9.748,59150,21.05,43.0,33.41,0.0
"A9007","https://nci-naaccr-zone-design.github.io/louisiana-2020/?address=A9007","Both","Brain","05yrs","Orleans","New Orleans",3.976,3.777,4.174,177729,6.089,5.784,6.393,118633,4.938,4.691,5.184,59150,21.05,43.0,33.41,0.0
"A9007","https://nci-naaccr-zone-design.github.io/louisiana-2020/?address=A9007","Female","Brain","05yrs","Orleans","New Orleans",4.429,4.208,4.65,90849,3.906,3.711,4.102,65421,"","","",59150,21.05,43.0,33.41,0.0
"A9007","https://nci-naaccr-zone-design.github.io/louisiana-2020/?address=A9007","Male","Brain","05yrs","Orleans","New Orleans",6.036,5.734,6.337,86880,5.447,5.175,5.72,53212,11.635,11.053,12.217,59150,21.05,43.0,33.41,0.0
"A9007","https://nci-naaccr-zone-design.github.io/louisiana-2020/?address=A9007","Both","Larynx","05yrs","Orleans","New Orleans",7.34,6.973,7.707,177729,6.187,5.878,6.497,118633,6.036,5.734,6.338,59150,21.05,43.0,33.41,0.0
"A9007","https://nci-naaccr-zone-design.github.io/louisiana-2020/?address=A9007","Female","Larynx","05yrs","Orleans","New Orleans","","","",90849,"","","",65421,"","","",59150,21.05,43.0,33.41,0.0
"A9007","https://nci-naaccr-zone-design.github.io/louisiana-2020/?address=A9007","Male","Larynx","05yrs","Orleans","New Orleans",10.783,10.244,11.322,86880,13.616,12.935,14.297,53212,11.985,11.385,12.584,59150,21.05,43.0,33.41,0.0
"A9007","https://nci-naaccr-zone-design.github.io/louisiana-2020/?address=A9007","Female","Ovary","05yrs","Orleans","New Orleans",5.091,4.836,5.345,90849,12.086,11.482,12.691,65421,8.179,7.77,8.588,59150,21.05,43.0,33.41,0.0
"A9007","https://nci-naaccr-zone-design.github.io/louisiana-2020/?address=A9007","Both","Esoph","05yrs","Orleans","New Orleans",4.786,4.547,5.026,177729,4.415,4.194,4.635,118633,7.265,6.901,7.628,59150,21.05,43.0,33.41,0.0
"A9007","https://nci-naaccr-zone-design.github.io/louisiana-2020/?address=A9007","Female","Esoph","05yrs","Orleans","New Orleans",3.937,3.74,4.134,90849,"","","",65421,"","","",59150,21.05,43.0,33.41,0.0
"A9007","https://nci-naaccr-zone-design.github.io/louisiana-2020/?address=A9007","Male","Esoph","05yrs","Orleans","New Orleans",12.728,12.091,13.364,86880,6.041,5.739,6.343,53212,7.72,7.334,8.106,59150,21.05,43.0,33.41,0.0
"A9007","https://nci-naaccr-zone-design.github.io/louisiana-2020/?address=A9007","Both","AllSite","10yrs","Orleans","New Orleans",441.462,419.389,463.536,315830,482.302,458.187,506.417,206960,503.645,478.463,528.827,59150,21.05,43.0,33.41,0.0
"A9007","https://nci-naaccr-zone-design.github.io/louisiana-2020/?address=A9007","Female","AllSite","10yrs","Orleans","New Orleans",394.04,374.338,413.742,161052,413.743,393.056,434.431,112867,415.264,394.5,436.027,59150,21.05,43.0,33.41,0.0
"A9007","https://nci-naaccr-zone-design.github.io/louisiana-2020/?address=A9007","Male","AllSite","10yrs","Orleans","New Orleans",665.238,631.976,698.5,154778,677.688,643.804,711.572,94093,543.417,516.247,570.588,59150,21.05,43.0,33.41,0.0
"A9007","https://nci-naaccr-zone-design.github.io/louisiana-2020/?address=A9007","Male","Prostate","10yrs","Orleans","New Orleans",136.517,129.692,143.343,154778,130.217,123.707,136.728,94093,142.172,135.063,149.281,59150,21.05,43.0,33.41,0.0
"A9007","https://nci-naaccr-zone-design.github.io/louisiana-2020/?address=A9007","Both","Lung","10yrs","Orleans","New Orleans",59.769,56.78,62.757,315830,50.749,48.211,53.286,206960,44.255,42.042,46.468,59150,21.05,43.0,33.41,0.0
"A9007","https://nci-naaccr-zone-design.github.io/louisiana-2020/?address=A9007","Female","Lung","10yrs","Orleans","New Orleans",64.321,61.105,67.537,161052,48.822,46.381,51.263,112867,42.705,40.57,44.841,59150,21.05,43.0,33.41,0.0
"A9007","https://nci-naaccr-zone-design.github.io/louisiana-2020/?address=A9007","Male","Lung","10yrs","Orleans","New Orleans",67.873,64.479,71.266,154778,92.236,87.624,96.847,94093,79.584,75.605,83.563,59150,21.05,43.0,33.41,0.0
"A9007","https://nci-naaccr-zone-design.github.io/louisiana-2020/?address=A9007","Female","Breast","10yrs","Orleans","New Orleans",119.245,113.282,125.207,161052,101.922,96.826,107.018,112867,127.484,121.109,133.858,59150,21.05,43.0,33.41,0.0
"A9007","https://nci-naaccr-zone-design.github.io/louisiana-2020/?address=A9007","Both","CRC","10yrs","Orleans","New Orleans",34.401,32.681,36.121,315830,41.562,39.484,43.64,206960,49.283,46.818,51.747,59150,21.05,43.0,33.41,0.0
"A9007","https://nci-naaccr-zone-design.github.io/louisiana-2020/?address=A9007","Female","CRC","10yrs","Orleans","New Orleans",32.612,30.982,34.243,161052,35.599,33.819,37.379,112867,46.327,44.01,48.643,59150,21.05,43.0,33.41,0.0
"A9007","https://nci-naaccr-zone-design.github.io/louisiana-2020/?address=A9007","Male","CRC","10yrs","Orleans","New Orleans",39.848,37.856,41.84,154778,70.803,67.263,74.343,94093,42.828,40.687,44.97,59150,21.05,43.0,33.41,0.0
"A9007","https://nci-naaccr-zone-design.github.io/louisiana-2020/?address=A9007","Both","Kidney","10yrs","Orleans","New Orleans",17.46,16.587,18.333,315830,20.36,19.342,21.378,206960,24.255,23.043,25.468,59150,21.05,43.0,33.41,0.0
"A9007","https://nci-naaccr-zone-design.github.io/louisiana-2020/?address=A9007","Female","Kidney","10yrs","Orleans","New Orleans",17.199,16.339,18.059,161052,16.021,15.22,16.822,112867,17.219,16.358,18.08,59150,21.05,43.0,33.41,0.0
"A9007","https://nci-naaccr-zone-design.github.io/louisiana-2020/?address=A9007","Male","Kidney","10yrs","Orleans","New Orleans",34.136,32.429,35.843,154778,19.153,18.195,20.11,94093,23.413,22.242,24.583,59150,21.05,43.0,33.41,0.0
"A9007","https://nci-naaccr-zone-design.github.io/louisiana-2020/?address=A9007","Both","NHL","10yrs","Orleans","New Orleans",20.512,19.486,21.537,315830,18.319,17.403,19.235,206960,15.255,14.492,16.017,59150,21.05,43.0,33.41,0.0
"A9007","https://nci-naaccr-zone-design.github.io/louisiana-2020/?address=A9007","Female","NHL","10yrs","Orleans","New Orleans",13.83,13.139,14.522,161052,22.099,20.994,23.204,112867,20.618,19.587,21.648,59150,21.05,43.0,33.41,0.0
"A9007","https://nci-naaccr-zone-design.github.io/louisiana-2020/?address=A9007","Male","NHL","10yrs","Orleans","New Orleans",29.999,28.499,31.499,154778,31.391,29.821,32.961,94093,24.6,23.37,25.83,59150,21.05,43.0,33.41,0.0
"A9007","https://nci-naaccr-zone-design.github.io/louisiana-2020/?address=A9007","Both","Urinary","10yrs","Orleans","New Orleans",23.685,22.501,24.87,315830,19.913,18.918,20.909,206960,18.377,17.458,19.296,59150,21.05,43.0,33.41,0.0
"A9007","https://nci-naaccr-zone-design.github.io/louisiana-2020/?address=A9007","Female","Urinary","10yrs","Orleans","New Orleans",11.242,10.68,11.804,161052,3.994,3.794,4.194,112867,10.229,9.717,10.74,59150,21.05,43.0,33.41,0.0
"A9007","https://nci-naaccr-zone-design.github.io/louisiana-2020/?address=A9007","Male","Urinary","10yrs","Orleans","New Orleans",42.554,40.427,44.682,154778,49.733,47.247,52.22,94093,28.295,26.88,29.709,59150,21.05,43.0,33.41,0.0
"A9007","https://nci-naaccr-zone-design.github.io/louisiana-2020/?address=A9007","Both","Mela","10yrs","Orleans","New Orleans",7.891,7.497,8.286,315830,14.494,13.77,15.219,206960,10.776,10.237,11.315,59150,21.05,43.0,33.41,0.0
"A9007","https://nci-naaccr-zone-design.github.io/louisiana-2020/?address=A9007","Female","Mela","10yrs","Orleans","New Orleans",6.699,6.364,7.034,161052,6.547,6.22,6.874,112867,20.654,19.622,21.687,59150,21.05,43.0,33.41,0.0
"A9007","https://nci-naaccr-zone-design.github.io/louisiana-2020/?address=A9007","Male","Mela","10yrs","Orleans","New Orleans",6.787,6.448,7.127,154778,28.017,26.616,29.418,94093,33.6,31.92,35.28,59150,21.05,43.0,33.41,0.0
"A9007","https://nci-naaccr-zone-design.github.io/louisiana-2020/?address=A9007","Both","Pancreas","10yrs","Orleans","New Orleans",9.978,9.479,10.477,315830,17.892,16.997,18.786,206960,17.169,16.31,18.027,59150,21.05,43.0,33.41,0.0
"A9007","https://nci-naaccr-zone-design.github.io/louisiana-2020/?address=A9007","Female","Pancreas","10yrs","Orleans","New Orleans",13.217,12.556,13.878,161052,12.422,11.8,13.043,112867,9.968,9.469,10.466,59150,21.05,43.0,33.41,0.0
"A9007","https://nci-naaccr-zone-design.github.io/louisiana-2020/?address=A9007","Male","Pancreas","10yrs","Orleans","New Orleans",10.285,9.771,10.799,154778,20.75,19.713,21.788,94093,17.845,16.952,18.737,59150,21.05,43.0,33.41,0.0
"A9007","https://nci-naaccr-zone-design.github.io/louisiana-2020/?address=A9007","Both","Leuks","10yrs","Orleans","New Orleans",12.231,11.619,12.842,315830,15.186,14.427,15.945,206960,14.415,13.694,15.135,59150,21.05,43.0,33.41,0.0
"A9007","https://nci-naaccr-zone-design.github.io/louisiana-2020/?address=A9007","Female","Leuks","10yrs","Orleans","New Orleans",10.782,10.243,11.321,161052,13.306,12.641,13.971,112867,7.028,6.677,7.379,59150,21.05,43.0,33.41,0.0
"A9007","https://nci-naaccr-zone-design.github.io/louisiana-2020/?address=A9007","Male","Leuks","10yrs","Orleans","New Orleans",8.367,7.949,8.786,154778,10.546,10.019,11.073,94093,17.643,16.76,18.525,59150,21.05,43.0,33.41,0.0
"A9007","https://nci-naaccr-zone-design.github.io/louisiana-2020/?address=A9007","Both","Oral","10yrs","Orleans","New Orleans",13.628,12.947,14.31,315830,6.653,6.32,6.985,206960,7.955,7.557,8.352,59150,21.05,43.0,33.41,0.0
"A9007","https://nci-naaccr-zone-design.github.io/louisiana-2020/?address=A9007","Female","Oral","10yrs","Orleans","New Orleans",5.755,5.467,6.043,161052,4.545,4.318,4.772,112867,6.613,6.283,6.944,59150,21.05,43.0,33.41,0.0
"A9007","https://nci-naaccr-zone-design.github.io/louisiana-2020/?address=A9007","Male","Oral","10yrs","Orleans","New Orleans",13.034,12.382,13.686,154778,16.154,15.346,16.961,94093,14.749,14.012,15.487,59150,21.05,43.0,33.41,0.0
"A9007","https://nci-naaccr-zone-design.github.io/louisiana-2020/?address=A9007","Both","Thyroid","10yrs","Orleans","New Orleans",11.626,11.045,12.207,315830,15.789,15.0,16.579,206960,7.544,7.167,7.921,59150,21.05,43.0,33.41,0.0
"A9007","https://nci-naaccr-zone-design.github.io/louisiana-2020/?address=A9007","Female","Thyroid","10yrs","Orleans","New Orleans",14.319,13.603,15.035,161052,24.232,23.02,25.443,112867,25.775,24.486,27.063,59150,21.05,43.0,33.41,0.0
"A9007","https://nci-naaccr-zone-design.github.io/louisiana-2020/?address=A9007","Male","Thyroid","10yrs","Orleans","New Orleans",3.015,2.864,3.166,154778,8.43,8.009,8.852,94093,4.96,4.712,5.208,59150,21.05,43.0,33.41,0.0
"A9007","https://nci-naaccr-zone-design.github.io/louisiana-2020/?address=A9007","Female","Uterine","10yrs","Orleans","New Orleans",16.566,15.738,17.394,161052,18.926,17.979,19.872,112867,12.47,11.847,13.094,59150,21.05,43.0,33.41,0.0
"A9007","https://nci-naaccr-zone-design.github.io/louisiana-2020/?address=A9007","Both","Liver","10yrs","Orleans","New Orleans",6.426,6.105,6.748,315830,13.908,13.213,14.604,206960,6.169,5.861,6.478,59150,21.05,43.0,33.41,0.0
"A9007","https://nci-naaccr-zone-design.github.io/louisiana-2020/?address=A9007","Female","Liver","10yrs","Orleans","New Orleans",7.269,6.906,7.633,161052,4.349,4.132,4.567,112867,2.552,2.425,2.68,59150,21.05,43.0,33.41,0.0
"A9007","https://nci-naaccr-zone-design.github.io/louisiana-2020/?address=A9007","Male","Liver","10yrs","Orleans","New Orleans",22.153,21.045,23.261,154778,15.508,14.733,16.283,94093,14.65,13.918,15.383,59150,21.05,43.0,33.41,0.0
"A9007","https://nci-naaccr-zone-design.github.io/louisiana-2020/?address=A9007","Both","Stomach","10yrs","Orleans","New Orleans",10.472,9.948,10.995,315830,7.272,6.908,7.635,206960,4.686,4.452,4.921,59150,21.05,43.0,33.41,0.0
"A9007","https://nci-naaccr-zone-design.github.io/louisiana-2020/?address=A9007","Female","Stomach","10yrs","Orleans","New Orleans",7.798,7.408,8.188,161052,3.079,2.925,3.233,112867,9.295,8.83,9.76,59150,21.05,43.0,33.41,0.0
"A9007","https://nci-naaccr-zone-design.github.io/louisiana-2020/?address=A9007","Male","Stomach","10yrs","Orleans","New Orleans",15.159,14.401,15.917,154778,14.011,13.31,14.711,94093,15.251,14.489,16.014,59150,21.05,43.0,33.41,0.0
"A9007","https://nci-naaccr-zone-design.github.io/louisiana-2020/?address=A9007","Both","Myeloma","10yrs","Orleans","New Orleans",10.043,9.541,10.546,315830,14.556,13.828,15.284,206960,8.088,7.683,8.492,59150,21.05,43.0,33.41,0.0
"A9007","https://nci-naaccr-zone-design.github.io/louisiana-2020/?address=A9007","Female","Myeloma","10yrs","Orleans","New Orleans",8.743,8.306,9.18,161052,12.605,11.975,13.236,112867,2.725,2.589,2.862,59150,21.05,43.0,33.41,0.0
"A9007","https://nci-naaccr-zone-design.github.io/louisiana-2020/?address=A9007","Male","Myeloma","10yrs","Orleans","New Orleans",6.633,6.302,6.965,154778,12.102,11.497,12.707,94093,7.828,7.437,8.22,59150,21.05,43.0,33.41,0.0
"A9007","https://nci-naaccr-zone-design.github.io/louisiana-2020/?address=A9007","Both","Brain","10yrs","Orleans","New Orleans",4.088,3.884,4.292,315830,7.972,7.573,8.371,206960,4.419,4.198,4.64,59150,21.05,43.0,33.41,0.0
"A9007","https://nci-naaccr-zone-design.github.io/louisiana-2020/?address=A9007","Female","Brain","10yrs","Orleans","New Orleans",6.968,6.619,7.316,161052,3.337,3.17,3.504,112867,7.778,7.389,8.167,59150,21.05,43.0,33.41,0.0
"A9007","https://nci-naaccr-zone-design.github.io/louisiana-2020/?address=A9007","Male","Brain","10yrs","Orleans","New Orleans",3.442,3.27,3.614,154778,10.36,9.842,10.878,94093,4.158,3.95,4.366,59150,21.05,43.0,33.41,0.0
"A9007","https://nci-naaccr-zone-design.github.io/louisiana-2020/?address=A9007","Both","Larynx","10yrs","Orleans","New Orleans",2.724,2.588,2.86,315830,4.705,4.47,4.941,206960,4.891,4.647,5.136,59150,21.05,43.0,33.41,0.0
"A9007","https://nci-naaccr-zone-design.github.io/louisiana-2020/?address=A9007","Female","Larynx","10yrs","Orleans","New Orleans",3.339,3.172,3.506,161052,3.107,2.951,3.262,112867,"","","",59150,21.05,43.0,33.41,0.0
"A9007","https://nci-naaccr-zone-design.github.io/louisiana-2020/?address=A9007","Male","Larynx","10yrs","Orleans","New Orleans",10.407,9.887,10.928,154778,5.438,5.166,5.71,94093,5.489,5.215,5.763,59150,21.05,43.0,33.41,0.0
"A9007","https://nci-naaccr-zone-design.github.io/louisiana-2020/?address=A9007","Female","Ovary","10yrs","Orleans","New Orleans",4.659,4.426,4.892,161052,10.226,9.714,10.737,112867,8.702,8.266,9.137,59150,21.05,43.0,33.41,0.0
"A9007","https://nci-naaccr-zone-design.github.io/louisiana-2020/?address=A9007","Both","Esoph","10yrs","Orleans","New Orleans",4.513,4.288,4.739,315830,3.029,2.878,3.181,206960,4.538,4.311,4.765,59150,21.05,43.0,33.41,0.0
"A9007","https://nci-naaccr-zone-design.github.io/louisiana-2020/?address=A9007","Female","Esoph","10yrs","Orleans","New Orleans",1.996,1.897,2.096,161052,2.622,2.491,2.753,112867,3.791,3.601,3.98,59150,21.05,43.0,33.41,0.0
"A9007","https://nci-naaccr-zone-design.github.io/louisiana-2020/?address=A9007","Male","Esoph","10yrs","Orleans","New Orleans",9.596,9.116,10.076,154778,9.818,9.327,10.309,94093,5.743,5.455,6.03,59150,21.05,43.0,33.41,0.0
