"Zone","URL","Sex","Cancer","Years","Counties","Places","AAIR","LCI","UCI","White_PopTot","White_AAIR","White_LCI","White_UCI","Black_PopTot","Black_AAIR","Black_LCI","Black_UCI","TotalPop","Pct100Pov","PctMinority","PctBlackNH","PctRural"
"B0034","https://nci-naaccr-zone-design.github.io/louisiana-2020/?address=B0034","Both","AllSite","05yrs","Acadia, Evangeline","Crowley, Ville Platte, Egan, Reddell, Rayne, Branch",437.92,416.024,459.816,359372,498.311,473.396,523.227,105840,506.744,481.407,532.082,95757,23.4,25.2,21.62,55.03
"B0034","https://nci-naaccr-zone-design.github.io/louisiana-2020/?address=B0034","Female","AllSite","05yrs","Acadia, Evangeline","Crowley, Ville Platte, Egan, Reddell, Rayne, Branch",444.926,422.68,467.173,183605,446.427,424.105,468.748,53714,361.619,343.538,379.7,95757,23.4,25.2,21.62,55.03
"B0034","https://nci-naaccr-zone-design.github.io/louisiana-2020/?address=B0034","Male","AllSite","05yrs","Acadia, Evangeline","Crowley, Ville Platte, Egan, Reddell, Rayne, Branch",627.852,596.46,659.245,175767,537.834,510.942,564.726,52126,634.575,602.846,666.304,95757,23.4,25.2,21.62,55.03
"B0034","https://nci-naaccr-zone-design.github.io/louisiana-2020/?address=B0034","Male","Prostate","05yrs","Acadia, Evangeline","Crowley, Ville Platte, Egan, Reddell, Rayne, Branch",130.523,123.997,137.05,175767,151.485,143.91,159.059,52126,165.882,157.587,174.176,95757,23.4,25.2,21.62,55.03
"B0034","https://nci-naaccr-zone-design.github.io/louisiana-2020/?address=B0034","Both","Lung","05yrs","Acadia, Evangeline","Crowley, Ville Platte, Egan, Reddell, Rayne, Branch",83.929,79.733,88.125,359372,90.296,85.781,94.811,105840,86.719,82.383,91.055,95757,23.4,25.2,21.62,55.03
"B0034","https://nci-naaccr-zone-design.github.io/louisiana-2020/?address=B0034","Female","Lung","05yrs","Acadia, Evangeline","Crowley, Ville Platte, Egan, Reddell, Rayne, Branch",48.132,45.725,50.538,183605,59.112,56.157,62.068,53714,41.395,39.326,43.465,95757,23.4,25.2,21.62,55.03
"B0034","https://nci-naaccr-zone-design.github.io/louisiana-2020/?address=B0034","Male","Lung","05yrs","Acadia, Evangeline","Crowley, Ville Platte, Egan, Reddell, Rayne, Branch",101.587,96.508,106.667,175767,52.439,49.817,55.061,52126,114.675,108.941,120.409,95757,23.4,25.2,21.62,55.03
"B0034","https://nci-naaccr-zone-design.github.io/louisiana-2020/?address=B0034","Female","Breast","05yrs","Acadia, Evangeline","Crowley, Ville Platte, Egan, Reddell, Rayne, Branch",122.239,116.127,128.351,183605,130.886,124.341,137.43,53714,136.712,129.877,143.548,95757,23.4,25.2,21.62,55.03
"B0034","https://nci-naaccr-zone-design.github.io/louisiana-2020/?address=B0034","Both","CRC","05yrs","Acadia, Evangeline","Crowley, Ville Platte, Egan, Reddell, Rayne, Branch",48.981,46.532,51.43,359372,48.616,46.186,51.047,105840,48.512,46.087,50.938,95757,23.4,25.2,21.62,55.03
"B0034","https://nci-naaccr-zone-design.github.io/louisiana-2020/?address=B0034","Female","CRC","05yrs","Acadia, Evangeline","Crowley, Ville Platte, Egan, Reddell, Rayne, Branch",50.996,48.446,53.546,183605,33.207,31.547,34.868,53714,42.222,40.111,44.333,95757,23.4,25.2,21.62,55.03
"B0034","https://nci-naaccr-zone-design.github.io/louisiana-2020/?address=B0034","Male","CRC","05yrs","Acadia, Evangeline","Crowley, Ville Platte, Egan, Reddell, Rayne, Branch",38.501,36.576,40.426,175767,60.085,57.081,63.089,52126,41.287,39.222,43.351,95757,23.4,25.2,21.62,55.03
"B0034","https://nci-naaccr-zone-design.github.io/louisiana-2020/?address=B0034","Both","Kidney","05yrs","Acadia, Evangeline","Crowley, Ville Platte, Egan, Reddell, Rayne, Branch",19.593,18.613,20.573,359372,19.39,18.421,20.36,105840,22.901,21.756,24.046,95757,23.4,25.2,21.62,55.03
"B0034","https://nci-naaccr-zone-design.github.io/louisiana-2020/?address=B0034","Female","Kidney","05yrs","Acadia, Evangeline","Crowley, Ville Platte, Egan, Reddell, Rayne, Branch",12.261,11.648,12.874,183605,21.273,20.21,22.337,53714,17.55,16.673,18.428,95757,23.4,25.2,21.62,55.03
"B0034","https://nci-naaccr-zone-design.github.io/louisiana-2020/?address=B0034","Male","Kidney","05yrs","Acadia, Evangeline","Crowley, Ville Platte, Egan, Reddell, Rayne, Branch",27.422,26.051,28.793,175767,24.619,23.389,25.85,52126,29.368,27.899,30.836,95757,23.4,25.2,21.62,55.03
"B0034","https://nci-naaccr-zone-design.github.io/louisiana-2020/?address=B0034","Both","NHL","05yrs","Acadia, Evangeline","Crowley, Ville Platte, Egan, Reddell, Rayne, Branch",13.789,13.1,14.479,359372,20.797,19.757,21.837,105840,18.097,17.192,19.001,95757,23.4,25.2,21.62,55.03
"B0034","https://nci-naaccr-zone-design.github.io/louisiana-2020/?address=B0034","Female","NHL","05yrs","Acadia, Evangeline","Crowley, Ville Platte, Egan, Reddell, Rayne, Branch",11.275,10.711,11.839,183605,13.188,12.528,13.847,53714,11.484,10.91,12.058,95757,23.4,25.2,21.62,55.03
"B0034","https://nci-naaccr-zone-design.github.io/louisiana-2020/?address=B0034","Male","NHL","05yrs","Acadia, Evangeline","Crowley, Ville Platte, Egan, Reddell, Rayne, Branch",16.484,15.66,17.308,175767,28.771,27.332,30.21,52126,17.953,17.056,18.851,95757,23.4,25.2,21.62,55.03
"B0034","https://nci-naaccr-zone-design.github.io/louisiana-2020/?address=B0034","Both","Urinary","05yrs","Acadia, Evangeline","Crowley, Ville Platte, Egan, Reddell, Rayne, Branch",26.484,25.16,27.808,359372,14.958,14.21,15.706,105840,21.005,19.955,22.055,95757,23.4,25.2,21.62,55.03
"B0034","https://nci-naaccr-zone-design.github.io/louisiana-2020/?address=B0034","Female","Urinary","05yrs","Acadia, Evangeline","Crowley, Ville Platte, Egan, Reddell, Rayne, Branch",10.847,10.305,11.39,183605,6.195,5.886,6.505,53714,8.886,8.442,9.331,95757,23.4,25.2,21.62,55.03
"B0034","https://nci-naaccr-zone-design.github.io/louisiana-2020/?address=B0034","Male","Urinary","05yrs","Acadia, Evangeline","Crowley, Ville Platte, Egan, Reddell, Rayne, Branch",22.408,21.288,23.529,175767,29.944,28.446,31.441,52126,43.987,41.788,46.186,95757,23.4,25.2,21.62,55.03
"B0034","https://nci-naaccr-zone-design.github.io/louisiana-2020/?address=B0034","Both","Mela","05yrs","Acadia, Evangeline","Crowley, Ville Platte, Egan, Reddell, Rayne, Branch",8.746,8.309,9.183,359372,19.144,18.187,20.101,105840,27.127,25.771,28.483,95757,23.4,25.2,21.62,55.03
"B0034","https://nci-naaccr-zone-design.github.io/louisiana-2020/?address=B0034","Female","Mela","05yrs","Acadia, Evangeline","Crowley, Ville Platte, Egan, Reddell, Rayne, Branch",20.086,19.082,21.091,183605,18.435,17.513,19.356,53714,14.04,13.338,14.742,95757,23.4,25.2,21.62,55.03
"B0034","https://nci-naaccr-zone-design.github.io/louisiana-2020/?address=B0034","Male","Mela","05yrs","Acadia, Evangeline","Crowley, Ville Platte, Egan, Reddell, Rayne, Branch",34.211,32.501,35.922,175767,38.14,36.233,40.047,52126,19.873,18.879,20.867,95757,23.4,25.2,21.62,55.03
"B0034","https://nci-naaccr-zone-design.github.io/louisiana-2020/?address=B0034","Both","Pancreas","05yrs","Acadia, Evangeline","Crowley, Ville Platte, Egan, Reddell, Rayne, Branch",16.426,15.604,17.247,359372,13.464,12.791,14.137,105840,12.408,11.788,13.028,95757,23.4,25.2,21.62,55.03
"B0034","https://nci-naaccr-zone-design.github.io/louisiana-2020/?address=B0034","Female","Pancreas","05yrs","Acadia, Evangeline","Crowley, Ville Platte, Egan, Reddell, Rayne, Branch",14.797,14.057,15.537,183605,9.479,9.005,9.952,53714,10.456,9.933,10.978,95757,23.4,25.2,21.62,55.03
"B0034","https://nci-naaccr-zone-design.github.io/louisiana-2020/?address=B0034","Male","Pancreas","05yrs","Acadia, Evangeline","Crowley, Ville Platte, Egan, Reddell, Rayne, Branch",14.456,13.733,15.179,175767,16.615,15.784,17.445,52126,16.36,15.542,17.178,95757,23.4,25.2,21.62,55.03
"B0034","https://nci-naaccr-zone-design.github.io/louisiana-2020/?address=B0034","Both","Leuks","05yrs","Acadia, Evangeline","Crowley, Ville Platte, Egan, Reddell, Rayne, Branch",12.595,11.965,13.224,359372,12.089,11.484,12.693,105840,10.714,10.178,11.249,95757,23.4,25.2,21.62,55.03
"B0034","https://nci-naaccr-zone-design.github.io/louisiana-2020/?address=B0034","Female","Leuks","05yrs","Acadia, Evangeline","Crowley, Ville Platte, Egan, Reddell, Rayne, Branch",9.631,9.149,10.112,183605,12.77,12.131,13.408,53714,12.545,11.918,13.172,95757,23.4,25.2,21.62,55.03
"B0034","https://nci-naaccr-zone-design.github.io/louisiana-2020/?address=B0034","Male","Leuks","05yrs","Acadia, Evangeline","Crowley, Ville Platte, Egan, Reddell, Rayne, Branch",22.955,21.807,24.103,175767,9.588,9.109,10.068,52126,17.311,16.445,18.176,95757,23.4,25.2,21.62,55.03
"B0034","https://nci-naaccr-zone-design.github.io/louisiana-2020/?address=B0034","Both","Oral","05yrs","Acadia, Evangeline","Crowley, Ville Platte, Egan, Reddell, Rayne, Branch",11.548,10.971,12.125,359372,12.476,11.852,13.099,105840,16.09,15.286,16.895,95757,23.4,25.2,21.62,55.03
"B0034","https://nci-naaccr-zone-design.github.io/louisiana-2020/?address=B0034","Female","Oral","05yrs","Acadia, Evangeline","Crowley, Ville Platte, Egan, Reddell, Rayne, Branch",8.601,8.171,9.031,183605,8.686,8.251,9.12,53714,9.037,8.585,9.489,95757,23.4,25.2,21.62,55.03
"B0034","https://nci-naaccr-zone-design.github.io/louisiana-2020/?address=B0034","Male","Oral","05yrs","Acadia, Evangeline","Crowley, Ville Platte, Egan, Reddell, Rayne, Branch",12.718,12.082,13.354,175767,24.43,23.208,25.651,52126,20.959,19.911,22.007,95757,23.4,25.2,21.62,55.03
"B0034","https://nci-naaccr-zone-design.github.io/louisiana-2020/?address=B0034","Both","Thyroid","05yrs","Acadia, Evangeline","Crowley, Ville Platte, Egan, Reddell, Rayne, Branch",13.104,12.449,13.759,359372,14.991,14.242,15.741,105840,14.771,14.032,15.509,95757,23.4,25.2,21.62,55.03
"B0034","https://nci-naaccr-zone-design.github.io/louisiana-2020/?address=B0034","Female","Thyroid","05yrs","Acadia, Evangeline","Crowley, Ville Platte, Egan, Reddell, Rayne, Branch",9.534,9.057,10.01,183605,23.662,22.479,24.845,53714,24.187,22.978,25.397,95757,23.4,25.2,21.62,55.03
"B0034","https://nci-naaccr-zone-design.github.io/louisiana-2020/?address=B0034","Male","Thyroid","05yrs","Acadia, Evangeline","Crowley, Ville Platte, Egan, Reddell, Rayne, Branch",8.271,7.858,8.685,175767,8.028,7.626,8.429,52126,8.265,7.852,8.678,95757,23.4,25.2,21.62,55.03
"B0034","https://nci-naaccr-zone-design.github.io/louisiana-2020/?address=B0034","Female","Uterine","05yrs","Acadia, Evangeline","Crowley, Ville Platte, Egan, Reddell, Rayne, Branch",21.163,20.104,22.221,183605,13.704,13.019,14.389,53714,14.619,13.888,15.35,95757,23.4,25.2,21.62,55.03
"B0034","https://nci-naaccr-zone-design.github.io/louisiana-2020/?address=B0034","Both","Liver","05yrs","Acadia, Evangeline","Crowley, Ville Platte, Egan, Reddell, Rayne, Branch",5.925,5.629,6.221,359372,7.83,7.439,8.222,105840,12.434,11.812,13.056,95757,23.4,25.2,21.62,55.03
"B0034","https://nci-naaccr-zone-design.github.io/louisiana-2020/?address=B0034","Female","Liver","05yrs","Acadia, Evangeline","Crowley, Ville Platte, Egan, Reddell, Rayne, Branch",2.321,2.205,2.437,183605,6.607,6.276,6.937,53714,"","","",95757,23.4,25.2,21.62,55.03
"B0034","https://nci-naaccr-zone-design.github.io/louisiana-2020/?address=B0034","Male","Liver","05yrs","Acadia, Evangeline","Crowley, Ville Platte, Egan, Reddell, Rayne, Branch",23.776,22.587,24.965,175767,16.882,16.038,17.726,52126,21.236,20.174,22.297,95757,23.4,25.2,21.62,55.03
"B0034","https://nci-naaccr-zone-design.github.io/louisiana-2020/?address=B0034","Both","Stomach","05yrs","Acadia, Evangeline","Crowley, Ville Platte, Egan, Reddell, Rayne, Branch",9.489,9.015,9.963,359372,7.571,7.192,7.949,105840,6.406,6.085,6.726,95757,23.4,25.2,21.62,55.03
"B0034","https://nci-naaccr-zone-design.github.io/louisiana-2020/?address=B0034","Female","Stomach","05yrs","Acadia, Evangeline","Crowley, Ville Platte, Egan, Reddell, Rayne, Branch",7.212,6.851,7.573,183605,9.888,9.393,10.382,53714,8.464,8.04,8.887,95757,23.4,25.2,21.62,55.03
"B0034","https://nci-naaccr-zone-design.github.io/louisiana-2020/?address=B0034","Male","Stomach","05yrs","Acadia, Evangeline","Crowley, Ville Platte, Egan, Reddell, Rayne, Branch",11.849,11.257,12.442,175767,9.98,9.481,10.479,52126,16.304,15.489,17.119,95757,23.4,25.2,21.62,55.03
"B0034","https://nci-naaccr-zone-design.github.io/louisiana-2020/?address=B0034","Both","Myeloma","05yrs","Acadia, Evangeline","Crowley, Ville Platte, Egan, Reddell, Rayne, Branch",5.289,5.024,5.553,359372,6.508,6.183,6.834,105840,3.99,3.79,4.189,95757,23.4,25.2,21.62,55.03
"B0034","https://nci-naaccr-zone-design.github.io/louisiana-2020/?address=B0034","Female","Myeloma","05yrs","Acadia, Evangeline","Crowley, Ville Platte, Egan, Reddell, Rayne, Branch",10.932,10.386,11.479,183605,7.339,6.972,7.706,53714,12.585,11.956,13.214,95757,23.4,25.2,21.62,55.03
"B0034","https://nci-naaccr-zone-design.github.io/louisiana-2020/?address=B0034","Male","Myeloma","05yrs","Acadia, Evangeline","Crowley, Ville Platte, Egan, Reddell, Rayne, Branch",5.044,4.791,5.296,175767,6.959,6.611,7.307,52126,7.676,7.292,8.059,95757,23.4,25.2,21.62,55.03
"B0034","https://nci-naaccr-zone-design.github.io/louisiana-2020/?address=B0034","Both","Brain","05yrs","Acadia, Evangeline","Crowley, Ville Platte, Egan, Reddell, Rayne, Branch",7.6,7.22,7.98,359372,5.107,4.851,5.362,105840,4.12,3.914,4.326,95757,23.4,25.2,21.62,55.03
"B0034","https://nci-naaccr-zone-design.github.io/louisiana-2020/?address=B0034","Female","Brain","05yrs","Acadia, Evangeline","Crowley, Ville Platte, Egan, Reddell, Rayne, Branch",7.198,6.838,7.558,183605,7.118,6.763,7.474,53714,7.017,6.666,7.368,95757,23.4,25.2,21.62,55.03
"B0034","https://nci-naaccr-zone-design.github.io/louisiana-2020/?address=B0034","Male","Brain","05yrs","Acadia, Evangeline","Crowley, Ville Platte, Egan, Reddell, Rayne, Branch",10.626,10.095,11.158,175767,8.17,7.761,8.578,52126,6.315,5.999,6.631,95757,23.4,25.2,21.62,55.03
"B0034","https://nci-naaccr-zone-design.github.io/louisiana-2020/?address=B0034","Both","Larynx","05yrs","Acadia, Evangeline","Crowley, Ville Platte, Egan, Reddell, Rayne, Branch",6.805,6.464,7.145,359372,8.145,7.738,8.552,105840,5.981,5.682,6.28,95757,23.4,25.2,21.62,55.03
"B0034","https://nci-naaccr-zone-design.github.io/louisiana-2020/?address=B0034","Female","Larynx","05yrs","Acadia, Evangeline","Crowley, Ville Platte, Egan, Reddell, Rayne, Branch",2.276,2.162,2.39,183605,2.74,2.603,2.877,53714,"","","",95757,23.4,25.2,21.62,55.03
"B0034","https://nci-naaccr-zone-design.github.io/louisiana-2020/?address=B0034","Male","Larynx","05yrs","Acadia, Evangeline","Crowley, Ville Platte, Egan, Reddell, Rayne, Branch",10.399,9.879,10.919,175767,4.055,3.852,4.257,52126,11.31,10.745,11.876,95757,23.4,25.2,21.62,55.03
"B0034","https://nci-naaccr-zone-design.github.io/louisiana-2020/?address=B0034","Female","Ovary","05yrs","Acadia, Evangeline","Crowley, Ville Platte, Egan, Reddell, Rayne, Branch",13.432,12.76,14.103,183605,7.891,7.496,8.285,53714,14.751,14.013,15.489,95757,23.4,25.2,21.62,55.03
"B0034","https://nci-naaccr-zone-design.github.io/louisiana-2020/?address=B0034","Both","Esoph","05yrs","Acadia, Evangeline","Crowley, Ville Platte, Egan, Reddell, Rayne, Branch",7.589,7.21,7.969,359372,6.691,6.357,7.026,105840,5.981,5.682,6.28,95757,23.4,25.2,21.62,55.03
"B0034","https://nci-naaccr-zone-design.github.io/louisiana-2020/?address=B0034","Female","Esoph","05yrs","Acadia, Evangeline","Crowley, Ville Platte, Egan, Reddell, Rayne, Branch",2.759,2.621,2.896,183605,3.837,3.645,4.029,53714,"","","",95757,23.4,25.2,21.62,55.03
"B0034","https://nci-naaccr-zone-design.github.io/louisiana-2020/?address=B0034","Male","Esoph","05yrs","Acadia, Evangeline","Crowley, Ville Platte, Egan, Reddell, Rayne, Branch",10.456,9.933,10.979,175767,10.195,9.685,10.704,52126,6.121,5.815,6.427,95757,23.4,25.2,21.62,55.03
"B0034","https://nci-naaccr-zone-design.github.io/louisiana-2020/?address=B0034","Both","AllSite","10yrs","Acadia, Evangeline","Crowley, Ville Platte, Egan, Reddell, Rayne, Branch",451.479,428.905,474.053,719983,437.179,415.32,459.038,212033,481.14,457.083,505.197,95757,23.4,25.2,21.62,55.03
"B0034","https://nci-naaccr-zone-design.github.io/louisiana-2020/?address=B0034","Female","AllSite","10yrs","Acadia, Evangeline","Crowley, Ville Platte, Egan, Reddell, Rayne, Branch",376.472,357.648,395.295,367192,449.408,426.938,471.879,107854,417.855,396.962,438.748,95757,23.4,25.2,21.62,55.03
"B0034","https://nci-naaccr-zone-design.github.io/louisiana-2020/?address=B0034","Male","AllSite","10yrs","Acadia, Evangeline","Crowley, Ville Platte, Egan, Reddell, Rayne, Branch",634.211,602.5,665.921,352791,649.734,617.247,682.221,104179,541.908,514.813,569.004,95757,23.4,25.2,21.62,55.03
"B0034","https://nci-naaccr-zone-design.github.io/louisiana-2020/?address=B0034","Male","Prostate","10yrs","Acadia, Evangeline","Crowley, Ville Platte, Egan, Reddell, Rayne, Branch",173.843,165.151,182.535,352791,178.664,169.731,187.597,104179,197.259,187.396,207.122,95757,23.4,25.2,21.62,55.03
"B0034","https://nci-naaccr-zone-design.github.io/louisiana-2020/?address=B0034","Both","Lung","10yrs","Acadia, Evangeline","Crowley, Ville Platte, Egan, Reddell, Rayne, Branch",44.714,42.479,46.95,719983,67.621,64.24,71.002,212033,63.042,59.89,66.194,95757,23.4,25.2,21.62,55.03
"B0034","https://nci-naaccr-zone-design.github.io/louisiana-2020/?address=B0034","Female","Lung","10yrs","Acadia, Evangeline","Crowley, Ville Platte, Egan, Reddell, Rayne, Branch",69.064,65.611,72.517,367192,60.492,57.468,63.517,107854,53.831,51.14,56.523,95757,23.4,25.2,21.62,55.03
"B0034","https://nci-naaccr-zone-design.github.io/louisiana-2020/?address=B0034","Male","Lung","10yrs","Acadia, Evangeline","Crowley, Ville Platte, Egan, Reddell, Rayne, Branch",106.593,101.263,111.922,352791,95.12,90.364,99.877,104179,92.209,87.598,96.819,95757,23.4,25.2,21.62,55.03
"B0034","https://nci-naaccr-zone-design.github.io/louisiana-2020/?address=B0034","Female","Breast","10yrs","Acadia, Evangeline","Crowley, Ville Platte, Egan, Reddell, Rayne, Branch",132.919,126.273,139.564,367192,137.793,130.903,144.682,107854,140.432,133.411,147.454,95757,23.4,25.2,21.62,55.03
"B0034","https://nci-naaccr-zone-design.github.io/louisiana-2020/?address=B0034","Both","CRC","10yrs","Acadia, Evangeline","Crowley, Ville Platte, Egan, Reddell, Rayne, Branch",44.026,41.824,46.227,719983,58.799,55.859,61.739,212033,60.395,57.375,63.415,95757,23.4,25.2,21.62,55.03
"B0034","https://nci-naaccr-zone-design.github.io/louisiana-2020/?address=B0034","Female","CRC","10yrs","Acadia, Evangeline","Crowley, Ville Platte, Egan, Reddell, Rayne, Branch",47.768,45.38,50.156,367192,34.916,33.17,36.662,107854,32.226,30.614,33.837,95757,23.4,25.2,21.62,55.03
"B0034","https://nci-naaccr-zone-design.github.io/louisiana-2020/?address=B0034","Male","CRC","10yrs","Acadia, Evangeline","Crowley, Ville Platte, Egan, Reddell, Rayne, Branch",37.268,35.405,39.131,352791,42.741,40.603,44.878,104179,48.608,46.177,51.038,95757,23.4,25.2,21.62,55.03
"B0034","https://nci-naaccr-zone-design.github.io/louisiana-2020/?address=B0034","Both","Kidney","10yrs","Acadia, Evangeline","Crowley, Ville Platte, Egan, Reddell, Rayne, Branch",20.03,19.028,21.031,719983,20.6,19.57,21.63,212033,24.673,23.439,25.906,95757,23.4,25.2,21.62,55.03
"B0034","https://nci-naaccr-zone-design.github.io/louisiana-2020/?address=B0034","Female","Kidney","10yrs","Acadia, Evangeline","Crowley, Ville Platte, Egan, Reddell, Rayne, Branch",18.661,17.728,19.594,367192,16.149,15.342,16.957,107854,21.662,20.579,22.745,95757,23.4,25.2,21.62,55.03
"B0034","https://nci-naaccr-zone-design.github.io/louisiana-2020/?address=B0034","Male","Kidney","10yrs","Acadia, Evangeline","Crowley, Ville Platte, Egan, Reddell, Rayne, Branch",35.245,33.483,37.007,352791,19.243,18.281,20.205,104179,21.797,20.707,22.887,95757,23.4,25.2,21.62,55.03
"B0034","https://nci-naaccr-zone-design.github.io/louisiana-2020/?address=B0034","Both","NHL","10yrs","Acadia, Evangeline","Crowley, Ville Platte, Egan, Reddell, Rayne, Branch",19.732,18.745,20.718,719983,22.856,21.713,23.999,212033,20.192,19.182,21.202,95757,23.4,25.2,21.62,55.03
"B0034","https://nci-naaccr-zone-design.github.io/louisiana-2020/?address=B0034","Female","NHL","10yrs","Acadia, Evangeline","Crowley, Ville Platte, Egan, Reddell, Rayne, Branch",19.789,18.799,20.778,367192,10.428,9.907,10.949,107854,23.168,22.01,24.326,95757,23.4,25.2,21.62,55.03
"B0034","https://nci-naaccr-zone-design.github.io/louisiana-2020/?address=B0034","Male","NHL","10yrs","Acadia, Evangeline","Crowley, Ville Platte, Egan, Reddell, Rayne, Branch",20.753,19.715,21.791,352791,20.444,19.421,21.466,104179,22.28,21.166,23.394,95757,23.4,25.2,21.62,55.03
"B0034","https://nci-naaccr-zone-design.github.io/louisiana-2020/?address=B0034","Both","Urinary","10yrs","Acadia, Evangeline","Crowley, Ville Platte, Egan, Reddell, Rayne, Branch",18.7,17.765,19.635,719983,24.178,22.969,25.387,212033,14.938,14.191,15.685,95757,23.4,25.2,21.62,55.03
"B0034","https://nci-naaccr-zone-design.github.io/louisiana-2020/?address=B0034","Female","Urinary","10yrs","Acadia, Evangeline","Crowley, Ville Platte, Egan, Reddell, Rayne, Branch",12.437,11.815,13.058,367192,12.554,11.926,13.181,107854,7.565,7.187,7.943,95757,23.4,25.2,21.62,55.03
"B0034","https://nci-naaccr-zone-design.github.io/louisiana-2020/?address=B0034","Male","Urinary","10yrs","Acadia, Evangeline","Crowley, Ville Platte, Egan, Reddell, Rayne, Branch",25.597,24.317,26.877,352791,35.574,33.795,37.352,104179,38.88,36.936,40.824,95757,23.4,25.2,21.62,55.03
"B0034","https://nci-naaccr-zone-design.github.io/louisiana-2020/?address=B0034","Both","Mela","10yrs","Acadia, Evangeline","Crowley, Ville Platte, Egan, Reddell, Rayne, Branch",13.824,13.133,14.515,719983,24.318,23.102,25.534,212033,28.283,26.869,29.697,95757,23.4,25.2,21.62,55.03
"B0034","https://nci-naaccr-zone-design.github.io/louisiana-2020/?address=B0034","Female","Mela","10yrs","Acadia, Evangeline","Crowley, Ville Platte, Egan, Reddell, Rayne, Branch",21.117,20.061,22.173,367192,6.229,5.918,6.541,107854,7.885,7.491,8.279,95757,23.4,25.2,21.62,55.03
"B0034","https://nci-naaccr-zone-design.github.io/louisiana-2020/?address=B0034","Male","Mela","10yrs","Acadia, Evangeline","Crowley, Ville Platte, Egan, Reddell, Rayne, Branch",17.452,16.579,18.325,352791,26.91,25.564,28.255,104179,23.231,22.07,24.393,95757,23.4,25.2,21.62,55.03
"B0034","https://nci-naaccr-zone-design.github.io/louisiana-2020/?address=B0034","Both","Pancreas","10yrs","Acadia, Evangeline","Crowley, Ville Platte, Egan, Reddell, Rayne, Branch",15.869,15.076,16.663,719983,13.53,12.853,14.206,212033,17.086,16.232,17.94,95757,23.4,25.2,21.62,55.03
"B0034","https://nci-naaccr-zone-design.github.io/louisiana-2020/?address=B0034","Female","Pancreas","10yrs","Acadia, Evangeline","Crowley, Ville Platte, Egan, Reddell, Rayne, Branch",8.747,8.309,9.184,367192,17.293,16.429,18.158,107854,16.86,16.017,17.703,95757,23.4,25.2,21.62,55.03
"B0034","https://nci-naaccr-zone-design.github.io/louisiana-2020/?address=B0034","Male","Pancreas","10yrs","Acadia, Evangeline","Crowley, Ville Platte, Egan, Reddell, Rayne, Branch",11.551,10.974,12.129,352791,14.29,13.576,15.005,104179,21.002,19.952,22.052,95757,23.4,25.2,21.62,55.03
"B0034","https://nci-naaccr-zone-design.github.io/louisiana-2020/?address=B0034","Both","Leuks","10yrs","Acadia, Evangeline","Crowley, Ville Platte, Egan, Reddell, Rayne, Branch",11.766,11.178,12.355,719983,14.256,13.543,14.969,212033,11.897,11.302,12.491,95757,23.4,25.2,21.62,55.03
"B0034","https://nci-naaccr-zone-design.github.io/louisiana-2020/?address=B0034","Female","Leuks","10yrs","Acadia, Evangeline","Crowley, Ville Platte, Egan, Reddell, Rayne, Branch",13.44,12.768,14.112,367192,12.859,12.216,13.502,107854,13.135,12.479,13.792,95757,23.4,25.2,21.62,55.03
"B0034","https://nci-naaccr-zone-design.github.io/louisiana-2020/?address=B0034","Male","Leuks","10yrs","Acadia, Evangeline","Crowley, Ville Platte, Egan, Reddell, Rayne, Branch",24.309,23.093,25.524,352791,23.133,21.976,24.29,104179,20.922,19.876,21.968,95757,23.4,25.2,21.62,55.03
"B0034","https://nci-naaccr-zone-design.github.io/louisiana-2020/?address=B0034","Both","Oral","10yrs","Acadia, Evangeline","Crowley, Ville Platte, Egan, Reddell, Rayne, Branch",7.398,7.028,7.768,719983,8.857,8.415,9.3,212033,12.942,12.295,13.589,95757,23.4,25.2,21.62,55.03
"B0034","https://nci-naaccr-zone-design.github.io/louisiana-2020/?address=B0034","Female","Oral","10yrs","Acadia, Evangeline","Crowley, Ville Platte, Egan, Reddell, Rayne, Branch",3.405,3.234,3.575,367192,9.074,8.62,9.528,107854,4.853,4.611,5.096,95757,23.4,25.2,21.62,55.03
"B0034","https://nci-naaccr-zone-design.github.io/louisiana-2020/?address=B0034","Male","Oral","10yrs","Acadia, Evangeline","Crowley, Ville Platte, Egan, Reddell, Rayne, Branch",24.156,22.949,25.364,352791,11.281,10.717,11.845,104179,14.611,13.881,15.342,95757,23.4,25.2,21.62,55.03
"B0034","https://nci-naaccr-zone-design.github.io/louisiana-2020/?address=B0034","Both","Thyroid","10yrs","Acadia, Evangeline","Crowley, Ville Platte, Egan, Reddell, Rayne, Branch",15.679,14.895,16.463,719983,15.528,14.751,16.304,212033,12.638,12.006,13.27,95757,23.4,25.2,21.62,55.03
"B0034","https://nci-naaccr-zone-design.github.io/louisiana-2020/?address=B0034","Female","Thyroid","10yrs","Acadia, Evangeline","Crowley, Ville Platte, Egan, Reddell, Rayne, Branch",22.616,21.485,23.747,367192,23.385,22.216,24.554,107854,12.824,12.183,13.465,95757,23.4,25.2,21.62,55.03
"B0034","https://nci-naaccr-zone-design.github.io/louisiana-2020/?address=B0034","Male","Thyroid","10yrs","Acadia, Evangeline","Crowley, Ville Platte, Egan, Reddell, Rayne, Branch",7.757,7.369,8.145,352791,8.284,7.87,8.698,104179,2.66,2.527,2.793,95757,23.4,25.2,21.62,55.03
"B0034","https://nci-naaccr-zone-design.github.io/louisiana-2020/?address=B0034","Female","Uterine","10yrs","Acadia, Evangeline","Crowley, Ville Platte, Egan, Reddell, Rayne, Branch",13.999,13.299,14.699,367192,20.234,19.222,21.245,107854,23.519,22.343,24.694,95757,23.4,25.2,21.62,55.03
"B0034","https://nci-naaccr-zone-design.github.io/louisiana-2020/?address=B0034","Both","Liver","10yrs","Acadia, Evangeline","Crowley, Ville Platte, Egan, Reddell, Rayne, Branch",6.433,6.111,6.754,719983,11.391,10.822,11.961,212033,4.797,4.557,5.037,95757,23.4,25.2,21.62,55.03
"B0034","https://nci-naaccr-zone-design.github.io/louisiana-2020/?address=B0034","Female","Liver","10yrs","Acadia, Evangeline","Crowley, Ville Platte, Egan, Reddell, Rayne, Branch",2.539,2.412,2.666,367192,1.951,1.853,2.048,107854,4.906,4.661,5.152,95757,23.4,25.2,21.62,55.03
"B0034","https://nci-naaccr-zone-design.github.io/louisiana-2020/?address=B0034","Male","Liver","10yrs","Acadia, Evangeline","Crowley, Ville Platte, Egan, Reddell, Rayne, Branch",13.621,12.94,14.302,352791,15.721,14.935,16.507,104179,17.434,16.562,18.306,95757,23.4,25.2,21.62,55.03
"B0034","https://nci-naaccr-zone-design.github.io/louisiana-2020/?address=B0034","Both","Stomach","10yrs","Acadia, Evangeline","Crowley, Ville Platte, Egan, Reddell, Rayne, Branch",5.042,4.79,5.294,719983,10.326,9.809,10.842,212033,5.417,5.146,5.687,95757,23.4,25.2,21.62,55.03
"B0034","https://nci-naaccr-zone-design.github.io/louisiana-2020/?address=B0034","Female","Stomach","10yrs","Acadia, Evangeline","Crowley, Ville Platte, Egan, Reddell, Rayne, Branch",7.256,6.893,7.619,367192,8.209,7.798,8.619,107854,4.626,4.395,4.858,95757,23.4,25.2,21.62,55.03
"B0034","https://nci-naaccr-zone-design.github.io/louisiana-2020/?address=B0034","Male","Stomach","10yrs","Acadia, Evangeline","Crowley, Ville Platte, Egan, Reddell, Rayne, Branch",15.874,15.08,16.667,352791,12.543,11.916,13.17,104179,6.94,6.593,7.286,95757,23.4,25.2,21.62,55.03
"B0034","https://nci-naaccr-zone-design.github.io/louisiana-2020/?address=B0034","Both","Myeloma","10yrs","Acadia, Evangeline","Crowley, Ville Platte, Egan, Reddell, Rayne, Branch",8.758,8.32,9.196,719983,4.851,4.608,5.093,212033,12.606,11.976,13.237,95757,23.4,25.2,21.62,55.03
"B0034","https://nci-naaccr-zone-design.github.io/louisiana-2020/?address=B0034","Female","Myeloma","10yrs","Acadia, Evangeline","Crowley, Ville Platte, Egan, Reddell, Rayne, Branch",2.497,2.372,2.622,367192,9.659,9.176,10.142,107854,4.844,4.602,5.086,95757,23.4,25.2,21.62,55.03
"B0034","https://nci-naaccr-zone-design.github.io/louisiana-2020/?address=B0034","Male","Myeloma","10yrs","Acadia, Evangeline","Crowley, Ville Platte, Egan, Reddell, Rayne, Branch",9.239,8.777,9.701,352791,16.672,15.839,17.506,104179,13.723,13.037,14.41,95757,23.4,25.2,21.62,55.03
"B0034","https://nci-naaccr-zone-design.github.io/louisiana-2020/?address=B0034","Both","Brain","10yrs","Acadia, Evangeline","Crowley, Ville Platte, Egan, Reddell, Rayne, Branch",4.792,4.552,5.032,719983,3.824,3.633,4.016,212033,6.889,6.545,7.234,95757,23.4,25.2,21.62,55.03
"B0034","https://nci-naaccr-zone-design.github.io/louisiana-2020/?address=B0034","Female","Brain","10yrs","Acadia, Evangeline","Crowley, Ville Platte, Egan, Reddell, Rayne, Branch",5.442,5.17,5.715,367192,5.351,5.084,5.619,107854,7.953,7.555,8.35,95757,23.4,25.2,21.62,55.03
"B0034","https://nci-naaccr-zone-design.github.io/louisiana-2020/?address=B0034","Male","Brain","10yrs","Acadia, Evangeline","Crowley, Ville Platte, Egan, Reddell, Rayne, Branch",10.211,9.701,10.722,352791,9.509,9.034,9.985,104179,9.235,8.774,9.697,95757,23.4,25.2,21.62,55.03
"B0034","https://nci-naaccr-zone-design.github.io/louisiana-2020/?address=B0034","Both","Larynx","10yrs","Acadia, Evangeline","Crowley, Ville Platte, Egan, Reddell, Rayne, Branch",5.487,5.213,5.762,719983,3.558,3.38,3.736,212033,8.792,8.352,9.232,95757,23.4,25.2,21.62,55.03
"B0034","https://nci-naaccr-zone-design.github.io/louisiana-2020/?address=B0034","Female","Larynx","10yrs","Acadia, Evangeline","Crowley, Ville Platte, Egan, Reddell, Rayne, Branch",0.854,0.811,0.897,367192,2.157,2.05,2.265,107854,2.714,2.579,2.85,95757,23.4,25.2,21.62,55.03
"B0034","https://nci-naaccr-zone-design.github.io/louisiana-2020/?address=B0034","Male","Larynx","10yrs","Acadia, Evangeline","Crowley, Ville Platte, Egan, Reddell, Rayne, Branch",11.188,10.629,11.747,352791,12.233,11.622,12.845,104179,5.105,4.85,5.36,95757,23.4,25.2,21.62,55.03
"B0034","https://nci-naaccr-zone-design.github.io/louisiana-2020/?address=B0034","Female","Ovary","10yrs","Acadia, Evangeline","Crowley, Ville Platte, Egan, Reddell, Rayne, Branch",10.717,10.181,11.253,367192,10.142,9.635,10.649,107854,12.875,12.231,13.519,95757,23.4,25.2,21.62,55.03
"B0034","https://nci-naaccr-zone-design.github.io/louisiana-2020/?address=B0034","Both","Esoph","10yrs","Acadia, Evangeline","Crowley, Ville Platte, Egan, Reddell, Rayne, Branch",7.995,7.595,8.395,719983,3.638,3.456,3.82,212033,5.881,5.587,6.175,95757,23.4,25.2,21.62,55.03
"B0034","https://nci-naaccr-zone-design.github.io/louisiana-2020/?address=B0034","Female","Esoph","10yrs","Acadia, Evangeline","Crowley, Ville Platte, Egan, Reddell, Rayne, Branch",0.954,0.906,1.002,367192,3.466,3.292,3.639,107854,2.926,2.78,3.072,95757,23.4,25.2,21.62,55.03
"B0034","https://nci-naaccr-zone-design.github.io/louisiana-2020/?address=B0034","Male","Esoph","10yrs","Acadia, Evangeline","Crowley, Ville Platte, Egan, Reddell, Rayne, Branch",10.433,9.912,10.955,352791,6.776,6.437,7.115,104179,11.31,10.745,11.876,95757,23.4,25.2,21.62,55.03
