"Zone","URL","Sex","Cancer","Years","Counties","Places","AAIR","LCI","UCI","White_PopTot","White_AAIR","White_LCI","White_UCI","Black_PopTot","Black_AAIR","Black_LCI","Black_UCI","TotalPop","Pct100Pov","PctMinority","PctBlackNH","PctRural"
"A9038","https://nci-naaccr-zone-design.github.io/louisiana-2020/?address=A9038","Both","AllSite","05yrs","Bossier","Red Chute, Bossier City",495.54,470.763,520.317,217421,536.651,509.818,563.483,75005,485.549,461.272,509.827,60045,17.79,31.39,22.98,25.3
"A9038","https://nci-naaccr-zone-design.github.io/louisiana-2020/?address=A9038","Female","AllSite","05yrs","Bossier","Red Chute, Bossier City",426.279,404.965,447.593,109821,372.97,354.321,391.618,40405,437.762,415.874,459.65,60045,17.79,31.39,22.98,25.3
"A9038","https://nci-naaccr-zone-design.github.io/louisiana-2020/?address=A9038","Male","AllSite","05yrs","Bossier","Red Chute, Bossier City",655.379,622.61,688.148,107600,599.23,569.269,629.192,34600,547.829,520.437,575.22,60045,17.79,31.39,22.98,25.3
"A9038","https://nci-naaccr-zone-design.github.io/louisiana-2020/?address=A9038","Male","Prostate","05yrs","Bossier","Red Chute, Bossier City",153.799,146.109,161.489,107600,132.365,125.746,138.983,34600,142.257,135.144,149.37,60045,17.79,31.39,22.98,25.3
"A9038","https://nci-naaccr-zone-design.github.io/louisiana-2020/?address=A9038","Both","Lung","05yrs","Bossier","Red Chute, Bossier City",52.315,49.699,54.931,217421,73.457,69.784,77.129,75005,51.221,48.66,53.782,60045,17.79,31.39,22.98,25.3
"A9038","https://nci-naaccr-zone-design.github.io/louisiana-2020/?address=A9038","Female","Lung","05yrs","Bossier","Red Chute, Bossier City",50.767,48.229,53.306,109821,45.099,42.844,47.354,40405,43.207,41.047,45.367,60045,17.79,31.39,22.98,25.3
"A9038","https://nci-naaccr-zone-design.github.io/louisiana-2020/?address=A9038","Male","Lung","05yrs","Bossier","Red Chute, Bossier City",108.119,102.713,113.524,107600,86.209,81.899,90.52,34600,83.193,79.033,87.353,60045,17.79,31.39,22.98,25.3
"A9038","https://nci-naaccr-zone-design.github.io/louisiana-2020/?address=A9038","Female","Breast","05yrs","Bossier","Red Chute, Bossier City",137.349,130.482,144.217,109821,102.164,97.056,107.272,40405,113.321,107.655,118.987,60045,17.79,31.39,22.98,25.3
"A9038","https://nci-naaccr-zone-design.github.io/louisiana-2020/?address=A9038","Both","CRC","05yrs","Bossier","Red Chute, Bossier City",54.016,51.316,56.717,217421,37.055,35.203,38.908,75005,45.829,43.538,48.121,60045,17.79,31.39,22.98,25.3
"A9038","https://nci-naaccr-zone-design.github.io/louisiana-2020/?address=A9038","Female","CRC","05yrs","Bossier","Red Chute, Bossier City",39.515,37.539,41.49,109821,34.145,32.438,35.853,40405,38.533,36.606,40.46,60045,17.79,31.39,22.98,25.3
"A9038","https://nci-naaccr-zone-design.github.io/louisiana-2020/?address=A9038","Male","CRC","05yrs","Bossier","Red Chute, Bossier City",52.515,49.889,55.141,107600,37.038,35.186,38.89,34600,72.8,69.16,76.44,60045,17.79,31.39,22.98,25.3
"A9038","https://nci-naaccr-zone-design.github.io/louisiana-2020/?address=A9038","Both","Kidney","05yrs","Bossier","Red Chute, Bossier City",24.339,23.122,25.556,217421,25.896,24.601,27.191,75005,17.806,16.915,18.696,60045,17.79,31.39,22.98,25.3
"A9038","https://nci-naaccr-zone-design.github.io/louisiana-2020/?address=A9038","Female","Kidney","05yrs","Bossier","Red Chute, Bossier City",11.065,10.512,11.618,109821,16.233,15.421,17.044,40405,18.744,17.807,19.682,60045,17.79,31.39,22.98,25.3
"A9038","https://nci-naaccr-zone-design.github.io/louisiana-2020/?address=A9038","Male","Kidney","05yrs","Bossier","Red Chute, Bossier City",35.613,33.832,37.393,107600,23.133,21.976,24.289,34600,24.543,23.316,25.77,60045,17.79,31.39,22.98,25.3
"A9038","https://nci-naaccr-zone-design.github.io/louisiana-2020/?address=A9038","Both","NHL","05yrs","Bossier","Red Chute, Bossier City",19.05,18.098,20.003,217421,18.606,17.676,19.537,75005,18.681,17.747,19.615,60045,17.79,31.39,22.98,25.3
"A9038","https://nci-naaccr-zone-design.github.io/louisiana-2020/?address=A9038","Female","NHL","05yrs","Bossier","Red Chute, Bossier City",14.026,13.324,14.727,109821,19.303,18.338,20.268,40405,18.577,17.648,19.506,60045,17.79,31.39,22.98,25.3
"A9038","https://nci-naaccr-zone-design.github.io/louisiana-2020/?address=A9038","Male","NHL","05yrs","Bossier","Red Chute, Bossier City",31.778,30.189,33.367,107600,32.744,31.107,34.382,34600,15.677,14.893,16.461,60045,17.79,31.39,22.98,25.3
"A9038","https://nci-naaccr-zone-design.github.io/louisiana-2020/?address=A9038","Both","Urinary","05yrs","Bossier","Red Chute, Bossier City",21.496,20.421,22.571,217421,21.662,20.579,22.745,75005,14.65,13.918,15.383,60045,17.79,31.39,22.98,25.3
"A9038","https://nci-naaccr-zone-design.github.io/louisiana-2020/?address=A9038","Female","Urinary","05yrs","Bossier","Red Chute, Bossier City",3.936,3.739,4.133,109821,12.804,12.164,13.444,40405,9.337,8.87,9.804,60045,17.79,31.39,22.98,25.3
"A9038","https://nci-naaccr-zone-design.github.io/louisiana-2020/?address=A9038","Male","Urinary","05yrs","Bossier","Red Chute, Bossier City",25.94,24.643,27.237,107600,48.676,46.242,51.11,34600,43.159,41.001,45.317,60045,17.79,31.39,22.98,25.3
"A9038","https://nci-naaccr-zone-design.github.io/louisiana-2020/?address=A9038","Both","Mela","05yrs","Bossier","Red Chute, Bossier City",24.946,23.698,26.193,217421,7.013,6.662,7.364,75005,11.746,11.158,12.333,60045,17.79,31.39,22.98,25.3
"A9038","https://nci-naaccr-zone-design.github.io/louisiana-2020/?address=A9038","Female","Mela","05yrs","Bossier","Red Chute, Bossier City",21.791,20.702,22.881,109821,14.855,14.112,15.597,40405,16.786,15.947,17.626,60045,17.79,31.39,22.98,25.3
"A9038","https://nci-naaccr-zone-design.github.io/louisiana-2020/?address=A9038","Male","Mela","05yrs","Bossier","Red Chute, Bossier City",40.004,38.004,42.005,107600,6.985,6.635,7.334,34600,11.938,11.341,12.535,60045,17.79,31.39,22.98,25.3
"A9038","https://nci-naaccr-zone-design.github.io/louisiana-2020/?address=A9038","Both","Pancreas","05yrs","Bossier","Red Chute, Bossier City",17.316,16.451,18.182,217421,13.985,13.286,14.684,75005,14.334,13.618,15.051,60045,17.79,31.39,22.98,25.3
"A9038","https://nci-naaccr-zone-design.github.io/louisiana-2020/?address=A9038","Female","Pancreas","05yrs","Bossier","Red Chute, Bossier City",16.767,15.928,17.605,109821,13.156,12.498,13.813,40405,15.522,14.746,16.298,60045,17.79,31.39,22.98,25.3
"A9038","https://nci-naaccr-zone-design.github.io/louisiana-2020/?address=A9038","Male","Pancreas","05yrs","Bossier","Red Chute, Bossier City",14.378,13.659,15.097,107600,19.509,18.534,20.485,34600,12.512,11.887,13.138,60045,17.79,31.39,22.98,25.3
"A9038","https://nci-naaccr-zone-design.github.io/louisiana-2020/?address=A9038","Both","Leuks","05yrs","Bossier","Red Chute, Bossier City",16.569,15.741,17.398,217421,14.809,14.069,15.55,75005,12.993,12.343,13.643,60045,17.79,31.39,22.98,25.3
"A9038","https://nci-naaccr-zone-design.github.io/louisiana-2020/?address=A9038","Female","Leuks","05yrs","Bossier","Red Chute, Bossier City",15.461,14.688,16.234,109821,8.397,7.977,8.817,40405,9.576,9.097,10.055,60045,17.79,31.39,22.98,25.3
"A9038","https://nci-naaccr-zone-design.github.io/louisiana-2020/?address=A9038","Male","Leuks","05yrs","Bossier","Red Chute, Bossier City",18.932,17.985,19.879,107600,11.335,10.768,11.901,34600,25.891,24.596,27.186,60045,17.79,31.39,22.98,25.3
"A9038","https://nci-naaccr-zone-design.github.io/louisiana-2020/?address=A9038","Both","Oral","05yrs","Bossier","Red Chute, Bossier City",14.248,13.536,14.96,217421,12.645,12.013,13.277,75005,14.659,13.926,15.392,60045,17.79,31.39,22.98,25.3
"A9038","https://nci-naaccr-zone-design.github.io/louisiana-2020/?address=A9038","Female","Oral","05yrs","Bossier","Red Chute, Bossier City",4.049,3.846,4.251,109821,8.2,7.79,8.61,40405,"","","",60045,17.79,31.39,22.98,25.3
"A9038","https://nci-naaccr-zone-design.github.io/louisiana-2020/?address=A9038","Male","Oral","05yrs","Bossier","Red Chute, Bossier City",28.265,26.852,29.678,107600,23.712,22.527,24.898,34600,24.834,23.593,26.076,60045,17.79,31.39,22.98,25.3
"A9038","https://nci-naaccr-zone-design.github.io/louisiana-2020/?address=A9038","Both","Thyroid","05yrs","Bossier","Red Chute, Bossier City",17.153,16.296,18.011,217421,10.448,9.926,10.971,75005,15.858,15.065,16.651,60045,17.79,31.39,22.98,25.3
"A9038","https://nci-naaccr-zone-design.github.io/louisiana-2020/?address=A9038","Female","Thyroid","05yrs","Bossier","Red Chute, Bossier City",10.03,9.528,10.531,109821,23.83,22.639,25.022,40405,12.613,11.982,13.243,60045,17.79,31.39,22.98,25.3
"A9038","https://nci-naaccr-zone-design.github.io/louisiana-2020/?address=A9038","Male","Thyroid","05yrs","Bossier","Red Chute, Bossier City",6.71,6.374,7.045,107600,8.303,7.888,8.718,34600,"","","",60045,17.79,31.39,22.98,25.3
"A9038","https://nci-naaccr-zone-design.github.io/louisiana-2020/?address=A9038","Female","Uterine","05yrs","Bossier","Red Chute, Bossier City",19.456,18.483,20.429,109821,15.579,14.8,16.358,40405,20.782,19.743,21.822,60045,17.79,31.39,22.98,25.3
"A9038","https://nci-naaccr-zone-design.github.io/louisiana-2020/?address=A9038","Both","Liver","05yrs","Bossier","Red Chute, Bossier City",9.783,9.294,10.272,217421,14.376,13.657,15.095,75005,11.327,10.761,11.894,60045,17.79,31.39,22.98,25.3
"A9038","https://nci-naaccr-zone-design.github.io/louisiana-2020/?address=A9038","Female","Liver","05yrs","Bossier","Red Chute, Bossier City",6.059,5.756,6.362,109821,3.772,3.583,3.96,40405,"","","",60045,17.79,31.39,22.98,25.3
"A9038","https://nci-naaccr-zone-design.github.io/louisiana-2020/?address=A9038","Male","Liver","05yrs","Bossier","Red Chute, Bossier City",14.319,13.603,15.035,107600,22.931,21.785,24.078,34600,19.901,18.906,20.896,60045,17.79,31.39,22.98,25.3
"A9038","https://nci-naaccr-zone-design.github.io/louisiana-2020/?address=A9038","Both","Stomach","05yrs","Bossier","Red Chute, Bossier City",4.162,3.954,4.37,217421,6.489,6.165,6.814,75005,5.018,4.767,5.269,60045,17.79,31.39,22.98,25.3
"A9038","https://nci-naaccr-zone-design.github.io/louisiana-2020/?address=A9038","Female","Stomach","05yrs","Bossier","Red Chute, Bossier City",8.251,7.838,8.663,109821,9.394,8.925,9.864,40405,9.562,9.084,10.04,60045,17.79,31.39,22.98,25.3
"A9038","https://nci-naaccr-zone-design.github.io/louisiana-2020/?address=A9038","Male","Stomach","05yrs","Bossier","Red Chute, Bossier City",11.68,11.096,12.264,107600,12.897,12.252,13.542,34600,"","","",60045,17.79,31.39,22.98,25.3
"A9038","https://nci-naaccr-zone-design.github.io/louisiana-2020/?address=A9038","Both","Myeloma","05yrs","Bossier","Red Chute, Bossier City",6.195,5.886,6.505,217421,12.103,11.498,12.708,75005,13.297,12.632,13.961,60045,17.79,31.39,22.98,25.3
"A9038","https://nci-naaccr-zone-design.github.io/louisiana-2020/?address=A9038","Female","Myeloma","05yrs","Bossier","Red Chute, Bossier City",9.77,9.281,10.258,109821,8.776,8.337,9.215,40405,"","","",60045,17.79,31.39,22.98,25.3
"A9038","https://nci-naaccr-zone-design.github.io/louisiana-2020/?address=A9038","Male","Myeloma","05yrs","Bossier","Red Chute, Bossier City",6.51,6.185,6.836,107600,11.376,10.807,11.945,34600,10.402,9.882,10.922,60045,17.79,31.39,22.98,25.3
"A9038","https://nci-naaccr-zone-design.github.io/louisiana-2020/?address=A9038","Both","Brain","05yrs","Bossier","Red Chute, Bossier City",6.279,5.965,6.593,217421,5.147,4.89,5.405,75005,"","","",60045,17.79,31.39,22.98,25.3
"A9038","https://nci-naaccr-zone-design.github.io/louisiana-2020/?address=A9038","Female","Brain","05yrs","Bossier","Red Chute, Bossier City",2.875,2.731,3.019,109821,5.006,4.755,5.256,40405,"","","",60045,17.79,31.39,22.98,25.3
"A9038","https://nci-naaccr-zone-design.github.io/louisiana-2020/?address=A9038","Male","Brain","05yrs","Bossier","Red Chute, Bossier City",5.294,5.029,5.558,107600,10.545,10.018,11.072,34600,"","","",60045,17.79,31.39,22.98,25.3
"A9038","https://nci-naaccr-zone-design.github.io/louisiana-2020/?address=A9038","Both","Larynx","05yrs","Bossier","Red Chute, Bossier City",5.35,5.082,5.617,217421,5.515,5.239,5.791,75005,4.95,4.702,5.197,60045,17.79,31.39,22.98,25.3
"A9038","https://nci-naaccr-zone-design.github.io/louisiana-2020/?address=A9038","Female","Larynx","05yrs","Bossier","Red Chute, Bossier City","","","",109821,"","","",40405,"","","",60045,17.79,31.39,22.98,25.3
"A9038","https://nci-naaccr-zone-design.github.io/louisiana-2020/?address=A9038","Male","Larynx","05yrs","Bossier","Red Chute, Bossier City",10.706,10.17,11.241,107600,11.011,10.461,11.562,34600,13.051,12.398,13.703,60045,17.79,31.39,22.98,25.3
"A9038","https://nci-naaccr-zone-design.github.io/louisiana-2020/?address=A9038","Female","Ovary","05yrs","Bossier","Red Chute, Bossier City",4.273,4.059,4.487,109821,9.865,9.371,10.358,40405,"","","",60045,17.79,31.39,22.98,25.3
"A9038","https://nci-naaccr-zone-design.github.io/louisiana-2020/?address=A9038","Both","Esoph","05yrs","Bossier","Red Chute, Bossier City",3.846,3.654,4.039,217421,6.863,6.52,7.206,75005,5.325,5.058,5.591,60045,17.79,31.39,22.98,25.3
"A9038","https://nci-naaccr-zone-design.github.io/louisiana-2020/?address=A9038","Female","Esoph","05yrs","Bossier","Red Chute, Bossier City","","","",109821,"","","",40405,"","","",60045,17.79,31.39,22.98,25.3
"A9038","https://nci-naaccr-zone-design.github.io/louisiana-2020/?address=A9038","Male","Esoph","05yrs","Bossier","Red Chute, Bossier City",7.005,6.655,7.355,107600,10.103,9.598,10.608,34600,"","","",60045,17.79,31.39,22.98,25.3
"A9038","https://nci-naaccr-zone-design.github.io/louisiana-2020/?address=A9038","Both","AllSite","10yrs","Bossier","Red Chute, Bossier City",501.252,476.19,526.315,419643,443.991,421.792,466.191,144412,537.926,511.03,564.823,60045,17.79,31.39,22.98,25.3
"A9038","https://nci-naaccr-zone-design.github.io/louisiana-2020/?address=A9038","Female","AllSite","10yrs","Bossier","Red Chute, Bossier City",380.591,361.562,399.621,212625,455.445,432.673,478.217,78027,414.061,393.358,434.764,60045,17.79,31.39,22.98,25.3
"A9038","https://nci-naaccr-zone-design.github.io/louisiana-2020/?address=A9038","Male","AllSite","10yrs","Bossier","Red Chute, Bossier City",631.783,600.194,663.373,207017,639.848,607.856,671.841,66385,581.044,551.992,610.096,60045,17.79,31.39,22.98,25.3
"A9038","https://nci-naaccr-zone-design.github.io/louisiana-2020/?address=A9038","Male","Prostate","10yrs","Bossier","Red Chute, Bossier City",194.198,184.488,203.908,207017,210.645,200.112,221.177,66385,160.729,152.693,168.766,60045,17.79,31.39,22.98,25.3
"A9038","https://nci-naaccr-zone-design.github.io/louisiana-2020/?address=A9038","Both","Lung","10yrs","Bossier","Red Chute, Bossier City",70.441,66.919,73.963,419643,59.95,56.953,62.948,144412,78.658,74.725,82.59,60045,17.79,31.39,22.98,25.3
"A9038","https://nci-naaccr-zone-design.github.io/louisiana-2020/?address=A9038","Female","Lung","10yrs","Bossier","Red Chute, Bossier City",59.579,56.6,62.558,212625,68.207,64.797,71.617,78027,59.885,56.891,62.879,60045,17.79,31.39,22.98,25.3
"A9038","https://nci-naaccr-zone-design.github.io/louisiana-2020/?address=A9038","Male","Lung","10yrs","Bossier","Red Chute, Bossier City",100.377,95.358,105.396,207017,73.889,70.194,77.583,66385,118.483,112.559,124.408,60045,17.79,31.39,22.98,25.3
"A9038","https://nci-naaccr-zone-design.github.io/louisiana-2020/?address=A9038","Female","Breast","10yrs","Bossier","Red Chute, Bossier City",125.167,118.909,131.426,212625,122.75,116.612,128.887,78027,138.187,131.277,145.096,60045,17.79,31.39,22.98,25.3
"A9038","https://nci-naaccr-zone-design.github.io/louisiana-2020/?address=A9038","Both","CRC","10yrs","Bossier","Red Chute, Bossier City",61.44,58.368,64.512,419643,54.815,52.074,57.556,144412,51.597,49.017,54.177,60045,17.79,31.39,22.98,25.3
"A9038","https://nci-naaccr-zone-design.github.io/louisiana-2020/?address=A9038","Female","CRC","10yrs","Bossier","Red Chute, Bossier City",49.736,47.249,52.223,212625,38.184,36.275,40.093,78027,42.473,40.35,44.597,60045,17.79,31.39,22.98,25.3
"A9038","https://nci-naaccr-zone-design.github.io/louisiana-2020/?address=A9038","Male","CRC","10yrs","Bossier","Red Chute, Bossier City",60.261,57.248,63.274,207017,42.653,40.52,44.786,66385,72.564,68.936,76.192,60045,17.79,31.39,22.98,25.3
"A9038","https://nci-naaccr-zone-design.github.io/louisiana-2020/?address=A9038","Both","Kidney","10yrs","Bossier","Red Chute, Bossier City",23.498,22.323,24.673,419643,18.735,17.799,19.672,144412,20.119,19.113,21.125,60045,17.79,31.39,22.98,25.3
"A9038","https://nci-naaccr-zone-design.github.io/louisiana-2020/?address=A9038","Female","Kidney","10yrs","Bossier","Red Chute, Bossier City",16.473,15.649,17.296,212625,19.61,18.63,20.591,78027,9.858,9.365,10.351,60045,17.79,31.39,22.98,25.3
"A9038","https://nci-naaccr-zone-design.github.io/louisiana-2020/?address=A9038","Male","Kidney","10yrs","Bossier","Red Chute, Bossier City",27.903,26.508,29.298,207017,20.473,19.45,21.497,66385,32.448,30.825,34.07,60045,17.79,31.39,22.98,25.3
"A9038","https://nci-naaccr-zone-design.github.io/louisiana-2020/?address=A9038","Both","NHL","10yrs","Bossier","Red Chute, Bossier City",15.545,14.768,16.322,419643,23.778,22.589,24.967,144412,15.933,15.136,16.73,60045,17.79,31.39,22.98,25.3
"A9038","https://nci-naaccr-zone-design.github.io/louisiana-2020/?address=A9038","Female","NHL","10yrs","Bossier","Red Chute, Bossier City",13.42,12.749,14.091,212625,22.334,21.217,23.45,78027,20.058,19.055,21.061,60045,17.79,31.39,22.98,25.3
"A9038","https://nci-naaccr-zone-design.github.io/louisiana-2020/?address=A9038","Male","NHL","10yrs","Bossier","Red Chute, Bossier City",20.354,19.336,21.371,207017,33.06,31.407,34.713,66385,20.065,19.062,21.069,60045,17.79,31.39,22.98,25.3
"A9038","https://nci-naaccr-zone-design.github.io/louisiana-2020/?address=A9038","Both","Urinary","10yrs","Bossier","Red Chute, Bossier City",19.52,18.544,20.496,419643,23.822,22.631,25.013,144412,25.064,23.811,26.318,60045,17.79,31.39,22.98,25.3
"A9038","https://nci-naaccr-zone-design.github.io/louisiana-2020/?address=A9038","Female","Urinary","10yrs","Bossier","Red Chute, Bossier City",8.491,8.067,8.916,212625,12.338,11.721,12.955,78027,5.306,5.041,5.571,60045,17.79,31.39,22.98,25.3
"A9038","https://nci-naaccr-zone-design.github.io/louisiana-2020/?address=A9038","Male","Urinary","10yrs","Bossier","Red Chute, Bossier City",27.354,25.987,28.722,207017,25.67,24.386,26.953,66385,26.462,25.139,27.785,60045,17.79,31.39,22.98,25.3
"A9038","https://nci-naaccr-zone-design.github.io/louisiana-2020/?address=A9038","Both","Mela","10yrs","Bossier","Red Chute, Bossier City",20.509,19.483,21.534,419643,24.639,23.407,25.871,144412,29.023,27.572,30.474,60045,17.79,31.39,22.98,25.3
"A9038","https://nci-naaccr-zone-design.github.io/louisiana-2020/?address=A9038","Female","Mela","10yrs","Bossier","Red Chute, Bossier City",22.141,21.034,23.248,212625,2.572,2.444,2.701,78027,6.653,6.32,6.986,60045,17.79,31.39,22.98,25.3
"A9038","https://nci-naaccr-zone-design.github.io/louisiana-2020/?address=A9038","Male","Mela","10yrs","Bossier","Red Chute, Bossier City",10.042,9.54,10.545,207017,37.016,35.165,38.867,66385,16.056,15.253,16.859,60045,17.79,31.39,22.98,25.3
"A9038","https://nci-naaccr-zone-design.github.io/louisiana-2020/?address=A9038","Both","Pancreas","10yrs","Bossier","Red Chute, Bossier City",11.639,11.057,12.221,419643,13.01,12.359,13.66,144412,11.848,11.256,12.44,60045,17.79,31.39,22.98,25.3
"A9038","https://nci-naaccr-zone-design.github.io/louisiana-2020/?address=A9038","Female","Pancreas","10yrs","Bossier","Red Chute, Bossier City",13.658,12.975,14.34,212625,14.493,13.769,15.218,78027,10.92,10.374,11.466,60045,17.79,31.39,22.98,25.3
"A9038","https://nci-naaccr-zone-design.github.io/louisiana-2020/?address=A9038","Male","Pancreas","10yrs","Bossier","Red Chute, Bossier City",10.776,10.237,11.314,207017,14.518,13.792,15.244,66385,15.556,14.779,16.334,60045,17.79,31.39,22.98,25.3
"A9038","https://nci-naaccr-zone-design.github.io/louisiana-2020/?address=A9038","Both","Leuks","10yrs","Bossier","Red Chute, Bossier City",11.853,11.261,12.446,419643,13.056,12.403,13.709,144412,13.7,13.015,14.385,60045,17.79,31.39,22.98,25.3
"A9038","https://nci-naaccr-zone-design.github.io/louisiana-2020/?address=A9038","Female","Leuks","10yrs","Bossier","Red Chute, Bossier City",14.491,13.766,15.215,212625,10.312,9.796,10.827,78027,8.808,8.367,9.248,60045,17.79,31.39,22.98,25.3
"A9038","https://nci-naaccr-zone-design.github.io/louisiana-2020/?address=A9038","Male","Leuks","10yrs","Bossier","Red Chute, Bossier City",12.789,12.15,13.429,207017,8.809,8.369,9.25,66385,20.44,19.418,21.462,60045,17.79,31.39,22.98,25.3
"A9038","https://nci-naaccr-zone-design.github.io/louisiana-2020/?address=A9038","Both","Oral","10yrs","Bossier","Red Chute, Bossier City",8.808,8.367,9.248,419643,14.557,13.829,15.284,144412,8.057,7.654,8.46,60045,17.79,31.39,22.98,25.3
"A9038","https://nci-naaccr-zone-design.github.io/louisiana-2020/?address=A9038","Female","Oral","10yrs","Bossier","Red Chute, Bossier City",6.538,6.211,6.865,212625,2.283,2.169,2.398,78027,7.565,7.187,7.943,60045,17.79,31.39,22.98,25.3
"A9038","https://nci-naaccr-zone-design.github.io/louisiana-2020/?address=A9038","Male","Oral","10yrs","Bossier","Red Chute, Bossier City",17.057,16.204,17.91,207017,28.128,26.721,29.534,66385,23.17,22.011,24.328,60045,17.79,31.39,22.98,25.3
"A9038","https://nci-naaccr-zone-design.github.io/louisiana-2020/?address=A9038","Both","Thyroid","10yrs","Bossier","Red Chute, Bossier City",11.296,10.731,11.861,419643,15.242,14.48,16.004,144412,12.928,12.282,13.574,60045,17.79,31.39,22.98,25.3
"A9038","https://nci-naaccr-zone-design.github.io/louisiana-2020/?address=A9038","Female","Thyroid","10yrs","Bossier","Red Chute, Bossier City",21.393,20.324,22.463,212625,18.29,17.375,19.204,78027,13.174,12.515,13.832,60045,17.79,31.39,22.98,25.3
"A9038","https://nci-naaccr-zone-design.github.io/louisiana-2020/?address=A9038","Male","Thyroid","10yrs","Bossier","Red Chute, Bossier City",7.579,7.2,7.958,207017,7.028,6.677,7.38,66385,3.99,3.79,4.189,60045,17.79,31.39,22.98,25.3
"A9038","https://nci-naaccr-zone-design.github.io/louisiana-2020/?address=A9038","Female","Uterine","10yrs","Bossier","Red Chute, Bossier City",16.324,15.508,17.14,212625,23.391,22.221,24.56,78027,19.573,18.595,20.552,60045,17.79,31.39,22.98,25.3
"A9038","https://nci-naaccr-zone-design.github.io/louisiana-2020/?address=A9038","Both","Liver","10yrs","Bossier","Red Chute, Bossier City",11.382,10.813,11.951,419643,8.508,8.082,8.933,144412,6.058,5.755,6.361,60045,17.79,31.39,22.98,25.3
"A9038","https://nci-naaccr-zone-design.github.io/louisiana-2020/?address=A9038","Female","Liver","10yrs","Bossier","Red Chute, Bossier City",4.012,3.811,4.212,212625,2.401,2.281,2.521,78027,3.753,3.565,3.941,60045,17.79,31.39,22.98,25.3
"A9038","https://nci-naaccr-zone-design.github.io/louisiana-2020/?address=A9038","Male","Liver","10yrs","Bossier","Red Chute, Bossier City",19.619,18.638,20.6,207017,10.962,10.414,11.51,66385,8.706,8.271,9.142,60045,17.79,31.39,22.98,25.3
"A9038","https://nci-naaccr-zone-design.github.io/louisiana-2020/?address=A9038","Both","Stomach","10yrs","Bossier","Red Chute, Bossier City",9.064,8.611,9.517,419643,5.985,5.686,6.284,144412,8.482,8.058,8.906,60045,17.79,31.39,22.98,25.3
"A9038","https://nci-naaccr-zone-design.github.io/louisiana-2020/?address=A9038","Female","Stomach","10yrs","Bossier","Red Chute, Bossier City",8.926,8.48,9.372,212625,6.541,6.214,6.868,78027,4.167,3.958,4.375,60045,17.79,31.39,22.98,25.3
"A9038","https://nci-naaccr-zone-design.github.io/louisiana-2020/?address=A9038","Male","Stomach","10yrs","Bossier","Red Chute, Bossier City",14.245,13.533,14.958,207017,14.661,13.928,15.394,66385,4.5,4.275,4.725,60045,17.79,31.39,22.98,25.3
"A9038","https://nci-naaccr-zone-design.github.io/louisiana-2020/?address=A9038","Both","Myeloma","10yrs","Bossier","Red Chute, Bossier City",11.328,10.761,11.894,419643,5.792,5.502,6.082,144412,10.044,9.542,10.546,60045,17.79,31.39,22.98,25.3
"A9038","https://nci-naaccr-zone-design.github.io/louisiana-2020/?address=A9038","Female","Myeloma","10yrs","Bossier","Red Chute, Bossier City",7.554,7.176,7.931,212625,8.271,7.858,8.685,78027,2.949,2.802,3.097,60045,17.79,31.39,22.98,25.3
"A9038","https://nci-naaccr-zone-design.github.io/louisiana-2020/?address=A9038","Male","Myeloma","10yrs","Bossier","Red Chute, Bossier City",9.92,9.424,10.416,207017,13.75,13.063,14.438,66385,15.917,15.121,16.713,60045,17.79,31.39,22.98,25.3
"A9038","https://nci-naaccr-zone-design.github.io/louisiana-2020/?address=A9038","Both","Brain","10yrs","Bossier","Red Chute, Bossier City",8.089,7.684,8.493,419643,4.215,4.004,4.426,144412,6.728,6.391,7.064,60045,17.79,31.39,22.98,25.3
"A9038","https://nci-naaccr-zone-design.github.io/louisiana-2020/?address=A9038","Female","Brain","10yrs","Bossier","Red Chute, Bossier City",2.807,2.666,2.947,212625,6.493,6.169,6.818,78027,5.377,5.108,5.646,60045,17.79,31.39,22.98,25.3
"A9038","https://nci-naaccr-zone-design.github.io/louisiana-2020/?address=A9038","Male","Brain","10yrs","Bossier","Red Chute, Bossier City",9.298,8.833,9.763,207017,10.581,10.052,11.11,66385,6.272,5.959,6.586,60045,17.79,31.39,22.98,25.3
"A9038","https://nci-naaccr-zone-design.github.io/louisiana-2020/?address=A9038","Both","Larynx","10yrs","Bossier","Red Chute, Bossier City",2.763,2.625,2.901,419643,3.142,2.985,3.3,144412,7.337,6.97,7.704,60045,17.79,31.39,22.98,25.3
"A9038","https://nci-naaccr-zone-design.github.io/louisiana-2020/?address=A9038","Female","Larynx","10yrs","Bossier","Red Chute, Bossier City",3.093,2.938,3.247,212625,4.107,3.902,4.313,78027,2.087,1.983,2.191,60045,17.79,31.39,22.98,25.3
"A9038","https://nci-naaccr-zone-design.github.io/louisiana-2020/?address=A9038","Male","Larynx","10yrs","Bossier","Red Chute, Bossier City",15.172,14.413,15.93,207017,4.933,4.686,5.18,66385,10.115,9.609,10.621,60045,17.79,31.39,22.98,25.3
"A9038","https://nci-naaccr-zone-design.github.io/louisiana-2020/?address=A9038","Female","Ovary","10yrs","Bossier","Red Chute, Bossier City",15.411,14.64,16.182,212625,8.303,7.888,8.718,78027,13.763,13.075,14.451,60045,17.79,31.39,22.98,25.3
"A9038","https://nci-naaccr-zone-design.github.io/louisiana-2020/?address=A9038","Both","Esoph","10yrs","Bossier","Red Chute, Bossier City",5.318,5.053,5.584,419643,5.469,5.195,5.742,144412,4.929,4.682,5.175,60045,17.79,31.39,22.98,25.3
"A9038","https://nci-naaccr-zone-design.github.io/louisiana-2020/?address=A9038","Female","Esoph","10yrs","Bossier","Red Chute, Bossier City",4.235,4.024,4.447,212625,3.399,3.229,3.569,78027,"","","",60045,17.79,31.39,22.98,25.3
"A9038","https://nci-naaccr-zone-design.github.io/louisiana-2020/?address=A9038","Male","Esoph","10yrs","Bossier","Red Chute, Bossier City",11.609,11.028,12.189,207017,5.542,5.265,5.819,66385,10.31,9.795,10.826,60045,17.79,31.39,22.98,25.3
