"Zone","URL","Sex","Cancer","Years","Counties","Places","AAIR","LCI","UCI","White_PopTot","White_AAIR","White_LCI","White_UCI","Black_PopTot","Black_AAIR","Black_LCI","Black_UCI","TotalPop","Pct100Pov","PctMinority","PctBlackNH","PctRural"
"B0051","https://nci-naaccr-zone-design.github.io/louisiana-2020/?address=B0051","Both","AllSite","05yrs","Allen, Beauregard, Jefferson Davis","Singer, Kinder, Oakdale, Oberlin, Jennings, Merryville, Welsh, DeRidder, Longville",521.541,495.464,547.618,362772,489.629,465.148,514.111,82981,505.18,479.921,530.439,93012,18.54,22.76,17.21,61.94
"B0051","https://nci-naaccr-zone-design.github.io/louisiana-2020/?address=B0051","Female","AllSite","05yrs","Allen, Beauregard, Jefferson Davis","Singer, Kinder, Oakdale, Oberlin, Jennings, Merryville, Welsh, DeRidder, Longville",439.053,417.1,461.005,178230,388.064,368.66,407.467,35776,413.999,393.299,434.699,93012,18.54,22.76,17.21,61.94
"B0051","https://nci-naaccr-zone-design.github.io/louisiana-2020/?address=B0051","Male","AllSite","05yrs","Allen, Beauregard, Jefferson Davis","Singer, Kinder, Oakdale, Oberlin, Jennings, Merryville, Welsh, DeRidder, Longville",602.717,572.581,632.853,184542,550.722,523.186,578.258,47205,524.497,498.272,550.722,93012,18.54,22.76,17.21,61.94
"B0051","https://nci-naaccr-zone-design.github.io/louisiana-2020/?address=B0051","Male","Prostate","05yrs","Allen, Beauregard, Jefferson Davis","Singer, Kinder, Oakdale, Oberlin, Jennings, Merryville, Welsh, DeRidder, Longville",125.638,119.356,131.92,184542,163.045,154.893,171.198,47205,127.363,120.995,133.732,93012,18.54,22.76,17.21,61.94
"B0051","https://nci-naaccr-zone-design.github.io/louisiana-2020/?address=B0051","Both","Lung","05yrs","Allen, Beauregard, Jefferson Davis","Singer, Kinder, Oakdale, Oberlin, Jennings, Merryville, Welsh, DeRidder, Longville",73.921,70.225,77.617,362772,67.798,64.408,71.188,82981,63.823,60.632,67.014,93012,18.54,22.76,17.21,61.94
"B0051","https://nci-naaccr-zone-design.github.io/louisiana-2020/?address=B0051","Female","Lung","05yrs","Allen, Beauregard, Jefferson Davis","Singer, Kinder, Oakdale, Oberlin, Jennings, Merryville, Welsh, DeRidder, Longville",66.796,63.456,70.136,178230,66.063,62.76,69.366,35776,47.518,45.142,49.894,93012,18.54,22.76,17.21,61.94
"B0051","https://nci-naaccr-zone-design.github.io/louisiana-2020/?address=B0051","Male","Lung","05yrs","Allen, Beauregard, Jefferson Davis","Singer, Kinder, Oakdale, Oberlin, Jennings, Merryville, Welsh, DeRidder, Longville",84.234,80.022,88.445,184542,96.34,91.523,101.157,47205,110.536,105.009,116.063,93012,18.54,22.76,17.21,61.94
"B0051","https://nci-naaccr-zone-design.github.io/louisiana-2020/?address=B0051","Female","Breast","05yrs","Allen, Beauregard, Jefferson Davis","Singer, Kinder, Oakdale, Oberlin, Jennings, Merryville, Welsh, DeRidder, Longville",121.103,115.048,127.158,178230,102.952,97.804,108.1,35776,124.988,118.739,131.238,93012,18.54,22.76,17.21,61.94
"B0051","https://nci-naaccr-zone-design.github.io/louisiana-2020/?address=B0051","Both","CRC","05yrs","Allen, Beauregard, Jefferson Davis","Singer, Kinder, Oakdale, Oberlin, Jennings, Merryville, Welsh, DeRidder, Longville",57.325,54.459,60.191,362772,36.481,34.657,38.305,82981,35.696,33.911,37.481,93012,18.54,22.76,17.21,61.94
"B0051","https://nci-naaccr-zone-design.github.io/louisiana-2020/?address=B0051","Female","CRC","05yrs","Allen, Beauregard, Jefferson Davis","Singer, Kinder, Oakdale, Oberlin, Jennings, Merryville, Welsh, DeRidder, Longville",33.537,31.86,35.214,178230,41.729,39.643,43.816,35776,52.172,49.563,54.78,93012,18.54,22.76,17.21,61.94
"B0051","https://nci-naaccr-zone-design.github.io/louisiana-2020/?address=B0051","Male","CRC","05yrs","Allen, Beauregard, Jefferson Davis","Singer, Kinder, Oakdale, Oberlin, Jennings, Merryville, Welsh, DeRidder, Longville",68.937,65.491,72.384,184542,69.364,65.896,72.833,47205,64.856,61.613,68.099,93012,18.54,22.76,17.21,61.94
"B0051","https://nci-naaccr-zone-design.github.io/louisiana-2020/?address=B0051","Both","Kidney","05yrs","Allen, Beauregard, Jefferson Davis","Singer, Kinder, Oakdale, Oberlin, Jennings, Merryville, Welsh, DeRidder, Longville",22.992,21.843,24.142,362772,16.165,15.357,16.973,82981,19.273,18.309,20.236,93012,18.54,22.76,17.21,61.94
"B0051","https://nci-naaccr-zone-design.github.io/louisiana-2020/?address=B0051","Female","Kidney","05yrs","Allen, Beauregard, Jefferson Davis","Singer, Kinder, Oakdale, Oberlin, Jennings, Merryville, Welsh, DeRidder, Longville",11.971,11.372,12.57,178230,20.753,19.715,21.791,35776,17.934,17.037,18.831,93012,18.54,22.76,17.21,61.94
"B0051","https://nci-naaccr-zone-design.github.io/louisiana-2020/?address=B0051","Male","Kidney","05yrs","Allen, Beauregard, Jefferson Davis","Singer, Kinder, Oakdale, Oberlin, Jennings, Merryville, Welsh, DeRidder, Longville",27.882,26.488,29.276,184542,21.83,20.738,22.921,47205,21.391,20.321,22.46,93012,18.54,22.76,17.21,61.94
"B0051","https://nci-naaccr-zone-design.github.io/louisiana-2020/?address=B0051","Both","NHL","05yrs","Allen, Beauregard, Jefferson Davis","Singer, Kinder, Oakdale, Oberlin, Jennings, Merryville, Welsh, DeRidder, Longville",15.564,14.786,16.342,362772,15.299,14.534,16.064,82981,13.745,13.058,14.433,93012,18.54,22.76,17.21,61.94
"B0051","https://nci-naaccr-zone-design.github.io/louisiana-2020/?address=B0051","Female","NHL","05yrs","Allen, Beauregard, Jefferson Davis","Singer, Kinder, Oakdale, Oberlin, Jennings, Merryville, Welsh, DeRidder, Longville",23.164,22.006,24.322,178230,18.235,17.323,19.146,35776,15.009,14.258,15.759,93012,18.54,22.76,17.21,61.94
"B0051","https://nci-naaccr-zone-design.github.io/louisiana-2020/?address=B0051","Male","NHL","05yrs","Allen, Beauregard, Jefferson Davis","Singer, Kinder, Oakdale, Oberlin, Jennings, Merryville, Welsh, DeRidder, Longville",24.043,22.841,25.246,184542,20.626,19.595,21.657,47205,23.46,22.287,24.633,93012,18.54,22.76,17.21,61.94
"B0051","https://nci-naaccr-zone-design.github.io/louisiana-2020/?address=B0051","Both","Urinary","05yrs","Allen, Beauregard, Jefferson Davis","Singer, Kinder, Oakdale, Oberlin, Jennings, Merryville, Welsh, DeRidder, Longville",19.206,18.245,20.166,362772,17.571,16.692,18.45,82981,14.131,13.424,14.838,93012,18.54,22.76,17.21,61.94
"B0051","https://nci-naaccr-zone-design.github.io/louisiana-2020/?address=B0051","Female","Urinary","05yrs","Allen, Beauregard, Jefferson Davis","Singer, Kinder, Oakdale, Oberlin, Jennings, Merryville, Welsh, DeRidder, Longville",10.583,10.054,11.113,178230,5.301,5.036,5.566,35776,12.465,11.841,13.088,93012,18.54,22.76,17.21,61.94
"B0051","https://nci-naaccr-zone-design.github.io/louisiana-2020/?address=B0051","Male","Urinary","05yrs","Allen, Beauregard, Jefferson Davis","Singer, Kinder, Oakdale, Oberlin, Jennings, Merryville, Welsh, DeRidder, Longville",21.892,20.798,22.987,184542,42.253,40.141,44.366,47205,25.063,23.81,26.316,93012,18.54,22.76,17.21,61.94
"B0051","https://nci-naaccr-zone-design.github.io/louisiana-2020/?address=B0051","Both","Mela","05yrs","Allen, Beauregard, Jefferson Davis","Singer, Kinder, Oakdale, Oberlin, Jennings, Merryville, Welsh, DeRidder, Longville",23.379,22.211,24.548,362772,18.156,17.248,19.064,82981,19.31,18.345,20.276,93012,18.54,22.76,17.21,61.94
"B0051","https://nci-naaccr-zone-design.github.io/louisiana-2020/?address=B0051","Female","Mela","05yrs","Allen, Beauregard, Jefferson Davis","Singer, Kinder, Oakdale, Oberlin, Jennings, Merryville, Welsh, DeRidder, Longville",11.554,10.976,12.131,178230,6.04,5.738,6.342,35776,"","","",93012,18.54,22.76,17.21,61.94
"B0051","https://nci-naaccr-zone-design.github.io/louisiana-2020/?address=B0051","Male","Mela","05yrs","Allen, Beauregard, Jefferson Davis","Singer, Kinder, Oakdale, Oberlin, Jennings, Merryville, Welsh, DeRidder, Longville",29.657,28.174,31.14,184542,35.44,33.668,37.212,47205,25.19,23.931,26.45,93012,18.54,22.76,17.21,61.94
"B0051","https://nci-naaccr-zone-design.github.io/louisiana-2020/?address=B0051","Both","Pancreas","05yrs","Allen, Beauregard, Jefferson Davis","Singer, Kinder, Oakdale, Oberlin, Jennings, Merryville, Welsh, DeRidder, Longville",16.768,15.93,17.606,362772,17.992,17.092,18.891,82981,16.752,15.915,17.59,93012,18.54,22.76,17.21,61.94
"B0051","https://nci-naaccr-zone-design.github.io/louisiana-2020/?address=B0051","Female","Pancreas","05yrs","Allen, Beauregard, Jefferson Davis","Singer, Kinder, Oakdale, Oberlin, Jennings, Merryville, Welsh, DeRidder, Longville",16.28,15.466,17.094,178230,9.987,9.488,10.486,35776,10.899,10.354,11.443,93012,18.54,22.76,17.21,61.94
"B0051","https://nci-naaccr-zone-design.github.io/louisiana-2020/?address=B0051","Male","Pancreas","05yrs","Allen, Beauregard, Jefferson Davis","Singer, Kinder, Oakdale, Oberlin, Jennings, Merryville, Welsh, DeRidder, Longville",10.833,10.291,11.375,184542,18.768,17.83,19.707,47205,15.732,14.946,16.519,93012,18.54,22.76,17.21,61.94
"B0051","https://nci-naaccr-zone-design.github.io/louisiana-2020/?address=B0051","Both","Leuks","05yrs","Allen, Beauregard, Jefferson Davis","Singer, Kinder, Oakdale, Oberlin, Jennings, Merryville, Welsh, DeRidder, Longville",17.314,16.448,18.179,362772,14.779,14.04,15.518,82981,10.672,10.138,11.205,93012,18.54,22.76,17.21,61.94
"B0051","https://nci-naaccr-zone-design.github.io/louisiana-2020/?address=B0051","Female","Leuks","05yrs","Allen, Beauregard, Jefferson Davis","Singer, Kinder, Oakdale, Oberlin, Jennings, Merryville, Welsh, DeRidder, Longville",11.2,10.64,11.76,178230,11.533,10.957,12.11,35776,14.21,13.5,14.921,93012,18.54,22.76,17.21,61.94
"B0051","https://nci-naaccr-zone-design.github.io/louisiana-2020/?address=B0051","Male","Leuks","05yrs","Allen, Beauregard, Jefferson Davis","Singer, Kinder, Oakdale, Oberlin, Jennings, Merryville, Welsh, DeRidder, Longville",9.323,8.857,9.789,184542,25.685,24.401,26.969,47205,15.731,14.944,16.518,93012,18.54,22.76,17.21,61.94
"B0051","https://nci-naaccr-zone-design.github.io/louisiana-2020/?address=B0051","Both","Oral","05yrs","Allen, Beauregard, Jefferson Davis","Singer, Kinder, Oakdale, Oberlin, Jennings, Merryville, Welsh, DeRidder, Longville",13.647,12.965,14.33,362772,10.53,10.003,11.056,82981,11.731,11.144,12.317,93012,18.54,22.76,17.21,61.94
"B0051","https://nci-naaccr-zone-design.github.io/louisiana-2020/?address=B0051","Female","Oral","05yrs","Allen, Beauregard, Jefferson Davis","Singer, Kinder, Oakdale, Oberlin, Jennings, Merryville, Welsh, DeRidder, Longville",6.983,6.633,7.332,178230,4.5,4.275,4.725,35776,"","","",93012,18.54,22.76,17.21,61.94
"B0051","https://nci-naaccr-zone-design.github.io/louisiana-2020/?address=B0051","Male","Oral","05yrs","Allen, Beauregard, Jefferson Davis","Singer, Kinder, Oakdale, Oberlin, Jennings, Merryville, Welsh, DeRidder, Longville",12.423,11.802,13.044,184542,24.797,23.558,26.037,47205,27.464,26.091,28.837,93012,18.54,22.76,17.21,61.94
"B0051","https://nci-naaccr-zone-design.github.io/louisiana-2020/?address=B0051","Both","Thyroid","05yrs","Allen, Beauregard, Jefferson Davis","Singer, Kinder, Oakdale, Oberlin, Jennings, Merryville, Welsh, DeRidder, Longville",11.806,11.216,12.396,362772,9.114,8.658,9.57,82981,11.327,10.761,11.894,93012,18.54,22.76,17.21,61.94
"B0051","https://nci-naaccr-zone-design.github.io/louisiana-2020/?address=B0051","Female","Thyroid","05yrs","Allen, Beauregard, Jefferson Davis","Singer, Kinder, Oakdale, Oberlin, Jennings, Merryville, Welsh, DeRidder, Longville",17.935,17.038,18.832,178230,10.401,9.881,10.921,35776,23.995,22.795,25.195,93012,18.54,22.76,17.21,61.94
"B0051","https://nci-naaccr-zone-design.github.io/louisiana-2020/?address=B0051","Male","Thyroid","05yrs","Allen, Beauregard, Jefferson Davis","Singer, Kinder, Oakdale, Oberlin, Jennings, Merryville, Welsh, DeRidder, Longville",3.732,3.546,3.919,184542,3.299,3.134,3.464,47205,"","","",93012,18.54,22.76,17.21,61.94
"B0051","https://nci-naaccr-zone-design.github.io/louisiana-2020/?address=B0051","Female","Uterine","05yrs","Allen, Beauregard, Jefferson Davis","Singer, Kinder, Oakdale, Oberlin, Jennings, Merryville, Welsh, DeRidder, Longville",18.879,17.935,19.823,178230,24.341,23.124,25.558,35776,12.304,11.688,12.919,93012,18.54,22.76,17.21,61.94
"B0051","https://nci-naaccr-zone-design.github.io/louisiana-2020/?address=B0051","Both","Liver","05yrs","Allen, Beauregard, Jefferson Davis","Singer, Kinder, Oakdale, Oberlin, Jennings, Merryville, Welsh, DeRidder, Longville",7.934,7.537,8.33,362772,5.517,5.241,5.792,82981,13.56,12.882,14.238,93012,18.54,22.76,17.21,61.94
"B0051","https://nci-naaccr-zone-design.github.io/louisiana-2020/?address=B0051","Female","Liver","05yrs","Allen, Beauregard, Jefferson Davis","Singer, Kinder, Oakdale, Oberlin, Jennings, Merryville, Welsh, DeRidder, Longville",3.489,3.315,3.664,178230,4.478,4.254,4.701,35776,"","","",93012,18.54,22.76,17.21,61.94
"B0051","https://nci-naaccr-zone-design.github.io/louisiana-2020/?address=B0051","Male","Liver","05yrs","Allen, Beauregard, Jefferson Davis","Singer, Kinder, Oakdale, Oberlin, Jennings, Merryville, Welsh, DeRidder, Longville",23.364,22.195,24.532,184542,21.459,20.386,22.532,47205,21.637,20.555,22.718,93012,18.54,22.76,17.21,61.94
"B0051","https://nci-naaccr-zone-design.github.io/louisiana-2020/?address=B0051","Both","Stomach","05yrs","Allen, Beauregard, Jefferson Davis","Singer, Kinder, Oakdale, Oberlin, Jennings, Merryville, Welsh, DeRidder, Longville",8.328,7.911,8.744,362772,7.011,6.66,7.362,82981,9.425,8.954,9.896,93012,18.54,22.76,17.21,61.94
"B0051","https://nci-naaccr-zone-design.github.io/louisiana-2020/?address=B0051","Female","Stomach","05yrs","Allen, Beauregard, Jefferson Davis","Singer, Kinder, Oakdale, Oberlin, Jennings, Merryville, Welsh, DeRidder, Longville",2.847,2.705,2.989,178230,5.754,5.466,6.042,35776,9.924,9.428,10.421,93012,18.54,22.76,17.21,61.94
"B0051","https://nci-naaccr-zone-design.github.io/louisiana-2020/?address=B0051","Male","Stomach","05yrs","Allen, Beauregard, Jefferson Davis","Singer, Kinder, Oakdale, Oberlin, Jennings, Merryville, Welsh, DeRidder, Longville",7.167,6.809,7.525,184542,15.976,15.177,16.774,47205,8.011,7.611,8.412,93012,18.54,22.76,17.21,61.94
"B0051","https://nci-naaccr-zone-design.github.io/louisiana-2020/?address=B0051","Both","Myeloma","05yrs","Allen, Beauregard, Jefferson Davis","Singer, Kinder, Oakdale, Oberlin, Jennings, Merryville, Welsh, DeRidder, Longville",4.718,4.482,4.954,362772,12.72,12.084,13.356,82981,11.48,10.906,12.054,93012,18.54,22.76,17.21,61.94
"B0051","https://nci-naaccr-zone-design.github.io/louisiana-2020/?address=B0051","Female","Myeloma","05yrs","Allen, Beauregard, Jefferson Davis","Singer, Kinder, Oakdale, Oberlin, Jennings, Merryville, Welsh, DeRidder, Longville",2.502,2.377,2.627,178230,10.781,10.242,11.321,35776,"","","",93012,18.54,22.76,17.21,61.94
"B0051","https://nci-naaccr-zone-design.github.io/louisiana-2020/?address=B0051","Male","Myeloma","05yrs","Allen, Beauregard, Jefferson Davis","Singer, Kinder, Oakdale, Oberlin, Jennings, Merryville, Welsh, DeRidder, Longville",5.828,5.537,6.119,184542,6.087,5.782,6.391,47205,16.99,16.141,17.84,93012,18.54,22.76,17.21,61.94
"B0051","https://nci-naaccr-zone-design.github.io/louisiana-2020/?address=B0051","Both","Brain","05yrs","Allen, Beauregard, Jefferson Davis","Singer, Kinder, Oakdale, Oberlin, Jennings, Merryville, Welsh, DeRidder, Longville",5.504,5.229,5.779,362772,8.145,7.738,8.553,82981,5.799,5.509,6.089,93012,18.54,22.76,17.21,61.94
"B0051","https://nci-naaccr-zone-design.github.io/louisiana-2020/?address=B0051","Female","Brain","05yrs","Allen, Beauregard, Jefferson Davis","Singer, Kinder, Oakdale, Oberlin, Jennings, Merryville, Welsh, DeRidder, Longville",3.183,3.024,3.343,178230,4.699,4.464,4.934,35776,"","","",93012,18.54,22.76,17.21,61.94
"B0051","https://nci-naaccr-zone-design.github.io/louisiana-2020/?address=B0051","Male","Brain","05yrs","Allen, Beauregard, Jefferson Davis","Singer, Kinder, Oakdale, Oberlin, Jennings, Merryville, Welsh, DeRidder, Longville",4.524,4.298,4.751,184542,4.777,4.538,5.016,47205,8.715,8.28,9.151,93012,18.54,22.76,17.21,61.94
"B0051","https://nci-naaccr-zone-design.github.io/louisiana-2020/?address=B0051","Both","Larynx","05yrs","Allen, Beauregard, Jefferson Davis","Singer, Kinder, Oakdale, Oberlin, Jennings, Merryville, Welsh, DeRidder, Longville",9.063,8.61,9.517,362772,2.969,2.82,3.117,82981,4.759,4.521,4.997,93012,18.54,22.76,17.21,61.94
"B0051","https://nci-naaccr-zone-design.github.io/louisiana-2020/?address=B0051","Female","Larynx","05yrs","Allen, Beauregard, Jefferson Davis","Singer, Kinder, Oakdale, Oberlin, Jennings, Merryville, Welsh, DeRidder, Longville",4.027,3.826,4.229,178230,"","","",35776,"","","",93012,18.54,22.76,17.21,61.94
"B0051","https://nci-naaccr-zone-design.github.io/louisiana-2020/?address=B0051","Male","Larynx","05yrs","Allen, Beauregard, Jefferson Davis","Singer, Kinder, Oakdale, Oberlin, Jennings, Merryville, Welsh, DeRidder, Longville",10.888,10.343,11.432,184542,12.877,12.234,13.521,47205,13.274,12.611,13.938,93012,18.54,22.76,17.21,61.94
"B0051","https://nci-naaccr-zone-design.github.io/louisiana-2020/?address=B0051","Female","Ovary","05yrs","Allen, Beauregard, Jefferson Davis","Singer, Kinder, Oakdale, Oberlin, Jennings, Merryville, Welsh, DeRidder, Longville",9.216,8.755,9.677,178230,13.715,13.029,14.401,35776,11.185,10.626,11.744,93012,18.54,22.76,17.21,61.94
"B0051","https://nci-naaccr-zone-design.github.io/louisiana-2020/?address=B0051","Both","Esoph","05yrs","Allen, Beauregard, Jefferson Davis","Singer, Kinder, Oakdale, Oberlin, Jennings, Merryville, Welsh, DeRidder, Longville",7.721,7.335,8.107,362772,5.363,5.095,5.632,82981,4.634,4.402,4.866,93012,18.54,22.76,17.21,61.94
"B0051","https://nci-naaccr-zone-design.github.io/louisiana-2020/?address=B0051","Female","Esoph","05yrs","Allen, Beauregard, Jefferson Davis","Singer, Kinder, Oakdale, Oberlin, Jennings, Merryville, Welsh, DeRidder, Longville","","","",178230,"","","",35776,"","","",93012,18.54,22.76,17.21,61.94
"B0051","https://nci-naaccr-zone-design.github.io/louisiana-2020/?address=B0051","Male","Esoph","05yrs","Allen, Beauregard, Jefferson Davis","Singer, Kinder, Oakdale, Oberlin, Jennings, Merryville, Welsh, DeRidder, Longville",10.966,10.417,11.514,184542,13.212,12.552,13.873,47205,11.221,10.66,11.782,93012,18.54,22.76,17.21,61.94
"B0051","https://nci-naaccr-zone-design.github.io/louisiana-2020/?address=B0051","Both","AllSite","10yrs","Allen, Beauregard, Jefferson Davis","Singer, Kinder, Oakdale, Oberlin, Jennings, Merryville, Welsh, DeRidder, Longville",483.858,459.665,508.051,723094,516.605,490.775,542.435,166780,541.371,514.303,568.44,93012,18.54,22.76,17.21,61.94
"B0051","https://nci-naaccr-zone-design.github.io/louisiana-2020/?address=B0051","Female","AllSite","10yrs","Allen, Beauregard, Jefferson Davis","Singer, Kinder, Oakdale, Oberlin, Jennings, Merryville, Welsh, DeRidder, Longville",395.899,376.104,415.694,356547,380.09,361.085,399.094,72529,447.154,424.796,469.512,93012,18.54,22.76,17.21,61.94
"B0051","https://nci-naaccr-zone-design.github.io/louisiana-2020/?address=B0051","Male","AllSite","10yrs","Allen, Beauregard, Jefferson Davis","Singer, Kinder, Oakdale, Oberlin, Jennings, Merryville, Welsh, DeRidder, Longville",551.332,523.766,578.899,366547,539.287,512.323,566.251,94251,612.267,581.654,642.881,93012,18.54,22.76,17.21,61.94
"B0051","https://nci-naaccr-zone-design.github.io/louisiana-2020/?address=B0051","Male","Prostate","10yrs","Allen, Beauregard, Jefferson Davis","Singer, Kinder, Oakdale, Oberlin, Jennings, Merryville, Welsh, DeRidder, Longville",214.067,203.364,224.771,366547,127.487,121.113,133.861,94251,200.349,190.331,210.366,93012,18.54,22.76,17.21,61.94
"B0051","https://nci-naaccr-zone-design.github.io/louisiana-2020/?address=B0051","Both","Lung","10yrs","Allen, Beauregard, Jefferson Davis","Singer, Kinder, Oakdale, Oberlin, Jennings, Merryville, Welsh, DeRidder, Longville",71.251,67.688,74.814,723094,86.18,81.871,90.489,166780,57.625,54.743,60.506,93012,18.54,22.76,17.21,61.94
"B0051","https://nci-naaccr-zone-design.github.io/louisiana-2020/?address=B0051","Female","Lung","10yrs","Allen, Beauregard, Jefferson Davis","Singer, Kinder, Oakdale, Oberlin, Jennings, Merryville, Welsh, DeRidder, Longville",57.459,54.586,60.332,356547,59.146,56.189,62.104,72529,58.252,55.339,61.164,93012,18.54,22.76,17.21,61.94
"B0051","https://nci-naaccr-zone-design.github.io/louisiana-2020/?address=B0051","Male","Lung","10yrs","Allen, Beauregard, Jefferson Davis","Singer, Kinder, Oakdale, Oberlin, Jennings, Merryville, Welsh, DeRidder, Longville",77.939,74.042,81.835,366547,117.004,111.154,122.854,94251,69.036,65.584,72.488,93012,18.54,22.76,17.21,61.94
"B0051","https://nci-naaccr-zone-design.github.io/louisiana-2020/?address=B0051","Female","Breast","10yrs","Allen, Beauregard, Jefferson Davis","Singer, Kinder, Oakdale, Oberlin, Jennings, Merryville, Welsh, DeRidder, Longville",128.32,121.904,134.736,356547,113.375,107.706,119.043,72529,138.262,131.349,145.175,93012,18.54,22.76,17.21,61.94
"B0051","https://nci-naaccr-zone-design.github.io/louisiana-2020/?address=B0051","Both","CRC","10yrs","Allen, Beauregard, Jefferson Davis","Singer, Kinder, Oakdale, Oberlin, Jennings, Merryville, Welsh, DeRidder, Longville",38.476,36.552,40.4,723094,59.735,56.748,62.722,166780,55.225,52.463,57.986,93012,18.54,22.76,17.21,61.94
"B0051","https://nci-naaccr-zone-design.github.io/louisiana-2020/?address=B0051","Female","CRC","10yrs","Allen, Beauregard, Jefferson Davis","Singer, Kinder, Oakdale, Oberlin, Jennings, Merryville, Welsh, DeRidder, Longville",49.301,46.836,51.766,356547,46.825,44.484,49.166,72529,54.079,51.375,56.783,93012,18.54,22.76,17.21,61.94
"B0051","https://nci-naaccr-zone-design.github.io/louisiana-2020/?address=B0051","Male","CRC","10yrs","Allen, Beauregard, Jefferson Davis","Singer, Kinder, Oakdale, Oberlin, Jennings, Merryville, Welsh, DeRidder, Longville",70.311,66.796,73.827,366547,55.104,52.349,57.859,94251,40.762,38.724,42.8,93012,18.54,22.76,17.21,61.94
"B0051","https://nci-naaccr-zone-design.github.io/louisiana-2020/?address=B0051","Both","Kidney","10yrs","Allen, Beauregard, Jefferson Davis","Singer, Kinder, Oakdale, Oberlin, Jennings, Merryville, Welsh, DeRidder, Longville",21.748,20.661,22.835,723094,16.248,15.436,17.061,166780,16.038,15.236,16.84,93012,18.54,22.76,17.21,61.94
"B0051","https://nci-naaccr-zone-design.github.io/louisiana-2020/?address=B0051","Female","Kidney","10yrs","Allen, Beauregard, Jefferson Davis","Singer, Kinder, Oakdale, Oberlin, Jennings, Merryville, Welsh, DeRidder, Longville",13.251,12.588,13.913,356547,15.454,14.681,16.227,72529,18.389,17.47,19.309,93012,18.54,22.76,17.21,61.94
"B0051","https://nci-naaccr-zone-design.github.io/louisiana-2020/?address=B0051","Male","Kidney","10yrs","Allen, Beauregard, Jefferson Davis","Singer, Kinder, Oakdale, Oberlin, Jennings, Merryville, Welsh, DeRidder, Longville",35.349,33.581,37.116,366547,19.353,18.385,20.321,94251,31.509,29.934,33.085,93012,18.54,22.76,17.21,61.94
"B0051","https://nci-naaccr-zone-design.github.io/louisiana-2020/?address=B0051","Both","NHL","10yrs","Allen, Beauregard, Jefferson Davis","Singer, Kinder, Oakdale, Oberlin, Jennings, Merryville, Welsh, DeRidder, Longville",18.457,17.534,19.38,723094,18.725,17.788,19.661,166780,21.538,20.461,22.615,93012,18.54,22.76,17.21,61.94
"B0051","https://nci-naaccr-zone-design.github.io/louisiana-2020/?address=B0051","Female","NHL","10yrs","Allen, Beauregard, Jefferson Davis","Singer, Kinder, Oakdale, Oberlin, Jennings, Merryville, Welsh, DeRidder, Longville",18.282,17.368,19.197,356547,14.877,14.133,15.621,72529,11.587,11.008,12.166,93012,18.54,22.76,17.21,61.94
"B0051","https://nci-naaccr-zone-design.github.io/louisiana-2020/?address=B0051","Male","NHL","10yrs","Allen, Beauregard, Jefferson Davis","Singer, Kinder, Oakdale, Oberlin, Jennings, Merryville, Welsh, DeRidder, Longville",23.433,22.262,24.605,366547,26.76,25.422,28.098,94251,31.368,29.8,32.937,93012,18.54,22.76,17.21,61.94
"B0051","https://nci-naaccr-zone-design.github.io/louisiana-2020/?address=B0051","Both","Urinary","10yrs","Allen, Beauregard, Jefferson Davis","Singer, Kinder, Oakdale, Oberlin, Jennings, Merryville, Welsh, DeRidder, Longville",20.067,19.064,21.071,723094,24.311,23.095,25.526,166780,16.441,15.619,17.263,93012,18.54,22.76,17.21,61.94
"B0051","https://nci-naaccr-zone-design.github.io/louisiana-2020/?address=B0051","Female","Urinary","10yrs","Allen, Beauregard, Jefferson Davis","Singer, Kinder, Oakdale, Oberlin, Jennings, Merryville, Welsh, DeRidder, Longville",10.253,9.74,10.765,356547,3.98,3.781,4.179,72529,13.373,12.704,14.042,93012,18.54,22.76,17.21,61.94
"B0051","https://nci-naaccr-zone-design.github.io/louisiana-2020/?address=B0051","Male","Urinary","10yrs","Allen, Beauregard, Jefferson Davis","Singer, Kinder, Oakdale, Oberlin, Jennings, Merryville, Welsh, DeRidder, Longville",41.487,39.412,43.561,366547,26.067,24.764,27.371,94251,36.205,34.395,38.016,93012,18.54,22.76,17.21,61.94
"B0051","https://nci-naaccr-zone-design.github.io/louisiana-2020/?address=B0051","Both","Mela","10yrs","Allen, Beauregard, Jefferson Davis","Singer, Kinder, Oakdale, Oberlin, Jennings, Merryville, Welsh, DeRidder, Longville",12.909,12.264,13.555,723094,27.779,26.39,29.168,166780,6.06,5.757,6.363,93012,18.54,22.76,17.21,61.94
"B0051","https://nci-naaccr-zone-design.github.io/louisiana-2020/?address=B0051","Female","Mela","10yrs","Allen, Beauregard, Jefferson Davis","Singer, Kinder, Oakdale, Oberlin, Jennings, Merryville, Welsh, DeRidder, Longville",4.305,4.089,4.52,356547,7.687,7.303,8.072,72529,3.161,3.003,3.319,93012,18.54,22.76,17.21,61.94
"B0051","https://nci-naaccr-zone-design.github.io/louisiana-2020/?address=B0051","Male","Mela","10yrs","Allen, Beauregard, Jefferson Davis","Singer, Kinder, Oakdale, Oberlin, Jennings, Merryville, Welsh, DeRidder, Longville",19.746,18.759,20.734,366547,12.147,11.54,12.755,94251,25.173,23.915,26.432,93012,18.54,22.76,17.21,61.94
"B0051","https://nci-naaccr-zone-design.github.io/louisiana-2020/?address=B0051","Both","Pancreas","10yrs","Allen, Beauregard, Jefferson Davis","Singer, Kinder, Oakdale, Oberlin, Jennings, Merryville, Welsh, DeRidder, Longville",18.001,17.1,18.901,723094,12.602,11.971,13.232,166780,14.882,14.138,15.626,93012,18.54,22.76,17.21,61.94
"B0051","https://nci-naaccr-zone-design.github.io/louisiana-2020/?address=B0051","Female","Pancreas","10yrs","Allen, Beauregard, Jefferson Davis","Singer, Kinder, Oakdale, Oberlin, Jennings, Merryville, Welsh, DeRidder, Longville",8.922,8.476,9.369,356547,13.85,13.157,14.542,72529,9.099,8.644,9.554,93012,18.54,22.76,17.21,61.94
"B0051","https://nci-naaccr-zone-design.github.io/louisiana-2020/?address=B0051","Male","Pancreas","10yrs","Allen, Beauregard, Jefferson Davis","Singer, Kinder, Oakdale, Oberlin, Jennings, Merryville, Welsh, DeRidder, Longville",15.738,14.951,16.524,366547,10.422,9.901,10.943,94251,14.073,13.37,14.777,93012,18.54,22.76,17.21,61.94
"B0051","https://nci-naaccr-zone-design.github.io/louisiana-2020/?address=B0051","Both","Leuks","10yrs","Allen, Beauregard, Jefferson Davis","Singer, Kinder, Oakdale, Oberlin, Jennings, Merryville, Welsh, DeRidder, Longville",12.198,11.588,12.808,723094,12.572,11.943,13.201,166780,13.212,12.551,13.872,93012,18.54,22.76,17.21,61.94
"B0051","https://nci-naaccr-zone-design.github.io/louisiana-2020/?address=B0051","Female","Leuks","10yrs","Allen, Beauregard, Jefferson Davis","Singer, Kinder, Oakdale, Oberlin, Jennings, Merryville, Welsh, DeRidder, Longville",10.325,9.809,10.841,356547,6.769,6.431,7.108,72529,10.005,9.505,10.506,93012,18.54,22.76,17.21,61.94
"B0051","https://nci-naaccr-zone-design.github.io/louisiana-2020/?address=B0051","Male","Leuks","10yrs","Allen, Beauregard, Jefferson Davis","Singer, Kinder, Oakdale, Oberlin, Jennings, Merryville, Welsh, DeRidder, Longville",14.143,13.436,14.851,366547,9.659,9.176,10.142,94251,12.005,11.405,12.605,93012,18.54,22.76,17.21,61.94
"B0051","https://nci-naaccr-zone-design.github.io/louisiana-2020/?address=B0051","Both","Oral","10yrs","Allen, Beauregard, Jefferson Davis","Singer, Kinder, Oakdale, Oberlin, Jennings, Merryville, Welsh, DeRidder, Longville",14.865,14.121,15.608,723094,7.62,7.239,8.001,166780,11.663,11.08,12.246,93012,18.54,22.76,17.21,61.94
"B0051","https://nci-naaccr-zone-design.github.io/louisiana-2020/?address=B0051","Female","Oral","10yrs","Allen, Beauregard, Jefferson Davis","Singer, Kinder, Oakdale, Oberlin, Jennings, Merryville, Welsh, DeRidder, Longville",2.958,2.81,3.106,356547,4.542,4.315,4.769,72529,2.802,2.662,2.942,93012,18.54,22.76,17.21,61.94
"B0051","https://nci-naaccr-zone-design.github.io/louisiana-2020/?address=B0051","Male","Oral","10yrs","Allen, Beauregard, Jefferson Davis","Singer, Kinder, Oakdale, Oberlin, Jennings, Merryville, Welsh, DeRidder, Longville",21.131,20.075,22.188,366547,24.544,23.317,25.772,94251,20.672,19.638,21.705,93012,18.54,22.76,17.21,61.94
"B0051","https://nci-naaccr-zone-design.github.io/louisiana-2020/?address=B0051","Both","Thyroid","10yrs","Allen, Beauregard, Jefferson Davis","Singer, Kinder, Oakdale, Oberlin, Jennings, Merryville, Welsh, DeRidder, Longville",12.334,11.717,12.951,723094,14.775,14.037,15.514,166780,14.41,13.69,15.131,93012,18.54,22.76,17.21,61.94
"B0051","https://nci-naaccr-zone-design.github.io/louisiana-2020/?address=B0051","Female","Thyroid","10yrs","Allen, Beauregard, Jefferson Davis","Singer, Kinder, Oakdale, Oberlin, Jennings, Merryville, Welsh, DeRidder, Longville",18.882,17.938,19.826,356547,19.381,18.412,20.35,72529,16.292,15.477,17.106,93012,18.54,22.76,17.21,61.94
"B0051","https://nci-naaccr-zone-design.github.io/louisiana-2020/?address=B0051","Male","Thyroid","10yrs","Allen, Beauregard, Jefferson Davis","Singer, Kinder, Oakdale, Oberlin, Jennings, Merryville, Welsh, DeRidder, Longville",7.23,6.869,7.592,366547,8.245,7.833,8.657,94251,7.593,7.213,7.973,93012,18.54,22.76,17.21,61.94
"B0051","https://nci-naaccr-zone-design.github.io/louisiana-2020/?address=B0051","Female","Uterine","10yrs","Allen, Beauregard, Jefferson Davis","Singer, Kinder, Oakdale, Oberlin, Jennings, Merryville, Welsh, DeRidder, Longville",14.043,13.341,14.745,356547,17.143,16.286,18.001,72529,15.88,15.086,16.674,93012,18.54,22.76,17.21,61.94
"B0051","https://nci-naaccr-zone-design.github.io/louisiana-2020/?address=B0051","Both","Liver","10yrs","Allen, Beauregard, Jefferson Davis","Singer, Kinder, Oakdale, Oberlin, Jennings, Merryville, Welsh, DeRidder, Longville",15.335,14.568,16.102,723094,8.801,8.361,9.241,166780,15.134,14.377,15.891,93012,18.54,22.76,17.21,61.94
"B0051","https://nci-naaccr-zone-design.github.io/louisiana-2020/?address=B0051","Female","Liver","10yrs","Allen, Beauregard, Jefferson Davis","Singer, Kinder, Oakdale, Oberlin, Jennings, Merryville, Welsh, DeRidder, Longville",1.736,1.649,1.822,356547,5.068,4.814,5.321,72529,"","","",93012,18.54,22.76,17.21,61.94
"B0051","https://nci-naaccr-zone-design.github.io/louisiana-2020/?address=B0051","Male","Liver","10yrs","Allen, Beauregard, Jefferson Davis","Singer, Kinder, Oakdale, Oberlin, Jennings, Merryville, Welsh, DeRidder, Longville",18.647,17.715,19.58,366547,10.74,10.203,11.277,94251,17.222,16.361,18.083,93012,18.54,22.76,17.21,61.94
"B0051","https://nci-naaccr-zone-design.github.io/louisiana-2020/?address=B0051","Both","Stomach","10yrs","Allen, Beauregard, Jefferson Davis","Singer, Kinder, Oakdale, Oberlin, Jennings, Merryville, Welsh, DeRidder, Longville",11.327,10.76,11.893,723094,9.083,8.629,9.537,166780,7.049,6.696,7.401,93012,18.54,22.76,17.21,61.94
"B0051","https://nci-naaccr-zone-design.github.io/louisiana-2020/?address=B0051","Female","Stomach","10yrs","Allen, Beauregard, Jefferson Davis","Singer, Kinder, Oakdale, Oberlin, Jennings, Merryville, Welsh, DeRidder, Longville",7.853,7.46,8.246,356547,5.163,4.904,5.421,72529,8.068,7.665,8.471,93012,18.54,22.76,17.21,61.94
"B0051","https://nci-naaccr-zone-design.github.io/louisiana-2020/?address=B0051","Male","Stomach","10yrs","Allen, Beauregard, Jefferson Davis","Singer, Kinder, Oakdale, Oberlin, Jennings, Merryville, Welsh, DeRidder, Longville",13.299,12.634,13.964,366547,6.306,5.99,6.621,94251,13.729,13.043,14.416,93012,18.54,22.76,17.21,61.94
"B0051","https://nci-naaccr-zone-design.github.io/louisiana-2020/?address=B0051","Both","Myeloma","10yrs","Allen, Beauregard, Jefferson Davis","Singer, Kinder, Oakdale, Oberlin, Jennings, Merryville, Welsh, DeRidder, Longville",7.991,7.591,8.39,723094,11.193,10.633,11.752,166780,14.036,13.334,14.737,93012,18.54,22.76,17.21,61.94
"B0051","https://nci-naaccr-zone-design.github.io/louisiana-2020/?address=B0051","Female","Myeloma","10yrs","Allen, Beauregard, Jefferson Davis","Singer, Kinder, Oakdale, Oberlin, Jennings, Merryville, Welsh, DeRidder, Longville",4.596,4.367,4.826,356547,3.75,3.562,3.937,72529,7.148,6.79,7.505,93012,18.54,22.76,17.21,61.94
"B0051","https://nci-naaccr-zone-design.github.io/louisiana-2020/?address=B0051","Male","Myeloma","10yrs","Allen, Beauregard, Jefferson Davis","Singer, Kinder, Oakdale, Oberlin, Jennings, Merryville, Welsh, DeRidder, Longville",14.689,13.955,15.424,366547,17.548,16.671,18.426,94251,7.236,6.874,7.598,93012,18.54,22.76,17.21,61.94
"B0051","https://nci-naaccr-zone-design.github.io/louisiana-2020/?address=B0051","Both","Brain","10yrs","Allen, Beauregard, Jefferson Davis","Singer, Kinder, Oakdale, Oberlin, Jennings, Merryville, Welsh, DeRidder, Longville",6.701,6.366,7.036,723094,6.096,5.791,6.401,166780,7.525,7.148,7.901,93012,18.54,22.76,17.21,61.94
"B0051","https://nci-naaccr-zone-design.github.io/louisiana-2020/?address=B0051","Female","Brain","10yrs","Allen, Beauregard, Jefferson Davis","Singer, Kinder, Oakdale, Oberlin, Jennings, Merryville, Welsh, DeRidder, Longville",4.079,3.875,4.283,356547,7.157,6.799,7.515,72529,5.95,5.653,6.248,93012,18.54,22.76,17.21,61.94
"B0051","https://nci-naaccr-zone-design.github.io/louisiana-2020/?address=B0051","Male","Brain","10yrs","Allen, Beauregard, Jefferson Davis","Singer, Kinder, Oakdale, Oberlin, Jennings, Merryville, Welsh, DeRidder, Longville",6.144,5.837,6.452,366547,8.786,8.347,9.226,94251,10.887,10.342,11.431,93012,18.54,22.76,17.21,61.94
"B0051","https://nci-naaccr-zone-design.github.io/louisiana-2020/?address=B0051","Both","Larynx","10yrs","Allen, Beauregard, Jefferson Davis","Singer, Kinder, Oakdale, Oberlin, Jennings, Merryville, Welsh, DeRidder, Longville",7.131,6.774,7.488,723094,8.392,7.972,8.811,166780,9.231,8.77,9.693,93012,18.54,22.76,17.21,61.94
"B0051","https://nci-naaccr-zone-design.github.io/louisiana-2020/?address=B0051","Female","Larynx","10yrs","Allen, Beauregard, Jefferson Davis","Singer, Kinder, Oakdale, Oberlin, Jennings, Merryville, Welsh, DeRidder, Longville",1.826,1.734,1.917,356547,1.068,1.015,1.122,72529,2.62,2.489,2.751,93012,18.54,22.76,17.21,61.94
"B0051","https://nci-naaccr-zone-design.github.io/louisiana-2020/?address=B0051","Male","Larynx","10yrs","Allen, Beauregard, Jefferson Davis","Singer, Kinder, Oakdale, Oberlin, Jennings, Merryville, Welsh, DeRidder, Longville",4.833,4.591,5.074,366547,15.035,14.283,15.787,94251,10.768,10.23,11.306,93012,18.54,22.76,17.21,61.94
"B0051","https://nci-naaccr-zone-design.github.io/louisiana-2020/?address=B0051","Female","Ovary","10yrs","Allen, Beauregard, Jefferson Davis","Singer, Kinder, Oakdale, Oberlin, Jennings, Merryville, Welsh, DeRidder, Longville",5.889,5.594,6.183,356547,13.361,12.693,14.029,72529,4.595,4.366,4.825,93012,18.54,22.76,17.21,61.94
"B0051","https://nci-naaccr-zone-design.github.io/louisiana-2020/?address=B0051","Both","Esoph","10yrs","Allen, Beauregard, Jefferson Davis","Singer, Kinder, Oakdale, Oberlin, Jennings, Merryville, Welsh, DeRidder, Longville",7.127,6.77,7.483,723094,6.737,6.4,7.074,166780,3.785,3.596,3.974,93012,18.54,22.76,17.21,61.94
"B0051","https://nci-naaccr-zone-design.github.io/louisiana-2020/?address=B0051","Female","Esoph","10yrs","Allen, Beauregard, Jefferson Davis","Singer, Kinder, Oakdale, Oberlin, Jennings, Merryville, Welsh, DeRidder, Longville",0.816,0.775,0.856,356547,"","","",72529,2.696,2.561,2.831,93012,18.54,22.76,17.21,61.94
"B0051","https://nci-naaccr-zone-design.github.io/louisiana-2020/?address=B0051","Male","Esoph","10yrs","Allen, Beauregard, Jefferson Davis","Singer, Kinder, Oakdale, Oberlin, Jennings, Merryville, Welsh, DeRidder, Longville",11.922,11.326,12.519,366547,4.778,4.539,5.016,94251,13.646,12.963,14.328,93012,18.54,22.76,17.21,61.94
