"Zone","URL","Sex","Cancer","Years","Counties","Places","AAIR","LCI","UCI","White_PopTot","White_AAIR","White_LCI","White_UCI","Black_PopTot","Black_AAIR","Black_LCI","Black_UCI","TotalPop","Pct100Pov","PctMinority","PctBlackNH","PctRural"
"B0038","https://nci-naaccr-zone-design.github.io/louisiana-2020/?address=B0038","Both","AllSite","05yrs","Vermilion","Abbeville",460.27,437.257,483.284,234789,519.441,493.469,545.413,44080,539.06,512.107,566.013,57999,17.35,20.16,14.22,54.62
"B0038","https://nci-naaccr-zone-design.github.io/louisiana-2020/?address=B0038","Female","AllSite","05yrs","Vermilion","Abbeville",369.752,351.265,388.24,120928,423.236,402.074,444.398,22966,456.8,433.96,479.64,57999,17.35,20.16,14.22,54.62
"B0038","https://nci-naaccr-zone-design.github.io/louisiana-2020/?address=B0038","Male","AllSite","05yrs","Vermilion","Abbeville",636.814,604.973,668.655,113861,658.269,625.356,691.182,21114,611.388,580.818,641.957,57999,17.35,20.16,14.22,54.62
"B0038","https://nci-naaccr-zone-design.github.io/louisiana-2020/?address=B0038","Male","Prostate","05yrs","Vermilion","Abbeville",186.976,177.627,196.324,113861,191.632,182.051,201.214,21114,182.002,172.902,191.103,57999,17.35,20.16,14.22,54.62
"B0038","https://nci-naaccr-zone-design.github.io/louisiana-2020/?address=B0038","Both","Lung","05yrs","Vermilion","Abbeville",72.775,69.136,76.414,234789,77.025,73.174,80.876,44080,66.845,63.502,70.187,57999,17.35,20.16,14.22,54.62
"B0038","https://nci-naaccr-zone-design.github.io/louisiana-2020/?address=B0038","Female","Lung","05yrs","Vermilion","Abbeville",63.193,60.033,66.353,120928,59.649,56.667,62.632,22966,72.96,69.312,76.608,57999,17.35,20.16,14.22,54.62
"B0038","https://nci-naaccr-zone-design.github.io/louisiana-2020/?address=B0038","Male","Lung","05yrs","Vermilion","Abbeville",79.604,75.623,83.584,113861,100.83,95.789,105.872,21114,65.973,62.674,69.272,57999,17.35,20.16,14.22,54.62
"B0038","https://nci-naaccr-zone-design.github.io/louisiana-2020/?address=B0038","Female","Breast","05yrs","Vermilion","Abbeville",131.926,125.33,138.523,120928,119.968,113.97,125.967,22966,123.196,117.036,129.355,57999,17.35,20.16,14.22,54.62
"B0038","https://nci-naaccr-zone-design.github.io/louisiana-2020/?address=B0038","Both","CRC","05yrs","Vermilion","Abbeville",52.698,50.063,55.333,234789,44.095,41.89,46.3,44080,50.623,48.091,53.154,57999,17.35,20.16,14.22,54.62
"B0038","https://nci-naaccr-zone-design.github.io/louisiana-2020/?address=B0038","Female","CRC","05yrs","Vermilion","Abbeville",44.233,42.021,46.444,120928,52.123,49.517,54.729,22966,41.579,39.5,43.658,57999,17.35,20.16,14.22,54.62
"B0038","https://nci-naaccr-zone-design.github.io/louisiana-2020/?address=B0038","Male","CRC","05yrs","Vermilion","Abbeville",46.845,44.502,49.187,113861,46.38,44.061,48.699,21114,70.55,67.023,74.078,57999,17.35,20.16,14.22,54.62
"B0038","https://nci-naaccr-zone-design.github.io/louisiana-2020/?address=B0038","Both","Kidney","05yrs","Vermilion","Abbeville",23.4,22.23,24.57,234789,20.695,19.661,21.73,44080,24.575,23.346,25.804,57999,17.35,20.16,14.22,54.62
"B0038","https://nci-naaccr-zone-design.github.io/louisiana-2020/?address=B0038","Female","Kidney","05yrs","Vermilion","Abbeville",17.7,16.815,18.585,120928,18.475,17.552,19.399,22966,21.386,20.317,22.456,57999,17.35,20.16,14.22,54.62
"B0038","https://nci-naaccr-zone-design.github.io/louisiana-2020/?address=B0038","Male","Kidney","05yrs","Vermilion","Abbeville",23.158,22.0,24.315,113861,31.428,29.856,32.999,21114,22.86,21.717,24.003,57999,17.35,20.16,14.22,54.62
"B0038","https://nci-naaccr-zone-design.github.io/louisiana-2020/?address=B0038","Both","NHL","05yrs","Vermilion","Abbeville",21.117,20.061,22.173,234789,21.84,20.748,22.932,44080,21.32,20.254,22.386,57999,17.35,20.16,14.22,54.62
"B0038","https://nci-naaccr-zone-design.github.io/louisiana-2020/?address=B0038","Female","NHL","05yrs","Vermilion","Abbeville",10.831,10.289,11.372,120928,10.903,10.358,11.448,22966,"","","",57999,17.35,20.16,14.22,54.62
"B0038","https://nci-naaccr-zone-design.github.io/louisiana-2020/?address=B0038","Male","NHL","05yrs","Vermilion","Abbeville",18.875,17.931,19.818,113861,18.479,17.555,19.403,21114,16.763,15.924,17.601,57999,17.35,20.16,14.22,54.62
"B0038","https://nci-naaccr-zone-design.github.io/louisiana-2020/?address=B0038","Both","Urinary","05yrs","Vermilion","Abbeville",23.416,22.245,24.587,234789,18.39,17.47,19.309,44080,19.571,18.592,20.549,57999,17.35,20.16,14.22,54.62
"B0038","https://nci-naaccr-zone-design.github.io/louisiana-2020/?address=B0038","Female","Urinary","05yrs","Vermilion","Abbeville",14.001,13.301,14.702,120928,10.544,10.017,11.071,22966,"","","",57999,17.35,20.16,14.22,54.62
"B0038","https://nci-naaccr-zone-design.github.io/louisiana-2020/?address=B0038","Male","Urinary","05yrs","Vermilion","Abbeville",34.414,32.693,36.135,113861,45.829,43.538,48.121,21114,24.39,23.17,25.609,57999,17.35,20.16,14.22,54.62
"B0038","https://nci-naaccr-zone-design.github.io/louisiana-2020/?address=B0038","Both","Mela","05yrs","Vermilion","Abbeville",6.362,6.044,6.68,234789,10.158,9.65,10.666,44080,29.297,27.832,30.762,57999,17.35,20.16,14.22,54.62
"B0038","https://nci-naaccr-zone-design.github.io/louisiana-2020/?address=B0038","Female","Mela","05yrs","Vermilion","Abbeville",10.234,9.723,10.746,120928,17.732,16.845,18.618,22966,"","","",57999,17.35,20.16,14.22,54.62
"B0038","https://nci-naaccr-zone-design.github.io/louisiana-2020/?address=B0038","Male","Mela","05yrs","Vermilion","Abbeville",23.862,22.669,25.055,113861,9.301,8.836,9.766,21114,20.989,19.94,22.038,57999,17.35,20.16,14.22,54.62
"B0038","https://nci-naaccr-zone-design.github.io/louisiana-2020/?address=B0038","Both","Pancreas","05yrs","Vermilion","Abbeville",17.072,16.218,17.925,234789,12.497,11.872,13.122,44080,17.393,16.524,18.263,57999,17.35,20.16,14.22,54.62
"B0038","https://nci-naaccr-zone-design.github.io/louisiana-2020/?address=B0038","Female","Pancreas","05yrs","Vermilion","Abbeville",15.73,14.943,16.516,120928,11.834,11.242,12.425,22966,"","","",57999,17.35,20.16,14.22,54.62
"B0038","https://nci-naaccr-zone-design.github.io/louisiana-2020/?address=B0038","Male","Pancreas","05yrs","Vermilion","Abbeville",17.803,16.913,18.693,113861,17.263,16.4,18.126,21114,16.62,15.789,17.451,57999,17.35,20.16,14.22,54.62
"B0038","https://nci-naaccr-zone-design.github.io/louisiana-2020/?address=B0038","Both","Leuks","05yrs","Vermilion","Abbeville",11.368,10.799,11.936,234789,16.98,16.131,17.829,44080,9.802,9.312,10.293,57999,17.35,20.16,14.22,54.62
"B0038","https://nci-naaccr-zone-design.github.io/louisiana-2020/?address=B0038","Female","Leuks","05yrs","Vermilion","Abbeville",15.595,14.815,16.375,120928,10.065,9.562,10.569,22966,13.563,12.885,14.241,57999,17.35,20.16,14.22,54.62
"B0038","https://nci-naaccr-zone-design.github.io/louisiana-2020/?address=B0038","Male","Leuks","05yrs","Vermilion","Abbeville",13.063,12.41,13.716,113861,19.758,18.77,20.745,21114,23.948,22.751,25.146,57999,17.35,20.16,14.22,54.62
"B0038","https://nci-naaccr-zone-design.github.io/louisiana-2020/?address=B0038","Both","Oral","05yrs","Vermilion","Abbeville",10.562,10.033,11.09,234789,8.37,7.952,8.789,44080,15.563,14.785,16.341,57999,17.35,20.16,14.22,54.62
"B0038","https://nci-naaccr-zone-design.github.io/louisiana-2020/?address=B0038","Female","Oral","05yrs","Vermilion","Abbeville",8.289,7.874,8.703,120928,3.336,3.17,3.503,22966,"","","",57999,17.35,20.16,14.22,54.62
"B0038","https://nci-naaccr-zone-design.github.io/louisiana-2020/?address=B0038","Male","Oral","05yrs","Vermilion","Abbeville",25.611,24.331,26.892,113861,17.123,16.267,17.979,21114,28.07,26.666,29.473,57999,17.35,20.16,14.22,54.62
"B0038","https://nci-naaccr-zone-design.github.io/louisiana-2020/?address=B0038","Both","Thyroid","05yrs","Vermilion","Abbeville",13.504,12.829,14.18,234789,17.693,16.809,18.578,44080,7.645,7.263,8.027,57999,17.35,20.16,14.22,54.62
"B0038","https://nci-naaccr-zone-design.github.io/louisiana-2020/?address=B0038","Female","Thyroid","05yrs","Vermilion","Abbeville",19.104,18.148,20.059,120928,24.181,22.972,25.39,22966,22.62,21.489,23.751,57999,17.35,20.16,14.22,54.62
"B0038","https://nci-naaccr-zone-design.github.io/louisiana-2020/?address=B0038","Male","Thyroid","05yrs","Vermilion","Abbeville",9.297,8.832,9.762,113861,5.706,5.421,5.992,21114,"","","",57999,17.35,20.16,14.22,54.62
"B0038","https://nci-naaccr-zone-design.github.io/louisiana-2020/?address=B0038","Female","Uterine","05yrs","Vermilion","Abbeville",16.264,15.451,17.077,120928,16.206,15.396,17.016,22966,23.505,22.329,24.68,57999,17.35,20.16,14.22,54.62
"B0038","https://nci-naaccr-zone-design.github.io/louisiana-2020/?address=B0038","Both","Liver","05yrs","Vermilion","Abbeville",15.468,14.695,16.242,234789,12.93,12.284,13.577,44080,13.177,12.518,13.836,57999,17.35,20.16,14.22,54.62
"B0038","https://nci-naaccr-zone-design.github.io/louisiana-2020/?address=B0038","Female","Liver","05yrs","Vermilion","Abbeville",6.667,6.334,7.001,120928,7.196,6.836,7.556,22966,"","","",57999,17.35,20.16,14.22,54.62
"B0038","https://nci-naaccr-zone-design.github.io/louisiana-2020/?address=B0038","Male","Liver","05yrs","Vermilion","Abbeville",10.518,9.993,11.044,113861,14.187,13.478,14.896,21114,18.671,17.738,19.605,57999,17.35,20.16,14.22,54.62
"B0038","https://nci-naaccr-zone-design.github.io/louisiana-2020/?address=B0038","Both","Stomach","05yrs","Vermilion","Abbeville",11.485,10.911,12.059,234789,7.99,7.59,8.389,44080,7.033,6.681,7.385,57999,17.35,20.16,14.22,54.62
"B0038","https://nci-naaccr-zone-design.github.io/louisiana-2020/?address=B0038","Female","Stomach","05yrs","Vermilion","Abbeville",7.027,6.675,7.378,120928,3.921,3.725,4.117,22966,"","","",57999,17.35,20.16,14.22,54.62
"B0038","https://nci-naaccr-zone-design.github.io/louisiana-2020/?address=B0038","Male","Stomach","05yrs","Vermilion","Abbeville",9.202,8.742,9.662,113861,7.411,7.041,7.782,21114,"","","",57999,17.35,20.16,14.22,54.62
"B0038","https://nci-naaccr-zone-design.github.io/louisiana-2020/?address=B0038","Both","Myeloma","05yrs","Vermilion","Abbeville",7.423,7.052,7.794,234789,6.056,5.754,6.359,44080,12.113,11.508,12.719,57999,17.35,20.16,14.22,54.62
"B0038","https://nci-naaccr-zone-design.github.io/louisiana-2020/?address=B0038","Female","Myeloma","05yrs","Vermilion","Abbeville",12.951,12.304,13.599,120928,6.79,6.45,7.129,22966,"","","",57999,17.35,20.16,14.22,54.62
"B0038","https://nci-naaccr-zone-design.github.io/louisiana-2020/?address=B0038","Male","Myeloma","05yrs","Vermilion","Abbeville",7.944,7.547,8.341,113861,8.716,8.28,9.151,21114,"","","",57999,17.35,20.16,14.22,54.62
"B0038","https://nci-naaccr-zone-design.github.io/louisiana-2020/?address=B0038","Both","Brain","05yrs","Vermilion","Abbeville",3.382,3.213,3.551,234789,4.475,4.252,4.699,44080,"","","",57999,17.35,20.16,14.22,54.62
"B0038","https://nci-naaccr-zone-design.github.io/louisiana-2020/?address=B0038","Female","Brain","05yrs","Vermilion","Abbeville",6.278,5.964,6.592,120928,4.059,3.856,4.261,22966,"","","",57999,17.35,20.16,14.22,54.62
"B0038","https://nci-naaccr-zone-design.github.io/louisiana-2020/?address=B0038","Male","Brain","05yrs","Vermilion","Abbeville",7.176,6.817,7.534,113861,10.721,10.185,11.257,21114,"","","",57999,17.35,20.16,14.22,54.62
"B0038","https://nci-naaccr-zone-design.github.io/louisiana-2020/?address=B0038","Both","Larynx","05yrs","Vermilion","Abbeville",3.196,3.036,3.356,234789,8.609,8.179,9.04,44080,"","","",57999,17.35,20.16,14.22,54.62
"B0038","https://nci-naaccr-zone-design.github.io/louisiana-2020/?address=B0038","Female","Larynx","05yrs","Vermilion","Abbeville",3.689,3.505,3.874,120928,"","","",22966,"","","",57999,17.35,20.16,14.22,54.62
"B0038","https://nci-naaccr-zone-design.github.io/louisiana-2020/?address=B0038","Male","Larynx","05yrs","Vermilion","Abbeville",11.191,10.632,11.751,113861,9.065,8.612,9.518,21114,"","","",57999,17.35,20.16,14.22,54.62
"B0038","https://nci-naaccr-zone-design.github.io/louisiana-2020/?address=B0038","Female","Ovary","05yrs","Vermilion","Abbeville",7.73,7.343,8.116,120928,10.978,10.429,11.527,22966,"","","",57999,17.35,20.16,14.22,54.62
"B0038","https://nci-naaccr-zone-design.github.io/louisiana-2020/?address=B0038","Both","Esoph","05yrs","Vermilion","Abbeville",4.051,3.849,4.254,234789,5.734,5.447,6.021,44080,"","","",57999,17.35,20.16,14.22,54.62
"B0038","https://nci-naaccr-zone-design.github.io/louisiana-2020/?address=B0038","Female","Esoph","05yrs","Vermilion","Abbeville","","","",120928,"","","",22966,"","","",57999,17.35,20.16,14.22,54.62
"B0038","https://nci-naaccr-zone-design.github.io/louisiana-2020/?address=B0038","Male","Esoph","05yrs","Vermilion","Abbeville",8.613,8.182,9.043,113861,12.045,11.443,12.647,21114,"","","",57999,17.35,20.16,14.22,54.62
"B0038","https://nci-naaccr-zone-design.github.io/louisiana-2020/?address=B0038","Both","AllSite","10yrs","Vermilion","Abbeville",498.49,473.565,523.414,466390,461.777,438.688,484.866,85580,498.587,473.658,523.516,57999,17.35,20.16,14.22,54.62
"B0038","https://nci-naaccr-zone-design.github.io/louisiana-2020/?address=B0038","Female","AllSite","10yrs","Vermilion","Abbeville",364.571,346.342,382.799,239856,356.473,338.65,374.297,44646,381.021,361.97,400.072,57999,17.35,20.16,14.22,54.62
"B0038","https://nci-naaccr-zone-design.github.io/louisiana-2020/?address=B0038","Male","AllSite","10yrs","Vermilion","Abbeville",649.139,616.682,681.596,226534,552.251,524.638,579.863,40934,598.406,568.485,628.326,57999,17.35,20.16,14.22,54.62
"B0038","https://nci-naaccr-zone-design.github.io/louisiana-2020/?address=B0038","Male","Prostate","10yrs","Vermilion","Abbeville",150.884,143.339,158.428,226534,207.947,197.55,218.345,40934,187.784,178.395,197.173,57999,17.35,20.16,14.22,54.62
"B0038","https://nci-naaccr-zone-design.github.io/louisiana-2020/?address=B0038","Both","Lung","10yrs","Vermilion","Abbeville",54.937,52.19,57.683,466390,70.239,66.727,73.751,85580,54.512,51.786,57.237,57999,17.35,20.16,14.22,54.62
"B0038","https://nci-naaccr-zone-design.github.io/louisiana-2020/?address=B0038","Female","Lung","10yrs","Vermilion","Abbeville",63.31,60.145,66.476,239856,62.628,59.497,65.759,44646,57.857,54.964,60.75,57999,17.35,20.16,14.22,54.62
"B0038","https://nci-naaccr-zone-design.github.io/louisiana-2020/?address=B0038","Male","Lung","10yrs","Vermilion","Abbeville",92.491,87.867,97.116,226534,95.983,91.183,100.782,40934,73.272,69.608,76.935,57999,17.35,20.16,14.22,54.62
"B0038","https://nci-naaccr-zone-design.github.io/louisiana-2020/?address=B0038","Female","Breast","10yrs","Vermilion","Abbeville",127.74,121.353,134.127,239856,111.491,105.917,117.066,44646,132.83,126.188,139.471,57999,17.35,20.16,14.22,54.62
"B0038","https://nci-naaccr-zone-design.github.io/louisiana-2020/?address=B0038","Both","CRC","10yrs","Vermilion","Abbeville",59.354,56.387,62.322,466390,60.244,57.231,63.256,85580,37.635,35.754,39.517,57999,17.35,20.16,14.22,54.62
"B0038","https://nci-naaccr-zone-design.github.io/louisiana-2020/?address=B0038","Female","CRC","10yrs","Vermilion","Abbeville",50.683,48.149,53.217,239856,52.603,49.972,55.233,44646,37.348,35.48,39.215,57999,17.35,20.16,14.22,54.62
"B0038","https://nci-naaccr-zone-design.github.io/louisiana-2020/?address=B0038","Male","CRC","10yrs","Vermilion","Abbeville",63.48,60.306,66.654,226534,72.473,68.849,76.096,40934,39.089,37.135,41.044,57999,17.35,20.16,14.22,54.62
"B0038","https://nci-naaccr-zone-design.github.io/louisiana-2020/?address=B0038","Both","Kidney","10yrs","Vermilion","Abbeville",17.273,16.41,18.137,466390,22.696,21.561,23.83,85580,20.072,19.069,21.076,57999,17.35,20.16,14.22,54.62
"B0038","https://nci-naaccr-zone-design.github.io/louisiana-2020/?address=B0038","Female","Kidney","10yrs","Vermilion","Abbeville",9.483,9.009,9.957,239856,17.972,17.073,18.871,44646,16.887,16.043,17.732,57999,17.35,20.16,14.22,54.62
"B0038","https://nci-naaccr-zone-design.github.io/louisiana-2020/?address=B0038","Male","Kidney","10yrs","Vermilion","Abbeville",33.521,31.845,35.197,226534,26.309,24.994,27.625,40934,24.838,23.596,26.08,57999,17.35,20.16,14.22,54.62
"B0038","https://nci-naaccr-zone-design.github.io/louisiana-2020/?address=B0038","Both","NHL","10yrs","Vermilion","Abbeville",15.679,14.895,16.463,466390,16.937,16.091,17.784,85580,22.165,21.056,23.273,57999,17.35,20.16,14.22,54.62
"B0038","https://nci-naaccr-zone-design.github.io/louisiana-2020/?address=B0038","Female","NHL","10yrs","Vermilion","Abbeville",10.101,9.596,10.606,239856,11.525,10.949,12.101,44646,17.433,16.562,18.305,57999,17.35,20.16,14.22,54.62
"B0038","https://nci-naaccr-zone-design.github.io/louisiana-2020/?address=B0038","Male","NHL","10yrs","Vermilion","Abbeville",31.34,29.773,32.907,226534,24.188,22.978,25.397,40934,31.6,30.02,33.18,57999,17.35,20.16,14.22,54.62
"B0038","https://nci-naaccr-zone-design.github.io/louisiana-2020/?address=B0038","Both","Urinary","10yrs","Vermilion","Abbeville",12.983,12.334,13.632,466390,25.703,24.418,26.988,85580,26.582,25.253,27.911,57999,17.35,20.16,14.22,54.62
"B0038","https://nci-naaccr-zone-design.github.io/louisiana-2020/?address=B0038","Female","Urinary","10yrs","Vermilion","Abbeville",6.233,5.921,6.544,239856,9.802,9.312,10.292,44646,5.705,5.419,5.99,57999,17.35,20.16,14.22,54.62
"B0038","https://nci-naaccr-zone-design.github.io/louisiana-2020/?address=B0038","Male","Urinary","10yrs","Vermilion","Abbeville",20.153,19.145,21.161,226534,42.318,40.203,44.434,40934,26.523,25.197,27.849,57999,17.35,20.16,14.22,54.62
"B0038","https://nci-naaccr-zone-design.github.io/louisiana-2020/?address=B0038","Both","Mela","10yrs","Vermilion","Abbeville",9.174,8.715,9.632,466390,9.415,8.944,9.886,85580,6.852,6.51,7.195,57999,17.35,20.16,14.22,54.62
"B0038","https://nci-naaccr-zone-design.github.io/louisiana-2020/?address=B0038","Female","Mela","10yrs","Vermilion","Abbeville",3.085,2.931,3.239,239856,20.249,19.237,21.262,44646,12.143,11.536,12.751,57999,17.35,20.16,14.22,54.62
"B0038","https://nci-naaccr-zone-design.github.io/louisiana-2020/?address=B0038","Male","Mela","10yrs","Vermilion","Abbeville",33.795,32.105,35.485,226534,21.945,20.847,23.042,40934,29.761,28.273,31.249,57999,17.35,20.16,14.22,54.62
"B0038","https://nci-naaccr-zone-design.github.io/louisiana-2020/?address=B0038","Both","Pancreas","10yrs","Vermilion","Abbeville",12.091,11.486,12.695,466390,17.619,16.738,18.5,85580,14.12,13.414,14.826,57999,17.35,20.16,14.22,54.62
"B0038","https://nci-naaccr-zone-design.github.io/louisiana-2020/?address=B0038","Female","Pancreas","10yrs","Vermilion","Abbeville",12.676,12.043,13.31,239856,16.553,15.726,17.381,44646,14.226,13.515,14.937,57999,17.35,20.16,14.22,54.62
"B0038","https://nci-naaccr-zone-design.github.io/louisiana-2020/?address=B0038","Male","Pancreas","10yrs","Vermilion","Abbeville",17.434,16.562,18.306,226534,18.476,17.552,19.4,40934,16.323,15.507,17.139,57999,17.35,20.16,14.22,54.62
"B0038","https://nci-naaccr-zone-design.github.io/louisiana-2020/?address=B0038","Both","Leuks","10yrs","Vermilion","Abbeville",13.614,12.933,14.295,466390,12.863,12.22,13.506,85580,16.616,15.785,17.447,57999,17.35,20.16,14.22,54.62
"B0038","https://nci-naaccr-zone-design.github.io/louisiana-2020/?address=B0038","Female","Leuks","10yrs","Vermilion","Abbeville",9.507,9.032,9.983,239856,13.038,12.386,13.69,44646,11.522,10.946,12.098,57999,17.35,20.16,14.22,54.62
"B0038","https://nci-naaccr-zone-design.github.io/louisiana-2020/?address=B0038","Male","Leuks","10yrs","Vermilion","Abbeville",8.889,8.445,9.333,226534,23.013,21.862,24.164,40934,10.024,9.523,10.525,57999,17.35,20.16,14.22,54.62
"B0038","https://nci-naaccr-zone-design.github.io/louisiana-2020/?address=B0038","Both","Oral","10yrs","Vermilion","Abbeville",12.491,11.866,13.115,466390,11.785,11.195,12.374,85580,11.105,10.549,11.66,57999,17.35,20.16,14.22,54.62
"B0038","https://nci-naaccr-zone-design.github.io/louisiana-2020/?address=B0038","Female","Oral","10yrs","Vermilion","Abbeville",7.54,7.163,7.917,239856,2.474,2.35,2.598,44646,7.716,7.33,8.102,57999,17.35,20.16,14.22,54.62
"B0038","https://nci-naaccr-zone-design.github.io/louisiana-2020/?address=B0038","Male","Oral","10yrs","Vermilion","Abbeville",20.189,19.18,21.199,226534,16.267,15.453,17.08,40934,24.566,23.338,25.794,57999,17.35,20.16,14.22,54.62
"B0038","https://nci-naaccr-zone-design.github.io/louisiana-2020/?address=B0038","Both","Thyroid","10yrs","Vermilion","Abbeville",16.496,15.671,17.321,466390,11.953,11.355,12.551,85580,13.278,12.614,13.942,57999,17.35,20.16,14.22,54.62
"B0038","https://nci-naaccr-zone-design.github.io/louisiana-2020/?address=B0038","Female","Thyroid","10yrs","Vermilion","Abbeville",20.89,19.846,21.935,239856,13.842,13.15,14.534,44646,24.306,23.09,25.521,57999,17.35,20.16,14.22,54.62
"B0038","https://nci-naaccr-zone-design.github.io/louisiana-2020/?address=B0038","Male","Thyroid","10yrs","Vermilion","Abbeville",7.878,7.485,8.272,226534,6.693,6.359,7.028,40934,9.275,8.811,9.739,57999,17.35,20.16,14.22,54.62
"B0038","https://nci-naaccr-zone-design.github.io/louisiana-2020/?address=B0038","Female","Uterine","10yrs","Vermilion","Abbeville",23.897,22.702,25.092,239856,14.661,13.928,15.394,44646,16.325,15.509,17.142,57999,17.35,20.16,14.22,54.62
"B0038","https://nci-naaccr-zone-design.github.io/louisiana-2020/?address=B0038","Both","Liver","10yrs","Vermilion","Abbeville",6.541,6.214,6.868,466390,5.868,5.575,6.162,85580,9.807,9.317,10.298,57999,17.35,20.16,14.22,54.62
"B0038","https://nci-naaccr-zone-design.github.io/louisiana-2020/?address=B0038","Female","Liver","10yrs","Vermilion","Abbeville",2.204,2.094,2.314,239856,6.234,5.922,6.546,44646,"","","",57999,17.35,20.16,14.22,54.62
"B0038","https://nci-naaccr-zone-design.github.io/louisiana-2020/?address=B0038","Male","Liver","10yrs","Vermilion","Abbeville",22.251,21.138,23.363,226534,15.121,14.364,15.877,40934,21.078,20.024,22.132,57999,17.35,20.16,14.22,54.62
"B0038","https://nci-naaccr-zone-design.github.io/louisiana-2020/?address=B0038","Both","Stomach","10yrs","Vermilion","Abbeville",10.063,9.56,10.566,466390,7.755,7.367,8.142,85580,9.791,9.301,10.28,57999,17.35,20.16,14.22,54.62
"B0038","https://nci-naaccr-zone-design.github.io/louisiana-2020/?address=B0038","Female","Stomach","10yrs","Vermilion","Abbeville",6.251,5.938,6.564,239856,4.623,4.391,4.854,44646,6.003,5.703,6.303,57999,17.35,20.16,14.22,54.62
"B0038","https://nci-naaccr-zone-design.github.io/louisiana-2020/?address=B0038","Male","Stomach","10yrs","Vermilion","Abbeville",14.58,13.851,15.309,226534,10.856,10.314,11.399,40934,4.838,4.596,5.08,57999,17.35,20.16,14.22,54.62
"B0038","https://nci-naaccr-zone-design.github.io/louisiana-2020/?address=B0038","Both","Myeloma","10yrs","Vermilion","Abbeville",6.722,6.385,7.058,466390,4.926,4.68,5.172,85580,6.977,6.628,7.326,57999,17.35,20.16,14.22,54.62
"B0038","https://nci-naaccr-zone-design.github.io/louisiana-2020/?address=B0038","Female","Myeloma","10yrs","Vermilion","Abbeville",3.873,3.68,4.067,239856,10.667,10.134,11.201,44646,12.533,11.907,13.16,57999,17.35,20.16,14.22,54.62
"B0038","https://nci-naaccr-zone-design.github.io/louisiana-2020/?address=B0038","Male","Myeloma","10yrs","Vermilion","Abbeville",14.333,13.616,15.049,226534,9.874,9.38,10.368,40934,4.786,4.547,5.025,57999,17.35,20.16,14.22,54.62
"B0038","https://nci-naaccr-zone-design.github.io/louisiana-2020/?address=B0038","Both","Brain","10yrs","Vermilion","Abbeville",8.417,7.997,8.838,466390,8.112,7.706,8.517,85580,5.285,5.021,5.55,57999,17.35,20.16,14.22,54.62
"B0038","https://nci-naaccr-zone-design.github.io/louisiana-2020/?address=B0038","Female","Brain","10yrs","Vermilion","Abbeville",8.055,7.653,8.458,239856,6.186,5.877,6.495,44646,"","","",57999,17.35,20.16,14.22,54.62
"B0038","https://nci-naaccr-zone-design.github.io/louisiana-2020/?address=B0038","Male","Brain","10yrs","Vermilion","Abbeville",9.763,9.275,10.252,226534,9.813,9.323,10.304,40934,"","","",57999,17.35,20.16,14.22,54.62
"B0038","https://nci-naaccr-zone-design.github.io/louisiana-2020/?address=B0038","Both","Larynx","10yrs","Vermilion","Abbeville",7.035,6.683,7.387,466390,2.86,2.717,3.003,85580,6.822,6.481,7.163,57999,17.35,20.16,14.22,54.62
"B0038","https://nci-naaccr-zone-design.github.io/louisiana-2020/?address=B0038","Female","Larynx","10yrs","Vermilion","Abbeville",3.06,2.907,3.213,239856,2.843,2.701,2.985,44646,"","","",57999,17.35,20.16,14.22,54.62
"B0038","https://nci-naaccr-zone-design.github.io/louisiana-2020/?address=B0038","Male","Larynx","10yrs","Vermilion","Abbeville",4.711,4.476,4.947,226534,9.605,9.124,10.085,40934,5.052,4.8,5.305,57999,17.35,20.16,14.22,54.62
"B0038","https://nci-naaccr-zone-design.github.io/louisiana-2020/?address=B0038","Female","Ovary","10yrs","Vermilion","Abbeville",13.762,13.074,14.45,239856,8.017,7.616,8.417,44646,12.67,12.036,13.303,57999,17.35,20.16,14.22,54.62
"B0038","https://nci-naaccr-zone-design.github.io/louisiana-2020/?address=B0038","Both","Esoph","10yrs","Vermilion","Abbeville",7.513,7.137,7.888,466390,7.263,6.9,7.626,85580,3.692,3.508,3.877,57999,17.35,20.16,14.22,54.62
"B0038","https://nci-naaccr-zone-design.github.io/louisiana-2020/?address=B0038","Female","Esoph","10yrs","Vermilion","Abbeville",3.475,3.302,3.649,239856,1.557,1.479,1.635,44646,3.964,3.765,4.162,57999,17.35,20.16,14.22,54.62
"B0038","https://nci-naaccr-zone-design.github.io/louisiana-2020/?address=B0038","Male","Esoph","10yrs","Vermilion","Abbeville",14.633,13.901,15.365,226534,6.04,5.738,6.342,40934,8.402,7.982,8.822,57999,17.35,20.16,14.22,54.62
