"Zone","URL","Sex","Cancer","Years","Counties","Places","AAIR","LCI","UCI","White_PopTot","White_AAIR","White_LCI","White_UCI","Black_PopTot","Black_AAIR","Black_LCI","Black_UCI","TotalPop","Pct100Pov","PctMinority","PctBlackNH","PctRural"
"B0072","https://nci-naaccr-zone-design.github.io/louisiana-2020/?address=B0072","Both","AllSite","05yrs","St. Charles","Destrehan, Ama, Bayou Gauche, Luling, Paradis, St. Rose, Norco, Taft, Des Allemands, Hahnville, Boutte",465.812,442.522,489.103,174737,526.297,499.982,552.612,69660,458.548,435.621,481.476,52780,12.55,33.83,26.38,11.49
"B0072","https://nci-naaccr-zone-design.github.io/louisiana-2020/?address=B0072","Female","AllSite","05yrs","St. Charles","Destrehan, Ama, Bayou Gauche, Luling, Paradis, St. Rose, Norco, Taft, Des Allemands, Hahnville, Boutte",454.826,432.085,477.567,87954,400.406,380.385,420.426,36117,440.849,418.807,462.892,52780,12.55,33.83,26.38,11.49
"B0072","https://nci-naaccr-zone-design.github.io/louisiana-2020/?address=B0072","Male","AllSite","05yrs","St. Charles","Destrehan, Ama, Bayou Gauche, Luling, Paradis, St. Rose, Norco, Taft, Des Allemands, Hahnville, Boutte",542.115,515.009,569.22,86783,654.965,622.217,687.714,33543,672.925,639.279,706.572,52780,12.55,33.83,26.38,11.49
"B0072","https://nci-naaccr-zone-design.github.io/louisiana-2020/?address=B0072","Male","Prostate","05yrs","St. Charles","Destrehan, Ama, Bayou Gauche, Luling, Paradis, St. Rose, Norco, Taft, Des Allemands, Hahnville, Boutte",156.952,149.104,164.8,86783,126.476,120.152,132.8,33543,137.085,130.231,143.94,52780,12.55,33.83,26.38,11.49
"B0072","https://nci-naaccr-zone-design.github.io/louisiana-2020/?address=B0072","Both","Lung","05yrs","St. Charles","Destrehan, Ama, Bayou Gauche, Luling, Paradis, St. Rose, Norco, Taft, Des Allemands, Hahnville, Boutte",49.983,47.484,52.482,174737,76.888,73.044,80.732,69660,55.07,52.316,57.823,52780,12.55,33.83,26.38,11.49
"B0072","https://nci-naaccr-zone-design.github.io/louisiana-2020/?address=B0072","Female","Lung","05yrs","St. Charles","Destrehan, Ama, Bayou Gauche, Luling, Paradis, St. Rose, Norco, Taft, Des Allemands, Hahnville, Boutte",44.573,42.344,46.802,87954,55.691,52.907,58.476,36117,46.281,43.967,48.596,52780,12.55,33.83,26.38,11.49
"B0072","https://nci-naaccr-zone-design.github.io/louisiana-2020/?address=B0072","Male","Lung","05yrs","St. Charles","Destrehan, Ama, Bayou Gauche, Luling, Paradis, St. Rose, Norco, Taft, Des Allemands, Hahnville, Boutte",98.205,93.295,103.115,86783,83.847,79.655,88.04,33543,71.94,68.343,75.537,52780,12.55,33.83,26.38,11.49
"B0072","https://nci-naaccr-zone-design.github.io/louisiana-2020/?address=B0072","Female","Breast","05yrs","St. Charles","Destrehan, Ama, Bayou Gauche, Luling, Paradis, St. Rose, Norco, Taft, Des Allemands, Hahnville, Boutte",125.721,119.435,132.007,87954,103.965,98.766,109.163,36117,108.538,103.111,113.965,52780,12.55,33.83,26.38,11.49
"B0072","https://nci-naaccr-zone-design.github.io/louisiana-2020/?address=B0072","Both","CRC","05yrs","St. Charles","Destrehan, Ama, Bayou Gauche, Luling, Paradis, St. Rose, Norco, Taft, Des Allemands, Hahnville, Boutte",48.166,45.758,50.574,174737,41.856,39.763,43.948,69660,44.43,42.209,46.652,52780,12.55,33.83,26.38,11.49
"B0072","https://nci-naaccr-zone-design.github.io/louisiana-2020/?address=B0072","Female","CRC","05yrs","St. Charles","Destrehan, Ama, Bayou Gauche, Luling, Paradis, St. Rose, Norco, Taft, Des Allemands, Hahnville, Boutte",39.734,37.747,41.72,87954,32.148,30.541,33.755,36117,45.389,43.12,47.658,52780,12.55,33.83,26.38,11.49
"B0072","https://nci-naaccr-zone-design.github.io/louisiana-2020/?address=B0072","Male","CRC","05yrs","St. Charles","Destrehan, Ama, Bayou Gauche, Luling, Paradis, St. Rose, Norco, Taft, Des Allemands, Hahnville, Boutte",66.694,63.359,70.029,86783,64.076,60.872,67.28,33543,48.605,46.175,51.035,52780,12.55,33.83,26.38,11.49
"B0072","https://nci-naaccr-zone-design.github.io/louisiana-2020/?address=B0072","Both","Kidney","05yrs","St. Charles","Destrehan, Ama, Bayou Gauche, Luling, Paradis, St. Rose, Norco, Taft, Des Allemands, Hahnville, Boutte",17.76,16.872,18.648,174737,18.027,17.126,18.928,69660,16.964,16.116,17.812,52780,12.55,33.83,26.38,11.49
"B0072","https://nci-naaccr-zone-design.github.io/louisiana-2020/?address=B0072","Female","Kidney","05yrs","St. Charles","Destrehan, Ama, Bayou Gauche, Luling, Paradis, St. Rose, Norco, Taft, Des Allemands, Hahnville, Boutte",14.652,13.92,15.385,87954,17.553,16.675,18.431,36117,10.504,9.979,11.03,52780,12.55,33.83,26.38,11.49
"B0072","https://nci-naaccr-zone-design.github.io/louisiana-2020/?address=B0072","Male","Kidney","05yrs","St. Charles","Destrehan, Ama, Bayou Gauche, Luling, Paradis, St. Rose, Norco, Taft, Des Allemands, Hahnville, Boutte",34.75,33.013,36.488,86783,26.812,25.471,28.152,33543,29.659,28.176,31.142,52780,12.55,33.83,26.38,11.49
"B0072","https://nci-naaccr-zone-design.github.io/louisiana-2020/?address=B0072","Both","NHL","05yrs","St. Charles","Destrehan, Ama, Bayou Gauche, Luling, Paradis, St. Rose, Norco, Taft, Des Allemands, Hahnville, Boutte",17.807,16.917,18.697,174737,24.492,23.267,25.716,69660,16.681,15.847,17.515,52780,12.55,33.83,26.38,11.49
"B0072","https://nci-naaccr-zone-design.github.io/louisiana-2020/?address=B0072","Female","NHL","05yrs","St. Charles","Destrehan, Ama, Bayou Gauche, Luling, Paradis, St. Rose, Norco, Taft, Des Allemands, Hahnville, Boutte",10.133,9.627,10.64,87954,11.374,10.805,11.942,36117,9.49,9.016,9.965,52780,12.55,33.83,26.38,11.49
"B0072","https://nci-naaccr-zone-design.github.io/louisiana-2020/?address=B0072","Male","NHL","05yrs","St. Charles","Destrehan, Ama, Bayou Gauche, Luling, Paradis, St. Rose, Norco, Taft, Des Allemands, Hahnville, Boutte",19.74,18.753,20.727,86783,32.804,31.164,34.444,33543,27.971,26.572,29.369,52780,12.55,33.83,26.38,11.49
"B0072","https://nci-naaccr-zone-design.github.io/louisiana-2020/?address=B0072","Both","Urinary","05yrs","St. Charles","Destrehan, Ama, Bayou Gauche, Luling, Paradis, St. Rose, Norco, Taft, Des Allemands, Hahnville, Boutte",26.468,25.144,27.791,174737,21.599,20.519,22.679,69660,14.753,14.016,15.491,52780,12.55,33.83,26.38,11.49
"B0072","https://nci-naaccr-zone-design.github.io/louisiana-2020/?address=B0072","Female","Urinary","05yrs","St. Charles","Destrehan, Ama, Bayou Gauche, Luling, Paradis, St. Rose, Norco, Taft, Des Allemands, Hahnville, Boutte",3.98,3.781,4.179,87954,9.315,8.85,9.781,36117,11.306,10.74,11.871,52780,12.55,33.83,26.38,11.49
"B0072","https://nci-naaccr-zone-design.github.io/louisiana-2020/?address=B0072","Male","Urinary","05yrs","St. Charles","Destrehan, Ama, Bayou Gauche, Luling, Paradis, St. Rose, Norco, Taft, Des Allemands, Hahnville, Boutte",34.738,33.001,36.475,86783,47.441,45.069,49.813,33543,25.003,23.753,26.253,52780,12.55,33.83,26.38,11.49
"B0072","https://nci-naaccr-zone-design.github.io/louisiana-2020/?address=B0072","Both","Mela","05yrs","St. Charles","Destrehan, Ama, Bayou Gauche, Luling, Paradis, St. Rose, Norco, Taft, Des Allemands, Hahnville, Boutte",15.576,14.797,16.354,174737,22.951,21.804,24.099,69660,27.812,26.422,29.203,52780,12.55,33.83,26.38,11.49
"B0072","https://nci-naaccr-zone-design.github.io/louisiana-2020/?address=B0072","Female","Mela","05yrs","St. Charles","Destrehan, Ama, Bayou Gauche, Luling, Paradis, St. Rose, Norco, Taft, Des Allemands, Hahnville, Boutte",3.06,2.907,3.213,87954,11.005,10.455,11.556,36117,9.295,8.831,9.76,52780,12.55,33.83,26.38,11.49
"B0072","https://nci-naaccr-zone-design.github.io/louisiana-2020/?address=B0072","Male","Mela","05yrs","St. Charles","Destrehan, Ama, Bayou Gauche, Luling, Paradis, St. Rose, Norco, Taft, Des Allemands, Hahnville, Boutte",20.573,19.544,21.602,86783,23.57,22.391,24.748,33543,37.068,35.215,38.922,52780,12.55,33.83,26.38,11.49
"B0072","https://nci-naaccr-zone-design.github.io/louisiana-2020/?address=B0072","Both","Pancreas","05yrs","St. Charles","Destrehan, Ama, Bayou Gauche, Luling, Paradis, St. Rose, Norco, Taft, Des Allemands, Hahnville, Boutte",18.06,17.157,18.963,174737,15.236,14.474,15.998,69660,17.956,17.059,18.854,52780,12.55,33.83,26.38,11.49
"B0072","https://nci-naaccr-zone-design.github.io/louisiana-2020/?address=B0072","Female","Pancreas","05yrs","St. Charles","Destrehan, Ama, Bayou Gauche, Luling, Paradis, St. Rose, Norco, Taft, Des Allemands, Hahnville, Boutte",12.9,12.255,13.545,87954,12.817,12.176,13.458,36117,13.344,12.677,14.011,52780,12.55,33.83,26.38,11.49
"B0072","https://nci-naaccr-zone-design.github.io/louisiana-2020/?address=B0072","Male","Pancreas","05yrs","St. Charles","Destrehan, Ama, Bayou Gauche, Luling, Paradis, St. Rose, Norco, Taft, Des Allemands, Hahnville, Boutte",10.019,9.518,10.52,86783,21.175,20.116,22.233,33543,19.015,18.064,19.965,52780,12.55,33.83,26.38,11.49
"B0072","https://nci-naaccr-zone-design.github.io/louisiana-2020/?address=B0072","Both","Leuks","05yrs","St. Charles","Destrehan, Ama, Bayou Gauche, Luling, Paradis, St. Rose, Norco, Taft, Des Allemands, Hahnville, Boutte",14.656,13.923,15.389,174737,14.908,14.163,15.653,69660,10.339,9.822,10.856,52780,12.55,33.83,26.38,11.49
"B0072","https://nci-naaccr-zone-design.github.io/louisiana-2020/?address=B0072","Female","Leuks","05yrs","St. Charles","Destrehan, Ama, Bayou Gauche, Luling, Paradis, St. Rose, Norco, Taft, Des Allemands, Hahnville, Boutte",6.587,6.258,6.917,87954,8.163,7.755,8.572,36117,10.618,10.087,11.149,52780,12.55,33.83,26.38,11.49
"B0072","https://nci-naaccr-zone-design.github.io/louisiana-2020/?address=B0072","Male","Leuks","05yrs","St. Charles","Destrehan, Ama, Bayou Gauche, Luling, Paradis, St. Rose, Norco, Taft, Des Allemands, Hahnville, Boutte",17.907,17.011,18.802,86783,19.5,18.525,20.475,33543,"","","",52780,12.55,33.83,26.38,11.49
"B0072","https://nci-naaccr-zone-design.github.io/louisiana-2020/?address=B0072","Both","Oral","05yrs","St. Charles","Destrehan, Ama, Bayou Gauche, Luling, Paradis, St. Rose, Norco, Taft, Des Allemands, Hahnville, Boutte",6.591,6.262,6.921,174737,8.816,8.375,9.257,69660,9.895,9.4,10.39,52780,12.55,33.83,26.38,11.49
"B0072","https://nci-naaccr-zone-design.github.io/louisiana-2020/?address=B0072","Female","Oral","05yrs","St. Charles","Destrehan, Ama, Bayou Gauche, Luling, Paradis, St. Rose, Norco, Taft, Des Allemands, Hahnville, Boutte",7.222,6.861,7.584,87954,7.429,7.058,7.801,36117,"","","",52780,12.55,33.83,26.38,11.49
"B0072","https://nci-naaccr-zone-design.github.io/louisiana-2020/?address=B0072","Male","Oral","05yrs","St. Charles","Destrehan, Ama, Bayou Gauche, Luling, Paradis, St. Rose, Norco, Taft, Des Allemands, Hahnville, Boutte",18.098,17.193,19.003,86783,19.242,18.28,20.204,33543,12.784,12.145,13.424,52780,12.55,33.83,26.38,11.49
"B0072","https://nci-naaccr-zone-design.github.io/louisiana-2020/?address=B0072","Both","Thyroid","05yrs","St. Charles","Destrehan, Ama, Bayou Gauche, Luling, Paradis, St. Rose, Norco, Taft, Des Allemands, Hahnville, Boutte",10.197,9.688,10.707,174737,14.981,14.232,15.73,69660,7.647,7.265,8.029,52780,12.55,33.83,26.38,11.49
"B0072","https://nci-naaccr-zone-design.github.io/louisiana-2020/?address=B0072","Female","Thyroid","05yrs","St. Charles","Destrehan, Ama, Bayou Gauche, Luling, Paradis, St. Rose, Norco, Taft, Des Allemands, Hahnville, Boutte",13.358,12.69,14.026,87954,22.669,21.535,23.802,36117,13.095,12.44,13.75,52780,12.55,33.83,26.38,11.49
"B0072","https://nci-naaccr-zone-design.github.io/louisiana-2020/?address=B0072","Male","Thyroid","05yrs","St. Charles","Destrehan, Ama, Bayou Gauche, Luling, Paradis, St. Rose, Norco, Taft, Des Allemands, Hahnville, Boutte",6.464,6.141,6.788,86783,7.678,7.295,8.062,33543,"","","",52780,12.55,33.83,26.38,11.49
"B0072","https://nci-naaccr-zone-design.github.io/louisiana-2020/?address=B0072","Female","Uterine","05yrs","St. Charles","Destrehan, Ama, Bayou Gauche, Luling, Paradis, St. Rose, Norco, Taft, Des Allemands, Hahnville, Boutte",23.523,22.347,24.699,87954,25.928,24.632,27.225,36117,23.274,22.11,24.438,52780,12.55,33.83,26.38,11.49
"B0072","https://nci-naaccr-zone-design.github.io/louisiana-2020/?address=B0072","Both","Liver","05yrs","St. Charles","Destrehan, Ama, Bayou Gauche, Luling, Paradis, St. Rose, Norco, Taft, Des Allemands, Hahnville, Boutte",10.6,10.07,11.13,174737,8.316,7.9,8.732,69660,9.321,8.855,9.787,52780,12.55,33.83,26.38,11.49
"B0072","https://nci-naaccr-zone-design.github.io/louisiana-2020/?address=B0072","Female","Liver","05yrs","St. Charles","Destrehan, Ama, Bayou Gauche, Luling, Paradis, St. Rose, Norco, Taft, Des Allemands, Hahnville, Boutte",2.94,2.793,3.087,87954,4.346,4.128,4.563,36117,"","","",52780,12.55,33.83,26.38,11.49
"B0072","https://nci-naaccr-zone-design.github.io/louisiana-2020/?address=B0072","Male","Liver","05yrs","St. Charles","Destrehan, Ama, Bayou Gauche, Luling, Paradis, St. Rose, Norco, Taft, Des Allemands, Hahnville, Boutte",16.528,15.701,17.354,86783,23.785,22.596,24.974,33543,23.439,22.267,24.611,52780,12.55,33.83,26.38,11.49
"B0072","https://nci-naaccr-zone-design.github.io/louisiana-2020/?address=B0072","Both","Stomach","05yrs","St. Charles","Destrehan, Ama, Bayou Gauche, Luling, Paradis, St. Rose, Norco, Taft, Des Allemands, Hahnville, Boutte",6.381,6.062,6.7,174737,4.525,4.299,4.751,69660,6.533,6.206,6.86,52780,12.55,33.83,26.38,11.49
"B0072","https://nci-naaccr-zone-design.github.io/louisiana-2020/?address=B0072","Female","Stomach","05yrs","St. Charles","Destrehan, Ama, Bayou Gauche, Luling, Paradis, St. Rose, Norco, Taft, Des Allemands, Hahnville, Boutte",6.145,5.838,6.453,87954,8.11,7.705,8.516,36117,"","","",52780,12.55,33.83,26.38,11.49
"B0072","https://nci-naaccr-zone-design.github.io/louisiana-2020/?address=B0072","Male","Stomach","05yrs","St. Charles","Destrehan, Ama, Bayou Gauche, Luling, Paradis, St. Rose, Norco, Taft, Des Allemands, Hahnville, Boutte",15.533,14.756,16.31,86783,7.356,6.988,7.724,33543,"","","",52780,12.55,33.83,26.38,11.49
"B0072","https://nci-naaccr-zone-design.github.io/louisiana-2020/?address=B0072","Both","Myeloma","05yrs","St. Charles","Destrehan, Ama, Bayou Gauche, Luling, Paradis, St. Rose, Norco, Taft, Des Allemands, Hahnville, Boutte",7.297,6.932,7.662,174737,10.085,9.58,10.589,69660,5.235,4.973,5.497,52780,12.55,33.83,26.38,11.49
"B0072","https://nci-naaccr-zone-design.github.io/louisiana-2020/?address=B0072","Female","Myeloma","05yrs","St. Charles","Destrehan, Ama, Bayou Gauche, Luling, Paradis, St. Rose, Norco, Taft, Des Allemands, Hahnville, Boutte",11.31,10.744,11.875,87954,6.509,6.184,6.835,36117,9.116,8.66,9.572,52780,12.55,33.83,26.38,11.49
"B0072","https://nci-naaccr-zone-design.github.io/louisiana-2020/?address=B0072","Male","Myeloma","05yrs","St. Charles","Destrehan, Ama, Bayou Gauche, Luling, Paradis, St. Rose, Norco, Taft, Des Allemands, Hahnville, Boutte",7.615,7.235,7.996,86783,14.851,14.109,15.594,33543,11.011,10.461,11.562,52780,12.55,33.83,26.38,11.49
"B0072","https://nci-naaccr-zone-design.github.io/louisiana-2020/?address=B0072","Both","Brain","05yrs","St. Charles","Destrehan, Ama, Bayou Gauche, Luling, Paradis, St. Rose, Norco, Taft, Des Allemands, Hahnville, Boutte",7.975,7.576,8.374,174737,4.018,3.817,4.219,69660,6.016,5.715,6.317,52780,12.55,33.83,26.38,11.49
"B0072","https://nci-naaccr-zone-design.github.io/louisiana-2020/?address=B0072","Female","Brain","05yrs","St. Charles","Destrehan, Ama, Bayou Gauche, Luling, Paradis, St. Rose, Norco, Taft, Des Allemands, Hahnville, Boutte",3.802,3.612,3.992,87954,"","","",36117,"","","",52780,12.55,33.83,26.38,11.49
"B0072","https://nci-naaccr-zone-design.github.io/louisiana-2020/?address=B0072","Male","Brain","05yrs","St. Charles","Destrehan, Ama, Bayou Gauche, Luling, Paradis, St. Rose, Norco, Taft, Des Allemands, Hahnville, Boutte",10.177,9.668,10.686,86783,4.179,3.97,4.388,33543,9.399,8.929,9.869,52780,12.55,33.83,26.38,11.49
"B0072","https://nci-naaccr-zone-design.github.io/louisiana-2020/?address=B0072","Both","Larynx","05yrs","St. Charles","Destrehan, Ama, Bayou Gauche, Luling, Paradis, St. Rose, Norco, Taft, Des Allemands, Hahnville, Boutte",6.925,6.579,7.272,174737,8.184,7.775,8.593,69660,6.494,6.169,6.819,52780,12.55,33.83,26.38,11.49
"B0072","https://nci-naaccr-zone-design.github.io/louisiana-2020/?address=B0072","Female","Larynx","05yrs","St. Charles","Destrehan, Ama, Bayou Gauche, Luling, Paradis, St. Rose, Norco, Taft, Des Allemands, Hahnville, Boutte",3.408,3.238,3.579,87954,"","","",36117,"","","",52780,12.55,33.83,26.38,11.49
"B0072","https://nci-naaccr-zone-design.github.io/louisiana-2020/?address=B0072","Male","Larynx","05yrs","St. Charles","Destrehan, Ama, Bayou Gauche, Luling, Paradis, St. Rose, Norco, Taft, Des Allemands, Hahnville, Boutte",7.022,6.671,7.373,86783,12.127,11.521,12.733,33543,13.112,12.456,13.768,52780,12.55,33.83,26.38,11.49
"B0072","https://nci-naaccr-zone-design.github.io/louisiana-2020/?address=B0072","Female","Ovary","05yrs","St. Charles","Destrehan, Ama, Bayou Gauche, Luling, Paradis, St. Rose, Norco, Taft, Des Allemands, Hahnville, Boutte",10.599,10.069,11.129,87954,7.727,7.341,8.114,36117,10.536,10.009,11.063,52780,12.55,33.83,26.38,11.49
"B0072","https://nci-naaccr-zone-design.github.io/louisiana-2020/?address=B0072","Both","Esoph","05yrs","St. Charles","Destrehan, Ama, Bayou Gauche, Luling, Paradis, St. Rose, Norco, Taft, Des Allemands, Hahnville, Boutte",5.652,5.369,5.934,174737,7.004,6.654,7.355,69660,"","","",52780,12.55,33.83,26.38,11.49
"B0072","https://nci-naaccr-zone-design.github.io/louisiana-2020/?address=B0072","Female","Esoph","05yrs","St. Charles","Destrehan, Ama, Bayou Gauche, Luling, Paradis, St. Rose, Norco, Taft, Des Allemands, Hahnville, Boutte","","","",87954,"","","",36117,"","","",52780,12.55,33.83,26.38,11.49
"B0072","https://nci-naaccr-zone-design.github.io/louisiana-2020/?address=B0072","Male","Esoph","05yrs","St. Charles","Destrehan, Ama, Bayou Gauche, Luling, Paradis, St. Rose, Norco, Taft, Des Allemands, Hahnville, Boutte",13.636,12.954,14.318,86783,7.093,6.739,7.448,33543,"","","",52780,12.55,33.83,26.38,11.49
"B0072","https://nci-naaccr-zone-design.github.io/louisiana-2020/?address=B0072","Both","AllSite","10yrs","St. Charles","Destrehan, Ama, Bayou Gauche, Luling, Paradis, St. Rose, Norco, Taft, Des Allemands, Hahnville, Boutte",537.214,510.353,564.075,351502,498.9,473.955,523.845,140650,473.863,450.17,497.556,52780,12.55,33.83,26.38,11.49
"B0072","https://nci-naaccr-zone-design.github.io/louisiana-2020/?address=B0072","Female","AllSite","10yrs","St. Charles","Destrehan, Ama, Bayou Gauche, Luling, Paradis, St. Rose, Norco, Taft, Des Allemands, Hahnville, Boutte",433.747,412.06,455.434,176932,443.544,421.367,465.721,73173,385.207,365.947,404.467,52780,12.55,33.83,26.38,11.49
"B0072","https://nci-naaccr-zone-design.github.io/louisiana-2020/?address=B0072","Male","AllSite","10yrs","St. Charles","Destrehan, Ama, Bayou Gauche, Luling, Paradis, St. Rose, Norco, Taft, Des Allemands, Hahnville, Boutte",622.721,591.585,653.857,174570,638.228,606.317,670.14,67477,654.326,621.61,687.043,52780,12.55,33.83,26.38,11.49
"B0072","https://nci-naaccr-zone-design.github.io/louisiana-2020/?address=B0072","Male","Prostate","10yrs","St. Charles","Destrehan, Ama, Bayou Gauche, Luling, Paradis, St. Rose, Norco, Taft, Des Allemands, Hahnville, Boutte",133.033,126.381,139.685,174570,126.835,120.493,133.176,67477,124.59,118.36,130.819,52780,12.55,33.83,26.38,11.49
"B0072","https://nci-naaccr-zone-design.github.io/louisiana-2020/?address=B0072","Both","Lung","10yrs","St. Charles","Destrehan, Ama, Bayou Gauche, Luling, Paradis, St. Rose, Norco, Taft, Des Allemands, Hahnville, Boutte",73.035,69.383,76.687,351502,45.871,43.577,48.164,140650,53.341,50.674,56.008,52780,12.55,33.83,26.38,11.49
"B0072","https://nci-naaccr-zone-design.github.io/louisiana-2020/?address=B0072","Female","Lung","10yrs","St. Charles","Destrehan, Ama, Bayou Gauche, Luling, Paradis, St. Rose, Norco, Taft, Des Allemands, Hahnville, Boutte",62.51,59.385,65.636,176932,50.296,47.781,52.811,73173,41.945,39.847,44.042,52780,12.55,33.83,26.38,11.49
"B0072","https://nci-naaccr-zone-design.github.io/louisiana-2020/?address=B0072","Male","Lung","10yrs","St. Charles","Destrehan, Ama, Bayou Gauche, Luling, Paradis, St. Rose, Norco, Taft, Des Allemands, Hahnville, Boutte",114.348,108.63,120.065,174570,54.16,51.452,56.868,67477,90.03,85.529,94.532,52780,12.55,33.83,26.38,11.49
"B0072","https://nci-naaccr-zone-design.github.io/louisiana-2020/?address=B0072","Female","Breast","10yrs","St. Charles","Destrehan, Ama, Bayou Gauche, Luling, Paradis, St. Rose, Norco, Taft, Des Allemands, Hahnville, Boutte",115.147,109.39,120.905,176932,114.742,109.005,120.479,73173,123.199,117.039,129.359,52780,12.55,33.83,26.38,11.49
"B0072","https://nci-naaccr-zone-design.github.io/louisiana-2020/?address=B0072","Both","CRC","10yrs","St. Charles","Destrehan, Ama, Bayou Gauche, Luling, Paradis, St. Rose, Norco, Taft, Des Allemands, Hahnville, Boutte",51.464,48.891,54.037,351502,61.367,58.299,64.435,140650,38.723,36.786,40.659,52780,12.55,33.83,26.38,11.49
"B0072","https://nci-naaccr-zone-design.github.io/louisiana-2020/?address=B0072","Female","CRC","10yrs","St. Charles","Destrehan, Ama, Bayou Gauche, Luling, Paradis, St. Rose, Norco, Taft, Des Allemands, Hahnville, Boutte",51.744,49.157,54.331,176932,39.598,37.618,41.578,73173,51.389,48.82,53.958,52780,12.55,33.83,26.38,11.49
"B0072","https://nci-naaccr-zone-design.github.io/louisiana-2020/?address=B0072","Male","CRC","10yrs","St. Charles","Destrehan, Ama, Bayou Gauche, Luling, Paradis, St. Rose, Norco, Taft, Des Allemands, Hahnville, Boutte",45.124,42.868,47.38,174570,64.281,61.067,67.495,67477,63.141,59.984,66.298,52780,12.55,33.83,26.38,11.49
"B0072","https://nci-naaccr-zone-design.github.io/louisiana-2020/?address=B0072","Both","Kidney","10yrs","St. Charles","Destrehan, Ama, Bayou Gauche, Luling, Paradis, St. Rose, Norco, Taft, Des Allemands, Hahnville, Boutte",21.601,20.521,22.682,351502,19.281,18.317,20.245,140650,20.694,19.66,21.729,52780,12.55,33.83,26.38,11.49
"B0072","https://nci-naaccr-zone-design.github.io/louisiana-2020/?address=B0072","Female","Kidney","10yrs","St. Charles","Destrehan, Ama, Bayou Gauche, Luling, Paradis, St. Rose, Norco, Taft, Des Allemands, Hahnville, Boutte",14.124,13.418,14.83,176932,21.102,20.047,22.157,73173,12.478,11.854,13.102,52780,12.55,33.83,26.38,11.49
"B0072","https://nci-naaccr-zone-design.github.io/louisiana-2020/?address=B0072","Male","Kidney","10yrs","St. Charles","Destrehan, Ama, Bayou Gauche, Luling, Paradis, St. Rose, Norco, Taft, Des Allemands, Hahnville, Boutte",33.518,31.842,35.194,174570,23.502,22.327,24.677,67477,30.889,29.344,32.433,52780,12.55,33.83,26.38,11.49
"B0072","https://nci-naaccr-zone-design.github.io/louisiana-2020/?address=B0072","Both","NHL","10yrs","St. Charles","Destrehan, Ama, Bayou Gauche, Luling, Paradis, St. Rose, Norco, Taft, Des Allemands, Hahnville, Boutte",21.039,19.987,22.091,351502,18.372,17.454,19.291,140650,21.213,20.152,22.273,52780,12.55,33.83,26.38,11.49
"B0072","https://nci-naaccr-zone-design.github.io/louisiana-2020/?address=B0072","Female","NHL","10yrs","St. Charles","Destrehan, Ama, Bayou Gauche, Luling, Paradis, St. Rose, Norco, Taft, Des Allemands, Hahnville, Boutte",19.733,18.746,20.719,176932,22.947,21.799,24.094,73173,13.19,12.531,13.85,52780,12.55,33.83,26.38,11.49
"B0072","https://nci-naaccr-zone-design.github.io/louisiana-2020/?address=B0072","Male","NHL","10yrs","St. Charles","Destrehan, Ama, Bayou Gauche, Luling, Paradis, St. Rose, Norco, Taft, Des Allemands, Hahnville, Boutte",24.956,23.708,26.204,174570,19.015,18.064,19.966,67477,17.495,16.62,18.369,52780,12.55,33.83,26.38,11.49
"B0072","https://nci-naaccr-zone-design.github.io/louisiana-2020/?address=B0072","Both","Urinary","10yrs","St. Charles","Destrehan, Ama, Bayou Gauche, Luling, Paradis, St. Rose, Norco, Taft, Des Allemands, Hahnville, Boutte",17.227,16.365,18.088,351502,23.01,21.859,24.16,140650,23.343,22.176,24.51,52780,12.55,33.83,26.38,11.49
"B0072","https://nci-naaccr-zone-design.github.io/louisiana-2020/?address=B0072","Female","Urinary","10yrs","St. Charles","Destrehan, Ama, Bayou Gauche, Luling, Paradis, St. Rose, Norco, Taft, Des Allemands, Hahnville, Boutte",7.753,7.365,8.141,176932,13.979,13.28,14.678,73173,9.616,9.136,10.097,52780,12.55,33.83,26.38,11.49
"B0072","https://nci-naaccr-zone-design.github.io/louisiana-2020/?address=B0072","Male","Urinary","10yrs","St. Charles","Destrehan, Ama, Bayou Gauche, Luling, Paradis, St. Rose, Norco, Taft, Des Allemands, Hahnville, Boutte",41.304,39.239,43.369,174570,43.269,41.106,45.432,67477,29.185,27.726,30.644,52780,12.55,33.83,26.38,11.49
"B0072","https://nci-naaccr-zone-design.github.io/louisiana-2020/?address=B0072","Both","Mela","10yrs","St. Charles","Destrehan, Ama, Bayou Gauche, Luling, Paradis, St. Rose, Norco, Taft, Des Allemands, Hahnville, Boutte",29.28,27.816,30.744,351502,21.724,20.638,22.811,140650,28.311,26.895,29.726,52780,12.55,33.83,26.38,11.49
"B0072","https://nci-naaccr-zone-design.github.io/louisiana-2020/?address=B0072","Female","Mela","10yrs","St. Charles","Destrehan, Ama, Bayou Gauche, Luling, Paradis, St. Rose, Norco, Taft, Des Allemands, Hahnville, Boutte",22.769,21.63,23.907,176932,18.366,17.448,19.284,73173,13.957,13.259,14.655,52780,12.55,33.83,26.38,11.49
"B0072","https://nci-naaccr-zone-design.github.io/louisiana-2020/?address=B0072","Male","Mela","10yrs","St. Charles","Destrehan, Ama, Bayou Gauche, Luling, Paradis, St. Rose, Norco, Taft, Des Allemands, Hahnville, Boutte",15.917,15.121,16.713,174570,40.091,38.087,42.096,67477,22.896,21.751,24.04,52780,12.55,33.83,26.38,11.49
"B0072","https://nci-naaccr-zone-design.github.io/louisiana-2020/?address=B0072","Both","Pancreas","10yrs","St. Charles","Destrehan, Ama, Bayou Gauche, Luling, Paradis, St. Rose, Norco, Taft, Des Allemands, Hahnville, Boutte",11.495,10.921,12.07,351502,12.705,12.069,13.34,140650,16.682,15.848,17.516,52780,12.55,33.83,26.38,11.49
"B0072","https://nci-naaccr-zone-design.github.io/louisiana-2020/?address=B0072","Female","Pancreas","10yrs","St. Charles","Destrehan, Ama, Bayou Gauche, Luling, Paradis, St. Rose, Norco, Taft, Des Allemands, Hahnville, Boutte",8.774,8.335,9.212,176932,16.536,15.709,17.363,73173,9.443,8.971,9.915,52780,12.55,33.83,26.38,11.49
"B0072","https://nci-naaccr-zone-design.github.io/louisiana-2020/?address=B0072","Male","Pancreas","10yrs","St. Charles","Destrehan, Ama, Bayou Gauche, Luling, Paradis, St. Rose, Norco, Taft, Des Allemands, Hahnville, Boutte",18.833,17.891,19.774,174570,17.37,16.502,18.239,67477,14.54,13.813,15.267,52780,12.55,33.83,26.38,11.49
"B0072","https://nci-naaccr-zone-design.github.io/louisiana-2020/?address=B0072","Both","Leuks","10yrs","St. Charles","Destrehan, Ama, Bayou Gauche, Luling, Paradis, St. Rose, Norco, Taft, Des Allemands, Hahnville, Boutte",14.465,13.742,15.189,351502,8.992,8.542,9.441,140650,12.56,11.932,13.188,52780,12.55,33.83,26.38,11.49
"B0072","https://nci-naaccr-zone-design.github.io/louisiana-2020/?address=B0072","Female","Leuks","10yrs","St. Charles","Destrehan, Ama, Bayou Gauche, Luling, Paradis, St. Rose, Norco, Taft, Des Allemands, Hahnville, Boutte",8.879,8.435,9.323,176932,12.829,12.187,13.47,73173,14.567,13.839,15.296,52780,12.55,33.83,26.38,11.49
"B0072","https://nci-naaccr-zone-design.github.io/louisiana-2020/?address=B0072","Male","Leuks","10yrs","St. Charles","Destrehan, Ama, Bayou Gauche, Luling, Paradis, St. Rose, Norco, Taft, Des Allemands, Hahnville, Boutte",21.562,20.484,22.64,174570,10.526,9.999,11.052,67477,23.891,22.696,25.085,52780,12.55,33.83,26.38,11.49
"B0072","https://nci-naaccr-zone-design.github.io/louisiana-2020/?address=B0072","Both","Oral","10yrs","St. Charles","Destrehan, Ama, Bayou Gauche, Luling, Paradis, St. Rose, Norco, Taft, Des Allemands, Hahnville, Boutte",14.042,13.34,14.744,351502,10.497,9.972,11.022,140650,16.042,15.24,16.844,52780,12.55,33.83,26.38,11.49
"B0072","https://nci-naaccr-zone-design.github.io/louisiana-2020/?address=B0072","Female","Oral","10yrs","St. Charles","Destrehan, Ama, Bayou Gauche, Luling, Paradis, St. Rose, Norco, Taft, Des Allemands, Hahnville, Boutte",8.824,8.382,9.265,176932,3.203,3.043,3.363,73173,6.692,6.357,7.026,52780,12.55,33.83,26.38,11.49
"B0072","https://nci-naaccr-zone-design.github.io/louisiana-2020/?address=B0072","Male","Oral","10yrs","St. Charles","Destrehan, Ama, Bayou Gauche, Luling, Paradis, St. Rose, Norco, Taft, Des Allemands, Hahnville, Boutte",12.987,12.338,13.636,174570,24.626,23.395,25.857,67477,27.811,26.421,29.202,52780,12.55,33.83,26.38,11.49
"B0072","https://nci-naaccr-zone-design.github.io/louisiana-2020/?address=B0072","Both","Thyroid","10yrs","St. Charles","Destrehan, Ama, Bayou Gauche, Luling, Paradis, St. Rose, Norco, Taft, Des Allemands, Hahnville, Boutte",15.042,14.29,15.794,351502,9.34,8.873,9.807,140650,10.11,9.605,10.616,52780,12.55,33.83,26.38,11.49
"B0072","https://nci-naaccr-zone-design.github.io/louisiana-2020/?address=B0072","Female","Thyroid","10yrs","St. Charles","Destrehan, Ama, Bayou Gauche, Luling, Paradis, St. Rose, Norco, Taft, Des Allemands, Hahnville, Boutte",24.974,23.725,26.223,176932,17.492,16.617,18.366,73173,21.405,20.334,22.475,52780,12.55,33.83,26.38,11.49
"B0072","https://nci-naaccr-zone-design.github.io/louisiana-2020/?address=B0072","Male","Thyroid","10yrs","St. Charles","Destrehan, Ama, Bayou Gauche, Luling, Paradis, St. Rose, Norco, Taft, Des Allemands, Hahnville, Boutte",4.088,3.883,4.292,174570,3.723,3.537,3.909,67477,"","","",52780,12.55,33.83,26.38,11.49
"B0072","https://nci-naaccr-zone-design.github.io/louisiana-2020/?address=B0072","Female","Uterine","10yrs","St. Charles","Destrehan, Ama, Bayou Gauche, Luling, Paradis, St. Rose, Norco, Taft, Des Allemands, Hahnville, Boutte",25.634,24.353,26.916,176932,16.616,15.785,17.446,73173,25.978,24.679,27.277,52780,12.55,33.83,26.38,11.49
"B0072","https://nci-naaccr-zone-design.github.io/louisiana-2020/?address=B0072","Both","Liver","10yrs","St. Charles","Destrehan, Ama, Bayou Gauche, Luling, Paradis, St. Rose, Norco, Taft, Des Allemands, Hahnville, Boutte",12.996,12.346,13.646,351502,9.092,8.637,9.546,140650,13.161,12.503,13.819,52780,12.55,33.83,26.38,11.49
"B0072","https://nci-naaccr-zone-design.github.io/louisiana-2020/?address=B0072","Female","Liver","10yrs","St. Charles","Destrehan, Ama, Bayou Gauche, Luling, Paradis, St. Rose, Norco, Taft, Des Allemands, Hahnville, Boutte",7.241,6.879,7.604,176932,7.215,6.854,7.576,73173,7.232,6.871,7.594,52780,12.55,33.83,26.38,11.49
"B0072","https://nci-naaccr-zone-design.github.io/louisiana-2020/?address=B0072","Male","Liver","10yrs","St. Charles","Destrehan, Ama, Bayou Gauche, Luling, Paradis, St. Rose, Norco, Taft, Des Allemands, Hahnville, Boutte",12.939,12.292,13.586,174570,8.475,8.051,8.898,67477,9.942,9.445,10.44,52780,12.55,33.83,26.38,11.49
"B0072","https://nci-naaccr-zone-design.github.io/louisiana-2020/?address=B0072","Both","Stomach","10yrs","St. Charles","Destrehan, Ama, Bayou Gauche, Luling, Paradis, St. Rose, Norco, Taft, Des Allemands, Hahnville, Boutte",6.829,6.488,7.171,351502,4.505,4.279,4.73,140650,5.243,4.981,5.506,52780,12.55,33.83,26.38,11.49
"B0072","https://nci-naaccr-zone-design.github.io/louisiana-2020/?address=B0072","Female","Stomach","10yrs","St. Charles","Destrehan, Ama, Bayou Gauche, Luling, Paradis, St. Rose, Norco, Taft, Des Allemands, Hahnville, Boutte",3.532,3.356,3.709,176932,5.868,5.574,6.161,73173,9.087,8.633,9.541,52780,12.55,33.83,26.38,11.49
"B0072","https://nci-naaccr-zone-design.github.io/louisiana-2020/?address=B0072","Male","Stomach","10yrs","St. Charles","Destrehan, Ama, Bayou Gauche, Luling, Paradis, St. Rose, Norco, Taft, Des Allemands, Hahnville, Boutte",4.825,4.584,5.067,174570,4.908,4.663,5.153,67477,5.101,4.846,5.356,52780,12.55,33.83,26.38,11.49
"B0072","https://nci-naaccr-zone-design.github.io/louisiana-2020/?address=B0072","Both","Myeloma","10yrs","St. Charles","Destrehan, Ama, Bayou Gauche, Luling, Paradis, St. Rose, Norco, Taft, Des Allemands, Hahnville, Boutte",11.612,11.031,12.192,351502,10.903,10.358,11.448,140650,7.749,7.362,8.137,52780,12.55,33.83,26.38,11.49
"B0072","https://nci-naaccr-zone-design.github.io/louisiana-2020/?address=B0072","Female","Myeloma","10yrs","St. Charles","Destrehan, Ama, Bayou Gauche, Luling, Paradis, St. Rose, Norco, Taft, Des Allemands, Hahnville, Boutte",9.223,8.762,9.684,176932,4.245,4.033,4.458,73173,4.766,4.528,5.004,52780,12.55,33.83,26.38,11.49
"B0072","https://nci-naaccr-zone-design.github.io/louisiana-2020/?address=B0072","Male","Myeloma","10yrs","St. Charles","Destrehan, Ama, Bayou Gauche, Luling, Paradis, St. Rose, Norco, Taft, Des Allemands, Hahnville, Boutte",8.066,7.662,8.469,174570,11.315,10.75,11.881,67477,8.496,8.071,8.921,52780,12.55,33.83,26.38,11.49
"B0072","https://nci-naaccr-zone-design.github.io/louisiana-2020/?address=B0072","Both","Brain","10yrs","St. Charles","Destrehan, Ama, Bayou Gauche, Luling, Paradis, St. Rose, Norco, Taft, Des Allemands, Hahnville, Boutte",6.774,6.435,7.113,351502,4.004,3.804,4.204,140650,4.836,4.594,5.078,52780,12.55,33.83,26.38,11.49
"B0072","https://nci-naaccr-zone-design.github.io/louisiana-2020/?address=B0072","Female","Brain","10yrs","St. Charles","Destrehan, Ama, Bayou Gauche, Luling, Paradis, St. Rose, Norco, Taft, Des Allemands, Hahnville, Boutte",6.811,6.471,7.152,176932,4.2,3.99,4.41,73173,6.101,5.796,6.406,52780,12.55,33.83,26.38,11.49
"B0072","https://nci-naaccr-zone-design.github.io/louisiana-2020/?address=B0072","Male","Brain","10yrs","St. Charles","Destrehan, Ama, Bayou Gauche, Luling, Paradis, St. Rose, Norco, Taft, Des Allemands, Hahnville, Boutte",8.076,7.672,8.48,174570,5.885,5.591,6.179,67477,11.126,10.57,11.683,52780,12.55,33.83,26.38,11.49
"B0072","https://nci-naaccr-zone-design.github.io/louisiana-2020/?address=B0072","Both","Larynx","10yrs","St. Charles","Destrehan, Ama, Bayou Gauche, Luling, Paradis, St. Rose, Norco, Taft, Des Allemands, Hahnville, Boutte",8.945,8.498,9.392,351502,6.196,5.886,6.506,140650,7.196,6.836,7.556,52780,12.55,33.83,26.38,11.49
"B0072","https://nci-naaccr-zone-design.github.io/louisiana-2020/?address=B0072","Female","Larynx","10yrs","St. Charles","Destrehan, Ama, Bayou Gauche, Luling, Paradis, St. Rose, Norco, Taft, Des Allemands, Hahnville, Boutte",3.652,3.469,3.834,176932,2.518,2.392,2.644,73173,4.005,3.805,4.206,52780,12.55,33.83,26.38,11.49
"B0072","https://nci-naaccr-zone-design.github.io/louisiana-2020/?address=B0072","Male","Larynx","10yrs","St. Charles","Destrehan, Ama, Bayou Gauche, Luling, Paradis, St. Rose, Norco, Taft, Des Allemands, Hahnville, Boutte",4.05,3.848,4.253,174570,12.666,12.033,13.299,67477,8.717,8.281,9.152,52780,12.55,33.83,26.38,11.49
"B0072","https://nci-naaccr-zone-design.github.io/louisiana-2020/?address=B0072","Female","Ovary","10yrs","St. Charles","Destrehan, Ama, Bayou Gauche, Luling, Paradis, St. Rose, Norco, Taft, Des Allemands, Hahnville, Boutte",7.453,7.081,7.826,176932,8.215,7.804,8.626,73173,11.503,10.927,12.078,52780,12.55,33.83,26.38,11.49
"B0072","https://nci-naaccr-zone-design.github.io/louisiana-2020/?address=B0072","Both","Esoph","10yrs","St. Charles","Destrehan, Ama, Bayou Gauche, Luling, Paradis, St. Rose, Norco, Taft, Des Allemands, Hahnville, Boutte",4.537,4.31,4.764,351502,5.517,5.241,5.793,140650,3.813,3.623,4.004,52780,12.55,33.83,26.38,11.49
"B0072","https://nci-naaccr-zone-design.github.io/louisiana-2020/?address=B0072","Female","Esoph","10yrs","St. Charles","Destrehan, Ama, Bayou Gauche, Luling, Paradis, St. Rose, Norco, Taft, Des Allemands, Hahnville, Boutte",3.976,3.778,4.175,176932,1.376,1.307,1.445,73173,2.165,2.057,2.274,52780,12.55,33.83,26.38,11.49
"B0072","https://nci-naaccr-zone-design.github.io/louisiana-2020/?address=B0072","Male","Esoph","10yrs","St. Charles","Destrehan, Ama, Bayou Gauche, Luling, Paradis, St. Rose, Norco, Taft, Des Allemands, Hahnville, Boutte",7.293,6.928,7.657,174570,13.511,12.836,14.187,67477,12.743,12.105,13.38,52780,12.55,33.83,26.38,11.49
