"Zone","URL","Sex","Cancer","Years","Counties","Places","AAIR","LCI","UCI","White_PopTot","White_AAIR","White_LCI","White_UCI","Black_PopTot","Black_AAIR","Black_LCI","Black_UCI","TotalPop","Pct100Pov","PctMinority","PctBlackNH","PctRural"
"A9003","https://nci-naaccr-zone-design.github.io/louisiana-2020/?address=A9003","Both","AllSite","05yrs","Jefferson","Westwego, Marrero, Avondale, Bridge City, Waggaman",504.897,479.652,530.142,118975,481.192,457.133,505.252,151775,503.713,478.527,528.898,61773,25.96,62.06,49.85,1.67
"A9003","https://nci-naaccr-zone-design.github.io/louisiana-2020/?address=A9003","Female","AllSite","05yrs","Jefferson","Westwego, Marrero, Avondale, Bridge City, Waggaman",436.406,414.585,458.226,61827,405.782,385.493,426.071,83188,418.66,397.727,439.593,61773,25.96,62.06,49.85,1.67
"A9003","https://nci-naaccr-zone-design.github.io/louisiana-2020/?address=A9003","Male","AllSite","05yrs","Jefferson","Westwego, Marrero, Avondale, Bridge City, Waggaman",599.658,569.676,629.641,57147,655.172,622.413,687.931,68587,561.09,533.035,589.144,61773,25.96,62.06,49.85,1.67
"A9003","https://nci-naaccr-zone-design.github.io/louisiana-2020/?address=A9003","Male","Prostate","05yrs","Jefferson","Westwego, Marrero, Avondale, Bridge City, Waggaman",213.637,202.955,224.318,57147,184.663,175.43,193.896,68587,186.453,177.131,195.776,61773,25.96,62.06,49.85,1.67
"A9003","https://nci-naaccr-zone-design.github.io/louisiana-2020/?address=A9003","Both","Lung","05yrs","Jefferson","Westwego, Marrero, Avondale, Bridge City, Waggaman",50.405,47.885,52.926,118975,54.539,51.812,57.266,151775,88.339,83.922,92.756,61773,25.96,62.06,49.85,1.67
"A9003","https://nci-naaccr-zone-design.github.io/louisiana-2020/?address=A9003","Female","Lung","05yrs","Jefferson","Westwego, Marrero, Avondale, Bridge City, Waggaman",55.389,52.619,58.158,61827,42.432,40.311,44.554,83188,47.804,45.414,50.194,61773,25.96,62.06,49.85,1.67
"A9003","https://nci-naaccr-zone-design.github.io/louisiana-2020/?address=A9003","Male","Lung","05yrs","Jefferson","Westwego, Marrero, Avondale, Bridge City, Waggaman",60.947,57.9,63.994,57147,63.248,60.086,66.411,68587,66.41,63.09,69.731,61773,25.96,62.06,49.85,1.67
"A9003","https://nci-naaccr-zone-design.github.io/louisiana-2020/?address=A9003","Female","Breast","05yrs","Jefferson","Westwego, Marrero, Avondale, Bridge City, Waggaman",122.065,115.962,128.168,61827,105.309,100.044,110.575,83188,131.966,125.368,138.564,61773,25.96,62.06,49.85,1.67
"A9003","https://nci-naaccr-zone-design.github.io/louisiana-2020/?address=A9003","Both","CRC","05yrs","Jefferson","Westwego, Marrero, Avondale, Bridge City, Waggaman",44.994,42.744,47.243,118975,34.827,33.085,36.568,151775,39.946,37.949,41.943,61773,25.96,62.06,49.85,1.67
"A9003","https://nci-naaccr-zone-design.github.io/louisiana-2020/?address=A9003","Female","CRC","05yrs","Jefferson","Westwego, Marrero, Avondale, Bridge City, Waggaman",30.778,29.239,32.316,61827,38.116,36.21,40.021,83188,51.163,48.605,53.722,61773,25.96,62.06,49.85,1.67
"A9003","https://nci-naaccr-zone-design.github.io/louisiana-2020/?address=A9003","Male","CRC","05yrs","Jefferson","Westwego, Marrero, Avondale, Bridge City, Waggaman",67.575,64.197,70.954,57147,61.824,58.733,64.915,68587,53.831,51.14,56.523,61773,25.96,62.06,49.85,1.67
"A9003","https://nci-naaccr-zone-design.github.io/louisiana-2020/?address=A9003","Both","Kidney","05yrs","Jefferson","Westwego, Marrero, Avondale, Bridge City, Waggaman",20.897,19.852,21.941,118975,23.235,22.073,24.396,151775,23.396,22.226,24.566,61773,25.96,62.06,49.85,1.67
"A9003","https://nci-naaccr-zone-design.github.io/louisiana-2020/?address=A9003","Female","Kidney","05yrs","Jefferson","Westwego, Marrero, Avondale, Bridge City, Waggaman",13.36,12.692,14.028,61827,11.252,10.69,11.815,83188,16.015,15.214,16.816,61773,25.96,62.06,49.85,1.67
"A9003","https://nci-naaccr-zone-design.github.io/louisiana-2020/?address=A9003","Male","Kidney","05yrs","Jefferson","Westwego, Marrero, Avondale, Bridge City, Waggaman",19.481,18.507,20.455,57147,26.756,25.418,28.094,68587,31.787,30.197,33.376,61773,25.96,62.06,49.85,1.67
"A9003","https://nci-naaccr-zone-design.github.io/louisiana-2020/?address=A9003","Both","NHL","05yrs","Jefferson","Westwego, Marrero, Avondale, Bridge City, Waggaman",19.988,18.988,20.987,118975,20.037,19.036,21.039,151775,16.953,16.105,17.8,61773,25.96,62.06,49.85,1.67
"A9003","https://nci-naaccr-zone-design.github.io/louisiana-2020/?address=A9003","Female","NHL","05yrs","Jefferson","Westwego, Marrero, Avondale, Bridge City, Waggaman",21.792,20.702,22.881,61827,19.082,18.128,20.036,83188,22.613,21.483,23.744,61773,25.96,62.06,49.85,1.67
"A9003","https://nci-naaccr-zone-design.github.io/louisiana-2020/?address=A9003","Male","NHL","05yrs","Jefferson","Westwego, Marrero, Avondale, Bridge City, Waggaman",27.238,25.876,28.6,57147,25.391,24.121,26.66,68587,28.331,26.914,29.747,61773,25.96,62.06,49.85,1.67
"A9003","https://nci-naaccr-zone-design.github.io/louisiana-2020/?address=A9003","Both","Urinary","05yrs","Jefferson","Westwego, Marrero, Avondale, Bridge City, Waggaman",15.449,14.677,16.222,118975,21.407,20.337,22.478,151775,15.238,14.476,16.0,61773,25.96,62.06,49.85,1.67
"A9003","https://nci-naaccr-zone-design.github.io/louisiana-2020/?address=A9003","Female","Urinary","05yrs","Jefferson","Westwego, Marrero, Avondale, Bridge City, Waggaman",8.82,8.379,9.261,61827,13.596,12.916,14.276,83188,7.244,6.882,7.606,61773,25.96,62.06,49.85,1.67
"A9003","https://nci-naaccr-zone-design.github.io/louisiana-2020/?address=A9003","Male","Urinary","05yrs","Jefferson","Westwego, Marrero, Avondale, Bridge City, Waggaman",21.759,20.671,22.847,57147,38.379,36.46,40.298,68587,27.432,26.061,28.804,61773,25.96,62.06,49.85,1.67
"A9003","https://nci-naaccr-zone-design.github.io/louisiana-2020/?address=A9003","Both","Mela","05yrs","Jefferson","Westwego, Marrero, Avondale, Bridge City, Waggaman",7.227,6.866,7.589,118975,9.255,8.793,9.718,151775,24.699,23.464,25.934,61773,25.96,62.06,49.85,1.67
"A9003","https://nci-naaccr-zone-design.github.io/louisiana-2020/?address=A9003","Female","Mela","05yrs","Jefferson","Westwego, Marrero, Avondale, Bridge City, Waggaman",18.825,17.884,19.766,61827,18.729,17.792,19.665,83188,6.191,5.881,6.501,61773,25.96,62.06,49.85,1.67
"A9003","https://nci-naaccr-zone-design.github.io/louisiana-2020/?address=A9003","Male","Mela","05yrs","Jefferson","Westwego, Marrero, Avondale, Bridge City, Waggaman",6.07,5.767,6.374,57147,35.796,34.006,37.586,68587,30.927,29.381,32.473,61773,25.96,62.06,49.85,1.67
"A9003","https://nci-naaccr-zone-design.github.io/louisiana-2020/?address=A9003","Both","Pancreas","05yrs","Jefferson","Westwego, Marrero, Avondale, Bridge City, Waggaman",17.264,16.401,18.127,118975,17.582,16.703,18.461,151775,12.838,12.196,13.48,61773,25.96,62.06,49.85,1.67
"A9003","https://nci-naaccr-zone-design.github.io/louisiana-2020/?address=A9003","Female","Pancreas","05yrs","Jefferson","Westwego, Marrero, Avondale, Bridge City, Waggaman",10.999,10.449,11.549,61827,13.089,12.435,13.744,83188,9.499,9.024,9.973,61773,25.96,62.06,49.85,1.67
"A9003","https://nci-naaccr-zone-design.github.io/louisiana-2020/?address=A9003","Male","Pancreas","05yrs","Jefferson","Westwego, Marrero, Avondale, Bridge City, Waggaman",12.703,12.068,13.338,57147,12.498,11.873,13.123,68587,14.916,14.17,15.662,61773,25.96,62.06,49.85,1.67
"A9003","https://nci-naaccr-zone-design.github.io/louisiana-2020/?address=A9003","Both","Leuks","05yrs","Jefferson","Westwego, Marrero, Avondale, Bridge City, Waggaman",11.368,10.799,11.936,118975,16.231,15.419,17.042,151775,14.047,13.345,14.75,61773,25.96,62.06,49.85,1.67
"A9003","https://nci-naaccr-zone-design.github.io/louisiana-2020/?address=A9003","Female","Leuks","05yrs","Jefferson","Westwego, Marrero, Avondale, Bridge City, Waggaman",13.357,12.689,14.025,61827,15.098,14.343,15.853,83188,14.893,14.149,15.638,61773,25.96,62.06,49.85,1.67
"A9003","https://nci-naaccr-zone-design.github.io/louisiana-2020/?address=A9003","Male","Leuks","05yrs","Jefferson","Westwego, Marrero, Avondale, Bridge City, Waggaman",25.955,24.657,27.253,57147,10.53,10.003,11.056,68587,20.694,19.66,21.729,61773,25.96,62.06,49.85,1.67
"A9003","https://nci-naaccr-zone-design.github.io/louisiana-2020/?address=A9003","Both","Oral","05yrs","Jefferson","Westwego, Marrero, Avondale, Bridge City, Waggaman",16.531,15.705,17.358,118975,10.146,9.639,10.654,151775,7.961,7.563,8.359,61773,25.96,62.06,49.85,1.67
"A9003","https://nci-naaccr-zone-design.github.io/louisiana-2020/?address=A9003","Female","Oral","05yrs","Jefferson","Westwego, Marrero, Avondale, Bridge City, Waggaman",7.175,6.817,7.534,61827,5.447,5.175,5.72,83188,"","","",61773,25.96,62.06,49.85,1.67
"A9003","https://nci-naaccr-zone-design.github.io/louisiana-2020/?address=A9003","Male","Oral","05yrs","Jefferson","Westwego, Marrero, Avondale, Bridge City, Waggaman",23.64,22.458,24.822,57147,26.346,25.028,27.663,68587,26.041,24.739,27.343,61773,25.96,62.06,49.85,1.67
"A9003","https://nci-naaccr-zone-design.github.io/louisiana-2020/?address=A9003","Both","Thyroid","05yrs","Jefferson","Westwego, Marrero, Avondale, Bridge City, Waggaman",11.514,10.939,12.09,118975,15.299,14.534,16.064,151775,15.899,15.104,16.693,61773,25.96,62.06,49.85,1.67
"A9003","https://nci-naaccr-zone-design.github.io/louisiana-2020/?address=A9003","Female","Thyroid","05yrs","Jefferson","Westwego, Marrero, Avondale, Bridge City, Waggaman",21.455,20.382,22.527,61827,11.396,10.826,11.966,83188,19.642,18.66,20.624,61773,25.96,62.06,49.85,1.67
"A9003","https://nci-naaccr-zone-design.github.io/louisiana-2020/?address=A9003","Male","Thyroid","05yrs","Jefferson","Westwego, Marrero, Avondale, Bridge City, Waggaman",5.359,5.091,5.627,57147,"","","",68587,"","","",61773,25.96,62.06,49.85,1.67
"A9003","https://nci-naaccr-zone-design.github.io/louisiana-2020/?address=A9003","Female","Uterine","05yrs","Jefferson","Westwego, Marrero, Avondale, Bridge City, Waggaman",16.434,15.613,17.256,61827,25.341,24.074,26.608,83188,20.895,19.85,21.939,61773,25.96,62.06,49.85,1.67
"A9003","https://nci-naaccr-zone-design.github.io/louisiana-2020/?address=A9003","Both","Liver","05yrs","Jefferson","Westwego, Marrero, Avondale, Bridge City, Waggaman",5.194,4.934,5.454,118975,12.347,11.73,12.965,151775,4.858,4.615,5.101,61773,25.96,62.06,49.85,1.67
"A9003","https://nci-naaccr-zone-design.github.io/louisiana-2020/?address=A9003","Female","Liver","05yrs","Jefferson","Westwego, Marrero, Avondale, Bridge City, Waggaman",3.824,3.633,4.015,61827,5.236,4.974,5.498,83188,"","","",61773,25.96,62.06,49.85,1.67
"A9003","https://nci-naaccr-zone-design.github.io/louisiana-2020/?address=A9003","Male","Liver","05yrs","Jefferson","Westwego, Marrero, Avondale, Bridge City, Waggaman",12.495,11.87,13.12,57147,19.2,18.24,20.16,68587,22.953,21.805,24.1,61773,25.96,62.06,49.85,1.67
"A9003","https://nci-naaccr-zone-design.github.io/louisiana-2020/?address=A9003","Both","Stomach","05yrs","Jefferson","Westwego, Marrero, Avondale, Bridge City, Waggaman",5.448,5.175,5.72,118975,6.221,5.91,6.532,151775,5.285,5.021,5.549,61773,25.96,62.06,49.85,1.67
"A9003","https://nci-naaccr-zone-design.github.io/louisiana-2020/?address=A9003","Female","Stomach","05yrs","Jefferson","Westwego, Marrero, Avondale, Bridge City, Waggaman",8.344,7.926,8.761,61827,8.467,8.043,8.89,83188,4.186,3.976,4.395,61773,25.96,62.06,49.85,1.67
"A9003","https://nci-naaccr-zone-design.github.io/louisiana-2020/?address=A9003","Male","Stomach","05yrs","Jefferson","Westwego, Marrero, Avondale, Bridge City, Waggaman",6.444,6.122,6.766,57147,14.862,14.119,15.605,68587,13.048,12.396,13.701,61773,25.96,62.06,49.85,1.67
"A9003","https://nci-naaccr-zone-design.github.io/louisiana-2020/?address=A9003","Both","Myeloma","05yrs","Jefferson","Westwego, Marrero, Avondale, Bridge City, Waggaman",5.808,5.518,6.098,118975,5.115,4.859,5.37,151775,4.23,4.018,4.441,61773,25.96,62.06,49.85,1.67
"A9003","https://nci-naaccr-zone-design.github.io/louisiana-2020/?address=A9003","Female","Myeloma","05yrs","Jefferson","Westwego, Marrero, Avondale, Bridge City, Waggaman",8.385,7.965,8.804,61827,9.409,8.938,9.879,83188,11.78,11.191,12.369,61773,25.96,62.06,49.85,1.67
"A9003","https://nci-naaccr-zone-design.github.io/louisiana-2020/?address=A9003","Male","Myeloma","05yrs","Jefferson","Westwego, Marrero, Avondale, Bridge City, Waggaman",9.393,8.923,9.863,57147,12.951,12.304,13.599,68587,15.175,14.417,15.934,61773,25.96,62.06,49.85,1.67
"A9003","https://nci-naaccr-zone-design.github.io/louisiana-2020/?address=A9003","Both","Brain","05yrs","Jefferson","Westwego, Marrero, Avondale, Bridge City, Waggaman",8.355,7.938,8.773,118975,4.744,4.506,4.981,151775,5.818,5.527,6.109,61773,25.96,62.06,49.85,1.67
"A9003","https://nci-naaccr-zone-design.github.io/louisiana-2020/?address=A9003","Female","Brain","05yrs","Jefferson","Westwego, Marrero, Avondale, Bridge City, Waggaman",4.991,4.742,5.241,61827,6.588,6.258,6.917,83188,"","","",61773,25.96,62.06,49.85,1.67
"A9003","https://nci-naaccr-zone-design.github.io/louisiana-2020/?address=A9003","Male","Brain","05yrs","Jefferson","Westwego, Marrero, Avondale, Bridge City, Waggaman",6.421,6.1,6.742,57147,6.291,5.977,6.606,68587,11.381,10.812,11.95,61773,25.96,62.06,49.85,1.67
"A9003","https://nci-naaccr-zone-design.github.io/louisiana-2020/?address=A9003","Both","Larynx","05yrs","Jefferson","Westwego, Marrero, Avondale, Bridge City, Waggaman",8.937,8.49,9.384,118975,8.179,7.77,8.588,151775,5.536,5.259,5.813,61773,25.96,62.06,49.85,1.67
"A9003","https://nci-naaccr-zone-design.github.io/louisiana-2020/?address=A9003","Female","Larynx","05yrs","Jefferson","Westwego, Marrero, Avondale, Bridge City, Waggaman",3.054,2.902,3.207,61827,"","","",83188,"","","",61773,25.96,62.06,49.85,1.67
"A9003","https://nci-naaccr-zone-design.github.io/louisiana-2020/?address=A9003","Male","Larynx","05yrs","Jefferson","Westwego, Marrero, Avondale, Bridge City, Waggaman",12.208,11.598,12.819,57147,12.864,12.221,13.508,68587,5.056,4.803,5.309,61773,25.96,62.06,49.85,1.67
"A9003","https://nci-naaccr-zone-design.github.io/louisiana-2020/?address=A9003","Female","Ovary","05yrs","Jefferson","Westwego, Marrero, Avondale, Bridge City, Waggaman",6.032,5.731,6.334,61827,14.564,13.836,15.293,83188,10.811,10.27,11.351,61773,25.96,62.06,49.85,1.67
"A9003","https://nci-naaccr-zone-design.github.io/louisiana-2020/?address=A9003","Both","Esoph","05yrs","Jefferson","Westwego, Marrero, Avondale, Bridge City, Waggaman",8.02,7.619,8.421,118975,5.154,4.896,5.411,151775,7.563,7.185,7.941,61773,25.96,62.06,49.85,1.67
"A9003","https://nci-naaccr-zone-design.github.io/louisiana-2020/?address=A9003","Female","Esoph","05yrs","Jefferson","Westwego, Marrero, Avondale, Bridge City, Waggaman","","","",61827,"","","",83188,"","","",61773,25.96,62.06,49.85,1.67
"A9003","https://nci-naaccr-zone-design.github.io/louisiana-2020/?address=A9003","Male","Esoph","05yrs","Jefferson","Westwego, Marrero, Avondale, Bridge City, Waggaman",8.478,8.054,8.902,57147,9.264,8.8,9.727,68587,9.052,8.6,9.505,61773,25.96,62.06,49.85,1.67
"A9003","https://nci-naaccr-zone-design.github.io/louisiana-2020/?address=A9003","Both","AllSite","10yrs","Jefferson","Westwego, Marrero, Avondale, Bridge City, Waggaman",476.947,453.099,500.794,243283,491.963,467.365,516.561,305132,499.625,474.643,524.606,61773,25.96,62.06,49.85,1.67
"A9003","https://nci-naaccr-zone-design.github.io/louisiana-2020/?address=A9003","Female","AllSite","10yrs","Jefferson","Westwego, Marrero, Avondale, Bridge City, Waggaman",362.262,344.149,380.376,126262,388.361,368.942,407.779,167139,439.663,417.68,461.646,61773,25.96,62.06,49.85,1.67
"A9003","https://nci-naaccr-zone-design.github.io/louisiana-2020/?address=A9003","Male","AllSite","10yrs","Jefferson","Westwego, Marrero, Avondale, Bridge City, Waggaman",529.973,503.475,556.472,117021,542.01,514.91,569.111,137992,555.699,527.914,583.483,61773,25.96,62.06,49.85,1.67
"A9003","https://nci-naaccr-zone-design.github.io/louisiana-2020/?address=A9003","Male","Prostate","10yrs","Jefferson","Westwego, Marrero, Avondale, Bridge City, Waggaman",134.022,127.321,140.723,117021,192.034,182.432,201.635,137992,168.874,160.43,177.317,61773,25.96,62.06,49.85,1.67
"A9003","https://nci-naaccr-zone-design.github.io/louisiana-2020/?address=A9003","Both","Lung","10yrs","Jefferson","Westwego, Marrero, Avondale, Bridge City, Waggaman",58.934,55.987,61.881,243283,70.454,66.931,73.977,305132,44.244,42.032,46.456,61773,25.96,62.06,49.85,1.67
"A9003","https://nci-naaccr-zone-design.github.io/louisiana-2020/?address=A9003","Female","Lung","10yrs","Jefferson","Westwego, Marrero, Avondale, Bridge City, Waggaman",60.778,57.739,63.817,126262,50.112,47.606,52.618,167139,70.805,67.265,74.345,61773,25.96,62.06,49.85,1.67
"A9003","https://nci-naaccr-zone-design.github.io/louisiana-2020/?address=A9003","Male","Lung","10yrs","Jefferson","Westwego, Marrero, Avondale, Bridge City, Waggaman",75.938,72.141,79.735,117021,97.806,92.916,102.697,137992,98.661,93.728,103.594,61773,25.96,62.06,49.85,1.67
"A9003","https://nci-naaccr-zone-design.github.io/louisiana-2020/?address=A9003","Female","Breast","10yrs","Jefferson","Westwego, Marrero, Avondale, Bridge City, Waggaman",137.78,130.891,144.669,126262,118.681,112.747,124.615,167139,107.573,102.195,112.952,61773,25.96,62.06,49.85,1.67
"A9003","https://nci-naaccr-zone-design.github.io/louisiana-2020/?address=A9003","Both","CRC","10yrs","Jefferson","Westwego, Marrero, Avondale, Bridge City, Waggaman",40.93,38.884,42.977,243283,50.568,48.04,53.097,305132,53.766,51.078,56.454,61773,25.96,62.06,49.85,1.67
"A9003","https://nci-naaccr-zone-design.github.io/louisiana-2020/?address=A9003","Female","CRC","10yrs","Jefferson","Westwego, Marrero, Avondale, Bridge City, Waggaman",53.872,51.179,56.566,126262,37.473,35.599,39.347,167139,51.678,49.094,54.262,61773,25.96,62.06,49.85,1.67
"A9003","https://nci-naaccr-zone-design.github.io/louisiana-2020/?address=A9003","Male","CRC","10yrs","Jefferson","Westwego, Marrero, Avondale, Bridge City, Waggaman",56.227,53.416,59.038,117021,54.189,51.479,56.898,137992,65.406,62.135,68.676,61773,25.96,62.06,49.85,1.67
"A9003","https://nci-naaccr-zone-design.github.io/louisiana-2020/?address=A9003","Both","Kidney","10yrs","Jefferson","Westwego, Marrero, Avondale, Bridge City, Waggaman",15.681,14.897,16.465,243283,17.42,16.549,18.291,305132,25.564,24.286,26.842,61773,25.96,62.06,49.85,1.67
"A9003","https://nci-naaccr-zone-design.github.io/louisiana-2020/?address=A9003","Female","Kidney","10yrs","Jefferson","Westwego, Marrero, Avondale, Bridge City, Waggaman",19.369,18.4,20.337,126262,20.019,19.018,21.02,167139,22.433,21.311,23.555,61773,25.96,62.06,49.85,1.67
"A9003","https://nci-naaccr-zone-design.github.io/louisiana-2020/?address=A9003","Male","Kidney","10yrs","Jefferson","Westwego, Marrero, Avondale, Bridge City, Waggaman",28.917,27.471,30.363,117021,21.868,20.774,22.961,137992,22.394,21.274,23.514,61773,25.96,62.06,49.85,1.67
"A9003","https://nci-naaccr-zone-design.github.io/louisiana-2020/?address=A9003","Both","NHL","10yrs","Jefferson","Westwego, Marrero, Avondale, Bridge City, Waggaman",15.109,14.354,15.865,243283,24.185,22.976,25.394,305132,18.385,17.466,19.304,61773,25.96,62.06,49.85,1.67
"A9003","https://nci-naaccr-zone-design.github.io/louisiana-2020/?address=A9003","Female","NHL","10yrs","Jefferson","Westwego, Marrero, Avondale, Bridge City, Waggaman",10.038,9.537,10.54,126262,17.344,16.476,18.211,167139,15.291,14.526,16.055,61773,25.96,62.06,49.85,1.67
"A9003","https://nci-naaccr-zone-design.github.io/louisiana-2020/?address=A9003","Male","NHL","10yrs","Jefferson","Westwego, Marrero, Avondale, Bridge City, Waggaman",18.997,18.047,19.947,117021,19.965,18.966,20.963,137992,20.783,19.744,21.822,61773,25.96,62.06,49.85,1.67
"A9003","https://nci-naaccr-zone-design.github.io/louisiana-2020/?address=A9003","Both","Urinary","10yrs","Jefferson","Westwego, Marrero, Avondale, Bridge City, Waggaman",26.022,24.721,27.323,243283,24.466,23.243,25.69,305132,21.573,20.494,22.651,61773,25.96,62.06,49.85,1.67
"A9003","https://nci-naaccr-zone-design.github.io/louisiana-2020/?address=A9003","Female","Urinary","10yrs","Jefferson","Westwego, Marrero, Avondale, Bridge City, Waggaman",8.924,8.478,9.37,126262,12.271,11.657,12.884,167139,5.138,4.881,5.395,61773,25.96,62.06,49.85,1.67
"A9003","https://nci-naaccr-zone-design.github.io/louisiana-2020/?address=A9003","Male","Urinary","10yrs","Jefferson","Westwego, Marrero, Avondale, Bridge City, Waggaman",44.983,42.734,47.232,117021,26.269,24.956,27.583,137992,40.406,38.386,42.426,61773,25.96,62.06,49.85,1.67
"A9003","https://nci-naaccr-zone-design.github.io/louisiana-2020/?address=A9003","Both","Mela","10yrs","Jefferson","Westwego, Marrero, Avondale, Bridge City, Waggaman",23.312,22.146,24.478,243283,23.973,22.775,25.172,305132,8.122,7.716,8.528,61773,25.96,62.06,49.85,1.67
"A9003","https://nci-naaccr-zone-design.github.io/louisiana-2020/?address=A9003","Female","Mela","10yrs","Jefferson","Westwego, Marrero, Avondale, Bridge City, Waggaman",19.294,18.33,20.259,126262,22.651,21.518,23.783,167139,15.741,14.954,16.529,61773,25.96,62.06,49.85,1.67
"A9003","https://nci-naaccr-zone-design.github.io/louisiana-2020/?address=A9003","Male","Mela","10yrs","Jefferson","Westwego, Marrero, Avondale, Bridge City, Waggaman",16.244,15.432,17.056,117021,7.61,7.229,7.99,137992,37.729,35.842,39.615,61773,25.96,62.06,49.85,1.67
"A9003","https://nci-naaccr-zone-design.github.io/louisiana-2020/?address=A9003","Both","Pancreas","10yrs","Jefferson","Westwego, Marrero, Avondale, Bridge City, Waggaman",15.831,15.04,16.623,243283,11.207,10.647,11.768,305132,14.031,13.33,14.733,61773,25.96,62.06,49.85,1.67
"A9003","https://nci-naaccr-zone-design.github.io/louisiana-2020/?address=A9003","Female","Pancreas","10yrs","Jefferson","Westwego, Marrero, Avondale, Bridge City, Waggaman",13.979,13.28,14.678,126262,11.642,11.06,12.224,167139,10.875,10.331,11.418,61773,25.96,62.06,49.85,1.67
"A9003","https://nci-naaccr-zone-design.github.io/louisiana-2020/?address=A9003","Male","Pancreas","10yrs","Jefferson","Westwego, Marrero, Avondale, Bridge City, Waggaman",10.84,10.298,11.382,117021,15.221,14.46,15.982,137992,19.187,18.227,20.146,61773,25.96,62.06,49.85,1.67
"A9003","https://nci-naaccr-zone-design.github.io/louisiana-2020/?address=A9003","Both","Leuks","10yrs","Jefferson","Westwego, Marrero, Avondale, Bridge City, Waggaman",14.257,13.544,14.97,243283,9.342,8.874,9.809,305132,10.397,9.877,10.916,61773,25.96,62.06,49.85,1.67
"A9003","https://nci-naaccr-zone-design.github.io/louisiana-2020/?address=A9003","Female","Leuks","10yrs","Jefferson","Westwego, Marrero, Avondale, Bridge City, Waggaman",9.454,8.982,9.927,126262,13.322,12.656,13.988,167139,9.267,8.804,9.73,61773,25.96,62.06,49.85,1.67
"A9003","https://nci-naaccr-zone-design.github.io/louisiana-2020/?address=A9003","Male","Leuks","10yrs","Jefferson","Westwego, Marrero, Avondale, Bridge City, Waggaman",21.857,20.764,22.95,117021,23.283,22.119,24.447,137992,18.491,17.566,19.415,61773,25.96,62.06,49.85,1.67
"A9003","https://nci-naaccr-zone-design.github.io/louisiana-2020/?address=A9003","Both","Oral","10yrs","Jefferson","Westwego, Marrero, Avondale, Bridge City, Waggaman",6.866,6.523,7.209,243283,8.677,8.243,9.111,305132,11.539,10.962,12.116,61773,25.96,62.06,49.85,1.67
"A9003","https://nci-naaccr-zone-design.github.io/louisiana-2020/?address=A9003","Female","Oral","10yrs","Jefferson","Westwego, Marrero, Avondale, Bridge City, Waggaman",3.733,3.547,3.92,126262,5.014,4.763,5.265,167139,3.57,3.391,3.748,61773,25.96,62.06,49.85,1.67
"A9003","https://nci-naaccr-zone-design.github.io/louisiana-2020/?address=A9003","Male","Oral","10yrs","Jefferson","Westwego, Marrero, Avondale, Bridge City, Waggaman",23.664,22.481,24.847,117021,18.958,18.01,19.906,137992,19.775,18.786,20.764,61773,25.96,62.06,49.85,1.67
"A9003","https://nci-naaccr-zone-design.github.io/louisiana-2020/?address=A9003","Both","Thyroid","10yrs","Jefferson","Westwego, Marrero, Avondale, Bridge City, Waggaman",17.724,16.838,18.61,243283,17.387,16.518,18.257,305132,9.921,9.425,10.417,61773,25.96,62.06,49.85,1.67
"A9003","https://nci-naaccr-zone-design.github.io/louisiana-2020/?address=A9003","Female","Thyroid","10yrs","Jefferson","Westwego, Marrero, Avondale, Bridge City, Waggaman",16.598,15.768,17.428,126262,23.972,22.773,25.17,167139,12.305,11.69,12.921,61773,25.96,62.06,49.85,1.67
"A9003","https://nci-naaccr-zone-design.github.io/louisiana-2020/?address=A9003","Male","Thyroid","10yrs","Jefferson","Westwego, Marrero, Avondale, Bridge City, Waggaman",7.834,7.442,8.225,117021,2.896,2.751,3.04,137992,7.0,6.65,7.35,61773,25.96,62.06,49.85,1.67
"A9003","https://nci-naaccr-zone-design.github.io/louisiana-2020/?address=A9003","Female","Uterine","10yrs","Jefferson","Westwego, Marrero, Avondale, Bridge City, Waggaman",16.123,15.317,16.929,126262,23.347,22.18,24.515,167139,23.151,21.994,24.309,61773,25.96,62.06,49.85,1.67
"A9003","https://nci-naaccr-zone-design.github.io/louisiana-2020/?address=A9003","Both","Liver","10yrs","Jefferson","Westwego, Marrero, Avondale, Bridge City, Waggaman",4.732,4.495,4.969,243283,5.156,4.898,5.414,305132,10.217,9.706,10.728,61773,25.96,62.06,49.85,1.67
"A9003","https://nci-naaccr-zone-design.github.io/louisiana-2020/?address=A9003","Female","Liver","10yrs","Jefferson","Westwego, Marrero, Avondale, Bridge City, Waggaman",6.48,6.156,6.804,126262,6.978,6.629,7.326,167139,3.389,3.219,3.558,61773,25.96,62.06,49.85,1.67
"A9003","https://nci-naaccr-zone-design.github.io/louisiana-2020/?address=A9003","Male","Liver","10yrs","Jefferson","Westwego, Marrero, Avondale, Bridge City, Waggaman",22.502,21.377,23.627,117021,11.525,10.949,12.101,137992,17.614,16.733,18.494,61773,25.96,62.06,49.85,1.67
"A9003","https://nci-naaccr-zone-design.github.io/louisiana-2020/?address=A9003","Both","Stomach","10yrs","Jefferson","Westwego, Marrero, Avondale, Bridge City, Waggaman",8.936,8.489,9.383,243283,7.276,6.913,7.64,305132,7.375,7.007,7.744,61773,25.96,62.06,49.85,1.67
"A9003","https://nci-naaccr-zone-design.github.io/louisiana-2020/?address=A9003","Female","Stomach","10yrs","Jefferson","Westwego, Marrero, Avondale, Bridge City, Waggaman",7.472,7.098,7.846,126262,9.555,9.077,10.033,167139,4.732,4.496,4.969,61773,25.96,62.06,49.85,1.67
"A9003","https://nci-naaccr-zone-design.github.io/louisiana-2020/?address=A9003","Male","Stomach","10yrs","Jefferson","Westwego, Marrero, Avondale, Bridge City, Waggaman",4.603,4.373,4.834,117021,10.292,9.777,10.806,137992,14.307,13.591,15.022,61773,25.96,62.06,49.85,1.67
"A9003","https://nci-naaccr-zone-design.github.io/louisiana-2020/?address=A9003","Both","Myeloma","10yrs","Jefferson","Westwego, Marrero, Avondale, Bridge City, Waggaman",5.532,5.256,5.809,243283,14.259,13.546,14.971,305132,4.95,4.702,5.197,61773,25.96,62.06,49.85,1.67
"A9003","https://nci-naaccr-zone-design.github.io/louisiana-2020/?address=A9003","Female","Myeloma","10yrs","Jefferson","Westwego, Marrero, Avondale, Bridge City, Waggaman",11.694,11.109,12.279,126262,3.551,3.374,3.729,167139,12.6,11.97,13.23,61773,25.96,62.06,49.85,1.67
"A9003","https://nci-naaccr-zone-design.github.io/louisiana-2020/?address=A9003","Male","Myeloma","10yrs","Jefferson","Westwego, Marrero, Avondale, Bridge City, Waggaman",12.954,12.306,13.601,117021,6.513,6.187,6.838,137992,16.858,16.016,17.701,61773,25.96,62.06,49.85,1.67
"A9003","https://nci-naaccr-zone-design.github.io/louisiana-2020/?address=A9003","Both","Brain","10yrs","Jefferson","Westwego, Marrero, Avondale, Bridge City, Waggaman",6.176,5.867,6.485,243283,7.093,6.738,7.448,305132,6.062,5.759,6.365,61773,25.96,62.06,49.85,1.67
"A9003","https://nci-naaccr-zone-design.github.io/louisiana-2020/?address=A9003","Female","Brain","10yrs","Jefferson","Westwego, Marrero, Avondale, Bridge City, Waggaman",7.756,7.368,8.144,126262,4.397,4.177,4.617,167139,6.973,6.624,7.321,61773,25.96,62.06,49.85,1.67
"A9003","https://nci-naaccr-zone-design.github.io/louisiana-2020/?address=A9003","Male","Brain","10yrs","Jefferson","Westwego, Marrero, Avondale, Bridge City, Waggaman",6.714,6.378,7.049,117021,7.312,6.946,7.677,137992,4.942,4.695,5.189,61773,25.96,62.06,49.85,1.67
"A9003","https://nci-naaccr-zone-design.github.io/louisiana-2020/?address=A9003","Both","Larynx","10yrs","Jefferson","Westwego, Marrero, Avondale, Bridge City, Waggaman",6.933,6.587,7.28,243283,2.708,2.572,2.843,305132,4.634,4.402,4.865,61773,25.96,62.06,49.85,1.67
"A9003","https://nci-naaccr-zone-design.github.io/louisiana-2020/?address=A9003","Female","Larynx","10yrs","Jefferson","Westwego, Marrero, Avondale, Bridge City, Waggaman",1.655,1.573,1.738,126262,2.432,2.31,2.553,167139,"","","",61773,25.96,62.06,49.85,1.67
"A9003","https://nci-naaccr-zone-design.github.io/louisiana-2020/?address=A9003","Male","Larynx","10yrs","Jefferson","Westwego, Marrero, Avondale, Bridge City, Waggaman",11.071,10.517,11.625,117021,7.352,6.984,7.719,137992,14.272,13.559,14.986,61773,25.96,62.06,49.85,1.67
"A9003","https://nci-naaccr-zone-design.github.io/louisiana-2020/?address=A9003","Female","Ovary","10yrs","Jefferson","Westwego, Marrero, Avondale, Bridge City, Waggaman",6.08,5.776,6.384,126262,10.823,10.282,11.364,167139,8.778,8.339,9.217,61773,25.96,62.06,49.85,1.67
"A9003","https://nci-naaccr-zone-design.github.io/louisiana-2020/?address=A9003","Both","Esoph","10yrs","Jefferson","Westwego, Marrero, Avondale, Bridge City, Waggaman",5.826,5.535,6.117,243283,5.833,5.541,6.124,305132,6.792,6.452,7.131,61773,25.96,62.06,49.85,1.67
"A9003","https://nci-naaccr-zone-design.github.io/louisiana-2020/?address=A9003","Female","Esoph","10yrs","Jefferson","Westwego, Marrero, Avondale, Bridge City, Waggaman",2.949,2.801,3.096,126262,"","","",167139,"","","",61773,25.96,62.06,49.85,1.67
"A9003","https://nci-naaccr-zone-design.github.io/louisiana-2020/?address=A9003","Male","Esoph","10yrs","Jefferson","Westwego, Marrero, Avondale, Bridge City, Waggaman",10.689,10.154,11.223,117021,7.912,7.516,8.307,137992,7.311,6.945,7.676,61773,25.96,62.06,49.85,1.67
