"Zone","URL","Sex","Cancer","Years","Counties","Places","AAIR","LCI","UCI","White_PopTot","White_AAIR","White_LCI","White_UCI","Black_PopTot","Black_AAIR","Black_LCI","Black_UCI","TotalPop","Pct100Pov","PctMinority","PctBlackNH","PctRural"
"B0044","https://nci-naaccr-zone-design.github.io/louisiana-2020/?address=B0044","Both","AllSite","05yrs","Avoyelles, Catahoula, Concordia","Center Point, Bordelonville, Minorca, Fifth Ward, Monterey, Spokane, Marksville, Wallace Ridge",540.679,513.645,567.713,230083,502.705,477.57,527.84,120210,482.948,458.801,507.096,73302,25.24,36.36,32.87,60.31
"B0044","https://nci-naaccr-zone-design.github.io/louisiana-2020/?address=B0044","Female","AllSite","05yrs","Avoyelles, Catahoula, Concordia","Center Point, Bordelonville, Minorca, Fifth Ward, Monterey, Spokane, Marksville, Wallace Ridge",395.242,375.48,415.005,115869,417.026,396.175,437.877,56803,403.491,383.317,423.666,73302,25.24,36.36,32.87,60.31
"B0044","https://nci-naaccr-zone-design.github.io/louisiana-2020/?address=B0044","Male","AllSite","05yrs","Avoyelles, Catahoula, Concordia","Center Point, Bordelonville, Minorca, Fifth Ward, Monterey, Spokane, Marksville, Wallace Ridge",606.729,576.393,637.066,114214,589.842,560.35,619.334,63407,658.565,625.636,691.493,73302,25.24,36.36,32.87,60.31
"B0044","https://nci-naaccr-zone-design.github.io/louisiana-2020/?address=B0044","Male","Prostate","05yrs","Avoyelles, Catahoula, Concordia","Center Point, Bordelonville, Minorca, Fifth Ward, Monterey, Spokane, Marksville, Wallace Ridge",128.09,121.685,134.494,114214,165.345,157.078,173.612,63407,190.193,180.683,199.702,73302,25.24,36.36,32.87,60.31
"B0044","https://nci-naaccr-zone-design.github.io/louisiana-2020/?address=B0044","Both","Lung","05yrs","Avoyelles, Catahoula, Concordia","Center Point, Bordelonville, Minorca, Fifth Ward, Monterey, Spokane, Marksville, Wallace Ridge",79.467,75.493,83.44,230083,61.816,58.725,64.906,120210,68.534,65.108,71.961,73302,25.24,36.36,32.87,60.31
"B0044","https://nci-naaccr-zone-design.github.io/louisiana-2020/?address=B0044","Female","Lung","05yrs","Avoyelles, Catahoula, Concordia","Center Point, Bordelonville, Minorca, Fifth Ward, Monterey, Spokane, Marksville, Wallace Ridge",44.26,42.047,46.473,115869,62.693,59.558,65.827,56803,63.646,60.464,66.828,73302,25.24,36.36,32.87,60.31
"B0044","https://nci-naaccr-zone-design.github.io/louisiana-2020/?address=B0044","Male","Lung","05yrs","Avoyelles, Catahoula, Concordia","Center Point, Bordelonville, Minorca, Fifth Ward, Monterey, Spokane, Marksville, Wallace Ridge",107.818,102.427,113.209,114214,80.365,76.347,84.383,63407,55.726,52.94,58.512,73302,25.24,36.36,32.87,60.31
"B0044","https://nci-naaccr-zone-design.github.io/louisiana-2020/?address=B0044","Female","Breast","05yrs","Avoyelles, Catahoula, Concordia","Center Point, Bordelonville, Minorca, Fifth Ward, Monterey, Spokane, Marksville, Wallace Ridge",129.098,122.643,135.553,115869,143.67,136.487,150.854,56803,134.42,127.699,141.141,73302,25.24,36.36,32.87,60.31
"B0044","https://nci-naaccr-zone-design.github.io/louisiana-2020/?address=B0044","Both","CRC","05yrs","Avoyelles, Catahoula, Concordia","Center Point, Bordelonville, Minorca, Fifth Ward, Monterey, Spokane, Marksville, Wallace Ridge",54.997,52.247,57.747,230083,40.46,38.437,42.483,120210,51.929,49.333,54.526,73302,25.24,36.36,32.87,60.31
"B0044","https://nci-naaccr-zone-design.github.io/louisiana-2020/?address=B0044","Female","CRC","05yrs","Avoyelles, Catahoula, Concordia","Center Point, Bordelonville, Minorca, Fifth Ward, Monterey, Spokane, Marksville, Wallace Ridge",31.68,30.096,33.264,115869,40.209,38.198,42.219,56803,31.471,29.897,33.044,73302,25.24,36.36,32.87,60.31
"B0044","https://nci-naaccr-zone-design.github.io/louisiana-2020/?address=B0044","Male","CRC","05yrs","Avoyelles, Catahoula, Concordia","Center Point, Bordelonville, Minorca, Fifth Ward, Monterey, Spokane, Marksville, Wallace Ridge",37.41,35.54,39.281,114214,72.177,68.568,75.786,63407,53.488,50.814,56.163,73302,25.24,36.36,32.87,60.31
"B0044","https://nci-naaccr-zone-design.github.io/louisiana-2020/?address=B0044","Both","Kidney","05yrs","Avoyelles, Catahoula, Concordia","Center Point, Bordelonville, Minorca, Fifth Ward, Monterey, Spokane, Marksville, Wallace Ridge",15.235,14.473,15.997,230083,24.021,22.82,25.222,120210,17.432,16.561,18.304,73302,25.24,36.36,32.87,60.31
"B0044","https://nci-naaccr-zone-design.github.io/louisiana-2020/?address=B0044","Female","Kidney","05yrs","Avoyelles, Catahoula, Concordia","Center Point, Bordelonville, Minorca, Fifth Ward, Monterey, Spokane, Marksville, Wallace Ridge",12.346,11.728,12.963,115869,13.241,12.579,13.903,56803,22.006,20.906,23.106,73302,25.24,36.36,32.87,60.31
"B0044","https://nci-naaccr-zone-design.github.io/louisiana-2020/?address=B0044","Male","Kidney","05yrs","Avoyelles, Catahoula, Concordia","Center Point, Bordelonville, Minorca, Fifth Ward, Monterey, Spokane, Marksville, Wallace Ridge",19.859,18.866,20.851,114214,28.036,26.634,29.437,63407,19.999,18.999,20.999,73302,25.24,36.36,32.87,60.31
"B0044","https://nci-naaccr-zone-design.github.io/louisiana-2020/?address=B0044","Both","NHL","05yrs","Avoyelles, Catahoula, Concordia","Center Point, Bordelonville, Minorca, Fifth Ward, Monterey, Spokane, Marksville, Wallace Ridge",17.273,16.41,18.137,230083,16.153,15.345,16.96,120210,23.866,22.673,25.059,73302,25.24,36.36,32.87,60.31
"B0044","https://nci-naaccr-zone-design.github.io/louisiana-2020/?address=B0044","Female","NHL","05yrs","Avoyelles, Catahoula, Concordia","Center Point, Bordelonville, Minorca, Fifth Ward, Monterey, Spokane, Marksville, Wallace Ridge",13.942,13.245,14.64,115869,16.528,15.702,17.354,56803,9.523,9.047,10.0,73302,25.24,36.36,32.87,60.31
"B0044","https://nci-naaccr-zone-design.github.io/louisiana-2020/?address=B0044","Male","NHL","05yrs","Avoyelles, Catahoula, Concordia","Center Point, Bordelonville, Minorca, Fifth Ward, Monterey, Spokane, Marksville, Wallace Ridge",26.285,24.971,27.599,114214,20.753,19.716,21.791,63407,21.075,20.022,22.129,73302,25.24,36.36,32.87,60.31
"B0044","https://nci-naaccr-zone-design.github.io/louisiana-2020/?address=B0044","Both","Urinary","05yrs","Avoyelles, Catahoula, Concordia","Center Point, Bordelonville, Minorca, Fifth Ward, Monterey, Spokane, Marksville, Wallace Ridge",22.233,21.121,23.345,230083,23.286,22.121,24.45,120210,26.564,25.236,27.892,73302,25.24,36.36,32.87,60.31
"B0044","https://nci-naaccr-zone-design.github.io/louisiana-2020/?address=B0044","Female","Urinary","05yrs","Avoyelles, Catahoula, Concordia","Center Point, Bordelonville, Minorca, Fifth Ward, Monterey, Spokane, Marksville, Wallace Ridge",4.616,4.385,4.846,115869,8.142,7.735,8.549,56803,"","","",73302,25.24,36.36,32.87,60.31
"B0044","https://nci-naaccr-zone-design.github.io/louisiana-2020/?address=B0044","Male","Urinary","05yrs","Avoyelles, Catahoula, Concordia","Center Point, Bordelonville, Minorca, Fifth Ward, Monterey, Spokane, Marksville, Wallace Ridge",33.701,32.016,35.387,114214,22.981,21.832,24.13,63407,49.479,47.005,51.953,73302,25.24,36.36,32.87,60.31
"B0044","https://nci-naaccr-zone-design.github.io/louisiana-2020/?address=B0044","Both","Mela","05yrs","Avoyelles, Catahoula, Concordia","Center Point, Bordelonville, Minorca, Fifth Ward, Monterey, Spokane, Marksville, Wallace Ridge",17.681,16.797,18.565,230083,22.792,21.653,23.932,120210,12.592,11.963,13.222,73302,25.24,36.36,32.87,60.31
"B0044","https://nci-naaccr-zone-design.github.io/louisiana-2020/?address=B0044","Female","Mela","05yrs","Avoyelles, Catahoula, Concordia","Center Point, Bordelonville, Minorca, Fifth Ward, Monterey, Spokane, Marksville, Wallace Ridge",8.956,8.508,9.404,115869,8.51,8.085,8.936,56803,20.803,19.763,21.843,73302,25.24,36.36,32.87,60.31
"B0044","https://nci-naaccr-zone-design.github.io/louisiana-2020/?address=B0044","Male","Mela","05yrs","Avoyelles, Catahoula, Concordia","Center Point, Bordelonville, Minorca, Fifth Ward, Monterey, Spokane, Marksville, Wallace Ridge",15.339,14.572,16.106,114214,6.587,6.258,6.917,63407,30.412,28.892,31.933,73302,25.24,36.36,32.87,60.31
"B0044","https://nci-naaccr-zone-design.github.io/louisiana-2020/?address=B0044","Both","Pancreas","05yrs","Avoyelles, Catahoula, Concordia","Center Point, Bordelonville, Minorca, Fifth Ward, Monterey, Spokane, Marksville, Wallace Ridge",12.659,12.026,13.292,230083,10.402,9.882,10.923,120210,15.999,15.199,16.799,73302,25.24,36.36,32.87,60.31
"B0044","https://nci-naaccr-zone-design.github.io/louisiana-2020/?address=B0044","Female","Pancreas","05yrs","Avoyelles, Catahoula, Concordia","Center Point, Bordelonville, Minorca, Fifth Ward, Monterey, Spokane, Marksville, Wallace Ridge",17.27,16.407,18.134,115869,14.012,13.311,14.713,56803,9.982,9.483,10.481,73302,25.24,36.36,32.87,60.31
"B0044","https://nci-naaccr-zone-design.github.io/louisiana-2020/?address=B0044","Male","Pancreas","05yrs","Avoyelles, Catahoula, Concordia","Center Point, Bordelonville, Minorca, Fifth Ward, Monterey, Spokane, Marksville, Wallace Ridge",15.905,15.11,16.701,114214,18.984,18.035,19.933,63407,20.225,19.214,21.236,73302,25.24,36.36,32.87,60.31
"B0044","https://nci-naaccr-zone-design.github.io/louisiana-2020/?address=B0044","Both","Leuks","05yrs","Avoyelles, Catahoula, Concordia","Center Point, Bordelonville, Minorca, Fifth Ward, Monterey, Spokane, Marksville, Wallace Ridge",9.788,9.299,10.277,230083,16.736,15.899,17.572,120210,11.638,11.057,12.22,73302,25.24,36.36,32.87,60.31
"B0044","https://nci-naaccr-zone-design.github.io/louisiana-2020/?address=B0044","Female","Leuks","05yrs","Avoyelles, Catahoula, Concordia","Center Point, Bordelonville, Minorca, Fifth Ward, Monterey, Spokane, Marksville, Wallace Ridge",14.233,13.521,14.944,115869,15.238,14.476,16.0,56803,10.923,10.376,11.469,73302,25.24,36.36,32.87,60.31
"B0044","https://nci-naaccr-zone-design.github.io/louisiana-2020/?address=B0044","Male","Leuks","05yrs","Avoyelles, Catahoula, Concordia","Center Point, Bordelonville, Minorca, Fifth Ward, Monterey, Spokane, Marksville, Wallace Ridge",20.721,19.685,21.757,114214,17.318,16.452,18.184,63407,22.87,21.727,24.014,73302,25.24,36.36,32.87,60.31
"B0044","https://nci-naaccr-zone-design.github.io/louisiana-2020/?address=B0044","Both","Oral","05yrs","Avoyelles, Catahoula, Concordia","Center Point, Bordelonville, Minorca, Fifth Ward, Monterey, Spokane, Marksville, Wallace Ridge",12.957,12.309,13.605,230083,14.744,14.007,15.481,120210,7.981,7.582,8.38,73302,25.24,36.36,32.87,60.31
"B0044","https://nci-naaccr-zone-design.github.io/louisiana-2020/?address=B0044","Female","Oral","05yrs","Avoyelles, Catahoula, Concordia","Center Point, Bordelonville, Minorca, Fifth Ward, Monterey, Spokane, Marksville, Wallace Ridge",7.989,7.59,8.389,115869,8.19,7.78,8.599,56803,8.174,7.765,8.583,73302,25.24,36.36,32.87,60.31
"B0044","https://nci-naaccr-zone-design.github.io/louisiana-2020/?address=B0044","Male","Oral","05yrs","Avoyelles, Catahoula, Concordia","Center Point, Bordelonville, Minorca, Fifth Ward, Monterey, Spokane, Marksville, Wallace Ridge",10.184,9.674,10.693,114214,22.096,20.991,23.201,63407,24.94,23.693,26.187,73302,25.24,36.36,32.87,60.31
"B0044","https://nci-naaccr-zone-design.github.io/louisiana-2020/?address=B0044","Both","Thyroid","05yrs","Avoyelles, Catahoula, Concordia","Center Point, Bordelonville, Minorca, Fifth Ward, Monterey, Spokane, Marksville, Wallace Ridge",17.453,16.58,18.325,230083,12.864,12.221,13.508,120210,11.091,10.537,11.646,73302,25.24,36.36,32.87,60.31
"B0044","https://nci-naaccr-zone-design.github.io/louisiana-2020/?address=B0044","Female","Thyroid","05yrs","Avoyelles, Catahoula, Concordia","Center Point, Bordelonville, Minorca, Fifth Ward, Monterey, Spokane, Marksville, Wallace Ridge",20.952,19.904,22.0,115869,23.033,21.882,24.185,56803,13.048,12.396,13.701,73302,25.24,36.36,32.87,60.31
"B0044","https://nci-naaccr-zone-design.github.io/louisiana-2020/?address=B0044","Male","Thyroid","05yrs","Avoyelles, Catahoula, Concordia","Center Point, Bordelonville, Minorca, Fifth Ward, Monterey, Spokane, Marksville, Wallace Ridge",6.375,6.056,6.694,114214,"","","",63407,9.055,8.602,9.507,73302,25.24,36.36,32.87,60.31
"B0044","https://nci-naaccr-zone-design.github.io/louisiana-2020/?address=B0044","Female","Uterine","05yrs","Avoyelles, Catahoula, Concordia","Center Point, Bordelonville, Minorca, Fifth Ward, Monterey, Spokane, Marksville, Wallace Ridge",16.637,15.806,17.469,115869,20.006,19.006,21.006,56803,22.959,21.811,24.107,73302,25.24,36.36,32.87,60.31
"B0044","https://nci-naaccr-zone-design.github.io/louisiana-2020/?address=B0044","Both","Liver","05yrs","Avoyelles, Catahoula, Concordia","Center Point, Bordelonville, Minorca, Fifth Ward, Monterey, Spokane, Marksville, Wallace Ridge",13.312,12.646,13.978,230083,6.109,5.804,6.415,120210,6.525,6.199,6.851,73302,25.24,36.36,32.87,60.31
"B0044","https://nci-naaccr-zone-design.github.io/louisiana-2020/?address=B0044","Female","Liver","05yrs","Avoyelles, Catahoula, Concordia","Center Point, Bordelonville, Minorca, Fifth Ward, Monterey, Spokane, Marksville, Wallace Ridge",3.979,3.78,4.178,115869,4.771,4.532,5.009,56803,7.592,7.213,7.972,73302,25.24,36.36,32.87,60.31
"B0044","https://nci-naaccr-zone-design.github.io/louisiana-2020/?address=B0044","Male","Liver","05yrs","Avoyelles, Catahoula, Concordia","Center Point, Bordelonville, Minorca, Fifth Ward, Monterey, Spokane, Marksville, Wallace Ridge",21.783,20.694,22.872,114214,17.401,16.531,18.271,63407,22.097,20.993,23.202,73302,25.24,36.36,32.87,60.31
"B0044","https://nci-naaccr-zone-design.github.io/louisiana-2020/?address=B0044","Both","Stomach","05yrs","Avoyelles, Catahoula, Concordia","Center Point, Bordelonville, Minorca, Fifth Ward, Monterey, Spokane, Marksville, Wallace Ridge",8.014,7.613,8.414,230083,5.388,5.119,5.658,120210,7.052,6.699,7.404,73302,25.24,36.36,32.87,60.31
"B0044","https://nci-naaccr-zone-design.github.io/louisiana-2020/?address=B0044","Female","Stomach","05yrs","Avoyelles, Catahoula, Concordia","Center Point, Bordelonville, Minorca, Fifth Ward, Monterey, Spokane, Marksville, Wallace Ridge",3.37,3.202,3.539,115869,3.27,3.107,3.434,56803,5.612,5.331,5.893,73302,25.24,36.36,32.87,60.31
"B0044","https://nci-naaccr-zone-design.github.io/louisiana-2020/?address=B0044","Male","Stomach","05yrs","Avoyelles, Catahoula, Concordia","Center Point, Bordelonville, Minorca, Fifth Ward, Monterey, Spokane, Marksville, Wallace Ridge",8.782,8.343,9.221,114214,6.661,6.328,6.994,63407,7.299,6.934,7.664,73302,25.24,36.36,32.87,60.31
"B0044","https://nci-naaccr-zone-design.github.io/louisiana-2020/?address=B0044","Both","Myeloma","05yrs","Avoyelles, Catahoula, Concordia","Center Point, Bordelonville, Minorca, Fifth Ward, Monterey, Spokane, Marksville, Wallace Ridge",14.607,13.877,15.338,230083,12.676,12.042,13.309,120210,5.103,4.848,5.358,73302,25.24,36.36,32.87,60.31
"B0044","https://nci-naaccr-zone-design.github.io/louisiana-2020/?address=B0044","Female","Myeloma","05yrs","Avoyelles, Catahoula, Concordia","Center Point, Bordelonville, Minorca, Fifth Ward, Monterey, Spokane, Marksville, Wallace Ridge",10.762,10.224,11.3,115869,3.567,3.388,3.745,56803,8.484,8.06,8.908,73302,25.24,36.36,32.87,60.31
"B0044","https://nci-naaccr-zone-design.github.io/louisiana-2020/?address=B0044","Male","Myeloma","05yrs","Avoyelles, Catahoula, Concordia","Center Point, Bordelonville, Minorca, Fifth Ward, Monterey, Spokane, Marksville, Wallace Ridge",10.101,9.596,10.606,114214,10.451,9.929,10.974,63407,6.098,5.793,6.403,73302,25.24,36.36,32.87,60.31
"B0044","https://nci-naaccr-zone-design.github.io/louisiana-2020/?address=B0044","Both","Brain","05yrs","Avoyelles, Catahoula, Concordia","Center Point, Bordelonville, Minorca, Fifth Ward, Monterey, Spokane, Marksville, Wallace Ridge",4.068,3.864,4.271,230083,4.22,4.009,4.431,120210,4.227,4.016,4.439,73302,25.24,36.36,32.87,60.31
"B0044","https://nci-naaccr-zone-design.github.io/louisiana-2020/?address=B0044","Female","Brain","05yrs","Avoyelles, Catahoula, Concordia","Center Point, Bordelonville, Minorca, Fifth Ward, Monterey, Spokane, Marksville, Wallace Ridge",7.48,7.106,7.854,115869,3.197,3.037,3.356,56803,"","","",73302,25.24,36.36,32.87,60.31
"B0044","https://nci-naaccr-zone-design.github.io/louisiana-2020/?address=B0044","Male","Brain","05yrs","Avoyelles, Catahoula, Concordia","Center Point, Bordelonville, Minorca, Fifth Ward, Monterey, Spokane, Marksville, Wallace Ridge",7.011,6.661,7.362,114214,3.864,3.671,4.057,63407,5.116,4.86,5.372,73302,25.24,36.36,32.87,60.31
"B0044","https://nci-naaccr-zone-design.github.io/louisiana-2020/?address=B0044","Both","Larynx","05yrs","Avoyelles, Catahoula, Concordia","Center Point, Bordelonville, Minorca, Fifth Ward, Monterey, Spokane, Marksville, Wallace Ridge",3.526,3.35,3.702,230083,7.423,7.052,7.794,120210,3.507,3.331,3.682,73302,25.24,36.36,32.87,60.31
"B0044","https://nci-naaccr-zone-design.github.io/louisiana-2020/?address=B0044","Female","Larynx","05yrs","Avoyelles, Catahoula, Concordia","Center Point, Bordelonville, Minorca, Fifth Ward, Monterey, Spokane, Marksville, Wallace Ridge",2.096,1.991,2.201,115869,3.122,2.965,3.278,56803,"","","",73302,25.24,36.36,32.87,60.31
"B0044","https://nci-naaccr-zone-design.github.io/louisiana-2020/?address=B0044","Male","Larynx","05yrs","Avoyelles, Catahoula, Concordia","Center Point, Bordelonville, Minorca, Fifth Ward, Monterey, Spokane, Marksville, Wallace Ridge",10.431,9.91,10.953,114214,6.841,6.499,7.184,63407,4.964,4.716,5.212,73302,25.24,36.36,32.87,60.31
"B0044","https://nci-naaccr-zone-design.github.io/louisiana-2020/?address=B0044","Female","Ovary","05yrs","Avoyelles, Catahoula, Concordia","Center Point, Bordelonville, Minorca, Fifth Ward, Monterey, Spokane, Marksville, Wallace Ridge",3.9,3.705,4.095,115869,14.392,13.673,15.112,56803,6.855,6.512,7.198,73302,25.24,36.36,32.87,60.31
"B0044","https://nci-naaccr-zone-design.github.io/louisiana-2020/?address=B0044","Both","Esoph","05yrs","Avoyelles, Catahoula, Concordia","Center Point, Bordelonville, Minorca, Fifth Ward, Monterey, Spokane, Marksville, Wallace Ridge",4.345,4.128,4.562,230083,6.396,6.076,6.716,120210,4.26,4.047,4.473,73302,25.24,36.36,32.87,60.31
"B0044","https://nci-naaccr-zone-design.github.io/louisiana-2020/?address=B0044","Female","Esoph","05yrs","Avoyelles, Catahoula, Concordia","Center Point, Bordelonville, Minorca, Fifth Ward, Monterey, Spokane, Marksville, Wallace Ridge",3.855,3.662,4.048,115869,"","","",56803,"","","",73302,25.24,36.36,32.87,60.31
"B0044","https://nci-naaccr-zone-design.github.io/louisiana-2020/?address=B0044","Male","Esoph","05yrs","Avoyelles, Catahoula, Concordia","Center Point, Bordelonville, Minorca, Fifth Ward, Monterey, Spokane, Marksville, Wallace Ridge",7.232,6.871,7.594,114214,10.834,10.292,11.376,63407,11.535,10.958,12.112,73302,25.24,36.36,32.87,60.31
"B0044","https://nci-naaccr-zone-design.github.io/louisiana-2020/?address=B0044","Both","AllSite","10yrs","Avoyelles, Catahoula, Concordia","Center Point, Bordelonville, Minorca, Fifth Ward, Monterey, Spokane, Marksville, Wallace Ridge",515.268,489.505,541.032,464249,479.577,455.598,503.556,242437,511.108,485.553,536.664,73302,25.24,36.36,32.87,60.31
"B0044","https://nci-naaccr-zone-design.github.io/louisiana-2020/?address=B0044","Female","AllSite","10yrs","Avoyelles, Catahoula, Concordia","Center Point, Bordelonville, Minorca, Fifth Ward, Monterey, Spokane, Marksville, Wallace Ridge",379.142,360.185,398.099,234203,382.7,363.565,401.835,115451,384.398,365.178,403.618,73302,25.24,36.36,32.87,60.31
"B0044","https://nci-naaccr-zone-design.github.io/louisiana-2020/?address=B0044","Male","AllSite","10yrs","Avoyelles, Catahoula, Concordia","Center Point, Bordelonville, Minorca, Fifth Ward, Monterey, Spokane, Marksville, Wallace Ridge",664.918,631.672,698.163,230046,561.103,533.047,589.158,126986,587.575,558.196,616.954,73302,25.24,36.36,32.87,60.31
"B0044","https://nci-naaccr-zone-design.github.io/louisiana-2020/?address=B0044","Male","Prostate","10yrs","Avoyelles, Catahoula, Concordia","Center Point, Bordelonville, Minorca, Fifth Ward, Monterey, Spokane, Marksville, Wallace Ridge",196.537,186.71,206.364,230046,197.193,187.334,207.053,126986,146.102,138.797,153.408,73302,25.24,36.36,32.87,60.31
"B0044","https://nci-naaccr-zone-design.github.io/louisiana-2020/?address=B0044","Both","Lung","10yrs","Avoyelles, Catahoula, Concordia","Center Point, Bordelonville, Minorca, Fifth Ward, Monterey, Spokane, Marksville, Wallace Ridge",47.975,45.576,50.374,464249,69.133,65.676,72.589,242437,60.058,57.055,63.061,73302,25.24,36.36,32.87,60.31
"B0044","https://nci-naaccr-zone-design.github.io/louisiana-2020/?address=B0044","Female","Lung","10yrs","Avoyelles, Catahoula, Concordia","Center Point, Bordelonville, Minorca, Fifth Ward, Monterey, Spokane, Marksville, Wallace Ridge",41.491,39.416,43.565,234203,72.912,69.266,76.558,115451,68.413,64.993,71.834,73302,25.24,36.36,32.87,60.31
"B0044","https://nci-naaccr-zone-design.github.io/louisiana-2020/?address=B0044","Male","Lung","10yrs","Avoyelles, Catahoula, Concordia","Center Point, Bordelonville, Minorca, Fifth Ward, Monterey, Spokane, Marksville, Wallace Ridge",80.477,76.453,84.501,230046,70.442,66.92,73.964,126986,95.409,90.638,100.179,73302,25.24,36.36,32.87,60.31
"B0044","https://nci-naaccr-zone-design.github.io/louisiana-2020/?address=B0044","Female","Breast","10yrs","Avoyelles, Catahoula, Concordia","Center Point, Bordelonville, Minorca, Fifth Ward, Monterey, Spokane, Marksville, Wallace Ridge",128.804,122.364,135.244,234203,136.64,129.808,143.472,115451,108.204,102.794,113.614,73302,25.24,36.36,32.87,60.31
"B0044","https://nci-naaccr-zone-design.github.io/louisiana-2020/?address=B0044","Both","CRC","10yrs","Avoyelles, Catahoula, Concordia","Center Point, Bordelonville, Minorca, Fifth Ward, Monterey, Spokane, Marksville, Wallace Ridge",44.849,42.607,47.092,464249,59.976,56.977,62.975,242437,59.699,56.714,62.684,73302,25.24,36.36,32.87,60.31
"B0044","https://nci-naaccr-zone-design.github.io/louisiana-2020/?address=B0044","Female","CRC","10yrs","Avoyelles, Catahoula, Concordia","Center Point, Bordelonville, Minorca, Fifth Ward, Monterey, Spokane, Marksville, Wallace Ridge",44.499,42.274,46.724,234203,48.294,45.879,50.709,115451,32.673,31.039,34.307,73302,25.24,36.36,32.87,60.31
"B0044","https://nci-naaccr-zone-design.github.io/louisiana-2020/?address=B0044","Male","CRC","10yrs","Avoyelles, Catahoula, Concordia","Center Point, Bordelonville, Minorca, Fifth Ward, Monterey, Spokane, Marksville, Wallace Ridge",68.694,65.259,72.129,230046,44.749,42.511,46.986,126986,62.37,59.251,65.488,73302,25.24,36.36,32.87,60.31
"B0044","https://nci-naaccr-zone-design.github.io/louisiana-2020/?address=B0044","Both","Kidney","10yrs","Avoyelles, Catahoula, Concordia","Center Point, Bordelonville, Minorca, Fifth Ward, Monterey, Spokane, Marksville, Wallace Ridge",24.13,22.924,25.337,464249,16.245,15.433,17.057,242437,23.752,22.564,24.939,73302,25.24,36.36,32.87,60.31
"B0044","https://nci-naaccr-zone-design.github.io/louisiana-2020/?address=B0044","Female","Kidney","10yrs","Avoyelles, Catahoula, Concordia","Center Point, Bordelonville, Minorca, Fifth Ward, Monterey, Spokane, Marksville, Wallace Ridge",11.645,11.063,12.228,234203,18.352,17.434,19.27,115451,10.914,10.368,11.459,73302,25.24,36.36,32.87,60.31
"B0044","https://nci-naaccr-zone-design.github.io/louisiana-2020/?address=B0044","Male","Kidney","10yrs","Avoyelles, Catahoula, Concordia","Center Point, Bordelonville, Minorca, Fifth Ward, Monterey, Spokane, Marksville, Wallace Ridge",36.454,34.631,38.277,230046,25.329,24.063,26.596,126986,21.841,20.749,22.933,73302,25.24,36.36,32.87,60.31
"B0044","https://nci-naaccr-zone-design.github.io/louisiana-2020/?address=B0044","Both","NHL","10yrs","Avoyelles, Catahoula, Concordia","Center Point, Bordelonville, Minorca, Fifth Ward, Monterey, Spokane, Marksville, Wallace Ridge",22.199,21.089,23.309,464249,23.278,22.114,24.442,242437,16.298,15.483,17.113,73302,25.24,36.36,32.87,60.31
"B0044","https://nci-naaccr-zone-design.github.io/louisiana-2020/?address=B0044","Female","NHL","10yrs","Avoyelles, Catahoula, Concordia","Center Point, Bordelonville, Minorca, Fifth Ward, Monterey, Spokane, Marksville, Wallace Ridge",21.288,20.224,22.352,234203,13.278,12.614,13.942,115451,15.497,14.722,16.272,73302,25.24,36.36,32.87,60.31
"B0044","https://nci-naaccr-zone-design.github.io/louisiana-2020/?address=B0044","Male","NHL","10yrs","Avoyelles, Catahoula, Concordia","Center Point, Bordelonville, Minorca, Fifth Ward, Monterey, Spokane, Marksville, Wallace Ridge",30.002,28.502,31.502,230046,16.602,15.772,17.432,126986,17.798,16.908,18.687,73302,25.24,36.36,32.87,60.31
"B0044","https://nci-naaccr-zone-design.github.io/louisiana-2020/?address=B0044","Both","Urinary","10yrs","Avoyelles, Catahoula, Concordia","Center Point, Bordelonville, Minorca, Fifth Ward, Monterey, Spokane, Marksville, Wallace Ridge",23.247,22.084,24.409,464249,18.423,17.502,19.344,242437,14.478,13.754,15.202,73302,25.24,36.36,32.87,60.31
"B0044","https://nci-naaccr-zone-design.github.io/louisiana-2020/?address=B0044","Female","Urinary","10yrs","Avoyelles, Catahoula, Concordia","Center Point, Bordelonville, Minorca, Fifth Ward, Monterey, Spokane, Marksville, Wallace Ridge",6.373,6.054,6.691,234203,12.428,11.806,13.049,115451,6.687,6.352,7.021,73302,25.24,36.36,32.87,60.31
"B0044","https://nci-naaccr-zone-design.github.io/louisiana-2020/?address=B0044","Male","Urinary","10yrs","Avoyelles, Catahoula, Concordia","Center Point, Bordelonville, Minorca, Fifth Ward, Monterey, Spokane, Marksville, Wallace Ridge",49.759,47.271,52.247,230046,38.111,36.206,40.017,126986,46.168,43.859,48.476,73302,25.24,36.36,32.87,60.31
"B0044","https://nci-naaccr-zone-design.github.io/louisiana-2020/?address=B0044","Both","Mela","10yrs","Avoyelles, Catahoula, Concordia","Center Point, Bordelonville, Minorca, Fifth Ward, Monterey, Spokane, Marksville, Wallace Ridge",5.269,5.005,5.532,464249,3.246,3.084,3.408,242437,27.528,26.152,28.905,73302,25.24,36.36,32.87,60.31
"B0044","https://nci-naaccr-zone-design.github.io/louisiana-2020/?address=B0044","Female","Mela","10yrs","Avoyelles, Catahoula, Concordia","Center Point, Bordelonville, Minorca, Fifth Ward, Monterey, Spokane, Marksville, Wallace Ridge",3.387,3.217,3.556,234203,9.59,9.111,10.07,115451,10.02,9.519,10.521,73302,25.24,36.36,32.87,60.31
"B0044","https://nci-naaccr-zone-design.github.io/louisiana-2020/?address=B0044","Male","Mela","10yrs","Avoyelles, Catahoula, Concordia","Center Point, Bordelonville, Minorca, Fifth Ward, Monterey, Spokane, Marksville, Wallace Ridge",8.555,8.127,8.982,230046,36.317,34.501,38.133,126986,32.123,30.517,33.729,73302,25.24,36.36,32.87,60.31
"B0044","https://nci-naaccr-zone-design.github.io/louisiana-2020/?address=B0044","Both","Pancreas","10yrs","Avoyelles, Catahoula, Concordia","Center Point, Bordelonville, Minorca, Fifth Ward, Monterey, Spokane, Marksville, Wallace Ridge",10.295,9.781,10.81,464249,10.22,9.709,10.731,242437,11.139,10.582,11.696,73302,25.24,36.36,32.87,60.31
"B0044","https://nci-naaccr-zone-design.github.io/louisiana-2020/?address=B0044","Female","Pancreas","10yrs","Avoyelles, Catahoula, Concordia","Center Point, Bordelonville, Minorca, Fifth Ward, Monterey, Spokane, Marksville, Wallace Ridge",9.847,9.355,10.34,234203,13.35,12.682,14.017,115451,17.474,16.6,18.347,73302,25.24,36.36,32.87,60.31
"B0044","https://nci-naaccr-zone-design.github.io/louisiana-2020/?address=B0044","Male","Pancreas","10yrs","Avoyelles, Catahoula, Concordia","Center Point, Bordelonville, Minorca, Fifth Ward, Monterey, Spokane, Marksville, Wallace Ridge",15.746,14.959,16.533,230046,20.873,19.83,21.917,126986,17.701,16.816,18.586,73302,25.24,36.36,32.87,60.31
"B0044","https://nci-naaccr-zone-design.github.io/louisiana-2020/?address=B0044","Both","Leuks","10yrs","Avoyelles, Catahoula, Concordia","Center Point, Bordelonville, Minorca, Fifth Ward, Monterey, Spokane, Marksville, Wallace Ridge",10.172,9.664,10.681,464249,12.786,12.147,13.426,242437,13.984,13.285,14.683,73302,25.24,36.36,32.87,60.31
"B0044","https://nci-naaccr-zone-design.github.io/louisiana-2020/?address=B0044","Female","Leuks","10yrs","Avoyelles, Catahoula, Concordia","Center Point, Bordelonville, Minorca, Fifth Ward, Monterey, Spokane, Marksville, Wallace Ridge",14.695,13.96,15.429,234203,10.696,10.162,11.231,115451,8.682,8.248,9.116,73302,25.24,36.36,32.87,60.31
"B0044","https://nci-naaccr-zone-design.github.io/louisiana-2020/?address=B0044","Male","Leuks","10yrs","Avoyelles, Catahoula, Concordia","Center Point, Bordelonville, Minorca, Fifth Ward, Monterey, Spokane, Marksville, Wallace Ridge",12.463,11.84,13.086,230046,10.893,10.348,11.438,126986,19.124,18.168,20.08,73302,25.24,36.36,32.87,60.31
"B0044","https://nci-naaccr-zone-design.github.io/louisiana-2020/?address=B0044","Both","Oral","10yrs","Avoyelles, Catahoula, Concordia","Center Point, Bordelonville, Minorca, Fifth Ward, Monterey, Spokane, Marksville, Wallace Ridge",13.341,12.674,14.008,464249,12.787,12.148,13.426,242437,11.777,11.189,12.366,73302,25.24,36.36,32.87,60.31
"B0044","https://nci-naaccr-zone-design.github.io/louisiana-2020/?address=B0044","Female","Oral","10yrs","Avoyelles, Catahoula, Concordia","Center Point, Bordelonville, Minorca, Fifth Ward, Monterey, Spokane, Marksville, Wallace Ridge",4.606,4.375,4.836,234203,2.675,2.541,2.808,115451,2.352,2.234,2.469,73302,25.24,36.36,32.87,60.31
"B0044","https://nci-naaccr-zone-design.github.io/louisiana-2020/?address=B0044","Male","Oral","10yrs","Avoyelles, Catahoula, Concordia","Center Point, Bordelonville, Minorca, Fifth Ward, Monterey, Spokane, Marksville, Wallace Ridge",27.264,25.901,28.627,230046,13.742,13.055,14.429,126986,21.173,20.114,22.232,73302,25.24,36.36,32.87,60.31
"B0044","https://nci-naaccr-zone-design.github.io/louisiana-2020/?address=B0044","Both","Thyroid","10yrs","Avoyelles, Catahoula, Concordia","Center Point, Bordelonville, Minorca, Fifth Ward, Monterey, Spokane, Marksville, Wallace Ridge",13.942,13.245,14.639,464249,13.066,12.413,13.719,242437,15.641,14.859,16.423,73302,25.24,36.36,32.87,60.31
"B0044","https://nci-naaccr-zone-design.github.io/louisiana-2020/?address=B0044","Female","Thyroid","10yrs","Avoyelles, Catahoula, Concordia","Center Point, Bordelonville, Minorca, Fifth Ward, Monterey, Spokane, Marksville, Wallace Ridge",9.628,9.147,10.109,234203,17.834,16.942,18.726,115451,16.689,15.855,17.524,73302,25.24,36.36,32.87,60.31
"B0044","https://nci-naaccr-zone-design.github.io/louisiana-2020/?address=B0044","Male","Thyroid","10yrs","Avoyelles, Catahoula, Concordia","Center Point, Bordelonville, Minorca, Fifth Ward, Monterey, Spokane, Marksville, Wallace Ridge",4.666,4.433,4.9,230046,6.236,5.924,6.548,126986,2.623,2.492,2.754,73302,25.24,36.36,32.87,60.31
"B0044","https://nci-naaccr-zone-design.github.io/louisiana-2020/?address=B0044","Female","Uterine","10yrs","Avoyelles, Catahoula, Concordia","Center Point, Bordelonville, Minorca, Fifth Ward, Monterey, Spokane, Marksville, Wallace Ridge",26.009,24.708,27.309,234203,18.813,17.873,19.754,115451,16.457,15.634,17.279,73302,25.24,36.36,32.87,60.31
"B0044","https://nci-naaccr-zone-design.github.io/louisiana-2020/?address=B0044","Both","Liver","10yrs","Avoyelles, Catahoula, Concordia","Center Point, Bordelonville, Minorca, Fifth Ward, Monterey, Spokane, Marksville, Wallace Ridge",14.33,13.614,15.047,464249,6.6,6.27,6.93,242437,13.35,12.682,14.017,73302,25.24,36.36,32.87,60.31
"B0044","https://nci-naaccr-zone-design.github.io/louisiana-2020/?address=B0044","Female","Liver","10yrs","Avoyelles, Catahoula, Concordia","Center Point, Bordelonville, Minorca, Fifth Ward, Monterey, Spokane, Marksville, Wallace Ridge",6.635,6.303,6.967,234203,2.391,2.271,2.51,115451,6.508,6.183,6.834,73302,25.24,36.36,32.87,60.31
"B0044","https://nci-naaccr-zone-design.github.io/louisiana-2020/?address=B0044","Male","Liver","10yrs","Avoyelles, Catahoula, Concordia","Center Point, Bordelonville, Minorca, Fifth Ward, Monterey, Spokane, Marksville, Wallace Ridge",21.703,20.618,22.788,230046,12.644,12.012,13.276,126986,11.032,10.48,11.584,73302,25.24,36.36,32.87,60.31
"B0044","https://nci-naaccr-zone-design.github.io/louisiana-2020/?address=B0044","Both","Stomach","10yrs","Avoyelles, Catahoula, Concordia","Center Point, Bordelonville, Minorca, Fifth Ward, Monterey, Spokane, Marksville, Wallace Ridge",5.593,5.314,5.873,464249,5.102,4.847,5.357,242437,5.904,5.609,6.199,73302,25.24,36.36,32.87,60.31
"B0044","https://nci-naaccr-zone-design.github.io/louisiana-2020/?address=B0044","Female","Stomach","10yrs","Avoyelles, Catahoula, Concordia","Center Point, Bordelonville, Minorca, Fifth Ward, Monterey, Spokane, Marksville, Wallace Ridge",2.905,2.759,3.05,234203,4.56,4.332,4.788,115451,5.685,5.401,5.97,73302,25.24,36.36,32.87,60.31
"B0044","https://nci-naaccr-zone-design.github.io/louisiana-2020/?address=B0044","Male","Stomach","10yrs","Avoyelles, Catahoula, Concordia","Center Point, Bordelonville, Minorca, Fifth Ward, Monterey, Spokane, Marksville, Wallace Ridge",12.808,12.168,13.448,230046,6.875,6.531,7.219,126986,10.993,10.443,11.542,73302,25.24,36.36,32.87,60.31
"B0044","https://nci-naaccr-zone-design.github.io/louisiana-2020/?address=B0044","Both","Myeloma","10yrs","Avoyelles, Catahoula, Concordia","Center Point, Bordelonville, Minorca, Fifth Ward, Monterey, Spokane, Marksville, Wallace Ridge",7.874,7.481,8.268,464249,6.252,5.939,6.564,242437,10.46,9.937,10.983,73302,25.24,36.36,32.87,60.31
"B0044","https://nci-naaccr-zone-design.github.io/louisiana-2020/?address=B0044","Female","Myeloma","10yrs","Avoyelles, Catahoula, Concordia","Center Point, Bordelonville, Minorca, Fifth Ward, Monterey, Spokane, Marksville, Wallace Ridge",7.382,7.013,7.751,234203,4.201,3.991,4.411,115451,10.369,9.85,10.887,73302,25.24,36.36,32.87,60.31
"B0044","https://nci-naaccr-zone-design.github.io/louisiana-2020/?address=B0044","Male","Myeloma","10yrs","Avoyelles, Catahoula, Concordia","Center Point, Bordelonville, Minorca, Fifth Ward, Monterey, Spokane, Marksville, Wallace Ridge",9.97,9.471,10.468,230046,6.772,6.434,7.111,126986,14.152,13.444,14.86,73302,25.24,36.36,32.87,60.31
"B0044","https://nci-naaccr-zone-design.github.io/louisiana-2020/?address=B0044","Both","Brain","10yrs","Avoyelles, Catahoula, Concordia","Center Point, Bordelonville, Minorca, Fifth Ward, Monterey, Spokane, Marksville, Wallace Ridge",6.57,6.241,6.898,464249,7.029,6.677,7.38,242437,5.066,4.813,5.32,73302,25.24,36.36,32.87,60.31
"B0044","https://nci-naaccr-zone-design.github.io/louisiana-2020/?address=B0044","Female","Brain","10yrs","Avoyelles, Catahoula, Concordia","Center Point, Bordelonville, Minorca, Fifth Ward, Monterey, Spokane, Marksville, Wallace Ridge",7.095,6.74,7.45,234203,6.259,5.946,6.572,115451,6.319,6.003,6.635,73302,25.24,36.36,32.87,60.31
"B0044","https://nci-naaccr-zone-design.github.io/louisiana-2020/?address=B0044","Male","Brain","10yrs","Avoyelles, Catahoula, Concordia","Center Point, Bordelonville, Minorca, Fifth Ward, Monterey, Spokane, Marksville, Wallace Ridge",7.603,7.223,7.983,230046,10.986,10.437,11.535,126986,4.234,4.022,4.445,73302,25.24,36.36,32.87,60.31
"B0044","https://nci-naaccr-zone-design.github.io/louisiana-2020/?address=B0044","Both","Larynx","10yrs","Avoyelles, Catahoula, Concordia","Center Point, Bordelonville, Minorca, Fifth Ward, Monterey, Spokane, Marksville, Wallace Ridge",7.155,6.797,7.512,464249,7.17,6.811,7.528,242437,7.676,7.292,8.06,73302,25.24,36.36,32.87,60.31
"B0044","https://nci-naaccr-zone-design.github.io/louisiana-2020/?address=B0044","Female","Larynx","10yrs","Avoyelles, Catahoula, Concordia","Center Point, Bordelonville, Minorca, Fifth Ward, Monterey, Spokane, Marksville, Wallace Ridge",0.684,0.649,0.718,234203,2.377,2.258,2.496,115451,1.855,1.763,1.948,73302,25.24,36.36,32.87,60.31
"B0044","https://nci-naaccr-zone-design.github.io/louisiana-2020/?address=B0044","Male","Larynx","10yrs","Avoyelles, Catahoula, Concordia","Center Point, Bordelonville, Minorca, Fifth Ward, Monterey, Spokane, Marksville, Wallace Ridge",6.164,5.856,6.473,230046,9.859,9.366,10.352,126986,4.007,3.806,4.207,73302,25.24,36.36,32.87,60.31
"B0044","https://nci-naaccr-zone-design.github.io/louisiana-2020/?address=B0044","Female","Ovary","10yrs","Avoyelles, Catahoula, Concordia","Center Point, Bordelonville, Minorca, Fifth Ward, Monterey, Spokane, Marksville, Wallace Ridge",10.641,10.109,11.173,234203,11.934,11.338,12.531,115451,6.202,5.892,6.512,73302,25.24,36.36,32.87,60.31
"B0044","https://nci-naaccr-zone-design.github.io/louisiana-2020/?address=B0044","Both","Esoph","10yrs","Avoyelles, Catahoula, Concordia","Center Point, Bordelonville, Minorca, Fifth Ward, Monterey, Spokane, Marksville, Wallace Ridge",3.757,3.569,3.945,464249,3.122,2.966,3.278,242437,3.761,3.573,3.949,73302,25.24,36.36,32.87,60.31
"B0044","https://nci-naaccr-zone-design.github.io/louisiana-2020/?address=B0044","Female","Esoph","10yrs","Avoyelles, Catahoula, Concordia","Center Point, Bordelonville, Minorca, Fifth Ward, Monterey, Spokane, Marksville, Wallace Ridge",3.071,2.918,3.225,234203,1.094,1.039,1.149,115451,2.493,2.369,2.618,73302,25.24,36.36,32.87,60.31
"B0044","https://nci-naaccr-zone-design.github.io/louisiana-2020/?address=B0044","Male","Esoph","10yrs","Avoyelles, Catahoula, Concordia","Center Point, Bordelonville, Minorca, Fifth Ward, Monterey, Spokane, Marksville, Wallace Ridge",8.83,8.388,9.271,230046,9.603,9.123,10.083,126986,13.365,12.697,14.033,73302,25.24,36.36,32.87,60.31
