"Zone","URL","Sex","Cancer","Years","Counties","Places","AAIR","LCI","UCI","White_PopTot","White_AAIR","White_LCI","White_UCI","Black_PopTot","Black_AAIR","Black_LCI","Black_UCI","TotalPop","Pct100Pov","PctMinority","PctBlackNH","PctRural"
"A9008","https://nci-naaccr-zone-design.github.io/louisiana-2020/?address=A9008","Both","AllSite","05yrs","Rapides","Deville, Ball, Forest Hill, Alexandria, Pineville, Woodworth",505.717,480.431,531.003,264274,468.874,445.431,492.318,53735,538.078,511.174,564.982,67011,15.88,21.98,15.47,68.13
"A9008","https://nci-naaccr-zone-design.github.io/louisiana-2020/?address=A9008","Female","AllSite","05yrs","Rapides","Deville, Ball, Forest Hill, Alexandria, Pineville, Woodworth",402.57,382.442,422.699,134937,453.189,430.53,475.849,27072,424.201,402.991,445.411,67011,15.88,21.98,15.47,68.13
"A9008","https://nci-naaccr-zone-design.github.io/louisiana-2020/?address=A9008","Male","AllSite","05yrs","Rapides","Deville, Ball, Forest Hill, Alexandria, Pineville, Woodworth",598.662,568.729,628.595,129337,528.326,501.91,554.742,26663,609.185,578.726,639.644,67011,15.88,21.98,15.47,68.13
"A9008","https://nci-naaccr-zone-design.github.io/louisiana-2020/?address=A9008","Male","Prostate","05yrs","Rapides","Deville, Ball, Forest Hill, Alexandria, Pineville, Woodworth",154.11,146.405,161.816,129337,172.305,163.69,180.92,26663,132.795,126.155,139.434,67011,15.88,21.98,15.47,68.13
"A9008","https://nci-naaccr-zone-design.github.io/louisiana-2020/?address=A9008","Both","Lung","05yrs","Rapides","Deville, Ball, Forest Hill, Alexandria, Pineville, Woodworth",83.558,79.38,87.736,264274,60.765,57.727,63.803,53735,73.231,69.57,76.893,67011,15.88,21.98,15.47,68.13
"A9008","https://nci-naaccr-zone-design.github.io/louisiana-2020/?address=A9008","Female","Lung","05yrs","Rapides","Deville, Ball, Forest Hill, Alexandria, Pineville, Woodworth",73.75,70.063,77.438,134937,57.607,54.726,60.487,27072,50.999,48.449,53.549,67011,15.88,21.98,15.47,68.13
"A9008","https://nci-naaccr-zone-design.github.io/louisiana-2020/?address=A9008","Male","Lung","05yrs","Rapides","Deville, Ball, Forest Hill, Alexandria, Pineville, Woodworth",78.753,74.815,82.69,129337,67.294,63.93,70.659,26663,104.354,99.137,109.572,67011,15.88,21.98,15.47,68.13
"A9008","https://nci-naaccr-zone-design.github.io/louisiana-2020/?address=A9008","Female","Breast","05yrs","Rapides","Deville, Ball, Forest Hill, Alexandria, Pineville, Woodworth",112.354,106.736,117.972,134937,112.833,107.192,118.475,27072,112.65,107.017,118.282,67011,15.88,21.98,15.47,68.13
"A9008","https://nci-naaccr-zone-design.github.io/louisiana-2020/?address=A9008","Both","CRC","05yrs","Rapides","Deville, Ball, Forest Hill, Alexandria, Pineville, Woodworth",34.875,33.131,36.619,264274,34.507,32.781,36.232,53735,60.148,57.14,63.155,67011,15.88,21.98,15.47,68.13
"A9008","https://nci-naaccr-zone-design.github.io/louisiana-2020/?address=A9008","Female","CRC","05yrs","Rapides","Deville, Ball, Forest Hill, Alexandria, Pineville, Woodworth",48.679,46.245,51.113,134937,41.796,39.706,43.886,27072,42.515,40.389,44.64,67011,15.88,21.98,15.47,68.13
"A9008","https://nci-naaccr-zone-design.github.io/louisiana-2020/?address=A9008","Male","CRC","05yrs","Rapides","Deville, Ball, Forest Hill, Alexandria, Pineville, Woodworth",62.541,59.413,65.668,129337,50.027,47.526,52.529,26663,40.333,38.316,42.35,67011,15.88,21.98,15.47,68.13
"A9008","https://nci-naaccr-zone-design.github.io/louisiana-2020/?address=A9008","Both","Kidney","05yrs","Rapides","Deville, Ball, Forest Hill, Alexandria, Pineville, Woodworth",19.914,18.918,20.91,264274,23.315,22.149,24.481,53735,15.798,15.008,16.588,67011,15.88,21.98,15.47,68.13
"A9008","https://nci-naaccr-zone-design.github.io/louisiana-2020/?address=A9008","Female","Kidney","05yrs","Rapides","Deville, Ball, Forest Hill, Alexandria, Pineville, Woodworth",11.359,10.791,11.927,134937,20.857,19.814,21.9,27072,19.644,18.662,20.627,67011,15.88,21.98,15.47,68.13
"A9008","https://nci-naaccr-zone-design.github.io/louisiana-2020/?address=A9008","Male","Kidney","05yrs","Rapides","Deville, Ball, Forest Hill, Alexandria, Pineville, Woodworth",18.058,17.155,18.961,129337,20.984,19.935,22.033,26663,27.889,26.494,29.283,67011,15.88,21.98,15.47,68.13
"A9008","https://nci-naaccr-zone-design.github.io/louisiana-2020/?address=A9008","Both","NHL","05yrs","Rapides","Deville, Ball, Forest Hill, Alexandria, Pineville, Woodworth",21.767,20.679,22.855,264274,20.183,19.174,21.193,53735,13.822,13.131,14.513,67011,15.88,21.98,15.47,68.13
"A9008","https://nci-naaccr-zone-design.github.io/louisiana-2020/?address=A9008","Female","NHL","05yrs","Rapides","Deville, Ball, Forest Hill, Alexandria, Pineville, Woodworth",17.613,16.732,18.493,134937,16.582,15.753,17.411,27072,20.396,19.376,21.416,67011,15.88,21.98,15.47,68.13
"A9008","https://nci-naaccr-zone-design.github.io/louisiana-2020/?address=A9008","Male","NHL","05yrs","Rapides","Deville, Ball, Forest Hill, Alexandria, Pineville, Woodworth",23.161,22.003,24.319,129337,20.719,19.683,21.755,26663,21.91,20.814,23.005,67011,15.88,21.98,15.47,68.13
"A9008","https://nci-naaccr-zone-design.github.io/louisiana-2020/?address=A9008","Both","Urinary","05yrs","Rapides","Deville, Ball, Forest Hill, Alexandria, Pineville, Woodworth",14.355,13.637,15.073,264274,26.145,24.838,27.452,53735,17.07,16.216,17.923,67011,15.88,21.98,15.47,68.13
"A9008","https://nci-naaccr-zone-design.github.io/louisiana-2020/?address=A9008","Female","Urinary","05yrs","Rapides","Deville, Ball, Forest Hill, Alexandria, Pineville, Woodworth",12.232,11.62,12.843,134937,4.106,3.901,4.311,27072,"","","",67011,15.88,21.98,15.47,68.13
"A9008","https://nci-naaccr-zone-design.github.io/louisiana-2020/?address=A9008","Male","Urinary","05yrs","Rapides","Deville, Ball, Forest Hill, Alexandria, Pineville, Woodworth",23.931,22.735,25.128,129337,24.622,23.391,25.854,26663,47.457,45.084,49.829,67011,15.88,21.98,15.47,68.13
"A9008","https://nci-naaccr-zone-design.github.io/louisiana-2020/?address=A9008","Both","Mela","05yrs","Rapides","Deville, Ball, Forest Hill, Alexandria, Pineville, Woodworth",10.174,9.665,10.683,264274,25.46,24.187,26.733,53735,23.699,22.514,24.884,67011,15.88,21.98,15.47,68.13
"A9008","https://nci-naaccr-zone-design.github.io/louisiana-2020/?address=A9008","Female","Mela","05yrs","Rapides","Deville, Ball, Forest Hill, Alexandria, Pineville, Woodworth",9.963,9.465,10.461,134937,20.256,19.244,21.269,27072,"","","",67011,15.88,21.98,15.47,68.13
"A9008","https://nci-naaccr-zone-design.github.io/louisiana-2020/?address=A9008","Male","Mela","05yrs","Rapides","Deville, Ball, Forest Hill, Alexandria, Pineville, Woodworth",26.285,24.971,27.6,129337,27.947,26.55,29.345,26663,35.897,34.103,37.692,67011,15.88,21.98,15.47,68.13
"A9008","https://nci-naaccr-zone-design.github.io/louisiana-2020/?address=A9008","Both","Pancreas","05yrs","Rapides","Deville, Ball, Forest Hill, Alexandria, Pineville, Woodworth",16.554,15.727,17.382,264274,15.676,14.892,16.46,53735,14.157,13.449,14.865,67011,15.88,21.98,15.47,68.13
"A9008","https://nci-naaccr-zone-design.github.io/louisiana-2020/?address=A9008","Female","Pancreas","05yrs","Rapides","Deville, Ball, Forest Hill, Alexandria, Pineville, Woodworth",11.75,11.163,12.338,134937,9.15,8.692,9.607,27072,17.677,16.793,18.561,67011,15.88,21.98,15.47,68.13
"A9008","https://nci-naaccr-zone-design.github.io/louisiana-2020/?address=A9008","Male","Pancreas","05yrs","Rapides","Deville, Ball, Forest Hill, Alexandria, Pineville, Woodworth",17.257,16.394,18.119,129337,19.057,18.104,20.009,26663,16.585,15.756,17.414,67011,15.88,21.98,15.47,68.13
"A9008","https://nci-naaccr-zone-design.github.io/louisiana-2020/?address=A9008","Both","Leuks","05yrs","Rapides","Deville, Ball, Forest Hill, Alexandria, Pineville, Woodworth",14.746,14.009,15.484,264274,16.731,15.894,17.567,53735,14.22,13.509,14.93,67011,15.88,21.98,15.47,68.13
"A9008","https://nci-naaccr-zone-design.github.io/louisiana-2020/?address=A9008","Female","Leuks","05yrs","Rapides","Deville, Ball, Forest Hill, Alexandria, Pineville, Woodworth",12.277,11.663,12.891,134937,9.992,9.493,10.492,27072,"","","",67011,15.88,21.98,15.47,68.13
"A9008","https://nci-naaccr-zone-design.github.io/louisiana-2020/?address=A9008","Male","Leuks","05yrs","Rapides","Deville, Ball, Forest Hill, Alexandria, Pineville, Woodworth",14.456,13.733,15.179,129337,21.446,20.373,22.518,26663,"","","",67011,15.88,21.98,15.47,68.13
"A9008","https://nci-naaccr-zone-design.github.io/louisiana-2020/?address=A9008","Both","Oral","05yrs","Rapides","Deville, Ball, Forest Hill, Alexandria, Pineville, Woodworth",11.962,11.364,12.561,264274,9.372,8.903,9.841,53735,8.574,8.145,9.002,67011,15.88,21.98,15.47,68.13
"A9008","https://nci-naaccr-zone-design.github.io/louisiana-2020/?address=A9008","Female","Oral","05yrs","Rapides","Deville, Ball, Forest Hill, Alexandria, Pineville, Woodworth",4.065,3.862,4.269,134937,3.305,3.14,3.471,27072,"","","",67011,15.88,21.98,15.47,68.13
"A9008","https://nci-naaccr-zone-design.github.io/louisiana-2020/?address=A9008","Male","Oral","05yrs","Rapides","Deville, Ball, Forest Hill, Alexandria, Pineville, Woodworth",11.765,11.176,12.353,129337,18.599,17.669,19.529,26663,12.699,12.064,13.334,67011,15.88,21.98,15.47,68.13
"A9008","https://nci-naaccr-zone-design.github.io/louisiana-2020/?address=A9008","Both","Thyroid","05yrs","Rapides","Deville, Ball, Forest Hill, Alexandria, Pineville, Woodworth",14.578,13.849,15.307,264274,15.843,15.051,16.635,53735,14.721,13.985,15.457,67011,15.88,21.98,15.47,68.13
"A9008","https://nci-naaccr-zone-design.github.io/louisiana-2020/?address=A9008","Female","Thyroid","05yrs","Rapides","Deville, Ball, Forest Hill, Alexandria, Pineville, Woodworth",25.769,24.48,27.057,134937,12.267,11.654,12.881,27072,22.179,21.07,23.288,67011,15.88,21.98,15.47,68.13
"A9008","https://nci-naaccr-zone-design.github.io/louisiana-2020/?address=A9008","Male","Thyroid","05yrs","Rapides","Deville, Ball, Forest Hill, Alexandria, Pineville, Woodworth",9.69,9.205,10.174,129337,8.728,8.291,9.164,26663,"","","",67011,15.88,21.98,15.47,68.13
"A9008","https://nci-naaccr-zone-design.github.io/louisiana-2020/?address=A9008","Female","Uterine","05yrs","Rapides","Deville, Ball, Forest Hill, Alexandria, Pineville, Woodworth",25.41,24.14,26.681,134937,13.348,12.68,14.015,27072,22.369,21.251,23.488,67011,15.88,21.98,15.47,68.13
"A9008","https://nci-naaccr-zone-design.github.io/louisiana-2020/?address=A9008","Both","Liver","05yrs","Rapides","Deville, Ball, Forest Hill, Alexandria, Pineville, Woodworth",9.39,8.92,9.859,264274,14.857,14.115,15.6,53735,9.956,9.458,10.454,67011,15.88,21.98,15.47,68.13
"A9008","https://nci-naaccr-zone-design.github.io/louisiana-2020/?address=A9008","Female","Liver","05yrs","Rapides","Deville, Ball, Forest Hill, Alexandria, Pineville, Woodworth",2.041,1.939,2.143,134937,5.405,5.134,5.675,27072,"","","",67011,15.88,21.98,15.47,68.13
"A9008","https://nci-naaccr-zone-design.github.io/louisiana-2020/?address=A9008","Male","Liver","05yrs","Rapides","Deville, Ball, Forest Hill, Alexandria, Pineville, Woodworth",22.484,21.36,23.608,129337,22.747,21.61,23.885,26663,"","","",67011,15.88,21.98,15.47,68.13
"A9008","https://nci-naaccr-zone-design.github.io/louisiana-2020/?address=A9008","Both","Stomach","05yrs","Rapides","Deville, Ball, Forest Hill, Alexandria, Pineville, Woodworth",4.505,4.28,4.73,264274,7.97,7.571,8.368,53735,10.239,9.727,10.751,67011,15.88,21.98,15.47,68.13
"A9008","https://nci-naaccr-zone-design.github.io/louisiana-2020/?address=A9008","Female","Stomach","05yrs","Rapides","Deville, Ball, Forest Hill, Alexandria, Pineville, Woodworth",3.257,3.094,3.42,134937,6.212,5.901,6.522,27072,"","","",67011,15.88,21.98,15.47,68.13
"A9008","https://nci-naaccr-zone-design.github.io/louisiana-2020/?address=A9008","Male","Stomach","05yrs","Rapides","Deville, Ball, Forest Hill, Alexandria, Pineville, Woodworth",10.809,10.269,11.35,129337,12.057,11.454,12.66,26663,12.53,11.904,13.157,67011,15.88,21.98,15.47,68.13
"A9008","https://nci-naaccr-zone-design.github.io/louisiana-2020/?address=A9008","Both","Myeloma","05yrs","Rapides","Deville, Ball, Forest Hill, Alexandria, Pineville, Woodworth",10.562,10.034,11.09,264274,11.974,11.375,12.573,53735,10.597,10.068,11.127,67011,15.88,21.98,15.47,68.13
"A9008","https://nci-naaccr-zone-design.github.io/louisiana-2020/?address=A9008","Female","Myeloma","05yrs","Rapides","Deville, Ball, Forest Hill, Alexandria, Pineville, Woodworth",4.82,4.579,5.061,134937,8.309,7.894,8.725,27072,"","","",67011,15.88,21.98,15.47,68.13
"A9008","https://nci-naaccr-zone-design.github.io/louisiana-2020/?address=A9008","Male","Myeloma","05yrs","Rapides","Deville, Ball, Forest Hill, Alexandria, Pineville, Woodworth",5.354,5.086,5.622,129337,6.992,6.642,7.341,26663,"","","",67011,15.88,21.98,15.47,68.13
"A9008","https://nci-naaccr-zone-design.github.io/louisiana-2020/?address=A9008","Both","Brain","05yrs","Rapides","Deville, Ball, Forest Hill, Alexandria, Pineville, Woodworth",3.307,3.142,3.473,264274,3.767,3.579,3.956,53735,"","","",67011,15.88,21.98,15.47,68.13
"A9008","https://nci-naaccr-zone-design.github.io/louisiana-2020/?address=A9008","Female","Brain","05yrs","Rapides","Deville, Ball, Forest Hill, Alexandria, Pineville, Woodworth",5.789,5.5,6.079,134937,5.336,5.07,5.603,27072,"","","",67011,15.88,21.98,15.47,68.13
"A9008","https://nci-naaccr-zone-design.github.io/louisiana-2020/?address=A9008","Male","Brain","05yrs","Rapides","Deville, Ball, Forest Hill, Alexandria, Pineville, Woodworth",7.965,7.567,8.363,129337,10.695,10.16,11.229,26663,"","","",67011,15.88,21.98,15.47,68.13
"A9008","https://nci-naaccr-zone-design.github.io/louisiana-2020/?address=A9008","Both","Larynx","05yrs","Rapides","Deville, Ball, Forest Hill, Alexandria, Pineville, Woodworth",3.58,3.401,3.759,264274,8.293,7.878,8.708,53735,"","","",67011,15.88,21.98,15.47,68.13
"A9008","https://nci-naaccr-zone-design.github.io/louisiana-2020/?address=A9008","Female","Larynx","05yrs","Rapides","Deville, Ball, Forest Hill, Alexandria, Pineville, Woodworth",2.996,2.847,3.146,134937,3.648,3.466,3.831,27072,"","","",67011,15.88,21.98,15.47,68.13
"A9008","https://nci-naaccr-zone-design.github.io/louisiana-2020/?address=A9008","Male","Larynx","05yrs","Rapides","Deville, Ball, Forest Hill, Alexandria, Pineville, Woodworth",9.128,8.671,9.584,129337,13.865,13.172,14.558,26663,"","","",67011,15.88,21.98,15.47,68.13
"A9008","https://nci-naaccr-zone-design.github.io/louisiana-2020/?address=A9008","Female","Ovary","05yrs","Rapides","Deville, Ball, Forest Hill, Alexandria, Pineville, Woodworth",4.595,4.366,4.825,134937,12.404,11.784,13.025,27072,"","","",67011,15.88,21.98,15.47,68.13
"A9008","https://nci-naaccr-zone-design.github.io/louisiana-2020/?address=A9008","Both","Esoph","05yrs","Rapides","Deville, Ball, Forest Hill, Alexandria, Pineville, Woodworth",5.451,5.179,5.724,264274,6.054,5.751,6.356,53735,6.701,6.366,7.036,67011,15.88,21.98,15.47,68.13
"A9008","https://nci-naaccr-zone-design.github.io/louisiana-2020/?address=A9008","Female","Esoph","05yrs","Rapides","Deville, Ball, Forest Hill, Alexandria, Pineville, Woodworth","","","",134937,3.12,2.964,3.276,27072,"","","",67011,15.88,21.98,15.47,68.13
"A9008","https://nci-naaccr-zone-design.github.io/louisiana-2020/?address=A9008","Male","Esoph","05yrs","Rapides","Deville, Ball, Forest Hill, Alexandria, Pineville, Woodworth",10.561,10.033,11.089,129337,7.782,7.393,8.171,26663,12.485,11.86,13.109,67011,15.88,21.98,15.47,68.13
"A9008","https://nci-naaccr-zone-design.github.io/louisiana-2020/?address=A9008","Both","AllSite","10yrs","Rapides","Deville, Ball, Forest Hill, Alexandria, Pineville, Woodworth",448.964,426.516,471.412,524279,540.144,513.136,567.151,107615,472.967,449.319,496.616,67011,15.88,21.98,15.47,68.13
"A9008","https://nci-naaccr-zone-design.github.io/louisiana-2020/?address=A9008","Female","AllSite","10yrs","Rapides","Deville, Ball, Forest Hill, Alexandria, Pineville, Woodworth",449.189,426.73,471.648,267683,410.14,389.633,430.647,54364,454.622,431.891,477.353,67011,15.88,21.98,15.47,68.13
"A9008","https://nci-naaccr-zone-design.github.io/louisiana-2020/?address=A9008","Male","AllSite","10yrs","Rapides","Deville, Ball, Forest Hill, Alexandria, Pineville, Woodworth",613.405,582.735,644.075,256595,623.909,592.714,655.105,53251,571.706,543.121,600.292,67011,15.88,21.98,15.47,68.13
"A9008","https://nci-naaccr-zone-design.github.io/louisiana-2020/?address=A9008","Male","Prostate","10yrs","Rapides","Deville, Ball, Forest Hill, Alexandria, Pineville, Woodworth",146.549,139.221,153.876,256595,189.628,180.147,199.11,53251,137.92,131.024,144.816,67011,15.88,21.98,15.47,68.13
"A9008","https://nci-naaccr-zone-design.github.io/louisiana-2020/?address=A9008","Both","Lung","10yrs","Rapides","Deville, Ball, Forest Hill, Alexandria, Pineville, Woodworth",46.375,44.056,48.693,524279,81.742,77.655,85.829,107615,50.251,47.738,52.763,67011,15.88,21.98,15.47,68.13
"A9008","https://nci-naaccr-zone-design.github.io/louisiana-2020/?address=A9008","Female","Lung","10yrs","Rapides","Deville, Ball, Forest Hill, Alexandria, Pineville, Woodworth",67.267,63.903,70.63,267683,39.748,37.76,41.735,54364,50.732,48.196,53.269,67011,15.88,21.98,15.47,68.13
"A9008","https://nci-naaccr-zone-design.github.io/louisiana-2020/?address=A9008","Male","Lung","10yrs","Rapides","Deville, Ball, Forest Hill, Alexandria, Pineville, Woodworth",98.273,93.359,103.186,256595,80.576,76.548,84.605,53251,83.562,79.384,87.74,67011,15.88,21.98,15.47,68.13
"A9008","https://nci-naaccr-zone-design.github.io/louisiana-2020/?address=A9008","Female","Breast","10yrs","Rapides","Deville, Ball, Forest Hill, Alexandria, Pineville, Woodworth",140.116,133.11,147.122,267683,135.302,128.537,142.067,54364,109.294,103.83,114.759,67011,15.88,21.98,15.47,68.13
"A9008","https://nci-naaccr-zone-design.github.io/louisiana-2020/?address=A9008","Both","CRC","10yrs","Rapides","Deville, Ball, Forest Hill, Alexandria, Pineville, Woodworth",52.077,49.474,54.681,524279,41.144,39.087,43.202,107615,43.499,41.324,45.674,67011,15.88,21.98,15.47,68.13
"A9008","https://nci-naaccr-zone-design.github.io/louisiana-2020/?address=A9008","Female","CRC","10yrs","Rapides","Deville, Ball, Forest Hill, Alexandria, Pineville, Woodworth",48.282,45.868,50.696,267683,49.972,47.473,52.47,54364,48.825,46.384,51.266,67011,15.88,21.98,15.47,68.13
"A9008","https://nci-naaccr-zone-design.github.io/louisiana-2020/?address=A9008","Male","CRC","10yrs","Rapides","Deville, Ball, Forest Hill, Alexandria, Pineville, Woodworth",61.19,58.131,64.25,256595,43.972,41.773,46.17,53251,66.462,63.139,69.785,67011,15.88,21.98,15.47,68.13
"A9008","https://nci-naaccr-zone-design.github.io/louisiana-2020/?address=A9008","Both","Kidney","10yrs","Rapides","Deville, Ball, Forest Hill, Alexandria, Pineville, Woodworth",22.609,21.478,23.739,524279,15.014,14.263,15.764,107615,20.03,19.028,21.031,67011,15.88,21.98,15.47,68.13
"A9008","https://nci-naaccr-zone-design.github.io/louisiana-2020/?address=A9008","Female","Kidney","10yrs","Rapides","Deville, Ball, Forest Hill, Alexandria, Pineville, Woodworth",11.05,10.497,11.602,267683,9.476,9.002,9.95,54364,21.319,20.253,22.385,67011,15.88,21.98,15.47,68.13
"A9008","https://nci-naaccr-zone-design.github.io/louisiana-2020/?address=A9008","Male","Kidney","10yrs","Rapides","Deville, Ball, Forest Hill, Alexandria, Pineville, Woodworth",22.995,21.845,24.145,256595,28.824,27.383,30.265,53251,18.643,17.711,19.575,67011,15.88,21.98,15.47,68.13
"A9008","https://nci-naaccr-zone-design.github.io/louisiana-2020/?address=A9008","Both","NHL","10yrs","Rapides","Deville, Ball, Forest Hill, Alexandria, Pineville, Woodworth",19.322,18.356,20.288,524279,17.84,16.948,18.732,107615,14.661,13.928,15.394,67011,15.88,21.98,15.47,68.13
"A9008","https://nci-naaccr-zone-design.github.io/louisiana-2020/?address=A9008","Female","NHL","10yrs","Rapides","Deville, Ball, Forest Hill, Alexandria, Pineville, Woodworth",11.334,10.767,11.901,267683,10.479,9.955,11.003,54364,11.643,11.061,12.226,67011,15.88,21.98,15.47,68.13
"A9008","https://nci-naaccr-zone-design.github.io/louisiana-2020/?address=A9008","Male","NHL","10yrs","Rapides","Deville, Ball, Forest Hill, Alexandria, Pineville, Woodworth",18.101,17.196,19.006,256595,26.379,25.06,27.698,53251,18.403,17.483,19.323,67011,15.88,21.98,15.47,68.13
"A9008","https://nci-naaccr-zone-design.github.io/louisiana-2020/?address=A9008","Both","Urinary","10yrs","Rapides","Deville, Ball, Forest Hill, Alexandria, Pineville, Woodworth",15.822,15.031,16.613,524279,19.648,18.665,20.63,107615,19.48,18.506,20.454,67011,15.88,21.98,15.47,68.13
"A9008","https://nci-naaccr-zone-design.github.io/louisiana-2020/?address=A9008","Female","Urinary","10yrs","Rapides","Deville, Ball, Forest Hill, Alexandria, Pineville, Woodworth",12.095,11.491,12.7,267683,10.658,10.125,11.191,54364,13.153,12.495,13.81,67011,15.88,21.98,15.47,68.13
"A9008","https://nci-naaccr-zone-design.github.io/louisiana-2020/?address=A9008","Male","Urinary","10yrs","Rapides","Deville, Ball, Forest Hill, Alexandria, Pineville, Woodworth",22.469,21.345,23.592,256595,38.662,36.729,40.595,53251,26.604,25.274,27.934,67011,15.88,21.98,15.47,68.13
"A9008","https://nci-naaccr-zone-design.github.io/louisiana-2020/?address=A9008","Both","Mela","10yrs","Rapides","Deville, Ball, Forest Hill, Alexandria, Pineville, Woodworth",8.011,7.61,8.411,524279,18.093,17.188,18.998,107615,7.013,6.662,7.364,67011,15.88,21.98,15.47,68.13
"A9008","https://nci-naaccr-zone-design.github.io/louisiana-2020/?address=A9008","Female","Mela","10yrs","Rapides","Deville, Ball, Forest Hill, Alexandria, Pineville, Woodworth",4.182,3.972,4.391,267683,16.643,15.811,17.475,54364,13.866,13.173,14.559,67011,15.88,21.98,15.47,68.13
"A9008","https://nci-naaccr-zone-design.github.io/louisiana-2020/?address=A9008","Male","Mela","10yrs","Rapides","Deville, Ball, Forest Hill, Alexandria, Pineville, Woodworth",24.921,23.675,26.167,256595,29.237,27.775,30.698,53251,36.075,34.271,37.878,67011,15.88,21.98,15.47,68.13
"A9008","https://nci-naaccr-zone-design.github.io/louisiana-2020/?address=A9008","Both","Pancreas","10yrs","Rapides","Deville, Ball, Forest Hill, Alexandria, Pineville, Woodworth",12.838,12.196,13.48,524279,16.632,15.8,17.463,107615,11.758,11.17,12.346,67011,15.88,21.98,15.47,68.13
"A9008","https://nci-naaccr-zone-design.github.io/louisiana-2020/?address=A9008","Female","Pancreas","10yrs","Rapides","Deville, Ball, Forest Hill, Alexandria, Pineville, Woodworth",12.838,12.196,13.48,267683,10.759,10.221,11.297,54364,15.433,14.661,16.205,67011,15.88,21.98,15.47,68.13
"A9008","https://nci-naaccr-zone-design.github.io/louisiana-2020/?address=A9008","Male","Pancreas","10yrs","Rapides","Deville, Ball, Forest Hill, Alexandria, Pineville, Woodworth",12.693,12.059,13.328,256595,17.774,16.885,18.662,53251,19.31,18.345,20.276,67011,15.88,21.98,15.47,68.13
"A9008","https://nci-naaccr-zone-design.github.io/louisiana-2020/?address=A9008","Both","Leuks","10yrs","Rapides","Deville, Ball, Forest Hill, Alexandria, Pineville, Woodworth",10.998,10.448,11.548,524279,14.644,13.912,15.377,107615,13.642,12.96,14.324,67011,15.88,21.98,15.47,68.13
"A9008","https://nci-naaccr-zone-design.github.io/louisiana-2020/?address=A9008","Female","Leuks","10yrs","Rapides","Deville, Ball, Forest Hill, Alexandria, Pineville, Woodworth",8.714,8.279,9.15,267683,12.462,11.839,13.085,54364,15.395,14.625,16.165,67011,15.88,21.98,15.47,68.13
"A9008","https://nci-naaccr-zone-design.github.io/louisiana-2020/?address=A9008","Male","Leuks","10yrs","Rapides","Deville, Ball, Forest Hill, Alexandria, Pineville, Woodworth",18.101,17.196,19.006,256595,25.771,24.483,27.06,53251,23.778,22.589,24.967,67011,15.88,21.98,15.47,68.13
"A9008","https://nci-naaccr-zone-design.github.io/louisiana-2020/?address=A9008","Both","Oral","10yrs","Rapides","Deville, Ball, Forest Hill, Alexandria, Pineville, Woodworth",8.59,8.161,9.02,524279,13.999,13.299,14.699,107615,12.688,12.054,13.322,67011,15.88,21.98,15.47,68.13
"A9008","https://nci-naaccr-zone-design.github.io/louisiana-2020/?address=A9008","Female","Oral","10yrs","Rapides","Deville, Ball, Forest Hill, Alexandria, Pineville, Woodworth",7.589,7.209,7.968,267683,6.797,6.457,7.137,54364,3.983,3.784,4.182,67011,15.88,21.98,15.47,68.13
"A9008","https://nci-naaccr-zone-design.github.io/louisiana-2020/?address=A9008","Male","Oral","10yrs","Rapides","Deville, Ball, Forest Hill, Alexandria, Pineville, Woodworth",23.074,21.92,24.228,256595,12.67,12.036,13.303,53251,19.684,18.699,20.668,67011,15.88,21.98,15.47,68.13
"A9008","https://nci-naaccr-zone-design.github.io/louisiana-2020/?address=A9008","Both","Thyroid","10yrs","Rapides","Deville, Ball, Forest Hill, Alexandria, Pineville, Woodworth",12.834,12.192,13.475,524279,15.109,14.354,15.865,107615,17.66,16.777,18.543,67011,15.88,21.98,15.47,68.13
"A9008","https://nci-naaccr-zone-design.github.io/louisiana-2020/?address=A9008","Female","Thyroid","10yrs","Rapides","Deville, Ball, Forest Hill, Alexandria, Pineville, Woodworth",16.436,15.614,17.258,267683,18.669,17.735,19.602,54364,11.663,11.08,12.246,67011,15.88,21.98,15.47,68.13
"A9008","https://nci-naaccr-zone-design.github.io/louisiana-2020/?address=A9008","Male","Thyroid","10yrs","Rapides","Deville, Ball, Forest Hill, Alexandria, Pineville, Woodworth",9.111,8.655,9.566,256595,7.715,7.33,8.101,53251,6.618,6.287,6.949,67011,15.88,21.98,15.47,68.13
"A9008","https://nci-naaccr-zone-design.github.io/louisiana-2020/?address=A9008","Female","Uterine","10yrs","Rapides","Deville, Ball, Forest Hill, Alexandria, Pineville, Woodworth",17.557,16.679,18.435,267683,24.593,23.363,25.823,54364,20.502,19.477,21.527,67011,15.88,21.98,15.47,68.13
"A9008","https://nci-naaccr-zone-design.github.io/louisiana-2020/?address=A9008","Both","Liver","10yrs","Rapides","Deville, Ball, Forest Hill, Alexandria, Pineville, Woodworth",9.709,9.224,10.195,524279,5.584,5.305,5.864,107615,14.417,13.696,15.137,67011,15.88,21.98,15.47,68.13
"A9008","https://nci-naaccr-zone-design.github.io/louisiana-2020/?address=A9008","Female","Liver","10yrs","Rapides","Deville, Ball, Forest Hill, Alexandria, Pineville, Woodworth",6.337,6.02,6.654,267683,6.47,6.147,6.794,54364,5.194,4.934,5.454,67011,15.88,21.98,15.47,68.13
"A9008","https://nci-naaccr-zone-design.github.io/louisiana-2020/?address=A9008","Male","Liver","10yrs","Rapides","Deville, Ball, Forest Hill, Alexandria, Pineville, Woodworth",11.213,10.652,11.774,256595,14.864,14.121,15.607,53251,23.35,22.183,24.518,67011,15.88,21.98,15.47,68.13
"A9008","https://nci-naaccr-zone-design.github.io/louisiana-2020/?address=A9008","Both","Stomach","10yrs","Rapides","Deville, Ball, Forest Hill, Alexandria, Pineville, Woodworth",10.427,9.906,10.949,524279,6.282,5.968,6.596,107615,8.316,7.9,8.732,67011,15.88,21.98,15.47,68.13
"A9008","https://nci-naaccr-zone-design.github.io/louisiana-2020/?address=A9008","Female","Stomach","10yrs","Rapides","Deville, Ball, Forest Hill, Alexandria, Pineville, Woodworth",5.957,5.659,6.255,267683,9.426,8.955,9.898,54364,7.409,7.039,7.779,67011,15.88,21.98,15.47,68.13
"A9008","https://nci-naaccr-zone-design.github.io/louisiana-2020/?address=A9008","Male","Stomach","10yrs","Rapides","Deville, Ball, Forest Hill, Alexandria, Pineville, Woodworth",9.014,8.564,9.465,256595,5.423,5.152,5.694,53251,9.057,8.604,9.51,67011,15.88,21.98,15.47,68.13
"A9008","https://nci-naaccr-zone-design.github.io/louisiana-2020/?address=A9008","Both","Myeloma","10yrs","Rapides","Deville, Ball, Forest Hill, Alexandria, Pineville, Woodworth",14.79,14.05,15.529,524279,5.018,4.767,5.268,107615,7.421,7.05,7.792,67011,15.88,21.98,15.47,68.13
"A9008","https://nci-naaccr-zone-design.github.io/louisiana-2020/?address=A9008","Female","Myeloma","10yrs","Rapides","Deville, Ball, Forest Hill, Alexandria, Pineville, Woodworth",9.981,9.482,10.48,267683,4.716,4.481,4.952,54364,5.799,5.509,6.089,67011,15.88,21.98,15.47,68.13
"A9008","https://nci-naaccr-zone-design.github.io/louisiana-2020/?address=A9008","Male","Myeloma","10yrs","Rapides","Deville, Ball, Forest Hill, Alexandria, Pineville, Woodworth",16.332,15.516,17.149,256595,5.195,4.936,5.455,53251,17.251,16.388,18.113,67011,15.88,21.98,15.47,68.13
"A9008","https://nci-naaccr-zone-design.github.io/louisiana-2020/?address=A9008","Both","Brain","10yrs","Rapides","Deville, Ball, Forest Hill, Alexandria, Pineville, Woodworth",4.551,4.324,4.779,524279,4.944,4.697,5.191,107615,6.185,5.876,6.494,67011,15.88,21.98,15.47,68.13
"A9008","https://nci-naaccr-zone-design.github.io/louisiana-2020/?address=A9008","Female","Brain","10yrs","Rapides","Deville, Ball, Forest Hill, Alexandria, Pineville, Woodworth",2.983,2.834,3.132,267683,4.227,4.015,4.438,54364,5.463,5.189,5.736,67011,15.88,21.98,15.47,68.13
"A9008","https://nci-naaccr-zone-design.github.io/louisiana-2020/?address=A9008","Male","Brain","10yrs","Rapides","Deville, Ball, Forest Hill, Alexandria, Pineville, Woodworth",7.591,7.211,7.97,256595,4.053,3.851,4.256,53251,5.756,5.468,6.044,67011,15.88,21.98,15.47,68.13
"A9008","https://nci-naaccr-zone-design.github.io/louisiana-2020/?address=A9008","Both","Larynx","10yrs","Rapides","Deville, Ball, Forest Hill, Alexandria, Pineville, Woodworth",5.042,4.79,5.294,524279,3.93,3.734,4.127,107615,4.305,4.089,4.52,67011,15.88,21.98,15.47,68.13
"A9008","https://nci-naaccr-zone-design.github.io/louisiana-2020/?address=A9008","Female","Larynx","10yrs","Rapides","Deville, Ball, Forest Hill, Alexandria, Pineville, Woodworth",1.362,1.294,1.431,267683,3.295,3.131,3.46,54364,"","","",67011,15.88,21.98,15.47,68.13
"A9008","https://nci-naaccr-zone-design.github.io/louisiana-2020/?address=A9008","Male","Larynx","10yrs","Rapides","Deville, Ball, Forest Hill, Alexandria, Pineville, Woodworth",6.628,6.297,6.96,256595,8.785,8.346,9.225,53251,15.224,14.463,15.985,67011,15.88,21.98,15.47,68.13
"A9008","https://nci-naaccr-zone-design.github.io/louisiana-2020/?address=A9008","Female","Ovary","10yrs","Rapides","Deville, Ball, Forest Hill, Alexandria, Pineville, Woodworth",6.539,6.212,6.866,267683,11.561,10.983,12.139,54364,8.511,8.086,8.937,67011,15.88,21.98,15.47,68.13
"A9008","https://nci-naaccr-zone-design.github.io/louisiana-2020/?address=A9008","Both","Esoph","10yrs","Rapides","Deville, Ball, Forest Hill, Alexandria, Pineville, Woodworth",3.347,3.179,3.514,524279,3.502,3.327,3.677,107615,7.663,7.28,8.046,67011,15.88,21.98,15.47,68.13
"A9008","https://nci-naaccr-zone-design.github.io/louisiana-2020/?address=A9008","Female","Esoph","10yrs","Rapides","Deville, Ball, Forest Hill, Alexandria, Pineville, Woodworth",1.907,1.812,2.002,267683,1.333,1.267,1.4,54364,"","","",67011,15.88,21.98,15.47,68.13
"A9008","https://nci-naaccr-zone-design.github.io/louisiana-2020/?address=A9008","Male","Esoph","10yrs","Rapides","Deville, Ball, Forest Hill, Alexandria, Pineville, Woodworth",13.814,13.123,14.504,256595,6.002,5.702,6.302,53251,8.55,8.123,8.978,67011,15.88,21.98,15.47,68.13
