"Zone","URL","Sex","Cancer","Years","Counties","Places","AAIR","LCI","UCI","White_PopTot","White_AAIR","White_LCI","White_UCI","Black_PopTot","Black_AAIR","Black_LCI","Black_UCI","TotalPop","Pct100Pov","PctMinority","PctBlackNH","PctRural"
"B0030","https://nci-naaccr-zone-design.github.io/louisiana-2020/?address=B0030","Both","AllSite","05yrs","St. James, St. John the Baptist","Grand Point, Romeville, Garyville, St. James, Edgard, Convent, Laplace, Welcome, Wallace, Hester, Paulina, Pleasure Bend, Union, North Vacherie, Lutcher, South Vacherie, Reserve",507.689,482.305,533.074,137686,455.906,433.11,478.701,174549,445.609,423.329,467.89,68026,17.93,57.59,52.26,18.08
"B0030","https://nci-naaccr-zone-design.github.io/louisiana-2020/?address=B0030","Female","AllSite","05yrs","St. James, St. John the Baptist","Grand Point, Romeville, Garyville, St. James, Edgard, Convent, Laplace, Welcome, Wallace, Hester, Paulina, Pleasure Bend, Union, North Vacherie, Lutcher, South Vacherie, Reserve",416.525,395.699,437.351,69134,397.817,377.926,417.708,91908,406.255,385.943,426.568,68026,17.93,57.59,52.26,18.08
"B0030","https://nci-naaccr-zone-design.github.io/louisiana-2020/?address=B0030","Male","AllSite","05yrs","St. James, St. John the Baptist","Grand Point, Romeville, Garyville, St. James, Edgard, Convent, Laplace, Welcome, Wallace, Hester, Paulina, Pleasure Bend, Union, North Vacherie, Lutcher, South Vacherie, Reserve",631.603,600.023,663.184,68552,525.785,499.496,552.074,82641,528.17,501.761,554.578,68026,17.93,57.59,52.26,18.08
"B0030","https://nci-naaccr-zone-design.github.io/louisiana-2020/?address=B0030","Male","Prostate","05yrs","St. James, St. John the Baptist","Grand Point, Romeville, Garyville, St. James, Edgard, Convent, Laplace, Welcome, Wallace, Hester, Paulina, Pleasure Bend, Union, North Vacherie, Lutcher, South Vacherie, Reserve",165.61,157.33,173.891,68552,193.276,183.612,202.94,82641,164.395,156.175,172.615,68026,17.93,57.59,52.26,18.08
"B0030","https://nci-naaccr-zone-design.github.io/louisiana-2020/?address=B0030","Both","Lung","05yrs","St. James, St. John the Baptist","Grand Point, Romeville, Garyville, St. James, Edgard, Convent, Laplace, Welcome, Wallace, Hester, Paulina, Pleasure Bend, Union, North Vacherie, Lutcher, South Vacherie, Reserve",61.268,58.205,64.332,137686,87.76,83.372,92.148,174549,73.992,70.293,77.692,68026,17.93,57.59,52.26,18.08
"B0030","https://nci-naaccr-zone-design.github.io/louisiana-2020/?address=B0030","Female","Lung","05yrs","St. James, St. John the Baptist","Grand Point, Romeville, Garyville, St. James, Edgard, Convent, Laplace, Welcome, Wallace, Hester, Paulina, Pleasure Bend, Union, North Vacherie, Lutcher, South Vacherie, Reserve",61.219,58.158,64.28,69134,48.422,46.001,50.843,91908,64.028,60.826,67.229,68026,17.93,57.59,52.26,18.08
"B0030","https://nci-naaccr-zone-design.github.io/louisiana-2020/?address=B0030","Male","Lung","05yrs","St. James, St. John the Baptist","Grand Point, Romeville, Garyville, St. James, Edgard, Convent, Laplace, Welcome, Wallace, Hester, Paulina, Pleasure Bend, Union, North Vacherie, Lutcher, South Vacherie, Reserve",71.74,68.153,75.327,68552,100.15,95.142,105.157,82641,74.98,71.231,78.729,68026,17.93,57.59,52.26,18.08
"B0030","https://nci-naaccr-zone-design.github.io/louisiana-2020/?address=B0030","Female","Breast","05yrs","St. James, St. John the Baptist","Grand Point, Romeville, Garyville, St. James, Edgard, Convent, Laplace, Welcome, Wallace, Hester, Paulina, Pleasure Bend, Union, North Vacherie, Lutcher, South Vacherie, Reserve",126.079,119.775,132.383,69134,98.695,93.761,103.63,91908,133.912,127.217,140.608,68026,17.93,57.59,52.26,18.08
"B0030","https://nci-naaccr-zone-design.github.io/louisiana-2020/?address=B0030","Both","CRC","05yrs","St. James, St. John the Baptist","Grand Point, Romeville, Garyville, St. James, Edgard, Convent, Laplace, Welcome, Wallace, Hester, Paulina, Pleasure Bend, Union, North Vacherie, Lutcher, South Vacherie, Reserve",48.091,45.686,50.495,137686,52.863,50.22,55.506,174549,40.088,38.083,42.092,68026,17.93,57.59,52.26,18.08
"B0030","https://nci-naaccr-zone-design.github.io/louisiana-2020/?address=B0030","Female","CRC","05yrs","St. James, St. John the Baptist","Grand Point, Romeville, Garyville, St. James, Edgard, Convent, Laplace, Welcome, Wallace, Hester, Paulina, Pleasure Bend, Union, North Vacherie, Lutcher, South Vacherie, Reserve",35.724,33.938,37.51,69134,32.072,30.469,33.676,91908,39.994,37.994,41.994,68026,17.93,57.59,52.26,18.08
"B0030","https://nci-naaccr-zone-design.github.io/louisiana-2020/?address=B0030","Male","CRC","05yrs","St. James, St. John the Baptist","Grand Point, Romeville, Garyville, St. James, Edgard, Convent, Laplace, Welcome, Wallace, Hester, Paulina, Pleasure Bend, Union, North Vacherie, Lutcher, South Vacherie, Reserve",54.601,51.871,57.331,68552,58.934,55.987,61.88,82641,53.691,51.007,56.376,68026,17.93,57.59,52.26,18.08
"B0030","https://nci-naaccr-zone-design.github.io/louisiana-2020/?address=B0030","Both","Kidney","05yrs","St. James, St. John the Baptist","Grand Point, Romeville, Garyville, St. James, Edgard, Convent, Laplace, Welcome, Wallace, Hester, Paulina, Pleasure Bend, Union, North Vacherie, Lutcher, South Vacherie, Reserve",15.851,15.059,16.644,137686,21.776,20.687,22.865,174549,15.237,14.475,15.999,68026,17.93,57.59,52.26,18.08
"B0030","https://nci-naaccr-zone-design.github.io/louisiana-2020/?address=B0030","Female","Kidney","05yrs","St. James, St. John the Baptist","Grand Point, Romeville, Garyville, St. James, Edgard, Convent, Laplace, Welcome, Wallace, Hester, Paulina, Pleasure Bend, Union, North Vacherie, Lutcher, South Vacherie, Reserve",12.911,12.266,13.557,69134,16.02,15.219,16.821,91908,22.471,21.347,23.595,68026,17.93,57.59,52.26,18.08
"B0030","https://nci-naaccr-zone-design.github.io/louisiana-2020/?address=B0030","Male","Kidney","05yrs","St. James, St. John the Baptist","Grand Point, Romeville, Garyville, St. James, Edgard, Convent, Laplace, Welcome, Wallace, Hester, Paulina, Pleasure Bend, Union, North Vacherie, Lutcher, South Vacherie, Reserve",32.05,30.448,33.653,68552,25.653,24.37,26.936,82641,21.021,19.97,22.072,68026,17.93,57.59,52.26,18.08
"B0030","https://nci-naaccr-zone-design.github.io/louisiana-2020/?address=B0030","Both","NHL","05yrs","St. James, St. John the Baptist","Grand Point, Romeville, Garyville, St. James, Edgard, Convent, Laplace, Welcome, Wallace, Hester, Paulina, Pleasure Bend, Union, North Vacherie, Lutcher, South Vacherie, Reserve",18.97,18.022,19.919,137686,21.375,20.306,22.444,174549,22.54,21.413,23.667,68026,17.93,57.59,52.26,18.08
"B0030","https://nci-naaccr-zone-design.github.io/louisiana-2020/?address=B0030","Female","NHL","05yrs","St. James, St. John the Baptist","Grand Point, Romeville, Garyville, St. James, Edgard, Convent, Laplace, Welcome, Wallace, Hester, Paulina, Pleasure Bend, Union, North Vacherie, Lutcher, South Vacherie, Reserve",22.677,21.543,23.811,69134,12.233,11.621,12.845,91908,14.736,13.999,15.473,68026,17.93,57.59,52.26,18.08
"B0030","https://nci-naaccr-zone-design.github.io/louisiana-2020/?address=B0030","Male","NHL","05yrs","St. James, St. John the Baptist","Grand Point, Romeville, Garyville, St. James, Edgard, Convent, Laplace, Welcome, Wallace, Hester, Paulina, Pleasure Bend, Union, North Vacherie, Lutcher, South Vacherie, Reserve",28.553,27.125,29.98,68552,16.097,15.292,16.902,82641,31.851,30.259,33.444,68026,17.93,57.59,52.26,18.08
"B0030","https://nci-naaccr-zone-design.github.io/louisiana-2020/?address=B0030","Both","Urinary","05yrs","St. James, St. John the Baptist","Grand Point, Romeville, Garyville, St. James, Edgard, Convent, Laplace, Welcome, Wallace, Hester, Paulina, Pleasure Bend, Union, North Vacherie, Lutcher, South Vacherie, Reserve",15.633,14.851,16.414,137686,13.435,12.763,14.107,174549,21.807,20.716,22.897,68026,17.93,57.59,52.26,18.08
"B0030","https://nci-naaccr-zone-design.github.io/louisiana-2020/?address=B0030","Female","Urinary","05yrs","St. James, St. John the Baptist","Grand Point, Romeville, Garyville, St. James, Edgard, Convent, Laplace, Welcome, Wallace, Hester, Paulina, Pleasure Bend, Union, North Vacherie, Lutcher, South Vacherie, Reserve",8.449,8.026,8.871,69134,10.489,9.964,11.013,91908,8.365,7.947,8.783,68026,17.93,57.59,52.26,18.08
"B0030","https://nci-naaccr-zone-design.github.io/louisiana-2020/?address=B0030","Male","Urinary","05yrs","St. James, St. John the Baptist","Grand Point, Romeville, Garyville, St. James, Edgard, Convent, Laplace, Welcome, Wallace, Hester, Paulina, Pleasure Bend, Union, North Vacherie, Lutcher, South Vacherie, Reserve",34.003,32.303,35.703,68552,34.633,32.901,36.364,82641,39.005,37.055,40.956,68026,17.93,57.59,52.26,18.08
"B0030","https://nci-naaccr-zone-design.github.io/louisiana-2020/?address=B0030","Both","Mela","05yrs","St. James, St. John the Baptist","Grand Point, Romeville, Garyville, St. James, Edgard, Convent, Laplace, Welcome, Wallace, Hester, Paulina, Pleasure Bend, Union, North Vacherie, Lutcher, South Vacherie, Reserve",4.494,4.269,4.719,137686,6.467,6.144,6.791,174549,24.521,23.295,25.747,68026,17.93,57.59,52.26,18.08
"B0030","https://nci-naaccr-zone-design.github.io/louisiana-2020/?address=B0030","Female","Mela","05yrs","St. James, St. John the Baptist","Grand Point, Romeville, Garyville, St. James, Edgard, Convent, Laplace, Welcome, Wallace, Hester, Paulina, Pleasure Bend, Union, North Vacherie, Lutcher, South Vacherie, Reserve",22.148,21.04,23.255,69134,12.972,12.323,13.62,91908,21.451,20.379,22.524,68026,17.93,57.59,52.26,18.08
"B0030","https://nci-naaccr-zone-design.github.io/louisiana-2020/?address=B0030","Male","Mela","05yrs","St. James, St. John the Baptist","Grand Point, Romeville, Garyville, St. James, Edgard, Convent, Laplace, Welcome, Wallace, Hester, Paulina, Pleasure Bend, Union, North Vacherie, Lutcher, South Vacherie, Reserve",18.246,17.333,19.158,68552,26.216,24.905,27.526,82641,36.692,34.858,38.527,68026,17.93,57.59,52.26,18.08
"B0030","https://nci-naaccr-zone-design.github.io/louisiana-2020/?address=B0030","Both","Pancreas","05yrs","St. James, St. John the Baptist","Grand Point, Romeville, Garyville, St. James, Edgard, Convent, Laplace, Welcome, Wallace, Hester, Paulina, Pleasure Bend, Union, North Vacherie, Lutcher, South Vacherie, Reserve",11.313,10.748,11.879,137686,17.726,16.84,18.613,174549,10.218,9.707,10.729,68026,17.93,57.59,52.26,18.08
"B0030","https://nci-naaccr-zone-design.github.io/louisiana-2020/?address=B0030","Female","Pancreas","05yrs","St. James, St. John the Baptist","Grand Point, Romeville, Garyville, St. James, Edgard, Convent, Laplace, Welcome, Wallace, Hester, Paulina, Pleasure Bend, Union, North Vacherie, Lutcher, South Vacherie, Reserve",12.407,11.787,13.028,69134,17.032,16.18,17.883,91908,15.836,15.044,16.627,68026,17.93,57.59,52.26,18.08
"B0030","https://nci-naaccr-zone-design.github.io/louisiana-2020/?address=B0030","Male","Pancreas","05yrs","St. James, St. John the Baptist","Grand Point, Romeville, Garyville, St. James, Edgard, Convent, Laplace, Welcome, Wallace, Hester, Paulina, Pleasure Bend, Union, North Vacherie, Lutcher, South Vacherie, Reserve",20.157,19.149,21.165,68552,12.514,11.888,13.14,82641,13.717,13.032,14.403,68026,17.93,57.59,52.26,18.08
"B0030","https://nci-naaccr-zone-design.github.io/louisiana-2020/?address=B0030","Both","Leuks","05yrs","St. James, St. John the Baptist","Grand Point, Romeville, Garyville, St. James, Edgard, Convent, Laplace, Welcome, Wallace, Hester, Paulina, Pleasure Bend, Union, North Vacherie, Lutcher, South Vacherie, Reserve",11.0,10.45,11.55,137686,17.253,16.39,18.116,174549,16.117,15.311,16.923,68026,17.93,57.59,52.26,18.08
"B0030","https://nci-naaccr-zone-design.github.io/louisiana-2020/?address=B0030","Female","Leuks","05yrs","St. James, St. John the Baptist","Grand Point, Romeville, Garyville, St. James, Edgard, Convent, Laplace, Welcome, Wallace, Hester, Paulina, Pleasure Bend, Union, North Vacherie, Lutcher, South Vacherie, Reserve",10.866,10.322,11.409,69134,13.98,13.281,14.679,91908,11.885,11.29,12.479,68026,17.93,57.59,52.26,18.08
"B0030","https://nci-naaccr-zone-design.github.io/louisiana-2020/?address=B0030","Male","Leuks","05yrs","St. James, St. John the Baptist","Grand Point, Romeville, Garyville, St. James, Edgard, Convent, Laplace, Welcome, Wallace, Hester, Paulina, Pleasure Bend, Union, North Vacherie, Lutcher, South Vacherie, Reserve",24.685,23.45,25.919,68552,13.999,13.299,14.699,82641,9.13,8.673,9.586,68026,17.93,57.59,52.26,18.08
"B0030","https://nci-naaccr-zone-design.github.io/louisiana-2020/?address=B0030","Both","Oral","05yrs","St. James, St. John the Baptist","Grand Point, Romeville, Garyville, St. James, Edgard, Convent, Laplace, Welcome, Wallace, Hester, Paulina, Pleasure Bend, Union, North Vacherie, Lutcher, South Vacherie, Reserve",14.035,13.333,14.736,137686,9.531,9.054,10.007,174549,6.42,6.099,6.741,68026,17.93,57.59,52.26,18.08
"B0030","https://nci-naaccr-zone-design.github.io/louisiana-2020/?address=B0030","Female","Oral","05yrs","St. James, St. John the Baptist","Grand Point, Romeville, Garyville, St. James, Edgard, Convent, Laplace, Welcome, Wallace, Hester, Paulina, Pleasure Bend, Union, North Vacherie, Lutcher, South Vacherie, Reserve",6.771,6.432,7.109,69134,"","","",91908,7.612,7.231,7.992,68026,17.93,57.59,52.26,18.08
"B0030","https://nci-naaccr-zone-design.github.io/louisiana-2020/?address=B0030","Male","Oral","05yrs","St. James, St. John the Baptist","Grand Point, Romeville, Garyville, St. James, Edgard, Convent, Laplace, Welcome, Wallace, Hester, Paulina, Pleasure Bend, Union, North Vacherie, Lutcher, South Vacherie, Reserve",21.359,20.291,22.426,68552,20.641,19.609,21.673,82641,26.053,24.75,27.355,68026,17.93,57.59,52.26,18.08
"B0030","https://nci-naaccr-zone-design.github.io/louisiana-2020/?address=B0030","Both","Thyroid","05yrs","St. James, St. John the Baptist","Grand Point, Romeville, Garyville, St. James, Edgard, Convent, Laplace, Welcome, Wallace, Hester, Paulina, Pleasure Bend, Union, North Vacherie, Lutcher, South Vacherie, Reserve",9.752,9.264,10.239,137686,14.385,13.665,15.104,174549,12.574,11.945,13.202,68026,17.93,57.59,52.26,18.08
"B0030","https://nci-naaccr-zone-design.github.io/louisiana-2020/?address=B0030","Female","Thyroid","05yrs","St. James, St. John the Baptist","Grand Point, Romeville, Garyville, St. James, Edgard, Convent, Laplace, Welcome, Wallace, Hester, Paulina, Pleasure Bend, Union, North Vacherie, Lutcher, South Vacherie, Reserve",11.379,10.81,11.948,69134,25.687,24.403,26.971,91908,17.578,16.699,18.457,68026,17.93,57.59,52.26,18.08
"B0030","https://nci-naaccr-zone-design.github.io/louisiana-2020/?address=B0030","Male","Thyroid","05yrs","St. James, St. John the Baptist","Grand Point, Romeville, Garyville, St. James, Edgard, Convent, Laplace, Welcome, Wallace, Hester, Paulina, Pleasure Bend, Union, North Vacherie, Lutcher, South Vacherie, Reserve",9.263,8.8,9.726,68552,"","","",82641,"","","",68026,17.93,57.59,52.26,18.08
"B0030","https://nci-naaccr-zone-design.github.io/louisiana-2020/?address=B0030","Female","Uterine","05yrs","St. James, St. John the Baptist","Grand Point, Romeville, Garyville, St. James, Edgard, Convent, Laplace, Welcome, Wallace, Hester, Paulina, Pleasure Bend, Union, North Vacherie, Lutcher, South Vacherie, Reserve",23.454,22.281,24.627,69134,24.122,22.916,25.328,91908,14.09,13.385,14.794,68026,17.93,57.59,52.26,18.08
"B0030","https://nci-naaccr-zone-design.github.io/louisiana-2020/?address=B0030","Both","Liver","05yrs","St. James, St. John the Baptist","Grand Point, Romeville, Garyville, St. James, Edgard, Convent, Laplace, Welcome, Wallace, Hester, Paulina, Pleasure Bend, Union, North Vacherie, Lutcher, South Vacherie, Reserve",6.836,6.495,7.178,137686,7.444,7.072,7.816,174549,15.073,14.319,15.826,68026,17.93,57.59,52.26,18.08
"B0030","https://nci-naaccr-zone-design.github.io/louisiana-2020/?address=B0030","Female","Liver","05yrs","St. James, St. John the Baptist","Grand Point, Romeville, Garyville, St. James, Edgard, Convent, Laplace, Welcome, Wallace, Hester, Paulina, Pleasure Bend, Union, North Vacherie, Lutcher, South Vacherie, Reserve",5.325,5.059,5.591,69134,"","","",91908,5.46,5.187,5.733,68026,17.93,57.59,52.26,18.08
"B0030","https://nci-naaccr-zone-design.github.io/louisiana-2020/?address=B0030","Male","Liver","05yrs","St. James, St. John the Baptist","Grand Point, Romeville, Garyville, St. James, Edgard, Convent, Laplace, Welcome, Wallace, Hester, Paulina, Pleasure Bend, Union, North Vacherie, Lutcher, South Vacherie, Reserve",12.316,11.7,12.932,68552,9.032,8.58,9.483,82641,20.707,19.672,21.743,68026,17.93,57.59,52.26,18.08
"B0030","https://nci-naaccr-zone-design.github.io/louisiana-2020/?address=B0030","Both","Stomach","05yrs","St. James, St. John the Baptist","Grand Point, Romeville, Garyville, St. James, Edgard, Convent, Laplace, Welcome, Wallace, Hester, Paulina, Pleasure Bend, Union, North Vacherie, Lutcher, South Vacherie, Reserve",11.466,10.893,12.039,137686,9.68,9.196,10.164,174549,10.204,9.694,10.714,68026,17.93,57.59,52.26,18.08
"B0030","https://nci-naaccr-zone-design.github.io/louisiana-2020/?address=B0030","Female","Stomach","05yrs","St. James, St. John the Baptist","Grand Point, Romeville, Garyville, St. James, Edgard, Convent, Laplace, Welcome, Wallace, Hester, Paulina, Pleasure Bend, Union, North Vacherie, Lutcher, South Vacherie, Reserve",8.5,8.075,8.925,69134,"","","",91908,5.988,5.689,6.288,68026,17.93,57.59,52.26,18.08
"B0030","https://nci-naaccr-zone-design.github.io/louisiana-2020/?address=B0030","Male","Stomach","05yrs","St. James, St. John the Baptist","Grand Point, Romeville, Garyville, St. James, Edgard, Convent, Laplace, Welcome, Wallace, Hester, Paulina, Pleasure Bend, Union, North Vacherie, Lutcher, South Vacherie, Reserve",10.53,10.004,11.057,68552,13.24,12.578,13.902,82641,13.918,13.222,14.613,68026,17.93,57.59,52.26,18.08
"B0030","https://nci-naaccr-zone-design.github.io/louisiana-2020/?address=B0030","Both","Myeloma","05yrs","St. James, St. John the Baptist","Grand Point, Romeville, Garyville, St. James, Edgard, Convent, Laplace, Welcome, Wallace, Hester, Paulina, Pleasure Bend, Union, North Vacherie, Lutcher, South Vacherie, Reserve",5.424,5.153,5.696,137686,6.712,6.376,7.047,174549,12.114,11.508,12.719,68026,17.93,57.59,52.26,18.08
"B0030","https://nci-naaccr-zone-design.github.io/louisiana-2020/?address=B0030","Female","Myeloma","05yrs","St. James, St. John the Baptist","Grand Point, Romeville, Garyville, St. James, Edgard, Convent, Laplace, Welcome, Wallace, Hester, Paulina, Pleasure Bend, Union, North Vacherie, Lutcher, South Vacherie, Reserve",9.82,9.329,10.311,69134,12.748,12.11,13.385,91908,6.312,5.997,6.628,68026,17.93,57.59,52.26,18.08
"B0030","https://nci-naaccr-zone-design.github.io/louisiana-2020/?address=B0030","Male","Myeloma","05yrs","St. James, St. John the Baptist","Grand Point, Romeville, Garyville, St. James, Edgard, Convent, Laplace, Welcome, Wallace, Hester, Paulina, Pleasure Bend, Union, North Vacherie, Lutcher, South Vacherie, Reserve",14.421,13.7,15.142,68552,9.295,8.831,9.76,82641,17.182,16.323,18.042,68026,17.93,57.59,52.26,18.08
"B0030","https://nci-naaccr-zone-design.github.io/louisiana-2020/?address=B0030","Both","Brain","05yrs","St. James, St. John the Baptist","Grand Point, Romeville, Garyville, St. James, Edgard, Convent, Laplace, Welcome, Wallace, Hester, Paulina, Pleasure Bend, Union, North Vacherie, Lutcher, South Vacherie, Reserve",8.291,7.876,8.705,137686,7.072,6.719,7.426,174549,7.974,7.575,8.372,68026,17.93,57.59,52.26,18.08
"B0030","https://nci-naaccr-zone-design.github.io/louisiana-2020/?address=B0030","Female","Brain","05yrs","St. James, St. John the Baptist","Grand Point, Romeville, Garyville, St. James, Edgard, Convent, Laplace, Welcome, Wallace, Hester, Paulina, Pleasure Bend, Union, North Vacherie, Lutcher, South Vacherie, Reserve",6.445,6.123,6.767,69134,5.646,5.364,5.928,91908,6.255,5.942,6.568,68026,17.93,57.59,52.26,18.08
"B0030","https://nci-naaccr-zone-design.github.io/louisiana-2020/?address=B0030","Male","Brain","05yrs","St. James, St. John the Baptist","Grand Point, Romeville, Garyville, St. James, Edgard, Convent, Laplace, Welcome, Wallace, Hester, Paulina, Pleasure Bend, Union, North Vacherie, Lutcher, South Vacherie, Reserve",3.735,3.548,3.921,68552,5.301,5.036,5.566,82641,4.496,4.271,4.72,68026,17.93,57.59,52.26,18.08
"B0030","https://nci-naaccr-zone-design.github.io/louisiana-2020/?address=B0030","Both","Larynx","05yrs","St. James, St. John the Baptist","Grand Point, Romeville, Garyville, St. James, Edgard, Convent, Laplace, Welcome, Wallace, Hester, Paulina, Pleasure Bend, Union, North Vacherie, Lutcher, South Vacherie, Reserve",8.377,7.959,8.796,137686,4.197,3.988,4.407,174549,8.096,7.691,8.501,68026,17.93,57.59,52.26,18.08
"B0030","https://nci-naaccr-zone-design.github.io/louisiana-2020/?address=B0030","Female","Larynx","05yrs","St. James, St. John the Baptist","Grand Point, Romeville, Garyville, St. James, Edgard, Convent, Laplace, Welcome, Wallace, Hester, Paulina, Pleasure Bend, Union, North Vacherie, Lutcher, South Vacherie, Reserve",3.602,3.422,3.782,69134,"","","",91908,"","","",68026,17.93,57.59,52.26,18.08
"B0030","https://nci-naaccr-zone-design.github.io/louisiana-2020/?address=B0030","Male","Larynx","05yrs","St. James, St. John the Baptist","Grand Point, Romeville, Garyville, St. James, Edgard, Convent, Laplace, Welcome, Wallace, Hester, Paulina, Pleasure Bend, Union, North Vacherie, Lutcher, South Vacherie, Reserve",4.294,4.079,4.508,68552,9.741,9.254,10.228,82641,7.983,7.584,8.382,68026,17.93,57.59,52.26,18.08
"B0030","https://nci-naaccr-zone-design.github.io/louisiana-2020/?address=B0030","Female","Ovary","05yrs","St. James, St. John the Baptist","Grand Point, Romeville, Garyville, St. James, Edgard, Convent, Laplace, Welcome, Wallace, Hester, Paulina, Pleasure Bend, Union, North Vacherie, Lutcher, South Vacherie, Reserve",9.744,9.257,10.232,69134,9.73,9.243,10.216,91908,15.068,14.315,15.822,68026,17.93,57.59,52.26,18.08
"B0030","https://nci-naaccr-zone-design.github.io/louisiana-2020/?address=B0030","Both","Esoph","05yrs","St. James, St. John the Baptist","Grand Point, Romeville, Garyville, St. James, Edgard, Convent, Laplace, Welcome, Wallace, Hester, Paulina, Pleasure Bend, Union, North Vacherie, Lutcher, South Vacherie, Reserve",7.169,6.81,7.527,137686,3.719,3.533,3.905,174549,2.909,2.764,3.055,68026,17.93,57.59,52.26,18.08
"B0030","https://nci-naaccr-zone-design.github.io/louisiana-2020/?address=B0030","Female","Esoph","05yrs","St. James, St. John the Baptist","Grand Point, Romeville, Garyville, St. James, Edgard, Convent, Laplace, Welcome, Wallace, Hester, Paulina, Pleasure Bend, Union, North Vacherie, Lutcher, South Vacherie, Reserve",2.952,2.805,3.1,69134,"","","",91908,"","","",68026,17.93,57.59,52.26,18.08
"B0030","https://nci-naaccr-zone-design.github.io/louisiana-2020/?address=B0030","Male","Esoph","05yrs","St. James, St. John the Baptist","Grand Point, Romeville, Garyville, St. James, Edgard, Convent, Laplace, Welcome, Wallace, Hester, Paulina, Pleasure Bend, Union, North Vacherie, Lutcher, South Vacherie, Reserve",6.61,6.279,6.94,68552,10.183,9.674,10.692,82641,10.084,9.579,10.588,68026,17.93,57.59,52.26,18.08
"B0030","https://nci-naaccr-zone-design.github.io/louisiana-2020/?address=B0030","Both","AllSite","10yrs","St. James, St. John the Baptist","Grand Point, Romeville, Garyville, St. James, Edgard, Convent, Laplace, Welcome, Wallace, Hester, Paulina, Pleasure Bend, Union, North Vacherie, Lutcher, South Vacherie, Reserve",458.158,435.25,481.066,288240,541.303,514.238,568.368,353293,529.998,503.498,556.498,68026,17.93,57.59,52.26,18.08
"B0030","https://nci-naaccr-zone-design.github.io/louisiana-2020/?address=B0030","Female","AllSite","10yrs","St. James, St. John the Baptist","Grand Point, Romeville, Garyville, St. James, Edgard, Convent, Laplace, Welcome, Wallace, Hester, Paulina, Pleasure Bend, Union, North Vacherie, Lutcher, South Vacherie, Reserve",424.362,403.144,445.58,144594,427.436,406.064,448.808,185485,358.318,340.402,376.234,68026,17.93,57.59,52.26,18.08
"B0030","https://nci-naaccr-zone-design.github.io/louisiana-2020/?address=B0030","Male","AllSite","10yrs","St. James, St. John the Baptist","Grand Point, Romeville, Garyville, St. James, Edgard, Convent, Laplace, Welcome, Wallace, Hester, Paulina, Pleasure Bend, Union, North Vacherie, Lutcher, South Vacherie, Reserve",561.576,533.497,589.655,143646,611.619,581.038,642.2,167808,523.162,497.004,549.321,68026,17.93,57.59,52.26,18.08
"B0030","https://nci-naaccr-zone-design.github.io/louisiana-2020/?address=B0030","Male","Prostate","10yrs","St. James, St. John the Baptist","Grand Point, Romeville, Garyville, St. James, Edgard, Convent, Laplace, Welcome, Wallace, Hester, Paulina, Pleasure Bend, Union, North Vacherie, Lutcher, South Vacherie, Reserve",180.618,171.587,189.649,143646,199.407,189.437,209.377,167808,136.395,129.575,143.214,68026,17.93,57.59,52.26,18.08
"B0030","https://nci-naaccr-zone-design.github.io/louisiana-2020/?address=B0030","Both","Lung","10yrs","St. James, St. John the Baptist","Grand Point, Romeville, Garyville, St. James, Edgard, Convent, Laplace, Welcome, Wallace, Hester, Paulina, Pleasure Bend, Union, North Vacherie, Lutcher, South Vacherie, Reserve",86.888,82.543,91.232,288240,70.143,66.636,73.651,353293,88.566,84.137,92.994,68026,17.93,57.59,52.26,18.08
"B0030","https://nci-naaccr-zone-design.github.io/louisiana-2020/?address=B0030","Female","Lung","10yrs","St. James, St. John the Baptist","Grand Point, Romeville, Garyville, St. James, Edgard, Convent, Laplace, Welcome, Wallace, Hester, Paulina, Pleasure Bend, Union, North Vacherie, Lutcher, South Vacherie, Reserve",61.671,58.587,64.754,144594,53.346,50.679,56.013,185485,47.365,44.997,49.733,68026,17.93,57.59,52.26,18.08
"B0030","https://nci-naaccr-zone-design.github.io/louisiana-2020/?address=B0030","Male","Lung","10yrs","St. James, St. John the Baptist","Grand Point, Romeville, Garyville, St. James, Edgard, Convent, Laplace, Welcome, Wallace, Hester, Paulina, Pleasure Bend, Union, North Vacherie, Lutcher, South Vacherie, Reserve",115.781,109.992,121.57,143646,112.685,107.051,118.319,167808,52.722,50.086,55.358,68026,17.93,57.59,52.26,18.08
"B0030","https://nci-naaccr-zone-design.github.io/louisiana-2020/?address=B0030","Female","Breast","10yrs","St. James, St. John the Baptist","Grand Point, Romeville, Garyville, St. James, Edgard, Convent, Laplace, Welcome, Wallace, Hester, Paulina, Pleasure Bend, Union, North Vacherie, Lutcher, South Vacherie, Reserve",120.94,114.893,126.987,144594,131.187,124.628,137.746,185485,106.146,100.838,111.453,68026,17.93,57.59,52.26,18.08
"B0030","https://nci-naaccr-zone-design.github.io/louisiana-2020/?address=B0030","Both","CRC","10yrs","St. James, St. John the Baptist","Grand Point, Romeville, Garyville, St. James, Edgard, Convent, Laplace, Welcome, Wallace, Hester, Paulina, Pleasure Bend, Union, North Vacherie, Lutcher, South Vacherie, Reserve",61.4,58.33,64.47,288240,55.339,52.572,58.106,353293,52.576,49.947,55.204,68026,17.93,57.59,52.26,18.08
"B0030","https://nci-naaccr-zone-design.github.io/louisiana-2020/?address=B0030","Female","CRC","10yrs","St. James, St. John the Baptist","Grand Point, Romeville, Garyville, St. James, Edgard, Convent, Laplace, Welcome, Wallace, Hester, Paulina, Pleasure Bend, Union, North Vacherie, Lutcher, South Vacherie, Reserve",31.774,30.185,33.362,144594,39.453,37.48,41.425,185485,49.838,47.346,52.33,68026,17.93,57.59,52.26,18.08
"B0030","https://nci-naaccr-zone-design.github.io/louisiana-2020/?address=B0030","Male","CRC","10yrs","St. James, St. John the Baptist","Grand Point, Romeville, Garyville, St. James, Edgard, Convent, Laplace, Welcome, Wallace, Hester, Paulina, Pleasure Bend, Union, North Vacherie, Lutcher, South Vacherie, Reserve",61.205,58.145,64.265,143646,47.031,44.68,49.383,167808,56.416,53.595,59.237,68026,17.93,57.59,52.26,18.08
"B0030","https://nci-naaccr-zone-design.github.io/louisiana-2020/?address=B0030","Both","Kidney","10yrs","St. James, St. John the Baptist","Grand Point, Romeville, Garyville, St. James, Edgard, Convent, Laplace, Welcome, Wallace, Hester, Paulina, Pleasure Bend, Union, North Vacherie, Lutcher, South Vacherie, Reserve",18.318,17.402,19.233,288240,20.546,19.519,21.574,353293,24.847,23.605,26.09,68026,17.93,57.59,52.26,18.08
"B0030","https://nci-naaccr-zone-design.github.io/louisiana-2020/?address=B0030","Female","Kidney","10yrs","St. James, St. John the Baptist","Grand Point, Romeville, Garyville, St. James, Edgard, Convent, Laplace, Welcome, Wallace, Hester, Paulina, Pleasure Bend, Union, North Vacherie, Lutcher, South Vacherie, Reserve",13.021,12.37,13.672,144594,13.745,13.058,14.433,185485,21.406,20.336,22.477,68026,17.93,57.59,52.26,18.08
"B0030","https://nci-naaccr-zone-design.github.io/louisiana-2020/?address=B0030","Male","Kidney","10yrs","St. James, St. John the Baptist","Grand Point, Romeville, Garyville, St. James, Edgard, Convent, Laplace, Welcome, Wallace, Hester, Paulina, Pleasure Bend, Union, North Vacherie, Lutcher, South Vacherie, Reserve",26.597,25.267,27.927,143646,24.568,23.339,25.796,167808,24.807,23.566,26.047,68026,17.93,57.59,52.26,18.08
"B0030","https://nci-naaccr-zone-design.github.io/louisiana-2020/?address=B0030","Both","NHL","10yrs","St. James, St. John the Baptist","Grand Point, Romeville, Garyville, St. James, Edgard, Convent, Laplace, Welcome, Wallace, Hester, Paulina, Pleasure Bend, Union, North Vacherie, Lutcher, South Vacherie, Reserve",22.64,21.508,23.772,288240,17.163,16.305,18.021,353293,22.072,20.968,23.175,68026,17.93,57.59,52.26,18.08
"B0030","https://nci-naaccr-zone-design.github.io/louisiana-2020/?address=B0030","Female","NHL","10yrs","St. James, St. John the Baptist","Grand Point, Romeville, Garyville, St. James, Edgard, Convent, Laplace, Welcome, Wallace, Hester, Paulina, Pleasure Bend, Union, North Vacherie, Lutcher, South Vacherie, Reserve",13.326,12.66,13.993,144594,12.321,11.705,12.938,185485,21.583,20.504,22.662,68026,17.93,57.59,52.26,18.08
"B0030","https://nci-naaccr-zone-design.github.io/louisiana-2020/?address=B0030","Male","NHL","10yrs","St. James, St. John the Baptist","Grand Point, Romeville, Garyville, St. James, Edgard, Convent, Laplace, Welcome, Wallace, Hester, Paulina, Pleasure Bend, Union, North Vacherie, Lutcher, South Vacherie, Reserve",16.606,15.775,17.436,143646,25.327,24.061,26.593,167808,30.109,28.604,31.614,68026,17.93,57.59,52.26,18.08
"B0030","https://nci-naaccr-zone-design.github.io/louisiana-2020/?address=B0030","Both","Urinary","10yrs","St. James, St. John the Baptist","Grand Point, Romeville, Garyville, St. James, Edgard, Convent, Laplace, Welcome, Wallace, Hester, Paulina, Pleasure Bend, Union, North Vacherie, Lutcher, South Vacherie, Reserve",22.464,21.341,23.587,288240,17.239,16.377,18.101,353293,14.295,13.58,15.01,68026,17.93,57.59,52.26,18.08
"B0030","https://nci-naaccr-zone-design.github.io/louisiana-2020/?address=B0030","Female","Urinary","10yrs","St. James, St. John the Baptist","Grand Point, Romeville, Garyville, St. James, Edgard, Convent, Laplace, Welcome, Wallace, Hester, Paulina, Pleasure Bend, Union, North Vacherie, Lutcher, South Vacherie, Reserve",12.856,12.213,13.498,144594,6.399,6.079,6.719,185485,3.98,3.781,4.179,68026,17.93,57.59,52.26,18.08
"B0030","https://nci-naaccr-zone-design.github.io/louisiana-2020/?address=B0030","Male","Urinary","10yrs","St. James, St. John the Baptist","Grand Point, Romeville, Garyville, St. James, Edgard, Convent, Laplace, Welcome, Wallace, Hester, Paulina, Pleasure Bend, Union, North Vacherie, Lutcher, South Vacherie, Reserve",48.045,45.643,50.448,143646,26.58,25.251,27.909,167808,44.52,42.294,46.746,68026,17.93,57.59,52.26,18.08
"B0030","https://nci-naaccr-zone-design.github.io/louisiana-2020/?address=B0030","Both","Mela","10yrs","St. James, St. John the Baptist","Grand Point, Romeville, Garyville, St. James, Edgard, Convent, Laplace, Welcome, Wallace, Hester, Paulina, Pleasure Bend, Union, North Vacherie, Lutcher, South Vacherie, Reserve",10.889,10.345,11.433,288240,19.295,18.331,20.26,353293,21.789,20.7,22.879,68026,17.93,57.59,52.26,18.08
"B0030","https://nci-naaccr-zone-design.github.io/louisiana-2020/?address=B0030","Female","Mela","10yrs","St. James, St. John the Baptist","Grand Point, Romeville, Garyville, St. James, Edgard, Convent, Laplace, Welcome, Wallace, Hester, Paulina, Pleasure Bend, Union, North Vacherie, Lutcher, South Vacherie, Reserve",8.699,8.265,9.134,144594,21.124,20.068,22.18,185485,21.448,20.376,22.52,68026,17.93,57.59,52.26,18.08
"B0030","https://nci-naaccr-zone-design.github.io/louisiana-2020/?address=B0030","Male","Mela","10yrs","St. James, St. John the Baptist","Grand Point, Romeville, Garyville, St. James, Edgard, Convent, Laplace, Welcome, Wallace, Hester, Paulina, Pleasure Bend, Union, North Vacherie, Lutcher, South Vacherie, Reserve",17.639,16.757,18.521,143646,33.707,32.022,35.393,167808,23.413,22.243,24.584,68026,17.93,57.59,52.26,18.08
"B0030","https://nci-naaccr-zone-design.github.io/louisiana-2020/?address=B0030","Both","Pancreas","10yrs","St. James, St. John the Baptist","Grand Point, Romeville, Garyville, St. James, Edgard, Convent, Laplace, Welcome, Wallace, Hester, Paulina, Pleasure Bend, Union, North Vacherie, Lutcher, South Vacherie, Reserve",11.524,10.948,12.1,288240,13.949,13.251,14.646,353293,10.283,9.769,10.798,68026,17.93,57.59,52.26,18.08
"B0030","https://nci-naaccr-zone-design.github.io/louisiana-2020/?address=B0030","Female","Pancreas","10yrs","St. James, St. John the Baptist","Grand Point, Romeville, Garyville, St. James, Edgard, Convent, Laplace, Welcome, Wallace, Hester, Paulina, Pleasure Bend, Union, North Vacherie, Lutcher, South Vacherie, Reserve",12.231,11.62,12.843,144594,15.092,14.337,15.846,185485,15.373,14.604,16.141,68026,17.93,57.59,52.26,18.08
"B0030","https://nci-naaccr-zone-design.github.io/louisiana-2020/?address=B0030","Male","Pancreas","10yrs","St. James, St. John the Baptist","Grand Point, Romeville, Garyville, St. James, Edgard, Convent, Laplace, Welcome, Wallace, Hester, Paulina, Pleasure Bend, Union, North Vacherie, Lutcher, South Vacherie, Reserve",12.359,11.741,12.977,143646,18.157,17.249,19.064,167808,14.557,13.829,15.285,68026,17.93,57.59,52.26,18.08
"B0030","https://nci-naaccr-zone-design.github.io/louisiana-2020/?address=B0030","Both","Leuks","10yrs","St. James, St. John the Baptist","Grand Point, Romeville, Garyville, St. James, Edgard, Convent, Laplace, Welcome, Wallace, Hester, Paulina, Pleasure Bend, Union, North Vacherie, Lutcher, South Vacherie, Reserve",11.37,10.802,11.939,288240,11.505,10.929,12.08,353293,12.274,11.661,12.888,68026,17.93,57.59,52.26,18.08
"B0030","https://nci-naaccr-zone-design.github.io/louisiana-2020/?address=B0030","Female","Leuks","10yrs","St. James, St. John the Baptist","Grand Point, Romeville, Garyville, St. James, Edgard, Convent, Laplace, Welcome, Wallace, Hester, Paulina, Pleasure Bend, Union, North Vacherie, Lutcher, South Vacherie, Reserve",9.333,8.866,9.8,144594,6.582,6.253,6.911,185485,6.453,6.13,6.776,68026,17.93,57.59,52.26,18.08
"B0030","https://nci-naaccr-zone-design.github.io/louisiana-2020/?address=B0030","Male","Leuks","10yrs","St. James, St. John the Baptist","Grand Point, Romeville, Garyville, St. James, Edgard, Convent, Laplace, Welcome, Wallace, Hester, Paulina, Pleasure Bend, Union, North Vacherie, Lutcher, South Vacherie, Reserve",12.296,11.681,12.91,143646,13.221,12.56,13.882,167808,12.332,11.715,12.948,68026,17.93,57.59,52.26,18.08
"B0030","https://nci-naaccr-zone-design.github.io/louisiana-2020/?address=B0030","Both","Oral","10yrs","St. James, St. John the Baptist","Grand Point, Romeville, Garyville, St. James, Edgard, Convent, Laplace, Welcome, Wallace, Hester, Paulina, Pleasure Bend, Union, North Vacherie, Lutcher, South Vacherie, Reserve",14.49,13.765,15.214,288240,16.163,15.355,16.971,353293,6.462,6.139,6.785,68026,17.93,57.59,52.26,18.08
"B0030","https://nci-naaccr-zone-design.github.io/louisiana-2020/?address=B0030","Female","Oral","10yrs","St. James, St. John the Baptist","Grand Point, Romeville, Garyville, St. James, Edgard, Convent, Laplace, Welcome, Wallace, Hester, Paulina, Pleasure Bend, Union, North Vacherie, Lutcher, South Vacherie, Reserve",5.938,5.641,6.235,144594,4.596,4.366,4.826,185485,5.566,5.288,5.844,68026,17.93,57.59,52.26,18.08
"B0030","https://nci-naaccr-zone-design.github.io/louisiana-2020/?address=B0030","Male","Oral","10yrs","St. James, St. John the Baptist","Grand Point, Romeville, Garyville, St. James, Edgard, Convent, Laplace, Welcome, Wallace, Hester, Paulina, Pleasure Bend, Union, North Vacherie, Lutcher, South Vacherie, Reserve",21.15,20.092,22.207,143646,19.51,18.535,20.486,167808,10.752,10.214,11.289,68026,17.93,57.59,52.26,18.08
"B0030","https://nci-naaccr-zone-design.github.io/louisiana-2020/?address=B0030","Both","Thyroid","10yrs","St. James, St. John the Baptist","Grand Point, Romeville, Garyville, St. James, Edgard, Convent, Laplace, Welcome, Wallace, Hester, Paulina, Pleasure Bend, Union, North Vacherie, Lutcher, South Vacherie, Reserve",15.115,14.359,15.871,288240,9.607,9.127,10.087,353293,10.666,10.133,11.2,68026,17.93,57.59,52.26,18.08
"B0030","https://nci-naaccr-zone-design.github.io/louisiana-2020/?address=B0030","Female","Thyroid","10yrs","St. James, St. John the Baptist","Grand Point, Romeville, Garyville, St. James, Edgard, Convent, Laplace, Welcome, Wallace, Hester, Paulina, Pleasure Bend, Union, North Vacherie, Lutcher, South Vacherie, Reserve",19.176,18.217,20.135,144594,23.416,22.245,24.586,185485,12.703,12.068,13.338,68026,17.93,57.59,52.26,18.08
"B0030","https://nci-naaccr-zone-design.github.io/louisiana-2020/?address=B0030","Male","Thyroid","10yrs","St. James, St. John the Baptist","Grand Point, Romeville, Garyville, St. James, Edgard, Convent, Laplace, Welcome, Wallace, Hester, Paulina, Pleasure Bend, Union, North Vacherie, Lutcher, South Vacherie, Reserve",2.462,2.339,2.585,143646,6.987,6.637,7.336,167808,9.53,9.053,10.006,68026,17.93,57.59,52.26,18.08
"B0030","https://nci-naaccr-zone-design.github.io/louisiana-2020/?address=B0030","Female","Uterine","10yrs","St. James, St. John the Baptist","Grand Point, Romeville, Garyville, St. James, Edgard, Convent, Laplace, Welcome, Wallace, Hester, Paulina, Pleasure Bend, Union, North Vacherie, Lutcher, South Vacherie, Reserve",17.966,17.068,18.864,144594,15.442,14.669,16.214,185485,24.087,22.883,25.292,68026,17.93,57.59,52.26,18.08
"B0030","https://nci-naaccr-zone-design.github.io/louisiana-2020/?address=B0030","Both","Liver","10yrs","St. James, St. John the Baptist","Grand Point, Romeville, Garyville, St. James, Edgard, Convent, Laplace, Welcome, Wallace, Hester, Paulina, Pleasure Bend, Union, North Vacherie, Lutcher, South Vacherie, Reserve",10.999,10.449,11.549,288240,10.618,10.088,11.149,353293,5.891,5.597,6.186,68026,17.93,57.59,52.26,18.08
"B0030","https://nci-naaccr-zone-design.github.io/louisiana-2020/?address=B0030","Female","Liver","10yrs","St. James, St. John the Baptist","Grand Point, Romeville, Garyville, St. James, Edgard, Convent, Laplace, Welcome, Wallace, Hester, Paulina, Pleasure Bend, Union, North Vacherie, Lutcher, South Vacherie, Reserve",6.734,6.397,7.071,144594,3.601,3.421,3.781,185485,4.223,4.012,4.434,68026,17.93,57.59,52.26,18.08
"B0030","https://nci-naaccr-zone-design.github.io/louisiana-2020/?address=B0030","Male","Liver","10yrs","St. James, St. John the Baptist","Grand Point, Romeville, Garyville, St. James, Edgard, Convent, Laplace, Welcome, Wallace, Hester, Paulina, Pleasure Bend, Union, North Vacherie, Lutcher, South Vacherie, Reserve",17.402,16.532,18.272,143646,11.239,10.677,11.801,167808,11.204,10.644,11.764,68026,17.93,57.59,52.26,18.08
"B0030","https://nci-naaccr-zone-design.github.io/louisiana-2020/?address=B0030","Both","Stomach","10yrs","St. James, St. John the Baptist","Grand Point, Romeville, Garyville, St. James, Edgard, Convent, Laplace, Welcome, Wallace, Hester, Paulina, Pleasure Bend, Union, North Vacherie, Lutcher, South Vacherie, Reserve",8.735,8.298,9.172,288240,9.879,9.385,10.373,353293,5.687,5.403,5.971,68026,17.93,57.59,52.26,18.08
"B0030","https://nci-naaccr-zone-design.github.io/louisiana-2020/?address=B0030","Female","Stomach","10yrs","St. James, St. John the Baptist","Grand Point, Romeville, Garyville, St. James, Edgard, Convent, Laplace, Welcome, Wallace, Hester, Paulina, Pleasure Bend, Union, North Vacherie, Lutcher, South Vacherie, Reserve",4.118,3.912,4.324,144594,6.037,5.735,6.339,185485,3.74,3.553,3.927,68026,17.93,57.59,52.26,18.08
"B0030","https://nci-naaccr-zone-design.github.io/louisiana-2020/?address=B0030","Male","Stomach","10yrs","St. James, St. John the Baptist","Grand Point, Romeville, Garyville, St. James, Edgard, Convent, Laplace, Welcome, Wallace, Hester, Paulina, Pleasure Bend, Union, North Vacherie, Lutcher, South Vacherie, Reserve",12.034,11.432,12.636,143646,8.099,7.694,8.504,167808,14.744,14.007,15.481,68026,17.93,57.59,52.26,18.08
"B0030","https://nci-naaccr-zone-design.github.io/louisiana-2020/?address=B0030","Both","Myeloma","10yrs","St. James, St. John the Baptist","Grand Point, Romeville, Garyville, St. James, Edgard, Convent, Laplace, Welcome, Wallace, Hester, Paulina, Pleasure Bend, Union, North Vacherie, Lutcher, South Vacherie, Reserve",5.633,5.352,5.915,288240,7.754,7.366,8.141,353293,11.507,10.932,12.083,68026,17.93,57.59,52.26,18.08
"B0030","https://nci-naaccr-zone-design.github.io/louisiana-2020/?address=B0030","Female","Myeloma","10yrs","St. James, St. John the Baptist","Grand Point, Romeville, Garyville, St. James, Edgard, Convent, Laplace, Welcome, Wallace, Hester, Paulina, Pleasure Bend, Union, North Vacherie, Lutcher, South Vacherie, Reserve",12.546,11.919,13.173,144594,8.333,7.916,8.749,185485,5.272,5.009,5.536,68026,17.93,57.59,52.26,18.08
"B0030","https://nci-naaccr-zone-design.github.io/louisiana-2020/?address=B0030","Male","Myeloma","10yrs","St. James, St. John the Baptist","Grand Point, Romeville, Garyville, St. James, Edgard, Convent, Laplace, Welcome, Wallace, Hester, Paulina, Pleasure Bend, Union, North Vacherie, Lutcher, South Vacherie, Reserve",14.467,13.744,15.19,143646,13.78,13.091,14.469,167808,9.817,9.326,10.308,68026,17.93,57.59,52.26,18.08
"B0030","https://nci-naaccr-zone-design.github.io/louisiana-2020/?address=B0030","Both","Brain","10yrs","St. James, St. John the Baptist","Grand Point, Romeville, Garyville, St. James, Edgard, Convent, Laplace, Welcome, Wallace, Hester, Paulina, Pleasure Bend, Union, North Vacherie, Lutcher, South Vacherie, Reserve",6.736,6.399,7.073,288240,6.182,5.873,6.491,353293,4.276,4.063,4.49,68026,17.93,57.59,52.26,18.08
"B0030","https://nci-naaccr-zone-design.github.io/louisiana-2020/?address=B0030","Female","Brain","10yrs","St. James, St. John the Baptist","Grand Point, Romeville, Garyville, St. James, Edgard, Convent, Laplace, Welcome, Wallace, Hester, Paulina, Pleasure Bend, Union, North Vacherie, Lutcher, South Vacherie, Reserve",4.89,4.645,5.134,144594,3.275,3.111,3.439,185485,3.553,3.375,3.73,68026,17.93,57.59,52.26,18.08
"B0030","https://nci-naaccr-zone-design.github.io/louisiana-2020/?address=B0030","Male","Brain","10yrs","St. James, St. John the Baptist","Grand Point, Romeville, Garyville, St. James, Edgard, Convent, Laplace, Welcome, Wallace, Hester, Paulina, Pleasure Bend, Union, North Vacherie, Lutcher, South Vacherie, Reserve",11.443,10.871,12.016,143646,10.94,10.393,11.487,167808,5.452,5.18,5.725,68026,17.93,57.59,52.26,18.08
"B0030","https://nci-naaccr-zone-design.github.io/louisiana-2020/?address=B0030","Both","Larynx","10yrs","St. James, St. John the Baptist","Grand Point, Romeville, Garyville, St. James, Edgard, Convent, Laplace, Welcome, Wallace, Hester, Paulina, Pleasure Bend, Union, North Vacherie, Lutcher, South Vacherie, Reserve",9.048,8.596,9.501,288240,3.809,3.618,3.999,353293,6.26,5.947,6.573,68026,17.93,57.59,52.26,18.08
"B0030","https://nci-naaccr-zone-design.github.io/louisiana-2020/?address=B0030","Female","Larynx","10yrs","St. James, St. John the Baptist","Grand Point, Romeville, Garyville, St. James, Edgard, Convent, Laplace, Welcome, Wallace, Hester, Paulina, Pleasure Bend, Union, North Vacherie, Lutcher, South Vacherie, Reserve",4.141,3.934,4.348,144594,3.235,3.073,3.397,185485,1.143,1.086,1.2,68026,17.93,57.59,52.26,18.08
"B0030","https://nci-naaccr-zone-design.github.io/louisiana-2020/?address=B0030","Male","Larynx","10yrs","St. James, St. John the Baptist","Grand Point, Romeville, Garyville, St. James, Edgard, Convent, Laplace, Welcome, Wallace, Hester, Paulina, Pleasure Bend, Union, North Vacherie, Lutcher, South Vacherie, Reserve",10.337,9.82,10.854,143646,4.747,4.51,4.985,167808,14.249,13.537,14.962,68026,17.93,57.59,52.26,18.08
"B0030","https://nci-naaccr-zone-design.github.io/louisiana-2020/?address=B0030","Female","Ovary","10yrs","St. James, St. John the Baptist","Grand Point, Romeville, Garyville, St. James, Edgard, Convent, Laplace, Welcome, Wallace, Hester, Paulina, Pleasure Bend, Union, North Vacherie, Lutcher, South Vacherie, Reserve",14.698,13.963,15.432,144594,14.248,13.535,14.96,185485,13.299,12.634,13.964,68026,17.93,57.59,52.26,18.08
"B0030","https://nci-naaccr-zone-design.github.io/louisiana-2020/?address=B0030","Both","Esoph","10yrs","St. James, St. John the Baptist","Grand Point, Romeville, Garyville, St. James, Edgard, Convent, Laplace, Welcome, Wallace, Hester, Paulina, Pleasure Bend, Union, North Vacherie, Lutcher, South Vacherie, Reserve",7.924,7.528,8.32,288240,3.826,3.635,4.017,353293,5.932,5.635,6.228,68026,17.93,57.59,52.26,18.08
"B0030","https://nci-naaccr-zone-design.github.io/louisiana-2020/?address=B0030","Female","Esoph","10yrs","St. James, St. John the Baptist","Grand Point, Romeville, Garyville, St. James, Edgard, Convent, Laplace, Welcome, Wallace, Hester, Paulina, Pleasure Bend, Union, North Vacherie, Lutcher, South Vacherie, Reserve",2.004,1.904,2.104,144594,2.495,2.37,2.619,185485,3.28,3.116,3.444,68026,17.93,57.59,52.26,18.08
"B0030","https://nci-naaccr-zone-design.github.io/louisiana-2020/?address=B0030","Male","Esoph","10yrs","St. James, St. John the Baptist","Grand Point, Romeville, Garyville, St. James, Edgard, Convent, Laplace, Welcome, Wallace, Hester, Paulina, Pleasure Bend, Union, North Vacherie, Lutcher, South Vacherie, Reserve",4.839,4.597,5.081,143646,9.629,9.148,10.111,167808,12.664,12.031,13.297,68026,17.93,57.59,52.26,18.08
