"Zone","URL","Sex","Cancer","Years","Counties","Places","AAIR","LCI","UCI","White_PopTot","White_AAIR","White_LCI","White_UCI","Black_PopTot","Black_AAIR","Black_LCI","Black_UCI","TotalPop","Pct100Pov","PctMinority","PctBlackNH","PctRural"
"A9033","https://nci-naaccr-zone-design.github.io/louisiana-2020/?address=A9033","Both","AllSite","05yrs","Livingston","Livingston, Killian, Walker",452.073,429.469,474.676,318123,512.917,487.271,538.563,23840,463.874,440.68,487.068,68034,16.76,10.16,5.56,65.91
"A9033","https://nci-naaccr-zone-design.github.io/louisiana-2020/?address=A9033","Female","AllSite","05yrs","Livingston","Livingston, Killian, Walker",369.297,350.832,387.762,160025,431.374,409.805,452.943,11713,376.791,357.951,395.63,68034,16.76,10.16,5.56,65.91
"A9033","https://nci-naaccr-zone-design.github.io/louisiana-2020/?address=A9033","Male","AllSite","05yrs","Livingston","Livingston, Killian, Walker",580.377,551.358,609.396,158098,678.171,644.262,712.079,12126,657.709,624.824,690.595,68034,16.76,10.16,5.56,65.91
"A9033","https://nci-naaccr-zone-design.github.io/louisiana-2020/?address=A9033","Male","Prostate","05yrs","Livingston","Livingston, Killian, Walker",125.495,119.22,131.77,158098,152.035,144.433,159.637,12126,201.913,191.818,212.009,68034,16.76,10.16,5.56,65.91
"A9033","https://nci-naaccr-zone-design.github.io/louisiana-2020/?address=A9033","Both","Lung","05yrs","Livingston","Livingston, Killian, Walker",45.121,42.865,47.377,318123,77.244,73.382,81.107,23840,84.112,79.906,88.317,68034,16.76,10.16,5.56,65.91
"A9033","https://nci-naaccr-zone-design.github.io/louisiana-2020/?address=A9033","Female","Lung","05yrs","Livingston","Livingston, Killian, Walker",46.298,43.983,48.613,160025,69.347,65.88,72.814,11713,62.32,59.204,65.436,68034,16.76,10.16,5.56,65.91
"A9033","https://nci-naaccr-zone-design.github.io/louisiana-2020/?address=A9033","Male","Lung","05yrs","Livingston","Livingston, Killian, Walker",82.54,78.413,86.667,158098,66.18,62.871,69.488,12126,105.558,100.28,110.836,68034,16.76,10.16,5.56,65.91
"A9033","https://nci-naaccr-zone-design.github.io/louisiana-2020/?address=A9033","Female","Breast","05yrs","Livingston","Livingston, Killian, Walker",109.622,104.141,115.103,160025,133.856,127.164,140.549,11713,129.024,122.573,135.475,68034,16.76,10.16,5.56,65.91
"A9033","https://nci-naaccr-zone-design.github.io/louisiana-2020/?address=A9033","Both","CRC","05yrs","Livingston","Livingston, Killian, Walker",57.973,55.074,60.871,318123,45.429,43.157,47.7,23840,51.129,48.573,53.686,68034,16.76,10.16,5.56,65.91
"A9033","https://nci-naaccr-zone-design.github.io/louisiana-2020/?address=A9033","Female","CRC","05yrs","Livingston","Livingston, Killian, Walker",47.803,45.413,50.193,160025,46.201,43.891,48.511,11713,38.017,36.116,39.918,68034,16.76,10.16,5.56,65.91
"A9033","https://nci-naaccr-zone-design.github.io/louisiana-2020/?address=A9033","Male","CRC","05yrs","Livingston","Livingston, Killian, Walker",70.414,66.893,73.935,158098,73.098,69.443,76.753,12126,41.105,39.05,43.16,68034,16.76,10.16,5.56,65.91
"A9033","https://nci-naaccr-zone-design.github.io/louisiana-2020/?address=A9033","Both","Kidney","05yrs","Livingston","Livingston, Killian, Walker",20.008,19.008,21.009,318123,24.454,23.231,25.677,23840,18.588,17.658,19.517,68034,16.76,10.16,5.56,65.91
"A9033","https://nci-naaccr-zone-design.github.io/louisiana-2020/?address=A9033","Female","Kidney","05yrs","Livingston","Livingston, Killian, Walker",11.748,11.16,12.335,160025,16.982,16.133,17.831,11713,"","","",68034,16.76,10.16,5.56,65.91
"A9033","https://nci-naaccr-zone-design.github.io/louisiana-2020/?address=A9033","Male","Kidney","05yrs","Livingston","Livingston, Killian, Walker",29.668,28.185,31.152,158098,25.306,24.041,26.571,12126,"","","",68034,16.76,10.16,5.56,65.91
"A9033","https://nci-naaccr-zone-design.github.io/louisiana-2020/?address=A9033","Both","NHL","05yrs","Livingston","Livingston, Killian, Walker",14.075,13.371,14.779,318123,23.625,22.444,24.806,23840,14.905,14.16,15.65,68034,16.76,10.16,5.56,65.91
"A9033","https://nci-naaccr-zone-design.github.io/louisiana-2020/?address=A9033","Female","NHL","05yrs","Livingston","Livingston, Killian, Walker",12.119,11.513,12.725,160025,10.376,9.857,10.895,11713,"","","",68034,16.76,10.16,5.56,65.91
"A9033","https://nci-naaccr-zone-design.github.io/louisiana-2020/?address=A9033","Male","NHL","05yrs","Livingston","Livingston, Killian, Walker",30.664,29.131,32.197,158098,24.992,23.742,26.242,12126,29.399,27.929,30.869,68034,16.76,10.16,5.56,65.91
"A9033","https://nci-naaccr-zone-design.github.io/louisiana-2020/?address=A9033","Both","Urinary","05yrs","Livingston","Livingston, Killian, Walker",23.122,21.966,24.279,318123,21.627,20.545,22.708,23840,21.736,20.649,22.823,68034,16.76,10.16,5.56,65.91
"A9033","https://nci-naaccr-zone-design.github.io/louisiana-2020/?address=A9033","Female","Urinary","05yrs","Livingston","Livingston, Killian, Walker",6.879,6.535,7.223,160025,7.761,7.373,8.149,11713,"","","",68034,16.76,10.16,5.56,65.91
"A9033","https://nci-naaccr-zone-design.github.io/louisiana-2020/?address=A9033","Male","Urinary","05yrs","Livingston","Livingston, Killian, Walker",47.483,45.109,49.857,158098,41.446,39.373,43.518,12126,28.046,26.644,29.448,68034,16.76,10.16,5.56,65.91
"A9033","https://nci-naaccr-zone-design.github.io/louisiana-2020/?address=A9033","Both","Mela","05yrs","Livingston","Livingston, Killian, Walker",28.852,27.409,30.294,318123,14.01,13.309,14.71,23840,"","","",68034,16.76,10.16,5.56,65.91
"A9033","https://nci-naaccr-zone-design.github.io/louisiana-2020/?address=A9033","Female","Mela","05yrs","Livingston","Livingston, Killian, Walker",3.098,2.943,3.252,160025,8.327,7.91,8.743,11713,"","","",68034,16.76,10.16,5.56,65.91
"A9033","https://nci-naaccr-zone-design.github.io/louisiana-2020/?address=A9033","Male","Mela","05yrs","Livingston","Livingston, Killian, Walker",10.164,9.656,10.672,158098,10.835,10.293,11.377,12126,35.575,33.796,37.354,68034,16.76,10.16,5.56,65.91
"A9033","https://nci-naaccr-zone-design.github.io/louisiana-2020/?address=A9033","Both","Pancreas","05yrs","Livingston","Livingston, Killian, Walker",13.177,12.519,13.836,318123,18.14,17.233,19.047,23840,"","","",68034,16.76,10.16,5.56,65.91
"A9033","https://nci-naaccr-zone-design.github.io/louisiana-2020/?address=A9033","Female","Pancreas","05yrs","Livingston","Livingston, Killian, Walker",11.278,10.714,11.842,160025,17.277,16.413,18.141,11713,"","","",68034,16.76,10.16,5.56,65.91
"A9033","https://nci-naaccr-zone-design.github.io/louisiana-2020/?address=A9033","Male","Pancreas","05yrs","Livingston","Livingston, Killian, Walker",20.23,19.218,21.241,158098,12.919,12.273,13.565,12126,"","","",68034,16.76,10.16,5.56,65.91
"A9033","https://nci-naaccr-zone-design.github.io/louisiana-2020/?address=A9033","Both","Leuks","05yrs","Livingston","Livingston, Killian, Walker",10.331,9.815,10.848,318123,12.715,12.079,13.35,23840,"","","",68034,16.76,10.16,5.56,65.91
"A9033","https://nci-naaccr-zone-design.github.io/louisiana-2020/?address=A9033","Female","Leuks","05yrs","Livingston","Livingston, Killian, Walker",9.395,8.925,9.865,160025,10.958,10.41,11.506,11713,"","","",68034,16.76,10.16,5.56,65.91
"A9033","https://nci-naaccr-zone-design.github.io/louisiana-2020/?address=A9033","Male","Leuks","05yrs","Livingston","Livingston, Killian, Walker",24.33,23.113,25.546,158098,9.554,9.077,10.032,12126,"","","",68034,16.76,10.16,5.56,65.91
"A9033","https://nci-naaccr-zone-design.github.io/louisiana-2020/?address=A9033","Both","Oral","05yrs","Livingston","Livingston, Killian, Walker",13.777,13.088,14.465,318123,16.471,15.647,17.294,23840,"","","",68034,16.76,10.16,5.56,65.91
"A9033","https://nci-naaccr-zone-design.github.io/louisiana-2020/?address=A9033","Female","Oral","05yrs","Livingston","Livingston, Killian, Walker",8.657,8.224,9.09,160025,8.717,8.281,9.153,11713,"","","",68034,16.76,10.16,5.56,65.91
"A9033","https://nci-naaccr-zone-design.github.io/louisiana-2020/?address=A9033","Male","Oral","05yrs","Livingston","Livingston, Killian, Walker",17.133,16.276,17.989,158098,19.357,18.389,20.325,12126,"","","",68034,16.76,10.16,5.56,65.91
"A9033","https://nci-naaccr-zone-design.github.io/louisiana-2020/?address=A9033","Both","Thyroid","05yrs","Livingston","Livingston, Killian, Walker",11.483,10.909,12.057,318123,8.481,8.057,8.905,23840,"","","",68034,16.76,10.16,5.56,65.91
"A9033","https://nci-naaccr-zone-design.github.io/louisiana-2020/?address=A9033","Female","Thyroid","05yrs","Livingston","Livingston, Killian, Walker",24.746,23.508,25.983,160025,24.436,23.214,25.658,11713,"","","",68034,16.76,10.16,5.56,65.91
"A9033","https://nci-naaccr-zone-design.github.io/louisiana-2020/?address=A9033","Male","Thyroid","05yrs","Livingston","Livingston, Killian, Walker",5.959,5.661,6.257,158098,9.235,8.774,9.697,12126,"","","",68034,16.76,10.16,5.56,65.91
"A9033","https://nci-naaccr-zone-design.github.io/louisiana-2020/?address=A9033","Female","Uterine","05yrs","Livingston","Livingston, Killian, Walker",25.358,24.09,26.626,160025,23.064,21.911,24.217,11713,"","","",68034,16.76,10.16,5.56,65.91
"A9033","https://nci-naaccr-zone-design.github.io/louisiana-2020/?address=A9033","Both","Liver","05yrs","Livingston","Livingston, Killian, Walker",14.908,14.163,15.654,318123,10.239,9.727,10.751,23840,"","","",68034,16.76,10.16,5.56,65.91
"A9033","https://nci-naaccr-zone-design.github.io/louisiana-2020/?address=A9033","Female","Liver","05yrs","Livingston","Livingston, Killian, Walker",7.242,6.88,7.604,160025,3.791,3.601,3.98,11713,"","","",68034,16.76,10.16,5.56,65.91
"A9033","https://nci-naaccr-zone-design.github.io/louisiana-2020/?address=A9033","Male","Liver","05yrs","Livingston","Livingston, Killian, Walker",17.042,16.19,17.894,158098,8.357,7.939,8.775,12126,"","","",68034,16.76,10.16,5.56,65.91
"A9033","https://nci-naaccr-zone-design.github.io/louisiana-2020/?address=A9033","Both","Stomach","05yrs","Livingston","Livingston, Killian, Walker",6.687,6.352,7.021,318123,6.879,6.535,7.223,23840,"","","",68034,16.76,10.16,5.56,65.91
"A9033","https://nci-naaccr-zone-design.github.io/louisiana-2020/?address=A9033","Female","Stomach","05yrs","Livingston","Livingston, Killian, Walker",3.017,2.866,3.168,160025,5.379,5.11,5.648,11713,"","","",68034,16.76,10.16,5.56,65.91
"A9033","https://nci-naaccr-zone-design.github.io/louisiana-2020/?address=A9033","Male","Stomach","05yrs","Livingston","Livingston, Killian, Walker",10.62,10.089,11.151,158098,8.816,8.375,9.257,12126,"","","",68034,16.76,10.16,5.56,65.91
"A9033","https://nci-naaccr-zone-design.github.io/louisiana-2020/?address=A9033","Both","Myeloma","05yrs","Livingston","Livingston, Killian, Walker",7.089,6.735,7.444,318123,9.289,8.825,9.754,23840,"","","",68034,16.76,10.16,5.56,65.91
"A9033","https://nci-naaccr-zone-design.github.io/louisiana-2020/?address=A9033","Female","Myeloma","05yrs","Livingston","Livingston, Killian, Walker",7.056,6.703,7.409,160025,8.602,8.172,9.033,11713,"","","",68034,16.76,10.16,5.56,65.91
"A9033","https://nci-naaccr-zone-design.github.io/louisiana-2020/?address=A9033","Male","Myeloma","05yrs","Livingston","Livingston, Killian, Walker",8.299,7.884,8.714,158098,12.132,11.525,12.739,12126,"","","",68034,16.76,10.16,5.56,65.91
"A9033","https://nci-naaccr-zone-design.github.io/louisiana-2020/?address=A9033","Both","Brain","05yrs","Livingston","Livingston, Killian, Walker",7.024,6.673,7.375,318123,3.909,3.713,4.104,23840,"","","",68034,16.76,10.16,5.56,65.91
"A9033","https://nci-naaccr-zone-design.github.io/louisiana-2020/?address=A9033","Female","Brain","05yrs","Livingston","Livingston, Killian, Walker",8.024,7.623,8.426,160025,7.284,6.919,7.648,11713,"","","",68034,16.76,10.16,5.56,65.91
"A9033","https://nci-naaccr-zone-design.github.io/louisiana-2020/?address=A9033","Male","Brain","05yrs","Livingston","Livingston, Killian, Walker",4.0,3.8,4.2,158098,6.112,5.806,6.418,12126,"","","",68034,16.76,10.16,5.56,65.91
"A9033","https://nci-naaccr-zone-design.github.io/louisiana-2020/?address=A9033","Both","Larynx","05yrs","Livingston","Livingston, Killian, Walker",7.875,7.481,8.268,318123,6.022,5.721,6.323,23840,"","","",68034,16.76,10.16,5.56,65.91
"A9033","https://nci-naaccr-zone-design.github.io/louisiana-2020/?address=A9033","Female","Larynx","05yrs","Livingston","Livingston, Killian, Walker",2.005,1.904,2.105,160025,"","","",11713,"","","",68034,16.76,10.16,5.56,65.91
"A9033","https://nci-naaccr-zone-design.github.io/louisiana-2020/?address=A9033","Male","Larynx","05yrs","Livingston","Livingston, Killian, Walker",15.436,14.664,16.208,158098,13.746,13.058,14.433,12126,"","","",68034,16.76,10.16,5.56,65.91
"A9033","https://nci-naaccr-zone-design.github.io/louisiana-2020/?address=A9033","Female","Ovary","05yrs","Livingston","Livingston, Killian, Walker",4.605,4.375,4.835,160025,3.661,3.478,3.845,11713,"","","",68034,16.76,10.16,5.56,65.91
"A9033","https://nci-naaccr-zone-design.github.io/louisiana-2020/?address=A9033","Both","Esoph","05yrs","Livingston","Livingston, Killian, Walker",4.706,4.471,4.941,318123,3.96,3.762,4.158,23840,"","","",68034,16.76,10.16,5.56,65.91
"A9033","https://nci-naaccr-zone-design.github.io/louisiana-2020/?address=A9033","Female","Esoph","05yrs","Livingston","Livingston, Killian, Walker",3.881,3.687,4.076,160025,2.703,2.568,2.838,11713,"","","",68034,16.76,10.16,5.56,65.91
"A9033","https://nci-naaccr-zone-design.github.io/louisiana-2020/?address=A9033","Male","Esoph","05yrs","Livingston","Livingston, Killian, Walker",13.139,12.482,13.795,158098,5.898,5.603,6.193,12126,"","","",68034,16.76,10.16,5.56,65.91
"A9033","https://nci-naaccr-zone-design.github.io/louisiana-2020/?address=A9033","Both","AllSite","10yrs","Livingston","Livingston, Killian, Walker",537.432,510.56,564.303,614162,451.618,429.037,474.199,41964,536.57,509.741,563.398,68034,16.76,10.16,5.56,65.91
"A9033","https://nci-naaccr-zone-design.github.io/louisiana-2020/?address=A9033","Female","AllSite","10yrs","Livingston","Livingston, Killian, Walker",458.82,435.879,481.761,308334,425.298,404.033,446.563,20851,454.277,431.563,476.991,68034,16.76,10.16,5.56,65.91
"A9033","https://nci-naaccr-zone-design.github.io/louisiana-2020/?address=A9033","Male","AllSite","10yrs","Livingston","Livingston, Killian, Walker",650.365,617.846,682.883,305828,680.069,646.066,714.073,21112,620.083,589.079,651.087,68034,16.76,10.16,5.56,65.91
"A9033","https://nci-naaccr-zone-design.github.io/louisiana-2020/?address=A9033","Male","Prostate","10yrs","Livingston","Livingston, Killian, Walker",152.529,144.902,160.155,305828,174.043,165.341,182.745,21112,206.134,195.827,216.44,68034,16.76,10.16,5.56,65.91
"A9033","https://nci-naaccr-zone-design.github.io/louisiana-2020/?address=A9033","Both","Lung","10yrs","Livingston","Livingston, Killian, Walker",81.321,77.255,85.387,614162,49.133,46.677,51.59,41964,54.4,51.68,57.12,68034,16.76,10.16,5.56,65.91
"A9033","https://nci-naaccr-zone-design.github.io/louisiana-2020/?address=A9033","Female","Lung","10yrs","Livingston","Livingston, Killian, Walker",72.702,69.067,76.337,308334,73.371,69.702,77.039,20851,47.554,45.177,49.932,68034,16.76,10.16,5.56,65.91
"A9033","https://nci-naaccr-zone-design.github.io/louisiana-2020/?address=A9033","Male","Lung","10yrs","Livingston","Livingston, Killian, Walker",115.743,109.956,121.53,305828,107.623,102.242,113.004,21112,107.439,102.067,112.811,68034,16.76,10.16,5.56,65.91
"A9033","https://nci-naaccr-zone-design.github.io/louisiana-2020/?address=A9033","Female","Breast","10yrs","Livingston","Livingston, Killian, Walker",111.093,105.538,116.647,308334,135.519,128.743,142.295,20851,124.524,118.298,130.75,68034,16.76,10.16,5.56,65.91
"A9033","https://nci-naaccr-zone-design.github.io/louisiana-2020/?address=A9033","Both","CRC","10yrs","Livingston","Livingston, Killian, Walker",58.355,55.437,61.273,614162,43.776,41.587,45.965,41964,48.861,46.418,51.304,68034,16.76,10.16,5.56,65.91
"A9033","https://nci-naaccr-zone-design.github.io/louisiana-2020/?address=A9033","Female","CRC","10yrs","Livingston","Livingston, Killian, Walker",39.362,37.394,41.33,308334,42.978,40.829,45.127,20851,52.085,49.48,54.689,68034,16.76,10.16,5.56,65.91
"A9033","https://nci-naaccr-zone-design.github.io/louisiana-2020/?address=A9033","Male","CRC","10yrs","Livingston","Livingston, Killian, Walker",48.644,46.211,51.076,305828,44.577,42.348,46.806,21112,45.04,42.788,47.292,68034,16.76,10.16,5.56,65.91
"A9033","https://nci-naaccr-zone-design.github.io/louisiana-2020/?address=A9033","Both","Kidney","10yrs","Livingston","Livingston, Killian, Walker",21.646,20.564,22.729,614162,25.427,24.156,26.699,41964,23.776,22.587,24.965,68034,16.76,10.16,5.56,65.91
"A9033","https://nci-naaccr-zone-design.github.io/louisiana-2020/?address=A9033","Female","Kidney","10yrs","Livingston","Livingston, Killian, Walker",21.442,20.37,22.515,308334,14.827,14.085,15.568,20851,16.508,15.683,17.334,68034,16.76,10.16,5.56,65.91
"A9033","https://nci-naaccr-zone-design.github.io/louisiana-2020/?address=A9033","Male","Kidney","10yrs","Livingston","Livingston, Killian, Walker",31.53,29.954,33.107,305828,18.872,17.928,19.815,21112,29.543,28.066,31.02,68034,16.76,10.16,5.56,65.91
"A9033","https://nci-naaccr-zone-design.github.io/louisiana-2020/?address=A9033","Both","NHL","10yrs","Livingston","Livingston, Killian, Walker",21.948,20.85,23.045,614162,14.193,13.483,14.903,41964,17.165,16.307,18.024,68034,16.76,10.16,5.56,65.91
"A9033","https://nci-naaccr-zone-design.github.io/louisiana-2020/?address=A9033","Female","NHL","10yrs","Livingston","Livingston, Killian, Walker",20.623,19.592,21.654,308334,13.039,12.387,13.691,20851,20.654,19.622,21.687,68034,16.76,10.16,5.56,65.91
"A9033","https://nci-naaccr-zone-design.github.io/louisiana-2020/?address=A9033","Male","NHL","10yrs","Livingston","Livingston, Killian, Walker",16.679,15.845,17.513,305828,25.377,24.108,26.646,21112,32.975,31.326,34.624,68034,16.76,10.16,5.56,65.91
"A9033","https://nci-naaccr-zone-design.github.io/louisiana-2020/?address=A9033","Both","Urinary","10yrs","Livingston","Livingston, Killian, Walker",26.742,25.405,28.079,614162,18.992,18.042,19.942,41964,19.616,18.635,20.596,68034,16.76,10.16,5.56,65.91
"A9033","https://nci-naaccr-zone-design.github.io/louisiana-2020/?address=A9033","Female","Urinary","10yrs","Livingston","Livingston, Killian, Walker",13.774,13.086,14.463,308334,4.084,3.88,4.288,20851,"","","",68034,16.76,10.16,5.56,65.91
"A9033","https://nci-naaccr-zone-design.github.io/louisiana-2020/?address=A9033","Male","Urinary","10yrs","Livingston","Livingston, Killian, Walker",21.162,20.104,22.22,305828,44.97,42.722,47.219,21112,34.933,33.186,36.68,68034,16.76,10.16,5.56,65.91
"A9033","https://nci-naaccr-zone-design.github.io/louisiana-2020/?address=A9033","Both","Mela","10yrs","Livingston","Livingston, Killian, Walker",15.333,14.566,16.1,614162,14.841,14.099,15.583,41964,9.34,8.873,9.807,68034,16.76,10.16,5.56,65.91
"A9033","https://nci-naaccr-zone-design.github.io/louisiana-2020/?address=A9033","Female","Mela","10yrs","Livingston","Livingston, Killian, Walker",17.188,16.329,18.048,308334,19.782,18.793,20.771,20851,16.263,15.45,17.076,68034,16.76,10.16,5.56,65.91
"A9033","https://nci-naaccr-zone-design.github.io/louisiana-2020/?address=A9033","Male","Mela","10yrs","Livingston","Livingston, Killian, Walker",14.088,13.384,14.793,305828,19.896,18.902,20.891,21112,21.541,20.463,22.618,68034,16.76,10.16,5.56,65.91
"A9033","https://nci-naaccr-zone-design.github.io/louisiana-2020/?address=A9033","Both","Pancreas","10yrs","Livingston","Livingston, Killian, Walker",15.213,14.452,15.974,614162,12.505,11.88,13.13,41964,10.532,10.006,11.059,68034,16.76,10.16,5.56,65.91
"A9033","https://nci-naaccr-zone-design.github.io/louisiana-2020/?address=A9033","Female","Pancreas","10yrs","Livingston","Livingston, Killian, Walker",16.871,16.027,17.714,308334,15.659,14.876,16.442,20851,15.675,14.891,16.459,68034,16.76,10.16,5.56,65.91
"A9033","https://nci-naaccr-zone-design.github.io/louisiana-2020/?address=A9033","Male","Pancreas","10yrs","Livingston","Livingston, Killian, Walker",16.941,16.094,17.788,305828,12.229,11.618,12.841,21112,17.101,16.246,17.956,68034,16.76,10.16,5.56,65.91
"A9033","https://nci-naaccr-zone-design.github.io/louisiana-2020/?address=A9033","Both","Leuks","10yrs","Livingston","Livingston, Killian, Walker",12.883,12.239,13.528,614162,14.683,13.949,15.417,41964,17.622,16.741,18.503,68034,16.76,10.16,5.56,65.91
"A9033","https://nci-naaccr-zone-design.github.io/louisiana-2020/?address=A9033","Female","Leuks","10yrs","Livingston","Livingston, Killian, Walker",13.575,12.896,14.253,308334,9.903,9.408,10.398,20851,15.141,14.384,15.898,68034,16.76,10.16,5.56,65.91
"A9033","https://nci-naaccr-zone-design.github.io/louisiana-2020/?address=A9033","Male","Leuks","10yrs","Livingston","Livingston, Killian, Walker",18.406,17.485,19.326,305828,11.82,11.229,12.411,21112,22.192,21.083,23.302,68034,16.76,10.16,5.56,65.91
"A9033","https://nci-naaccr-zone-design.github.io/louisiana-2020/?address=A9033","Both","Oral","10yrs","Livingston","Livingston, Killian, Walker",10.892,10.347,11.436,614162,12.329,11.713,12.945,41964,13.493,12.818,14.168,68034,16.76,10.16,5.56,65.91
"A9033","https://nci-naaccr-zone-design.github.io/louisiana-2020/?address=A9033","Female","Oral","10yrs","Livingston","Livingston, Killian, Walker",5.32,5.054,5.586,308334,8.472,8.048,8.896,20851,"","","",68034,16.76,10.16,5.56,65.91
"A9033","https://nci-naaccr-zone-design.github.io/louisiana-2020/?address=A9033","Male","Oral","10yrs","Livingston","Livingston, Killian, Walker",27.388,26.018,28.757,305828,12.747,12.11,13.384,21112,18.914,17.968,19.859,68034,16.76,10.16,5.56,65.91
"A9033","https://nci-naaccr-zone-design.github.io/louisiana-2020/?address=A9033","Both","Thyroid","10yrs","Livingston","Livingston, Killian, Walker",11.755,11.168,12.343,614162,15.45,14.678,16.223,41964,16.192,15.382,17.001,68034,16.76,10.16,5.56,65.91
"A9033","https://nci-naaccr-zone-design.github.io/louisiana-2020/?address=A9033","Female","Thyroid","10yrs","Livingston","Livingston, Killian, Walker",12.899,12.254,13.544,308334,18.529,17.603,19.455,20851,23.201,22.041,24.361,68034,16.76,10.16,5.56,65.91
"A9033","https://nci-naaccr-zone-design.github.io/louisiana-2020/?address=A9033","Male","Thyroid","10yrs","Livingston","Livingston, Killian, Walker",9.345,8.878,9.812,305828,4.235,4.023,4.446,21112,8.501,8.076,8.927,68034,16.76,10.16,5.56,65.91
"A9033","https://nci-naaccr-zone-design.github.io/louisiana-2020/?address=A9033","Female","Uterine","10yrs","Livingston","Livingston, Killian, Walker",25.391,24.122,26.661,308334,16.416,15.595,17.237,20851,15.551,14.773,16.328,68034,16.76,10.16,5.56,65.91
"A9033","https://nci-naaccr-zone-design.github.io/louisiana-2020/?address=A9033","Both","Liver","10yrs","Livingston","Livingston, Killian, Walker",9.444,8.972,9.917,614162,5.526,5.25,5.803,41964,12.625,11.993,13.256,68034,16.76,10.16,5.56,65.91
"A9033","https://nci-naaccr-zone-design.github.io/louisiana-2020/?address=A9033","Female","Liver","10yrs","Livingston","Livingston, Killian, Walker",7.079,6.725,7.433,308334,5.413,5.142,5.684,20851,"","","",68034,16.76,10.16,5.56,65.91
"A9033","https://nci-naaccr-zone-design.github.io/louisiana-2020/?address=A9033","Male","Liver","10yrs","Livingston","Livingston, Killian, Walker",8.835,8.393,9.277,305828,12.732,12.096,13.369,21112,15.039,14.287,15.79,68034,16.76,10.16,5.56,65.91
"A9033","https://nci-naaccr-zone-design.github.io/louisiana-2020/?address=A9033","Both","Stomach","10yrs","Livingston","Livingston, Killian, Walker",8.96,8.512,9.408,614162,9.435,8.964,9.907,41964,11.007,10.456,11.557,68034,16.76,10.16,5.56,65.91
"A9033","https://nci-naaccr-zone-design.github.io/louisiana-2020/?address=A9033","Female","Stomach","10yrs","Livingston","Livingston, Killian, Walker",7.292,6.927,7.657,308334,2.713,2.577,2.848,20851,"","","",68034,16.76,10.16,5.56,65.91
"A9033","https://nci-naaccr-zone-design.github.io/louisiana-2020/?address=A9033","Male","Stomach","10yrs","Livingston","Livingston, Killian, Walker",12.26,11.647,12.873,305828,5.178,4.919,5.437,21112,10.165,9.657,10.674,68034,16.76,10.16,5.56,65.91
"A9033","https://nci-naaccr-zone-design.github.io/louisiana-2020/?address=A9033","Both","Myeloma","10yrs","Livingston","Livingston, Killian, Walker",8.478,8.054,8.902,614162,13.398,12.728,14.067,41964,13.819,13.128,14.51,68034,16.76,10.16,5.56,65.91
"A9033","https://nci-naaccr-zone-design.github.io/louisiana-2020/?address=A9033","Female","Myeloma","10yrs","Livingston","Livingston, Killian, Walker",9.831,9.34,10.323,308334,8.008,7.608,8.409,20851,13.038,12.386,13.69,68034,16.76,10.16,5.56,65.91
"A9033","https://nci-naaccr-zone-design.github.io/louisiana-2020/?address=A9033","Male","Myeloma","10yrs","Livingston","Livingston, Killian, Walker",12.909,12.263,13.554,305828,16.582,15.753,17.411,21112,12.131,11.524,12.737,68034,16.76,10.16,5.56,65.91
"A9033","https://nci-naaccr-zone-design.github.io/louisiana-2020/?address=A9033","Both","Brain","10yrs","Livingston","Livingston, Killian, Walker",7.5,7.125,7.875,614162,7.299,6.934,7.664,41964,6.699,6.364,7.033,68034,16.76,10.16,5.56,65.91
"A9033","https://nci-naaccr-zone-design.github.io/louisiana-2020/?address=A9033","Female","Brain","10yrs","Livingston","Livingston, Killian, Walker",5.903,5.608,6.198,308334,4.667,4.434,4.9,20851,"","","",68034,16.76,10.16,5.56,65.91
"A9033","https://nci-naaccr-zone-design.github.io/louisiana-2020/?address=A9033","Male","Brain","10yrs","Livingston","Livingston, Killian, Walker",9.17,8.711,9.628,305828,7.504,7.129,7.879,21112,"","","",68034,16.76,10.16,5.56,65.91
"A9033","https://nci-naaccr-zone-design.github.io/louisiana-2020/?address=A9033","Both","Larynx","10yrs","Livingston","Livingston, Killian, Walker",5.657,5.374,5.94,614162,4.965,4.717,5.213,41964,5.802,5.512,6.092,68034,16.76,10.16,5.56,65.91
"A9033","https://nci-naaccr-zone-design.github.io/louisiana-2020/?address=A9033","Female","Larynx","10yrs","Livingston","Livingston, Killian, Walker",2.544,2.417,2.671,308334,3.841,3.649,4.033,20851,"","","",68034,16.76,10.16,5.56,65.91
"A9033","https://nci-naaccr-zone-design.github.io/louisiana-2020/?address=A9033","Male","Larynx","10yrs","Livingston","Livingston, Killian, Walker",6.151,5.844,6.459,305828,12.589,11.959,13.218,21112,"","","",68034,16.76,10.16,5.56,65.91
"A9033","https://nci-naaccr-zone-design.github.io/louisiana-2020/?address=A9033","Female","Ovary","10yrs","Livingston","Livingston, Killian, Walker",5.917,5.621,6.212,308334,4.401,4.181,4.621,20851,7.989,7.589,8.388,68034,16.76,10.16,5.56,65.91
"A9033","https://nci-naaccr-zone-design.github.io/louisiana-2020/?address=A9033","Both","Esoph","10yrs","Livingston","Livingston, Killian, Walker",7.205,6.845,7.565,614162,5.185,4.926,5.445,41964,4.335,4.118,4.552,68034,16.76,10.16,5.56,65.91
"A9033","https://nci-naaccr-zone-design.github.io/louisiana-2020/?address=A9033","Female","Esoph","10yrs","Livingston","Livingston, Killian, Walker","","","",308334,"","","",20851,"","","",68034,16.76,10.16,5.56,65.91
"A9033","https://nci-naaccr-zone-design.github.io/louisiana-2020/?address=A9033","Male","Esoph","10yrs","Livingston","Livingston, Killian, Walker",6.87,6.527,7.214,305828,12.417,11.797,13.038,21112,"","","",68034,16.76,10.16,5.56,65.91
