"Zone","URL","Sex","Cancer","Years","Counties","Places","AAIR","LCI","UCI","White_PopTot","White_AAIR","White_LCI","White_UCI","Black_PopTot","Black_AAIR","Black_LCI","Black_UCI","TotalPop","Pct100Pov","PctMinority","PctBlackNH","PctRural"
"A9016","https://nci-naaccr-zone-design.github.io/louisiana-2020/?address=A9016","Both","AllSite","05yrs","Ouachita","Monroe, Claiborne, Swartz",505.668,480.385,530.952,303792,512.196,486.586,537.806,77730,437.06,415.207,458.913,77994,15.01,21.79,17.49,30.96
"A9016","https://nci-naaccr-zone-design.github.io/louisiana-2020/?address=A9016","Female","AllSite","05yrs","Ouachita","Monroe, Claiborne, Swartz",363.686,345.501,381.87,158421,417.518,396.642,438.394,42928,380.661,361.628,399.694,77994,15.01,21.79,17.49,30.96
"A9016","https://nci-naaccr-zone-design.github.io/louisiana-2020/?address=A9016","Male","AllSite","05yrs","Ouachita","Monroe, Claiborne, Swartz",579.941,550.944,608.939,145371,624.577,593.348,655.805,34802,539.976,512.978,566.975,77994,15.01,21.79,17.49,30.96
"A9016","https://nci-naaccr-zone-design.github.io/louisiana-2020/?address=A9016","Male","Prostate","05yrs","Ouachita","Monroe, Claiborne, Swartz",179.716,170.731,188.702,145371,126.696,120.361,133.03,34802,170.88,162.336,179.424,77994,15.01,21.79,17.49,30.96
"A9016","https://nci-naaccr-zone-design.github.io/louisiana-2020/?address=A9016","Both","Lung","05yrs","Ouachita","Monroe, Claiborne, Swartz",90.207,85.696,94.717,303792,81.707,77.622,85.793,77730,69.068,65.614,72.521,77994,15.01,21.79,17.49,30.96
"A9016","https://nci-naaccr-zone-design.github.io/louisiana-2020/?address=A9016","Female","Lung","05yrs","Ouachita","Monroe, Claiborne, Swartz",42.968,40.82,45.117,158421,67.233,63.871,70.594,42928,45.816,43.525,48.107,77994,15.01,21.79,17.49,30.96
"A9016","https://nci-naaccr-zone-design.github.io/louisiana-2020/?address=A9016","Male","Lung","05yrs","Ouachita","Monroe, Claiborne, Swartz",87.494,83.119,91.868,145371,77.735,73.848,81.622,34802,109.051,103.598,114.504,77994,15.01,21.79,17.49,30.96
"A9016","https://nci-naaccr-zone-design.github.io/louisiana-2020/?address=A9016","Female","Breast","05yrs","Ouachita","Monroe, Claiborne, Swartz",131.596,125.017,138.176,158421,142.112,135.007,149.218,42928,111.389,105.819,116.958,77994,15.01,21.79,17.49,30.96
"A9016","https://nci-naaccr-zone-design.github.io/louisiana-2020/?address=A9016","Both","CRC","05yrs","Ouachita","Monroe, Claiborne, Swartz",41.102,39.047,43.157,303792,45.013,42.762,47.264,77730,35.805,34.015,37.596,77994,15.01,21.79,17.49,30.96
"A9016","https://nci-naaccr-zone-design.github.io/louisiana-2020/?address=A9016","Female","CRC","05yrs","Ouachita","Monroe, Claiborne, Swartz",52.904,50.259,55.549,158421,50.754,48.216,53.292,42928,31.21,29.65,32.771,77994,15.01,21.79,17.49,30.96
"A9016","https://nci-naaccr-zone-design.github.io/louisiana-2020/?address=A9016","Male","CRC","05yrs","Ouachita","Monroe, Claiborne, Swartz",39.595,37.615,41.575,145371,45.799,43.509,48.089,34802,57.348,54.481,60.215,77994,15.01,21.79,17.49,30.96
"A9016","https://nci-naaccr-zone-design.github.io/louisiana-2020/?address=A9016","Both","Kidney","05yrs","Ouachita","Monroe, Claiborne, Swartz",21.604,20.524,22.684,303792,24.534,23.307,25.76,77730,19.083,18.128,20.037,77994,15.01,21.79,17.49,30.96
"A9016","https://nci-naaccr-zone-design.github.io/louisiana-2020/?address=A9016","Female","Kidney","05yrs","Ouachita","Monroe, Claiborne, Swartz",17.397,16.527,18.266,158421,13.04,12.388,13.692,42928,10.009,9.509,10.51,77994,15.01,21.79,17.49,30.96
"A9016","https://nci-naaccr-zone-design.github.io/louisiana-2020/?address=A9016","Male","Kidney","05yrs","Ouachita","Monroe, Claiborne, Swartz",20.518,19.492,21.544,145371,29.75,28.262,31.237,34802,25.122,23.866,26.378,77994,15.01,21.79,17.49,30.96
"A9016","https://nci-naaccr-zone-design.github.io/louisiana-2020/?address=A9016","Both","NHL","05yrs","Ouachita","Monroe, Claiborne, Swartz",17.067,16.214,17.921,303792,16.178,15.369,16.987,77730,22.616,21.485,23.747,77994,15.01,21.79,17.49,30.96
"A9016","https://nci-naaccr-zone-design.github.io/louisiana-2020/?address=A9016","Female","NHL","05yrs","Ouachita","Monroe, Claiborne, Swartz",17.658,16.775,18.541,158421,17.847,16.955,18.739,42928,9.688,9.204,10.173,77994,15.01,21.79,17.49,30.96
"A9016","https://nci-naaccr-zone-design.github.io/louisiana-2020/?address=A9016","Male","NHL","05yrs","Ouachita","Monroe, Claiborne, Swartz",21.238,20.176,22.3,145371,19.893,18.899,20.888,34802,30.831,29.29,32.373,77994,15.01,21.79,17.49,30.96
"A9016","https://nci-naaccr-zone-design.github.io/louisiana-2020/?address=A9016","Both","Urinary","05yrs","Ouachita","Monroe, Claiborne, Swartz",23.835,22.644,25.027,303792,20.208,19.198,21.218,77730,15.98,15.181,16.78,77994,15.01,21.79,17.49,30.96
"A9016","https://nci-naaccr-zone-design.github.io/louisiana-2020/?address=A9016","Female","Urinary","05yrs","Ouachita","Monroe, Claiborne, Swartz",9.585,9.106,10.065,158421,4.723,4.487,4.959,42928,10.938,10.391,11.485,77994,15.01,21.79,17.49,30.96
"A9016","https://nci-naaccr-zone-design.github.io/louisiana-2020/?address=A9016","Male","Urinary","05yrs","Ouachita","Monroe, Claiborne, Swartz",40.493,38.468,42.518,145371,43.332,41.165,45.498,34802,48.064,45.661,50.467,77994,15.01,21.79,17.49,30.96
"A9016","https://nci-naaccr-zone-design.github.io/louisiana-2020/?address=A9016","Both","Mela","05yrs","Ouachita","Monroe, Claiborne, Swartz",6.505,6.179,6.83,303792,22.989,21.84,24.139,77730,24.68,23.446,25.914,77994,15.01,21.79,17.49,30.96
"A9016","https://nci-naaccr-zone-design.github.io/louisiana-2020/?address=A9016","Female","Mela","05yrs","Ouachita","Monroe, Claiborne, Swartz",20.155,19.147,21.163,158421,4.302,4.087,4.517,42928,10.654,10.121,11.187,77994,15.01,21.79,17.49,30.96
"A9016","https://nci-naaccr-zone-design.github.io/louisiana-2020/?address=A9016","Male","Mela","05yrs","Ouachita","Monroe, Claiborne, Swartz",10.692,10.157,11.227,145371,23.201,22.041,24.362,34802,18.181,17.272,19.09,77994,15.01,21.79,17.49,30.96
"A9016","https://nci-naaccr-zone-design.github.io/louisiana-2020/?address=A9016","Both","Pancreas","05yrs","Ouachita","Monroe, Claiborne, Swartz",16.211,15.4,17.022,303792,16.338,15.521,17.155,77730,13.389,12.72,14.059,77994,15.01,21.79,17.49,30.96
"A9016","https://nci-naaccr-zone-design.github.io/louisiana-2020/?address=A9016","Female","Pancreas","05yrs","Ouachita","Monroe, Claiborne, Swartz",16.117,15.311,16.923,158421,8.732,8.296,9.169,42928,10.843,10.301,11.386,77994,15.01,21.79,17.49,30.96
"A9016","https://nci-naaccr-zone-design.github.io/louisiana-2020/?address=A9016","Male","Pancreas","05yrs","Ouachita","Monroe, Claiborne, Swartz",13.595,12.916,14.275,145371,10.978,10.429,11.527,34802,13.479,12.805,14.153,77994,15.01,21.79,17.49,30.96
"A9016","https://nci-naaccr-zone-design.github.io/louisiana-2020/?address=A9016","Both","Leuks","05yrs","Ouachita","Monroe, Claiborne, Swartz",13.272,12.609,13.936,303792,13.153,12.495,13.811,77730,11.302,10.737,11.867,77994,15.01,21.79,17.49,30.96
"A9016","https://nci-naaccr-zone-design.github.io/louisiana-2020/?address=A9016","Female","Leuks","05yrs","Ouachita","Monroe, Claiborne, Swartz",8.677,8.243,9.111,158421,6.701,6.366,7.036,42928,11.92,11.324,12.516,77994,15.01,21.79,17.49,30.96
"A9016","https://nci-naaccr-zone-design.github.io/louisiana-2020/?address=A9016","Male","Leuks","05yrs","Ouachita","Monroe, Claiborne, Swartz",20.581,19.552,21.61,145371,19.08,18.126,20.034,34802,20.083,19.079,21.087,77994,15.01,21.79,17.49,30.96
"A9016","https://nci-naaccr-zone-design.github.io/louisiana-2020/?address=A9016","Both","Oral","05yrs","Ouachita","Monroe, Claiborne, Swartz",14.516,13.79,15.241,303792,9.421,8.95,9.892,77730,13.199,12.539,13.859,77994,15.01,21.79,17.49,30.96
"A9016","https://nci-naaccr-zone-design.github.io/louisiana-2020/?address=A9016","Female","Oral","05yrs","Ouachita","Monroe, Claiborne, Swartz",5.679,5.395,5.963,158421,2.001,1.901,2.101,42928,"","","",77994,15.01,21.79,17.49,30.96
"A9016","https://nci-naaccr-zone-design.github.io/louisiana-2020/?address=A9016","Male","Oral","05yrs","Ouachita","Monroe, Claiborne, Swartz",15.628,14.847,16.41,145371,18.376,17.457,19.295,34802,19.687,18.703,20.672,77994,15.01,21.79,17.49,30.96
"A9016","https://nci-naaccr-zone-design.github.io/louisiana-2020/?address=A9016","Both","Thyroid","05yrs","Ouachita","Monroe, Claiborne, Swartz",16.493,15.668,17.318,303792,10.7,10.165,11.235,77730,10.614,10.084,11.145,77994,15.01,21.79,17.49,30.96
"A9016","https://nci-naaccr-zone-design.github.io/louisiana-2020/?address=A9016","Female","Thyroid","05yrs","Ouachita","Monroe, Claiborne, Swartz",21.305,20.24,22.37,158421,19.14,18.183,20.097,42928,24.195,22.986,25.405,77994,15.01,21.79,17.49,30.96
"A9016","https://nci-naaccr-zone-design.github.io/louisiana-2020/?address=A9016","Male","Thyroid","05yrs","Ouachita","Monroe, Claiborne, Swartz",6.058,5.755,6.36,145371,4.524,4.298,4.75,34802,"","","",77994,15.01,21.79,17.49,30.96
"A9016","https://nci-naaccr-zone-design.github.io/louisiana-2020/?address=A9016","Female","Uterine","05yrs","Ouachita","Monroe, Claiborne, Swartz",12.801,12.161,13.441,158421,21.835,20.744,22.927,42928,20.409,19.389,21.43,77994,15.01,21.79,17.49,30.96
"A9016","https://nci-naaccr-zone-design.github.io/louisiana-2020/?address=A9016","Both","Liver","05yrs","Ouachita","Monroe, Claiborne, Swartz",11.84,11.248,12.432,303792,6.782,6.443,7.121,77730,11.039,10.487,11.591,77994,15.01,21.79,17.49,30.96
"A9016","https://nci-naaccr-zone-design.github.io/louisiana-2020/?address=A9016","Female","Liver","05yrs","Ouachita","Monroe, Claiborne, Swartz",2.279,2.165,2.393,158421,4.675,4.442,4.909,42928,"","","",77994,15.01,21.79,17.49,30.96
"A9016","https://nci-naaccr-zone-design.github.io/louisiana-2020/?address=A9016","Male","Liver","05yrs","Ouachita","Monroe, Claiborne, Swartz",21.858,20.765,22.951,145371,12.936,12.289,13.583,34802,23.02,21.869,24.171,77994,15.01,21.79,17.49,30.96
"A9016","https://nci-naaccr-zone-design.github.io/louisiana-2020/?address=A9016","Both","Stomach","05yrs","Ouachita","Monroe, Claiborne, Swartz",7.567,7.189,7.945,303792,11.309,10.743,11.874,77730,11.484,10.91,12.059,77994,15.01,21.79,17.49,30.96
"A9016","https://nci-naaccr-zone-design.github.io/louisiana-2020/?address=A9016","Female","Stomach","05yrs","Ouachita","Monroe, Claiborne, Swartz",9.06,8.607,9.513,158421,4.757,4.52,4.995,42928,"","","",77994,15.01,21.79,17.49,30.96
"A9016","https://nci-naaccr-zone-design.github.io/louisiana-2020/?address=A9016","Male","Stomach","05yrs","Ouachita","Monroe, Claiborne, Swartz",14.941,14.194,15.688,145371,9.314,8.848,9.779,34802,13.564,12.885,14.242,77994,15.01,21.79,17.49,30.96
"A9016","https://nci-naaccr-zone-design.github.io/louisiana-2020/?address=A9016","Both","Myeloma","05yrs","Ouachita","Monroe, Claiborne, Swartz",7.277,6.913,7.641,303792,14.394,13.674,15.114,77730,14.422,13.701,15.143,77994,15.01,21.79,17.49,30.96
"A9016","https://nci-naaccr-zone-design.github.io/louisiana-2020/?address=A9016","Female","Myeloma","05yrs","Ouachita","Monroe, Claiborne, Swartz",12.814,12.174,13.455,158421,6.324,6.008,6.641,42928,"","","",77994,15.01,21.79,17.49,30.96
"A9016","https://nci-naaccr-zone-design.github.io/louisiana-2020/?address=A9016","Male","Myeloma","05yrs","Ouachita","Monroe, Claiborne, Swartz",10.583,10.053,11.112,145371,5.04,4.788,5.291,34802,10.974,10.425,11.523,77994,15.01,21.79,17.49,30.96
"A9016","https://nci-naaccr-zone-design.github.io/louisiana-2020/?address=A9016","Both","Brain","05yrs","Ouachita","Monroe, Claiborne, Swartz",8.156,7.748,8.563,303792,4.057,3.854,4.26,77730,4.017,3.816,4.218,77994,15.01,21.79,17.49,30.96
"A9016","https://nci-naaccr-zone-design.github.io/louisiana-2020/?address=A9016","Female","Brain","05yrs","Ouachita","Monroe, Claiborne, Swartz",3.013,2.862,3.163,158421,5.303,5.038,5.568,42928,"","","",77994,15.01,21.79,17.49,30.96
"A9016","https://nci-naaccr-zone-design.github.io/louisiana-2020/?address=A9016","Male","Brain","05yrs","Ouachita","Monroe, Claiborne, Swartz",3.888,3.693,4.082,145371,4.642,4.41,4.874,34802,"","","",77994,15.01,21.79,17.49,30.96
"A9016","https://nci-naaccr-zone-design.github.io/louisiana-2020/?address=A9016","Both","Larynx","05yrs","Ouachita","Monroe, Claiborne, Swartz",7.422,7.051,7.793,303792,3.577,3.398,3.756,77730,5.638,5.356,5.92,77994,15.01,21.79,17.49,30.96
"A9016","https://nci-naaccr-zone-design.github.io/louisiana-2020/?address=A9016","Female","Larynx","05yrs","Ouachita","Monroe, Claiborne, Swartz","","","",158421,4.117,3.911,4.322,42928,"","","",77994,15.01,21.79,17.49,30.96
"A9016","https://nci-naaccr-zone-design.github.io/louisiana-2020/?address=A9016","Male","Larynx","05yrs","Ouachita","Monroe, Claiborne, Swartz",12.595,11.966,13.225,145371,14.589,13.86,15.319,34802,"","","",77994,15.01,21.79,17.49,30.96
"A9016","https://nci-naaccr-zone-design.github.io/louisiana-2020/?address=A9016","Female","Ovary","05yrs","Ouachita","Monroe, Claiborne, Swartz",8.55,8.122,8.977,158421,10.763,10.225,11.301,42928,"","","",77994,15.01,21.79,17.49,30.96
"A9016","https://nci-naaccr-zone-design.github.io/louisiana-2020/?address=A9016","Both","Esoph","05yrs","Ouachita","Monroe, Claiborne, Swartz",8.008,7.607,8.408,303792,3.012,2.862,3.163,77730,"","","",77994,15.01,21.79,17.49,30.96
"A9016","https://nci-naaccr-zone-design.github.io/louisiana-2020/?address=A9016","Female","Esoph","05yrs","Ouachita","Monroe, Claiborne, Swartz",3.562,3.384,3.74,158421,"","","",42928,"","","",77994,15.01,21.79,17.49,30.96
"A9016","https://nci-naaccr-zone-design.github.io/louisiana-2020/?address=A9016","Male","Esoph","05yrs","Ouachita","Monroe, Claiborne, Swartz",7.966,7.568,8.365,145371,8.722,8.286,9.158,34802,"","","",77994,15.01,21.79,17.49,30.96
"A9016","https://nci-naaccr-zone-design.github.io/louisiana-2020/?address=A9016","Both","AllSite","10yrs","Ouachita","Monroe, Claiborne, Swartz",508.936,483.49,534.383,607106,517.528,491.652,543.405,143767,505.702,480.417,530.987,77994,15.01,21.79,17.49,30.96
"A9016","https://nci-naaccr-zone-design.github.io/louisiana-2020/?address=A9016","Female","AllSite","10yrs","Ouachita","Monroe, Claiborne, Swartz",381.892,362.797,400.987,317038,394.171,374.463,413.88,79246,387.084,367.729,406.438,77994,15.01,21.79,17.49,30.96
"A9016","https://nci-naaccr-zone-design.github.io/louisiana-2020/?address=A9016","Male","AllSite","10yrs","Ouachita","Monroe, Claiborne, Swartz",661.108,628.053,694.163,290068,629.431,597.959,660.902,64521,678.739,644.802,712.675,77994,15.01,21.79,17.49,30.96
"A9016","https://nci-naaccr-zone-design.github.io/louisiana-2020/?address=A9016","Male","Prostate","10yrs","Ouachita","Monroe, Claiborne, Swartz",186.683,177.349,196.017,290068,209.189,198.73,219.649,64521,208.139,197.732,218.546,77994,15.01,21.79,17.49,30.96
"A9016","https://nci-naaccr-zone-design.github.io/louisiana-2020/?address=A9016","Both","Lung","10yrs","Ouachita","Monroe, Claiborne, Swartz",60.1,57.095,63.105,607106,51.773,49.185,54.362,143767,77.265,73.401,81.128,77994,15.01,21.79,17.49,30.96
"A9016","https://nci-naaccr-zone-design.github.io/louisiana-2020/?address=A9016","Female","Lung","10yrs","Ouachita","Monroe, Claiborne, Swartz",65.148,61.89,68.405,317038,68.519,65.093,71.945,79246,60.868,57.825,63.912,77994,15.01,21.79,17.49,30.96
"A9016","https://nci-naaccr-zone-design.github.io/louisiana-2020/?address=A9016","Male","Lung","10yrs","Ouachita","Monroe, Claiborne, Swartz",70.803,67.263,74.344,290068,90.818,86.277,95.359,64521,76.473,72.649,80.297,77994,15.01,21.79,17.49,30.96
"A9016","https://nci-naaccr-zone-design.github.io/louisiana-2020/?address=A9016","Female","Breast","10yrs","Ouachita","Monroe, Claiborne, Swartz",131.144,124.586,137.701,317038,124.992,118.743,131.242,79246,118.314,112.399,124.23,77994,15.01,21.79,17.49,30.96
"A9016","https://nci-naaccr-zone-design.github.io/louisiana-2020/?address=A9016","Both","CRC","10yrs","Ouachita","Monroe, Claiborne, Swartz",35.554,33.777,37.332,607106,43.756,41.568,45.944,143767,61.194,58.134,64.254,77994,15.01,21.79,17.49,30.96
"A9016","https://nci-naaccr-zone-design.github.io/louisiana-2020/?address=A9016","Female","CRC","10yrs","Ouachita","Monroe, Claiborne, Swartz",34.447,32.724,36.169,317038,35.824,34.032,37.615,79246,44.065,41.862,46.269,77994,15.01,21.79,17.49,30.96
"A9016","https://nci-naaccr-zone-design.github.io/louisiana-2020/?address=A9016","Male","CRC","10yrs","Ouachita","Monroe, Claiborne, Swartz",74.545,70.817,78.272,290068,64.345,61.128,67.563,64521,59.649,56.666,62.631,77994,15.01,21.79,17.49,30.96
"A9016","https://nci-naaccr-zone-design.github.io/louisiana-2020/?address=A9016","Both","Kidney","10yrs","Ouachita","Monroe, Claiborne, Swartz",16.85,16.008,17.693,607106,21.392,20.322,22.461,143767,23.245,22.083,24.408,77994,15.01,21.79,17.49,30.96
"A9016","https://nci-naaccr-zone-design.github.io/louisiana-2020/?address=A9016","Female","Kidney","10yrs","Ouachita","Monroe, Claiborne, Swartz",16.403,15.583,17.223,317038,17.673,16.79,18.557,79246,19.26,18.297,20.223,77994,15.01,21.79,17.49,30.96
"A9016","https://nci-naaccr-zone-design.github.io/louisiana-2020/?address=A9016","Male","Kidney","10yrs","Ouachita","Monroe, Claiborne, Swartz",27.878,26.484,29.272,290068,24.307,23.092,25.523,64521,36.156,34.348,37.964,77994,15.01,21.79,17.49,30.96
"A9016","https://nci-naaccr-zone-design.github.io/louisiana-2020/?address=A9016","Both","NHL","10yrs","Ouachita","Monroe, Claiborne, Swartz",19.331,18.365,20.298,607106,20.743,19.706,21.78,143767,18.36,17.442,19.278,77994,15.01,21.79,17.49,30.96
"A9016","https://nci-naaccr-zone-design.github.io/louisiana-2020/?address=A9016","Female","NHL","10yrs","Ouachita","Monroe, Claiborne, Swartz",19.795,18.805,20.785,317038,16.596,15.766,17.426,79246,9.826,9.335,10.317,77994,15.01,21.79,17.49,30.96
"A9016","https://nci-naaccr-zone-design.github.io/louisiana-2020/?address=A9016","Male","NHL","10yrs","Ouachita","Monroe, Claiborne, Swartz",30.387,28.868,31.906,290068,17.184,16.325,18.043,64521,29.886,28.392,31.38,77994,15.01,21.79,17.49,30.96
"A9016","https://nci-naaccr-zone-design.github.io/louisiana-2020/?address=A9016","Both","Urinary","10yrs","Ouachita","Monroe, Claiborne, Swartz",23.628,22.446,24.809,607106,24.063,22.86,25.266,143767,18.672,17.739,19.606,77994,15.01,21.79,17.49,30.96
"A9016","https://nci-naaccr-zone-design.github.io/louisiana-2020/?address=A9016","Female","Urinary","10yrs","Ouachita","Monroe, Claiborne, Swartz",7.609,7.229,7.99,317038,13.662,12.979,14.345,79246,11.973,11.375,12.572,77994,15.01,21.79,17.49,30.96
"A9016","https://nci-naaccr-zone-design.github.io/louisiana-2020/?address=A9016","Male","Urinary","10yrs","Ouachita","Monroe, Claiborne, Swartz",35.499,33.724,37.274,290068,47.016,44.665,49.367,64521,24.27,23.056,25.483,77994,15.01,21.79,17.49,30.96
"A9016","https://nci-naaccr-zone-design.github.io/louisiana-2020/?address=A9016","Both","Mela","10yrs","Ouachita","Monroe, Claiborne, Swartz",25.789,24.499,27.078,607106,20.184,19.175,21.193,143767,21.51,20.435,22.586,77994,15.01,21.79,17.49,30.96
"A9016","https://nci-naaccr-zone-design.github.io/louisiana-2020/?address=A9016","Female","Mela","10yrs","Ouachita","Monroe, Claiborne, Swartz",11.534,10.957,12.11,317038,10.812,10.271,11.353,79246,16.665,15.832,17.498,77994,15.01,21.79,17.49,30.96
"A9016","https://nci-naaccr-zone-design.github.io/louisiana-2020/?address=A9016","Male","Mela","10yrs","Ouachita","Monroe, Claiborne, Swartz",5.878,5.584,6.171,290068,32.439,30.817,34.061,64521,11.47,10.897,12.044,77994,15.01,21.79,17.49,30.96
"A9016","https://nci-naaccr-zone-design.github.io/louisiana-2020/?address=A9016","Both","Pancreas","10yrs","Ouachita","Monroe, Claiborne, Swartz",17.546,16.668,18.423,607106,13.091,12.436,13.745,143767,10.562,10.034,11.09,77994,15.01,21.79,17.49,30.96
"A9016","https://nci-naaccr-zone-design.github.io/louisiana-2020/?address=A9016","Female","Pancreas","10yrs","Ouachita","Monroe, Claiborne, Swartz",10.312,9.796,10.827,317038,17.344,16.477,18.211,79246,11.512,10.937,12.088,77994,15.01,21.79,17.49,30.96
"A9016","https://nci-naaccr-zone-design.github.io/louisiana-2020/?address=A9016","Male","Pancreas","10yrs","Ouachita","Monroe, Claiborne, Swartz",16.692,15.857,17.526,290068,15.887,15.093,16.682,64521,13.732,13.045,14.419,77994,15.01,21.79,17.49,30.96
"A9016","https://nci-naaccr-zone-design.github.io/louisiana-2020/?address=A9016","Both","Leuks","10yrs","Ouachita","Monroe, Claiborne, Swartz",13.342,12.675,14.009,607106,12.217,11.606,12.828,143767,15.429,14.658,16.201,77994,15.01,21.79,17.49,30.96
"A9016","https://nci-naaccr-zone-design.github.io/louisiana-2020/?address=A9016","Female","Leuks","10yrs","Ouachita","Monroe, Claiborne, Swartz",13.875,13.182,14.569,317038,11.892,11.298,12.487,79246,7.48,7.106,7.854,77994,15.01,21.79,17.49,30.96
"A9016","https://nci-naaccr-zone-design.github.io/louisiana-2020/?address=A9016","Male","Leuks","10yrs","Ouachita","Monroe, Claiborne, Swartz",21.731,20.644,22.817,290068,15.429,14.658,16.201,64521,25.656,24.373,26.939,77994,15.01,21.79,17.49,30.96
"A9016","https://nci-naaccr-zone-design.github.io/louisiana-2020/?address=A9016","Both","Oral","10yrs","Ouachita","Monroe, Claiborne, Swartz",11.073,10.519,11.627,607106,13.393,12.724,14.063,143767,16.309,15.493,17.124,77994,15.01,21.79,17.49,30.96
"A9016","https://nci-naaccr-zone-design.github.io/louisiana-2020/?address=A9016","Female","Oral","10yrs","Ouachita","Monroe, Claiborne, Swartz",3.799,3.609,3.989,317038,3.931,3.735,4.128,79246,2.109,2.003,2.214,77994,15.01,21.79,17.49,30.96
"A9016","https://nci-naaccr-zone-design.github.io/louisiana-2020/?address=A9016","Male","Oral","10yrs","Ouachita","Monroe, Claiborne, Swartz",24.199,22.989,25.408,290068,13.759,13.071,14.446,64521,11.373,10.804,11.941,77994,15.01,21.79,17.49,30.96
"A9016","https://nci-naaccr-zone-design.github.io/louisiana-2020/?address=A9016","Both","Thyroid","10yrs","Ouachita","Monroe, Claiborne, Swartz",11.497,10.922,12.072,607106,7.947,7.55,8.345,143767,11.041,10.489,11.593,77994,15.01,21.79,17.49,30.96
"A9016","https://nci-naaccr-zone-design.github.io/louisiana-2020/?address=A9016","Female","Thyroid","10yrs","Ouachita","Monroe, Claiborne, Swartz",17.291,16.426,18.155,317038,25.776,24.488,27.065,79246,10.717,10.181,11.253,77994,15.01,21.79,17.49,30.96
"A9016","https://nci-naaccr-zone-design.github.io/louisiana-2020/?address=A9016","Male","Thyroid","10yrs","Ouachita","Monroe, Claiborne, Swartz",2.296,2.181,2.411,290068,5.486,5.212,5.76,64521,5.671,5.388,5.955,77994,15.01,21.79,17.49,30.96
"A9016","https://nci-naaccr-zone-design.github.io/louisiana-2020/?address=A9016","Female","Uterine","10yrs","Ouachita","Monroe, Claiborne, Swartz",25.322,24.056,26.588,317038,22.183,21.074,23.292,79246,25.822,24.531,27.113,77994,15.01,21.79,17.49,30.96
"A9016","https://nci-naaccr-zone-design.github.io/louisiana-2020/?address=A9016","Both","Liver","10yrs","Ouachita","Monroe, Claiborne, Swartz",8.124,7.718,8.53,607106,14.276,13.562,14.989,143767,10.632,10.1,11.163,77994,15.01,21.79,17.49,30.96
"A9016","https://nci-naaccr-zone-design.github.io/louisiana-2020/?address=A9016","Female","Liver","10yrs","Ouachita","Monroe, Claiborne, Swartz",3.398,3.228,3.568,317038,5.212,4.951,5.472,79246,6.856,6.513,7.199,77994,15.01,21.79,17.49,30.96
"A9016","https://nci-naaccr-zone-design.github.io/louisiana-2020/?address=A9016","Male","Liver","10yrs","Ouachita","Monroe, Claiborne, Swartz",23.442,22.27,24.614,290068,16.052,15.25,16.855,64521,7.543,7.166,7.92,77994,15.01,21.79,17.49,30.96
"A9016","https://nci-naaccr-zone-design.github.io/louisiana-2020/?address=A9016","Both","Stomach","10yrs","Ouachita","Monroe, Claiborne, Swartz",7.845,7.453,8.237,607106,7.629,7.247,8.01,143767,9.838,9.346,10.33,77994,15.01,21.79,17.49,30.96
"A9016","https://nci-naaccr-zone-design.github.io/louisiana-2020/?address=A9016","Female","Stomach","10yrs","Ouachita","Monroe, Claiborne, Swartz",9.592,9.112,10.072,317038,5.022,4.771,5.273,79246,4.336,4.119,4.553,77994,15.01,21.79,17.49,30.96
"A9016","https://nci-naaccr-zone-design.github.io/louisiana-2020/?address=A9016","Male","Stomach","10yrs","Ouachita","Monroe, Claiborne, Swartz",5.386,5.117,5.656,290068,5.818,5.528,6.109,64521,9.577,9.098,10.056,77994,15.01,21.79,17.49,30.96
"A9016","https://nci-naaccr-zone-design.github.io/louisiana-2020/?address=A9016","Both","Myeloma","10yrs","Ouachita","Monroe, Claiborne, Swartz",9.647,9.165,10.13,607106,10.194,9.684,10.703,143767,10.897,10.352,11.442,77994,15.01,21.79,17.49,30.96
"A9016","https://nci-naaccr-zone-design.github.io/louisiana-2020/?address=A9016","Female","Myeloma","10yrs","Ouachita","Monroe, Claiborne, Swartz",8.884,8.44,9.329,317038,11.21,10.65,11.771,79246,4.084,3.88,4.289,77994,15.01,21.79,17.49,30.96
"A9016","https://nci-naaccr-zone-design.github.io/louisiana-2020/?address=A9016","Male","Myeloma","10yrs","Ouachita","Monroe, Claiborne, Swartz",7.447,7.075,7.82,290068,5.873,5.579,6.167,64521,9.352,8.884,9.819,77994,15.01,21.79,17.49,30.96
"A9016","https://nci-naaccr-zone-design.github.io/louisiana-2020/?address=A9016","Both","Brain","10yrs","Ouachita","Monroe, Claiborne, Swartz",4.381,4.162,4.6,607106,4.607,4.377,4.838,143767,5.629,5.347,5.91,77994,15.01,21.79,17.49,30.96
"A9016","https://nci-naaccr-zone-design.github.io/louisiana-2020/?address=A9016","Female","Brain","10yrs","Ouachita","Monroe, Claiborne, Swartz",2.727,2.591,2.863,317038,5.878,5.584,6.172,79246,7.607,7.226,7.987,77994,15.01,21.79,17.49,30.96
"A9016","https://nci-naaccr-zone-design.github.io/louisiana-2020/?address=A9016","Male","Brain","10yrs","Ouachita","Monroe, Claiborne, Swartz",8.577,8.148,9.005,290068,9.864,9.37,10.357,64521,4.115,3.909,4.32,77994,15.01,21.79,17.49,30.96
"A9016","https://nci-naaccr-zone-design.github.io/louisiana-2020/?address=A9016","Both","Larynx","10yrs","Ouachita","Monroe, Claiborne, Swartz",7.176,6.817,7.534,607106,8.422,8.001,8.843,143767,3.545,3.367,3.722,77994,15.01,21.79,17.49,30.96
"A9016","https://nci-naaccr-zone-design.github.io/louisiana-2020/?address=A9016","Female","Larynx","10yrs","Ouachita","Monroe, Claiborne, Swartz",0.7,0.665,0.735,317038,3.817,3.626,4.008,79246,2.154,2.046,2.261,77994,15.01,21.79,17.49,30.96
"A9016","https://nci-naaccr-zone-design.github.io/louisiana-2020/?address=A9016","Male","Larynx","10yrs","Ouachita","Monroe, Claiborne, Swartz",10.146,9.639,10.654,290068,12.916,12.27,13.562,64521,13.426,12.755,14.098,77994,15.01,21.79,17.49,30.96
"A9016","https://nci-naaccr-zone-design.github.io/louisiana-2020/?address=A9016","Female","Ovary","10yrs","Ouachita","Monroe, Claiborne, Swartz",10.607,10.076,11.137,317038,14.931,14.184,15.677,79246,14.316,13.6,15.032,77994,15.01,21.79,17.49,30.96
"A9016","https://nci-naaccr-zone-design.github.io/louisiana-2020/?address=A9016","Both","Esoph","10yrs","Ouachita","Monroe, Claiborne, Swartz",3.287,3.123,3.451,607106,5.938,5.641,6.235,143767,7.132,6.775,7.488,77994,15.01,21.79,17.49,30.96
"A9016","https://nci-naaccr-zone-design.github.io/louisiana-2020/?address=A9016","Female","Esoph","10yrs","Ouachita","Monroe, Claiborne, Swartz",1.775,1.687,1.864,317038,3.383,3.214,3.552,79246,"","","",77994,15.01,21.79,17.49,30.96
"A9016","https://nci-naaccr-zone-design.github.io/louisiana-2020/?address=A9016","Male","Esoph","10yrs","Ouachita","Monroe, Claiborne, Swartz",7.656,7.274,8.039,290068,12.081,11.477,12.685,64521,7.945,7.547,8.342,77994,15.01,21.79,17.49,30.96
