"Zone","URL","Sex","Cancer","Years","Counties","Places","AAIR","LCI","UCI","White_PopTot","White_AAIR","White_LCI","White_UCI","Black_PopTot","Black_AAIR","Black_LCI","Black_UCI","TotalPop","Pct100Pov","PctMinority","PctBlackNH","PctRural"
"B0013","https://nci-naaccr-zone-design.github.io/louisiana-2020/?address=B0013","Both","AllSite","05yrs","St. Bernard, Plaquemines","Belle Chasse, Violet, Chalmette, Meraux, Poydras, Buras, Port Sulphur, Triumph, Boothville, Empire",504.747,479.51,529.985,221394,464.356,441.138,487.574,70047,443.523,421.346,465.699,58939,19.39,31.75,18.57,10.23
"B0013","https://nci-naaccr-zone-design.github.io/louisiana-2020/?address=B0013","Female","AllSite","05yrs","St. Bernard, Plaquemines","Belle Chasse, Violet, Chalmette, Meraux, Poydras, Buras, Port Sulphur, Triumph, Boothville, Empire",413.437,392.765,434.108,110527,457.379,434.51,480.248,36621,397.722,377.836,417.608,58939,19.39,31.75,18.57,10.23
"B0013","https://nci-naaccr-zone-design.github.io/louisiana-2020/?address=B0013","Male","AllSite","05yrs","St. Bernard, Plaquemines","Belle Chasse, Violet, Chalmette, Meraux, Poydras, Buras, Port Sulphur, Triumph, Boothville, Empire",584.08,554.876,613.284,110867,643.658,611.475,675.841,33426,529.389,502.92,555.859,58939,19.39,31.75,18.57,10.23
"B0013","https://nci-naaccr-zone-design.github.io/louisiana-2020/?address=B0013","Male","Prostate","05yrs","St. Bernard, Plaquemines","Belle Chasse, Violet, Chalmette, Meraux, Poydras, Buras, Port Sulphur, Triumph, Boothville, Empire",147.064,139.711,154.418,110867,136.971,130.122,143.819,33426,164.121,155.915,172.327,58939,19.39,31.75,18.57,10.23
"B0013","https://nci-naaccr-zone-design.github.io/louisiana-2020/?address=B0013","Both","Lung","05yrs","St. Bernard, Plaquemines","Belle Chasse, Violet, Chalmette, Meraux, Poydras, Buras, Port Sulphur, Triumph, Boothville, Empire",57.231,54.37,60.093,221394,54.149,51.442,56.857,70047,44.59,42.361,46.82,58939,19.39,31.75,18.57,10.23
"B0013","https://nci-naaccr-zone-design.github.io/louisiana-2020/?address=B0013","Female","Lung","05yrs","St. Bernard, Plaquemines","Belle Chasse, Violet, Chalmette, Meraux, Poydras, Buras, Port Sulphur, Triumph, Boothville, Empire",55.958,53.16,58.756,110527,53.615,50.934,56.296,36621,42.07,39.966,44.173,58939,19.39,31.75,18.57,10.23
"B0013","https://nci-naaccr-zone-design.github.io/louisiana-2020/?address=B0013","Male","Lung","05yrs","St. Bernard, Plaquemines","Belle Chasse, Violet, Chalmette, Meraux, Poydras, Buras, Port Sulphur, Triumph, Boothville, Empire",107.692,102.308,113.077,110867,64.011,60.811,67.212,33426,81.257,77.194,85.319,58939,19.39,31.75,18.57,10.23
"B0013","https://nci-naaccr-zone-design.github.io/louisiana-2020/?address=B0013","Female","Breast","05yrs","St. Bernard, Plaquemines","Belle Chasse, Violet, Chalmette, Meraux, Poydras, Buras, Port Sulphur, Triumph, Boothville, Empire",144.008,136.807,151.208,110527,96.274,91.46,101.087,36621,113.771,108.083,119.46,58939,19.39,31.75,18.57,10.23
"B0013","https://nci-naaccr-zone-design.github.io/louisiana-2020/?address=B0013","Both","CRC","05yrs","St. Bernard, Plaquemines","Belle Chasse, Violet, Chalmette, Meraux, Poydras, Buras, Port Sulphur, Triumph, Boothville, Empire",54.694,51.96,57.429,221394,45.275,43.011,47.539,70047,54.88,52.136,57.624,58939,19.39,31.75,18.57,10.23
"B0013","https://nci-naaccr-zone-design.github.io/louisiana-2020/?address=B0013","Female","CRC","05yrs","St. Bernard, Plaquemines","Belle Chasse, Violet, Chalmette, Meraux, Poydras, Buras, Port Sulphur, Triumph, Boothville, Empire",37.244,35.382,39.106,110527,40.414,38.394,42.435,36621,39.432,37.46,41.404,58939,19.39,31.75,18.57,10.23
"B0013","https://nci-naaccr-zone-design.github.io/louisiana-2020/?address=B0013","Male","CRC","05yrs","St. Bernard, Plaquemines","Belle Chasse, Violet, Chalmette, Meraux, Poydras, Buras, Port Sulphur, Triumph, Boothville, Empire",65.917,62.622,69.213,110867,61.757,58.669,64.844,33426,69.712,66.226,73.197,58939,19.39,31.75,18.57,10.23
"B0013","https://nci-naaccr-zone-design.github.io/louisiana-2020/?address=B0013","Both","Kidney","05yrs","St. Bernard, Plaquemines","Belle Chasse, Violet, Chalmette, Meraux, Poydras, Buras, Port Sulphur, Triumph, Boothville, Empire",21.026,19.975,22.078,221394,19.297,18.333,20.262,70047,23.785,22.595,24.974,58939,19.39,31.75,18.57,10.23
"B0013","https://nci-naaccr-zone-design.github.io/louisiana-2020/?address=B0013","Female","Kidney","05yrs","St. Bernard, Plaquemines","Belle Chasse, Violet, Chalmette, Meraux, Poydras, Buras, Port Sulphur, Triumph, Boothville, Empire",13.604,12.924,14.285,110527,21.034,19.982,22.085,36621,15.516,14.74,16.292,58939,19.39,31.75,18.57,10.23
"B0013","https://nci-naaccr-zone-design.github.io/louisiana-2020/?address=B0013","Male","Kidney","05yrs","St. Bernard, Plaquemines","Belle Chasse, Violet, Chalmette, Meraux, Poydras, Buras, Port Sulphur, Triumph, Boothville, Empire",23.36,22.192,24.528,110867,35.313,33.548,37.079,33426,23.239,22.077,24.401,58939,19.39,31.75,18.57,10.23
"B0013","https://nci-naaccr-zone-design.github.io/louisiana-2020/?address=B0013","Both","NHL","05yrs","St. Bernard, Plaquemines","Belle Chasse, Violet, Chalmette, Meraux, Poydras, Buras, Port Sulphur, Triumph, Boothville, Empire",18.871,17.927,19.814,221394,18.483,17.558,19.407,70047,23.739,22.552,24.926,58939,19.39,31.75,18.57,10.23
"B0013","https://nci-naaccr-zone-design.github.io/louisiana-2020/?address=B0013","Female","NHL","05yrs","St. Bernard, Plaquemines","Belle Chasse, Violet, Chalmette, Meraux, Poydras, Buras, Port Sulphur, Triumph, Boothville, Empire",19.041,18.089,19.993,110527,19.365,18.397,20.334,36621,15.993,15.194,16.793,58939,19.39,31.75,18.57,10.23
"B0013","https://nci-naaccr-zone-design.github.io/louisiana-2020/?address=B0013","Male","NHL","05yrs","St. Bernard, Plaquemines","Belle Chasse, Violet, Chalmette, Meraux, Poydras, Buras, Port Sulphur, Triumph, Boothville, Empire",24.625,23.393,25.856,110867,26.688,25.354,28.023,33426,32.691,31.057,34.326,58939,19.39,31.75,18.57,10.23
"B0013","https://nci-naaccr-zone-design.github.io/louisiana-2020/?address=B0013","Both","Urinary","05yrs","St. Bernard, Plaquemines","Belle Chasse, Violet, Chalmette, Meraux, Poydras, Buras, Port Sulphur, Triumph, Boothville, Empire",13.968,13.27,14.667,221394,19.495,18.52,20.47,70047,25.557,24.28,26.835,58939,19.39,31.75,18.57,10.23
"B0013","https://nci-naaccr-zone-design.github.io/louisiana-2020/?address=B0013","Female","Urinary","05yrs","St. Bernard, Plaquemines","Belle Chasse, Violet, Chalmette, Meraux, Poydras, Buras, Port Sulphur, Triumph, Boothville, Empire",4.293,4.078,4.507,110527,4.286,4.072,4.5,36621,11.518,10.942,12.094,58939,19.39,31.75,18.57,10.23
"B0013","https://nci-naaccr-zone-design.github.io/louisiana-2020/?address=B0013","Male","Urinary","05yrs","St. Bernard, Plaquemines","Belle Chasse, Violet, Chalmette, Meraux, Poydras, Buras, Port Sulphur, Triumph, Boothville, Empire",44.015,41.814,46.216,110867,45.086,42.832,47.341,33426,29.033,27.582,30.485,58939,19.39,31.75,18.57,10.23
"B0013","https://nci-naaccr-zone-design.github.io/louisiana-2020/?address=B0013","Both","Mela","05yrs","St. Bernard, Plaquemines","Belle Chasse, Violet, Chalmette, Meraux, Poydras, Buras, Port Sulphur, Triumph, Boothville, Empire",22.355,21.237,23.473,221394,12.835,12.194,13.477,70047,9.005,8.555,9.456,58939,19.39,31.75,18.57,10.23
"B0013","https://nci-naaccr-zone-design.github.io/louisiana-2020/?address=B0013","Female","Mela","05yrs","St. Bernard, Plaquemines","Belle Chasse, Violet, Chalmette, Meraux, Poydras, Buras, Port Sulphur, Triumph, Boothville, Empire",6.148,5.841,6.456,110527,9.282,8.818,9.746,36621,9.602,9.122,10.082,58939,19.39,31.75,18.57,10.23
"B0013","https://nci-naaccr-zone-design.github.io/louisiana-2020/?address=B0013","Male","Mela","05yrs","St. Bernard, Plaquemines","Belle Chasse, Violet, Chalmette, Meraux, Poydras, Buras, Port Sulphur, Triumph, Boothville, Empire",22.397,21.277,23.517,110867,12.802,12.162,13.442,33426,23.678,22.494,24.862,58939,19.39,31.75,18.57,10.23
"B0013","https://nci-naaccr-zone-design.github.io/louisiana-2020/?address=B0013","Both","Pancreas","05yrs","St. Bernard, Plaquemines","Belle Chasse, Violet, Chalmette, Meraux, Poydras, Buras, Port Sulphur, Triumph, Boothville, Empire",12.269,11.656,12.883,221394,11.049,10.497,11.602,70047,10.375,9.856,10.894,58939,19.39,31.75,18.57,10.23
"B0013","https://nci-naaccr-zone-design.github.io/louisiana-2020/?address=B0013","Female","Pancreas","05yrs","St. Bernard, Plaquemines","Belle Chasse, Violet, Chalmette, Meraux, Poydras, Buras, Port Sulphur, Triumph, Boothville, Empire",14.107,13.402,14.813,110527,13.128,12.471,13.784,36621,13.418,12.748,14.089,58939,19.39,31.75,18.57,10.23
"B0013","https://nci-naaccr-zone-design.github.io/louisiana-2020/?address=B0013","Male","Pancreas","05yrs","St. Bernard, Plaquemines","Belle Chasse, Violet, Chalmette, Meraux, Poydras, Buras, Port Sulphur, Triumph, Boothville, Empire",17.419,16.548,18.29,110867,18.403,17.482,19.323,33426,18.399,17.48,19.319,58939,19.39,31.75,18.57,10.23
"B0013","https://nci-naaccr-zone-design.github.io/louisiana-2020/?address=B0013","Both","Leuks","05yrs","St. Bernard, Plaquemines","Belle Chasse, Violet, Chalmette, Meraux, Poydras, Buras, Port Sulphur, Triumph, Boothville, Empire",14.38,13.661,15.099,221394,17.278,16.414,18.142,70047,16.407,15.587,17.228,58939,19.39,31.75,18.57,10.23
"B0013","https://nci-naaccr-zone-design.github.io/louisiana-2020/?address=B0013","Female","Leuks","05yrs","St. Bernard, Plaquemines","Belle Chasse, Violet, Chalmette, Meraux, Poydras, Buras, Port Sulphur, Triumph, Boothville, Empire",9.912,9.416,10.408,110527,9.562,9.084,10.04,36621,10.133,9.627,10.64,58939,19.39,31.75,18.57,10.23
"B0013","https://nci-naaccr-zone-design.github.io/louisiana-2020/?address=B0013","Male","Leuks","05yrs","St. Bernard, Plaquemines","Belle Chasse, Violet, Chalmette, Meraux, Poydras, Buras, Port Sulphur, Triumph, Boothville, Empire",17.736,16.849,18.622,110867,16.868,16.025,17.711,33426,9.512,9.037,9.988,58939,19.39,31.75,18.57,10.23
"B0013","https://nci-naaccr-zone-design.github.io/louisiana-2020/?address=B0013","Both","Oral","05yrs","St. Bernard, Plaquemines","Belle Chasse, Violet, Chalmette, Meraux, Poydras, Buras, Port Sulphur, Triumph, Boothville, Empire",8.015,7.614,8.416,221394,13.095,12.44,13.749,70047,13.09,12.436,13.745,58939,19.39,31.75,18.57,10.23
"B0013","https://nci-naaccr-zone-design.github.io/louisiana-2020/?address=B0013","Female","Oral","05yrs","St. Bernard, Plaquemines","Belle Chasse, Violet, Chalmette, Meraux, Poydras, Buras, Port Sulphur, Triumph, Boothville, Empire",7.46,7.087,7.833,110527,6.195,5.885,6.505,36621,"","","",58939,19.39,31.75,18.57,10.23
"B0013","https://nci-naaccr-zone-design.github.io/louisiana-2020/?address=B0013","Male","Oral","05yrs","St. Bernard, Plaquemines","Belle Chasse, Violet, Chalmette, Meraux, Poydras, Buras, Port Sulphur, Triumph, Boothville, Empire",21.836,20.744,22.928,110867,14.241,13.529,14.953,33426,27.073,25.719,28.426,58939,19.39,31.75,18.57,10.23
"B0013","https://nci-naaccr-zone-design.github.io/louisiana-2020/?address=B0013","Both","Thyroid","05yrs","St. Bernard, Plaquemines","Belle Chasse, Violet, Chalmette, Meraux, Poydras, Buras, Port Sulphur, Triumph, Boothville, Empire",8.681,8.247,9.115,221394,12.195,11.585,12.804,70047,12.804,12.164,13.445,58939,19.39,31.75,18.57,10.23
"B0013","https://nci-naaccr-zone-design.github.io/louisiana-2020/?address=B0013","Female","Thyroid","05yrs","St. Bernard, Plaquemines","Belle Chasse, Violet, Chalmette, Meraux, Poydras, Buras, Port Sulphur, Triumph, Boothville, Empire",13.279,12.615,13.943,110527,11.985,11.386,12.584,36621,18.538,17.611,19.465,58939,19.39,31.75,18.57,10.23
"B0013","https://nci-naaccr-zone-design.github.io/louisiana-2020/?address=B0013","Male","Thyroid","05yrs","St. Bernard, Plaquemines","Belle Chasse, Violet, Chalmette, Meraux, Poydras, Buras, Port Sulphur, Triumph, Boothville, Empire",6.867,6.523,7.21,110867,7.275,6.911,7.639,33426,"","","",58939,19.39,31.75,18.57,10.23
"B0013","https://nci-naaccr-zone-design.github.io/louisiana-2020/?address=B0013","Female","Uterine","05yrs","St. Bernard, Plaquemines","Belle Chasse, Violet, Chalmette, Meraux, Poydras, Buras, Port Sulphur, Triumph, Boothville, Empire",13.302,12.637,13.967,110527,20.074,19.07,21.077,36621,25.33,24.063,26.596,58939,19.39,31.75,18.57,10.23
"B0013","https://nci-naaccr-zone-design.github.io/louisiana-2020/?address=B0013","Both","Liver","05yrs","St. Bernard, Plaquemines","Belle Chasse, Violet, Chalmette, Meraux, Poydras, Buras, Port Sulphur, Triumph, Boothville, Empire",14.456,13.733,15.179,221394,14.711,13.975,15.446,70047,12.824,12.183,13.465,58939,19.39,31.75,18.57,10.23
"B0013","https://nci-naaccr-zone-design.github.io/louisiana-2020/?address=B0013","Female","Liver","05yrs","St. Bernard, Plaquemines","Belle Chasse, Violet, Chalmette, Meraux, Poydras, Buras, Port Sulphur, Triumph, Boothville, Empire",5.576,5.297,5.855,110527,5.849,5.557,6.142,36621,"","","",58939,19.39,31.75,18.57,10.23
"B0013","https://nci-naaccr-zone-design.github.io/louisiana-2020/?address=B0013","Male","Liver","05yrs","St. Bernard, Plaquemines","Belle Chasse, Violet, Chalmette, Meraux, Poydras, Buras, Port Sulphur, Triumph, Boothville, Empire",12.785,12.146,13.424,110867,19.297,18.332,20.262,33426,15.256,14.493,16.019,58939,19.39,31.75,18.57,10.23
"B0013","https://nci-naaccr-zone-design.github.io/louisiana-2020/?address=B0013","Both","Stomach","05yrs","St. Bernard, Plaquemines","Belle Chasse, Violet, Chalmette, Meraux, Poydras, Buras, Port Sulphur, Triumph, Boothville, Empire",9.981,9.482,10.48,221394,5.3,5.035,5.565,70047,4.803,4.563,5.043,58939,19.39,31.75,18.57,10.23
"B0013","https://nci-naaccr-zone-design.github.io/louisiana-2020/?address=B0013","Female","Stomach","05yrs","St. Bernard, Plaquemines","Belle Chasse, Violet, Chalmette, Meraux, Poydras, Buras, Port Sulphur, Triumph, Boothville, Empire",8.569,8.14,8.997,110527,9.841,9.349,10.333,36621,"","","",58939,19.39,31.75,18.57,10.23
"B0013","https://nci-naaccr-zone-design.github.io/louisiana-2020/?address=B0013","Male","Stomach","05yrs","St. Bernard, Plaquemines","Belle Chasse, Violet, Chalmette, Meraux, Poydras, Buras, Port Sulphur, Triumph, Boothville, Empire",5.525,5.249,5.801,110867,9.879,9.385,10.373,33426,11.333,10.767,11.9,58939,19.39,31.75,18.57,10.23
"B0013","https://nci-naaccr-zone-design.github.io/louisiana-2020/?address=B0013","Both","Myeloma","05yrs","St. Bernard, Plaquemines","Belle Chasse, Violet, Chalmette, Meraux, Poydras, Buras, Port Sulphur, Triumph, Boothville, Empire",7.832,7.44,8.224,221394,14.396,13.676,15.116,70047,10.563,10.035,11.092,58939,19.39,31.75,18.57,10.23
"B0013","https://nci-naaccr-zone-design.github.io/louisiana-2020/?address=B0013","Female","Myeloma","05yrs","St. Bernard, Plaquemines","Belle Chasse, Violet, Chalmette, Meraux, Poydras, Buras, Port Sulphur, Triumph, Boothville, Empire",12.159,11.551,12.767,110527,3.209,3.049,3.37,36621,"","","",58939,19.39,31.75,18.57,10.23
"B0013","https://nci-naaccr-zone-design.github.io/louisiana-2020/?address=B0013","Male","Myeloma","05yrs","St. Bernard, Plaquemines","Belle Chasse, Violet, Chalmette, Meraux, Poydras, Buras, Port Sulphur, Triumph, Boothville, Empire",15.304,14.539,16.069,110867,7.39,7.02,7.759,33426,9.922,9.426,10.418,58939,19.39,31.75,18.57,10.23
"B0013","https://nci-naaccr-zone-design.github.io/louisiana-2020/?address=B0013","Both","Brain","05yrs","St. Bernard, Plaquemines","Belle Chasse, Violet, Chalmette, Meraux, Poydras, Buras, Port Sulphur, Triumph, Boothville, Empire",7.239,6.877,7.601,221394,3.384,3.214,3.553,70047,5.745,5.457,6.032,58939,19.39,31.75,18.57,10.23
"B0013","https://nci-naaccr-zone-design.github.io/louisiana-2020/?address=B0013","Female","Brain","05yrs","St. Bernard, Plaquemines","Belle Chasse, Violet, Chalmette, Meraux, Poydras, Buras, Port Sulphur, Triumph, Boothville, Empire",4.845,4.603,5.087,110527,4.781,4.542,5.02,36621,"","","",58939,19.39,31.75,18.57,10.23
"B0013","https://nci-naaccr-zone-design.github.io/louisiana-2020/?address=B0013","Male","Brain","05yrs","St. Bernard, Plaquemines","Belle Chasse, Violet, Chalmette, Meraux, Poydras, Buras, Port Sulphur, Triumph, Boothville, Empire",11.616,11.035,12.197,110867,9.173,8.715,9.632,33426,"","","",58939,19.39,31.75,18.57,10.23
"B0013","https://nci-naaccr-zone-design.github.io/louisiana-2020/?address=B0013","Both","Larynx","05yrs","St. Bernard, Plaquemines","Belle Chasse, Violet, Chalmette, Meraux, Poydras, Buras, Port Sulphur, Triumph, Boothville, Empire",4.595,4.365,4.825,221394,4.678,4.444,4.911,70047,6.351,6.033,6.668,58939,19.39,31.75,18.57,10.23
"B0013","https://nci-naaccr-zone-design.github.io/louisiana-2020/?address=B0013","Female","Larynx","05yrs","St. Bernard, Plaquemines","Belle Chasse, Violet, Chalmette, Meraux, Poydras, Buras, Port Sulphur, Triumph, Boothville, Empire","","","",110527,"","","",36621,"","","",58939,19.39,31.75,18.57,10.23
"B0013","https://nci-naaccr-zone-design.github.io/louisiana-2020/?address=B0013","Male","Larynx","05yrs","St. Bernard, Plaquemines","Belle Chasse, Violet, Chalmette, Meraux, Poydras, Buras, Port Sulphur, Triumph, Boothville, Empire",15.484,14.709,16.258,110867,14.192,13.483,14.902,33426,12.864,12.221,13.507,58939,19.39,31.75,18.57,10.23
"B0013","https://nci-naaccr-zone-design.github.io/louisiana-2020/?address=B0013","Female","Ovary","05yrs","St. Bernard, Plaquemines","Belle Chasse, Violet, Chalmette, Meraux, Poydras, Buras, Port Sulphur, Triumph, Boothville, Empire",12.254,11.642,12.867,110527,12.625,11.994,13.257,36621,10.061,9.558,10.564,58939,19.39,31.75,18.57,10.23
"B0013","https://nci-naaccr-zone-design.github.io/louisiana-2020/?address=B0013","Both","Esoph","05yrs","St. Bernard, Plaquemines","Belle Chasse, Violet, Chalmette, Meraux, Poydras, Buras, Port Sulphur, Triumph, Boothville, Empire",4.308,4.093,4.524,221394,5.949,5.652,6.247,70047,"","","",58939,19.39,31.75,18.57,10.23
"B0013","https://nci-naaccr-zone-design.github.io/louisiana-2020/?address=B0013","Female","Esoph","05yrs","St. Bernard, Plaquemines","Belle Chasse, Violet, Chalmette, Meraux, Poydras, Buras, Port Sulphur, Triumph, Boothville, Empire",2.724,2.588,2.86,110527,"","","",36621,"","","",58939,19.39,31.75,18.57,10.23
"B0013","https://nci-naaccr-zone-design.github.io/louisiana-2020/?address=B0013","Male","Esoph","05yrs","St. Bernard, Plaquemines","Belle Chasse, Violet, Chalmette, Meraux, Poydras, Buras, Port Sulphur, Triumph, Boothville, Empire",5.411,5.141,5.682,110867,10.332,9.815,10.848,33426,13.398,12.728,14.068,58939,19.39,31.75,18.57,10.23
"B0013","https://nci-naaccr-zone-design.github.io/louisiana-2020/?address=B0013","Both","AllSite","10yrs","St. Bernard, Plaquemines","Belle Chasse, Violet, Chalmette, Meraux, Poydras, Buras, Port Sulphur, Triumph, Boothville, Empire",536.604,509.774,563.434,398846,534.653,507.92,561.385,116703,506.964,481.616,532.313,58939,19.39,31.75,18.57,10.23
"B0013","https://nci-naaccr-zone-design.github.io/louisiana-2020/?address=B0013","Female","AllSite","10yrs","St. Bernard, Plaquemines","Belle Chasse, Violet, Chalmette, Meraux, Poydras, Buras, Port Sulphur, Triumph, Boothville, Empire",366.07,347.767,384.374,198530,371.043,352.491,389.596,60426,429.7,408.215,451.185,58939,19.39,31.75,18.57,10.23
"B0013","https://nci-naaccr-zone-design.github.io/louisiana-2020/?address=B0013","Male","AllSite","10yrs","St. Bernard, Plaquemines","Belle Chasse, Violet, Chalmette, Meraux, Poydras, Buras, Port Sulphur, Triumph, Boothville, Empire",664.513,631.287,697.738,200316,630.754,599.216,662.292,56277,659.791,626.801,692.78,58939,19.39,31.75,18.57,10.23
"B0013","https://nci-naaccr-zone-design.github.io/louisiana-2020/?address=B0013","Male","Prostate","10yrs","St. Bernard, Plaquemines","Belle Chasse, Violet, Chalmette, Meraux, Poydras, Buras, Port Sulphur, Triumph, Boothville, Empire",164.924,156.677,173.17,200316,130.431,123.91,136.953,56277,174.475,165.751,183.199,58939,19.39,31.75,18.57,10.23
"B0013","https://nci-naaccr-zone-design.github.io/louisiana-2020/?address=B0013","Both","Lung","10yrs","St. Bernard, Plaquemines","Belle Chasse, Violet, Chalmette, Meraux, Poydras, Buras, Port Sulphur, Triumph, Boothville, Empire",50.499,47.974,53.023,398846,60.188,57.178,63.197,116703,57.959,55.061,60.857,58939,19.39,31.75,18.57,10.23
"B0013","https://nci-naaccr-zone-design.github.io/louisiana-2020/?address=B0013","Female","Lung","10yrs","St. Bernard, Plaquemines","Belle Chasse, Violet, Chalmette, Meraux, Poydras, Buras, Port Sulphur, Triumph, Boothville, Empire",42.085,39.981,44.189,198530,44.944,42.697,47.192,60426,57.544,54.667,60.421,58939,19.39,31.75,18.57,10.23
"B0013","https://nci-naaccr-zone-design.github.io/louisiana-2020/?address=B0013","Male","Lung","10yrs","St. Bernard, Plaquemines","Belle Chasse, Violet, Chalmette, Meraux, Poydras, Buras, Port Sulphur, Triumph, Boothville, Empire",104.102,98.897,109.307,200316,100.85,95.807,105.892,56277,109.834,104.342,115.326,58939,19.39,31.75,18.57,10.23
"B0013","https://nci-naaccr-zone-design.github.io/louisiana-2020/?address=B0013","Female","Breast","10yrs","St. Bernard, Plaquemines","Belle Chasse, Violet, Chalmette, Meraux, Poydras, Buras, Port Sulphur, Triumph, Boothville, Empire",117.823,111.932,123.714,198530,101.396,96.326,106.466,60426,123.636,117.454,129.817,58939,19.39,31.75,18.57,10.23
"B0013","https://nci-naaccr-zone-design.github.io/louisiana-2020/?address=B0013","Both","CRC","10yrs","St. Bernard, Plaquemines","Belle Chasse, Violet, Chalmette, Meraux, Poydras, Buras, Port Sulphur, Triumph, Boothville, Empire",55.664,52.881,58.447,398846,44.592,42.362,46.821,116703,58.877,55.933,61.821,58939,19.39,31.75,18.57,10.23
"B0013","https://nci-naaccr-zone-design.github.io/louisiana-2020/?address=B0013","Female","CRC","10yrs","St. Bernard, Plaquemines","Belle Chasse, Violet, Chalmette, Meraux, Poydras, Buras, Port Sulphur, Triumph, Boothville, Empire",34.204,32.494,35.914,198530,32.898,31.253,34.543,60426,36.135,34.328,37.942,58939,19.39,31.75,18.57,10.23
"B0013","https://nci-naaccr-zone-design.github.io/louisiana-2020/?address=B0013","Male","CRC","10yrs","St. Bernard, Plaquemines","Belle Chasse, Violet, Chalmette, Meraux, Poydras, Buras, Port Sulphur, Triumph, Boothville, Empire",59.695,56.71,62.679,200316,38.299,36.384,40.214,56277,58.432,55.51,61.353,58939,19.39,31.75,18.57,10.23
"B0013","https://nci-naaccr-zone-design.github.io/louisiana-2020/?address=B0013","Both","Kidney","10yrs","St. Bernard, Plaquemines","Belle Chasse, Violet, Chalmette, Meraux, Poydras, Buras, Port Sulphur, Triumph, Boothville, Empire",20.904,19.859,21.949,398846,18.843,17.901,19.785,116703,19.729,18.742,20.715,58939,19.39,31.75,18.57,10.23
"B0013","https://nci-naaccr-zone-design.github.io/louisiana-2020/?address=B0013","Female","Kidney","10yrs","St. Bernard, Plaquemines","Belle Chasse, Violet, Chalmette, Meraux, Poydras, Buras, Port Sulphur, Triumph, Boothville, Empire",18.114,17.208,19.019,198530,14.684,13.95,15.419,60426,21.749,20.662,22.837,58939,19.39,31.75,18.57,10.23
"B0013","https://nci-naaccr-zone-design.github.io/louisiana-2020/?address=B0013","Male","Kidney","10yrs","St. Bernard, Plaquemines","Belle Chasse, Violet, Chalmette, Meraux, Poydras, Buras, Port Sulphur, Triumph, Boothville, Empire",17.798,16.908,18.688,200316,21.29,20.226,22.355,56277,34.66,32.927,36.393,58939,19.39,31.75,18.57,10.23
"B0013","https://nci-naaccr-zone-design.github.io/louisiana-2020/?address=B0013","Both","NHL","10yrs","St. Bernard, Plaquemines","Belle Chasse, Violet, Chalmette, Meraux, Poydras, Buras, Port Sulphur, Triumph, Boothville, Empire",18.428,17.507,19.35,398846,16.617,15.786,17.448,116703,16.498,15.673,17.323,58939,19.39,31.75,18.57,10.23
"B0013","https://nci-naaccr-zone-design.github.io/louisiana-2020/?address=B0013","Female","NHL","10yrs","St. Bernard, Plaquemines","Belle Chasse, Violet, Chalmette, Meraux, Poydras, Buras, Port Sulphur, Triumph, Boothville, Empire",21.782,20.692,22.871,198530,12.415,11.794,13.036,60426,9.2,8.74,9.66,58939,19.39,31.75,18.57,10.23
"B0013","https://nci-naaccr-zone-design.github.io/louisiana-2020/?address=B0013","Male","NHL","10yrs","St. Bernard, Plaquemines","Belle Chasse, Violet, Chalmette, Meraux, Poydras, Buras, Port Sulphur, Triumph, Boothville, Empire",32.263,30.649,33.876,200316,15.955,15.157,16.753,56277,19.373,18.404,20.341,58939,19.39,31.75,18.57,10.23
"B0013","https://nci-naaccr-zone-design.github.io/louisiana-2020/?address=B0013","Both","Urinary","10yrs","St. Bernard, Plaquemines","Belle Chasse, Violet, Chalmette, Meraux, Poydras, Buras, Port Sulphur, Triumph, Boothville, Empire",18.287,17.372,19.201,398846,26.632,25.3,27.964,116703,17.141,16.284,17.999,58939,19.39,31.75,18.57,10.23
"B0013","https://nci-naaccr-zone-design.github.io/louisiana-2020/?address=B0013","Female","Urinary","10yrs","St. Bernard, Plaquemines","Belle Chasse, Violet, Chalmette, Meraux, Poydras, Buras, Port Sulphur, Triumph, Boothville, Empire",10.287,9.772,10.801,198530,6.174,5.865,6.483,60426,8.651,8.218,9.083,58939,19.39,31.75,18.57,10.23
"B0013","https://nci-naaccr-zone-design.github.io/louisiana-2020/?address=B0013","Male","Urinary","10yrs","St. Bernard, Plaquemines","Belle Chasse, Violet, Chalmette, Meraux, Poydras, Buras, Port Sulphur, Triumph, Boothville, Empire",38.044,36.142,39.947,200316,46.955,44.607,49.303,56277,36.154,34.347,37.962,58939,19.39,31.75,18.57,10.23
"B0013","https://nci-naaccr-zone-design.github.io/louisiana-2020/?address=B0013","Both","Mela","10yrs","St. Bernard, Plaquemines","Belle Chasse, Violet, Chalmette, Meraux, Poydras, Buras, Port Sulphur, Triumph, Boothville, Empire",20.123,19.117,21.129,398846,18.862,17.919,19.805,116703,21.948,20.851,23.045,58939,19.39,31.75,18.57,10.23
"B0013","https://nci-naaccr-zone-design.github.io/louisiana-2020/?address=B0013","Female","Mela","10yrs","St. Bernard, Plaquemines","Belle Chasse, Violet, Chalmette, Meraux, Poydras, Buras, Port Sulphur, Triumph, Boothville, Empire",9.152,8.694,9.609,198530,21.987,20.887,23.086,60426,18.685,17.75,19.619,58939,19.39,31.75,18.57,10.23
"B0013","https://nci-naaccr-zone-design.github.io/louisiana-2020/?address=B0013","Male","Mela","10yrs","St. Bernard, Plaquemines","Belle Chasse, Violet, Chalmette, Meraux, Poydras, Buras, Port Sulphur, Triumph, Boothville, Empire",34.092,32.387,35.796,200316,12.61,11.98,13.241,56277,32.199,30.589,33.808,58939,19.39,31.75,18.57,10.23
"B0013","https://nci-naaccr-zone-design.github.io/louisiana-2020/?address=B0013","Both","Pancreas","10yrs","St. Bernard, Plaquemines","Belle Chasse, Violet, Chalmette, Meraux, Poydras, Buras, Port Sulphur, Triumph, Boothville, Empire",16.527,15.701,17.353,398846,14.106,13.401,14.812,116703,16.252,15.439,17.064,58939,19.39,31.75,18.57,10.23
"B0013","https://nci-naaccr-zone-design.github.io/louisiana-2020/?address=B0013","Female","Pancreas","10yrs","St. Bernard, Plaquemines","Belle Chasse, Violet, Chalmette, Meraux, Poydras, Buras, Port Sulphur, Triumph, Boothville, Empire",14.239,13.527,14.951,198530,10.927,10.38,11.473,60426,13.77,13.081,14.458,58939,19.39,31.75,18.57,10.23
"B0013","https://nci-naaccr-zone-design.github.io/louisiana-2020/?address=B0013","Male","Pancreas","10yrs","St. Bernard, Plaquemines","Belle Chasse, Violet, Chalmette, Meraux, Poydras, Buras, Port Sulphur, Triumph, Boothville, Empire",19.464,18.491,20.438,200316,11.11,10.555,11.666,56277,19.008,18.058,19.958,58939,19.39,31.75,18.57,10.23
"B0013","https://nci-naaccr-zone-design.github.io/louisiana-2020/?address=B0013","Both","Leuks","10yrs","St. Bernard, Plaquemines","Belle Chasse, Violet, Chalmette, Meraux, Poydras, Buras, Port Sulphur, Triumph, Boothville, Empire",15.726,14.94,16.512,398846,14.692,13.957,15.426,116703,15.904,15.108,16.699,58939,19.39,31.75,18.57,10.23
"B0013","https://nci-naaccr-zone-design.github.io/louisiana-2020/?address=B0013","Female","Leuks","10yrs","St. Bernard, Plaquemines","Belle Chasse, Violet, Chalmette, Meraux, Poydras, Buras, Port Sulphur, Triumph, Boothville, Empire",14.918,14.172,15.664,198530,12.978,12.329,13.627,60426,11.034,10.482,11.585,58939,19.39,31.75,18.57,10.23
"B0013","https://nci-naaccr-zone-design.github.io/louisiana-2020/?address=B0013","Male","Leuks","10yrs","St. Bernard, Plaquemines","Belle Chasse, Violet, Chalmette, Meraux, Poydras, Buras, Port Sulphur, Triumph, Boothville, Empire",19.505,18.53,20.48,200316,9.653,9.17,10.135,56277,13.013,12.363,13.664,58939,19.39,31.75,18.57,10.23
"B0013","https://nci-naaccr-zone-design.github.io/louisiana-2020/?address=B0013","Both","Oral","10yrs","St. Bernard, Plaquemines","Belle Chasse, Violet, Chalmette, Meraux, Poydras, Buras, Port Sulphur, Triumph, Boothville, Empire",9.08,8.626,9.534,398846,16.008,15.208,16.809,116703,16.402,15.582,17.222,58939,19.39,31.75,18.57,10.23
"B0013","https://nci-naaccr-zone-design.github.io/louisiana-2020/?address=B0013","Female","Oral","10yrs","St. Bernard, Plaquemines","Belle Chasse, Violet, Chalmette, Meraux, Poydras, Buras, Port Sulphur, Triumph, Boothville, Empire",6.666,6.333,6.999,198530,3.281,3.117,3.445,60426,4.185,3.976,4.394,58939,19.39,31.75,18.57,10.23
"B0013","https://nci-naaccr-zone-design.github.io/louisiana-2020/?address=B0013","Male","Oral","10yrs","St. Bernard, Plaquemines","Belle Chasse, Violet, Chalmette, Meraux, Poydras, Buras, Port Sulphur, Triumph, Boothville, Empire",22.701,21.566,23.836,200316,17.963,17.065,18.861,56277,19.279,18.315,20.243,58939,19.39,31.75,18.57,10.23
"B0013","https://nci-naaccr-zone-design.github.io/louisiana-2020/?address=B0013","Both","Thyroid","10yrs","St. Bernard, Plaquemines","Belle Chasse, Violet, Chalmette, Meraux, Poydras, Buras, Port Sulphur, Triumph, Boothville, Empire",17.464,16.591,18.337,398846,16.062,15.259,16.865,116703,7.744,7.356,8.131,58939,19.39,31.75,18.57,10.23
"B0013","https://nci-naaccr-zone-design.github.io/louisiana-2020/?address=B0013","Female","Thyroid","10yrs","St. Bernard, Plaquemines","Belle Chasse, Violet, Chalmette, Meraux, Poydras, Buras, Port Sulphur, Triumph, Boothville, Empire",22.959,21.811,24.107,198530,25.291,24.027,26.556,60426,25.437,24.165,26.709,58939,19.39,31.75,18.57,10.23
"B0013","https://nci-naaccr-zone-design.github.io/louisiana-2020/?address=B0013","Male","Thyroid","10yrs","St. Bernard, Plaquemines","Belle Chasse, Violet, Chalmette, Meraux, Poydras, Buras, Port Sulphur, Triumph, Boothville, Empire",7.138,6.781,7.495,200316,8.513,8.087,8.939,56277,6.458,6.135,6.781,58939,19.39,31.75,18.57,10.23
"B0013","https://nci-naaccr-zone-design.github.io/louisiana-2020/?address=B0013","Female","Uterine","10yrs","St. Bernard, Plaquemines","Belle Chasse, Violet, Chalmette, Meraux, Poydras, Buras, Port Sulphur, Triumph, Boothville, Empire",23.434,22.262,24.605,198530,12.628,11.997,13.26,60426,24.694,23.459,25.929,58939,19.39,31.75,18.57,10.23
"B0013","https://nci-naaccr-zone-design.github.io/louisiana-2020/?address=B0013","Both","Liver","10yrs","St. Bernard, Plaquemines","Belle Chasse, Violet, Chalmette, Meraux, Poydras, Buras, Port Sulphur, Triumph, Boothville, Empire",13.552,12.874,14.229,398846,11.311,10.745,11.876,116703,4.986,4.737,5.235,58939,19.39,31.75,18.57,10.23
"B0013","https://nci-naaccr-zone-design.github.io/louisiana-2020/?address=B0013","Female","Liver","10yrs","St. Bernard, Plaquemines","Belle Chasse, Violet, Chalmette, Meraux, Poydras, Buras, Port Sulphur, Triumph, Boothville, Empire",6.719,6.383,7.055,198530,4.061,3.858,4.264,60426,"","","",58939,19.39,31.75,18.57,10.23
"B0013","https://nci-naaccr-zone-design.github.io/louisiana-2020/?address=B0013","Male","Liver","10yrs","St. Bernard, Plaquemines","Belle Chasse, Violet, Chalmette, Meraux, Poydras, Buras, Port Sulphur, Triumph, Boothville, Empire",21.19,20.131,22.25,200316,14.774,14.035,15.513,56277,18.33,17.413,19.246,58939,19.39,31.75,18.57,10.23
"B0013","https://nci-naaccr-zone-design.github.io/louisiana-2020/?address=B0013","Both","Stomach","10yrs","St. Bernard, Plaquemines","Belle Chasse, Violet, Chalmette, Meraux, Poydras, Buras, Port Sulphur, Triumph, Boothville, Empire",4.483,4.259,4.707,398846,7.611,7.231,7.992,116703,8.441,8.019,8.863,58939,19.39,31.75,18.57,10.23
"B0013","https://nci-naaccr-zone-design.github.io/louisiana-2020/?address=B0013","Female","Stomach","10yrs","St. Bernard, Plaquemines","Belle Chasse, Violet, Chalmette, Meraux, Poydras, Buras, Port Sulphur, Triumph, Boothville, Empire",9.708,9.222,10.193,198530,7.308,6.943,7.673,60426,9.839,9.347,10.331,58939,19.39,31.75,18.57,10.23
"B0013","https://nci-naaccr-zone-design.github.io/louisiana-2020/?address=B0013","Male","Stomach","10yrs","St. Bernard, Plaquemines","Belle Chasse, Violet, Chalmette, Meraux, Poydras, Buras, Port Sulphur, Triumph, Boothville, Empire",8.055,7.653,8.458,200316,12.571,11.942,13.199,56277,16.298,15.483,17.113,58939,19.39,31.75,18.57,10.23
"B0013","https://nci-naaccr-zone-design.github.io/louisiana-2020/?address=B0013","Both","Myeloma","10yrs","St. Bernard, Plaquemines","Belle Chasse, Violet, Chalmette, Meraux, Poydras, Buras, Port Sulphur, Triumph, Boothville, Empire",6.353,6.035,6.67,398846,7.424,7.053,7.795,116703,14.02,13.319,14.721,58939,19.39,31.75,18.57,10.23
"B0013","https://nci-naaccr-zone-design.github.io/louisiana-2020/?address=B0013","Female","Myeloma","10yrs","St. Bernard, Plaquemines","Belle Chasse, Violet, Chalmette, Meraux, Poydras, Buras, Port Sulphur, Triumph, Boothville, Empire",12.053,11.45,12.655,198530,8.767,8.328,9.205,60426,7.022,6.671,7.374,58939,19.39,31.75,18.57,10.23
"B0013","https://nci-naaccr-zone-design.github.io/louisiana-2020/?address=B0013","Male","Myeloma","10yrs","St. Bernard, Plaquemines","Belle Chasse, Violet, Chalmette, Meraux, Poydras, Buras, Port Sulphur, Triumph, Boothville, Empire",7.339,6.972,7.706,200316,9.568,9.09,10.047,56277,16.563,15.735,17.391,58939,19.39,31.75,18.57,10.23
"B0013","https://nci-naaccr-zone-design.github.io/louisiana-2020/?address=B0013","Both","Brain","10yrs","St. Bernard, Plaquemines","Belle Chasse, Violet, Chalmette, Meraux, Poydras, Buras, Port Sulphur, Triumph, Boothville, Empire",6.854,6.511,7.197,398846,6.322,6.006,6.638,116703,6.37,6.051,6.688,58939,19.39,31.75,18.57,10.23
"B0013","https://nci-naaccr-zone-design.github.io/louisiana-2020/?address=B0013","Female","Brain","10yrs","St. Bernard, Plaquemines","Belle Chasse, Violet, Chalmette, Meraux, Poydras, Buras, Port Sulphur, Triumph, Boothville, Empire",6.351,6.033,6.668,198530,6.434,6.112,6.755,60426,7.18,6.821,7.539,58939,19.39,31.75,18.57,10.23
"B0013","https://nci-naaccr-zone-design.github.io/louisiana-2020/?address=B0013","Male","Brain","10yrs","St. Bernard, Plaquemines","Belle Chasse, Violet, Chalmette, Meraux, Poydras, Buras, Port Sulphur, Triumph, Boothville, Empire",11.515,10.939,12.09,200316,6.86,6.517,7.203,56277,7.309,6.944,7.674,58939,19.39,31.75,18.57,10.23
"B0013","https://nci-naaccr-zone-design.github.io/louisiana-2020/?address=B0013","Both","Larynx","10yrs","St. Bernard, Plaquemines","Belle Chasse, Violet, Chalmette, Meraux, Poydras, Buras, Port Sulphur, Triumph, Boothville, Empire",5.068,4.815,5.322,398846,4.47,4.246,4.693,116703,3.762,3.574,3.95,58939,19.39,31.75,18.57,10.23
"B0013","https://nci-naaccr-zone-design.github.io/louisiana-2020/?address=B0013","Female","Larynx","10yrs","St. Bernard, Plaquemines","Belle Chasse, Violet, Chalmette, Meraux, Poydras, Buras, Port Sulphur, Triumph, Boothville, Empire",3.741,3.554,3.928,198530,3.284,3.12,3.448,60426,3.518,3.342,3.694,58939,19.39,31.75,18.57,10.23
"B0013","https://nci-naaccr-zone-design.github.io/louisiana-2020/?address=B0013","Male","Larynx","10yrs","St. Bernard, Plaquemines","Belle Chasse, Violet, Chalmette, Meraux, Poydras, Buras, Port Sulphur, Triumph, Boothville, Empire",7.864,7.471,8.257,200316,9.369,8.9,9.837,56277,5.872,5.579,6.166,58939,19.39,31.75,18.57,10.23
"B0013","https://nci-naaccr-zone-design.github.io/louisiana-2020/?address=B0013","Female","Ovary","10yrs","St. Bernard, Plaquemines","Belle Chasse, Violet, Chalmette, Meraux, Poydras, Buras, Port Sulphur, Triumph, Boothville, Empire",3.577,3.398,3.756,198530,7.429,7.057,7.8,60426,13.169,12.51,13.827,58939,19.39,31.75,18.57,10.23
"B0013","https://nci-naaccr-zone-design.github.io/louisiana-2020/?address=B0013","Both","Esoph","10yrs","St. Bernard, Plaquemines","Belle Chasse, Violet, Chalmette, Meraux, Poydras, Buras, Port Sulphur, Triumph, Boothville, Empire",6.305,5.99,6.62,398846,7.153,6.796,7.511,116703,3.426,3.255,3.598,58939,19.39,31.75,18.57,10.23
"B0013","https://nci-naaccr-zone-design.github.io/louisiana-2020/?address=B0013","Female","Esoph","10yrs","St. Bernard, Plaquemines","Belle Chasse, Violet, Chalmette, Meraux, Poydras, Buras, Port Sulphur, Triumph, Boothville, Empire",1.522,1.446,1.598,198530,3.478,3.304,3.652,60426,2.791,2.651,2.93,58939,19.39,31.75,18.57,10.23
"B0013","https://nci-naaccr-zone-design.github.io/louisiana-2020/?address=B0013","Male","Esoph","10yrs","St. Bernard, Plaquemines","Belle Chasse, Violet, Chalmette, Meraux, Poydras, Buras, Port Sulphur, Triumph, Boothville, Empire",6.113,5.808,6.419,200316,5.837,5.545,6.129,56277,10.644,10.111,11.176,58939,19.39,31.75,18.57,10.23
