"Zone","URL","Sex","Cancer","Years","Counties","Places","AAIR","LCI","UCI","White_PopTot","White_AAIR","White_LCI","White_UCI","Black_PopTot","Black_AAIR","Black_LCI","Black_UCI","TotalPop","Pct100Pov","PctMinority","PctBlackNH","PctRural"
"A9045","https://nci-naaccr-zone-design.github.io/louisiana-2020/?address=A9045","Both","AllSite","05yrs","Orleans","New Orleans",529.042,502.59,555.495,72444,468.348,444.931,491.766,221975,539.825,512.834,566.817,58341,24.43,77.16,68.08,1.18
"A9045","https://nci-naaccr-zone-design.github.io/louisiana-2020/?address=A9045","Female","AllSite","05yrs","Orleans","New Orleans",448.325,425.909,470.742,37556,443.031,420.88,465.183,121676,376.31,357.494,395.125,58341,24.43,77.16,68.08,1.18
"A9045","https://nci-naaccr-zone-design.github.io/louisiana-2020/?address=A9045","Male","AllSite","05yrs","Orleans","New Orleans",623.261,592.098,654.424,34888,644.372,612.154,676.591,100298,643.196,611.036,675.356,58341,24.43,77.16,68.08,1.18
"A9045","https://nci-naaccr-zone-design.github.io/louisiana-2020/?address=A9045","Male","Prostate","05yrs","Orleans","New Orleans",184.068,174.865,193.271,34888,187.253,177.891,196.616,100298,194.69,184.956,204.425,58341,24.43,77.16,68.08,1.18
"A9045","https://nci-naaccr-zone-design.github.io/louisiana-2020/?address=A9045","Both","Lung","05yrs","Orleans","New Orleans",65.589,62.31,68.868,72444,83.744,79.556,87.931,221975,74.36,70.642,78.078,58341,24.43,77.16,68.08,1.18
"A9045","https://nci-naaccr-zone-design.github.io/louisiana-2020/?address=A9045","Female","Lung","05yrs","Orleans","New Orleans",49.04,46.588,51.492,37556,47.967,45.569,50.366,121676,69.714,66.229,73.2,58341,24.43,77.16,68.08,1.18
"A9045","https://nci-naaccr-zone-design.github.io/louisiana-2020/?address=A9045","Male","Lung","05yrs","Orleans","New Orleans",108.59,103.161,114.02,34888,97.06,92.207,101.913,100298,103.507,98.332,108.682,58341,24.43,77.16,68.08,1.18
"A9045","https://nci-naaccr-zone-design.github.io/louisiana-2020/?address=A9045","Female","Breast","05yrs","Orleans","New Orleans",114.804,109.064,120.544,37556,101.841,96.749,106.933,121676,119.508,113.533,125.483,58341,24.43,77.16,68.08,1.18
"A9045","https://nci-naaccr-zone-design.github.io/louisiana-2020/?address=A9045","Both","CRC","05yrs","Orleans","New Orleans",47.81,45.42,50.201,72444,36.408,34.588,38.228,221975,53.47,50.797,56.144,58341,24.43,77.16,68.08,1.18
"A9045","https://nci-naaccr-zone-design.github.io/louisiana-2020/?address=A9045","Female","CRC","05yrs","Orleans","New Orleans",50.061,47.558,52.564,37556,51.123,48.567,53.679,121676,31.232,29.671,32.794,58341,24.43,77.16,68.08,1.18
"A9045","https://nci-naaccr-zone-design.github.io/louisiana-2020/?address=A9045","Male","CRC","05yrs","Orleans","New Orleans",42.386,40.267,44.505,34888,45.956,43.658,48.254,100298,66.392,63.072,69.712,58341,24.43,77.16,68.08,1.18
"A9045","https://nci-naaccr-zone-design.github.io/louisiana-2020/?address=A9045","Both","Kidney","05yrs","Orleans","New Orleans",21.816,20.725,22.906,72444,26.078,24.775,27.382,221975,25.446,24.174,26.718,58341,24.43,77.16,68.08,1.18
"A9045","https://nci-naaccr-zone-design.github.io/louisiana-2020/?address=A9045","Female","Kidney","05yrs","Orleans","New Orleans",14.749,14.011,15.486,37556,16.049,15.247,16.852,121676,12.282,11.668,12.897,58341,24.43,77.16,68.08,1.18
"A9045","https://nci-naaccr-zone-design.github.io/louisiana-2020/?address=A9045","Male","Kidney","05yrs","Orleans","New Orleans",28.77,27.331,30.208,34888,25.784,24.495,27.073,100298,18.557,17.629,19.485,58341,24.43,77.16,68.08,1.18
"A9045","https://nci-naaccr-zone-design.github.io/louisiana-2020/?address=A9045","Both","NHL","05yrs","Orleans","New Orleans",21.416,20.346,22.487,72444,14.497,13.772,15.222,221975,17.518,16.642,18.394,58341,24.43,77.16,68.08,1.18
"A9045","https://nci-naaccr-zone-design.github.io/louisiana-2020/?address=A9045","Female","NHL","05yrs","Orleans","New Orleans",14.595,13.866,15.325,37556,22.398,21.278,23.518,121676,11.184,10.625,11.743,58341,24.43,77.16,68.08,1.18
"A9045","https://nci-naaccr-zone-design.github.io/louisiana-2020/?address=A9045","Male","NHL","05yrs","Orleans","New Orleans",15.769,14.98,16.557,34888,19.397,18.427,20.367,100298,19.789,18.8,20.779,58341,24.43,77.16,68.08,1.18
"A9045","https://nci-naaccr-zone-design.github.io/louisiana-2020/?address=A9045","Both","Urinary","05yrs","Orleans","New Orleans",18.723,17.787,19.659,72444,23.635,22.453,24.817,221975,24.109,22.904,25.315,58341,24.43,77.16,68.08,1.18
"A9045","https://nci-naaccr-zone-design.github.io/louisiana-2020/?address=A9045","Female","Urinary","05yrs","Orleans","New Orleans",13.957,13.259,14.655,37556,"","","",121676,5.363,5.095,5.631,58341,24.43,77.16,68.08,1.18
"A9045","https://nci-naaccr-zone-design.github.io/louisiana-2020/?address=A9045","Male","Urinary","05yrs","Orleans","New Orleans",48.518,46.092,50.944,34888,26.603,25.273,27.933,100298,36.464,34.64,38.287,58341,24.43,77.16,68.08,1.18
"A9045","https://nci-naaccr-zone-design.github.io/louisiana-2020/?address=A9045","Both","Mela","05yrs","Orleans","New Orleans",20.6,19.57,21.63,72444,26.128,24.821,27.434,221975,12.856,12.213,13.499,58341,24.43,77.16,68.08,1.18
"A9045","https://nci-naaccr-zone-design.github.io/louisiana-2020/?address=A9045","Female","Mela","05yrs","Orleans","New Orleans",14.537,13.81,15.264,37556,9.164,8.706,9.622,121676,15.668,14.885,16.452,58341,24.43,77.16,68.08,1.18
"A9045","https://nci-naaccr-zone-design.github.io/louisiana-2020/?address=A9045","Male","Mela","05yrs","Orleans","New Orleans",23.225,22.064,24.387,34888,27.791,26.402,29.181,100298,13.742,13.055,14.429,58341,24.43,77.16,68.08,1.18
"A9045","https://nci-naaccr-zone-design.github.io/louisiana-2020/?address=A9045","Both","Pancreas","05yrs","Orleans","New Orleans",18.26,17.347,19.172,72444,13.603,12.923,14.283,221975,12.116,11.51,12.722,58341,24.43,77.16,68.08,1.18
"A9045","https://nci-naaccr-zone-design.github.io/louisiana-2020/?address=A9045","Female","Pancreas","05yrs","Orleans","New Orleans",15.517,14.741,16.293,37556,9.839,9.347,10.331,121676,14.467,13.744,15.191,58341,24.43,77.16,68.08,1.18
"A9045","https://nci-naaccr-zone-design.github.io/louisiana-2020/?address=A9045","Male","Pancreas","05yrs","Orleans","New Orleans",20.27,19.257,21.284,34888,19.992,18.993,20.992,100298,16.643,15.811,17.476,58341,24.43,77.16,68.08,1.18
"A9045","https://nci-naaccr-zone-design.github.io/louisiana-2020/?address=A9045","Both","Leuks","05yrs","Orleans","New Orleans",13.612,12.932,14.293,72444,17.491,16.617,18.366,221975,17.96,17.062,18.858,58341,24.43,77.16,68.08,1.18
"A9045","https://nci-naaccr-zone-design.github.io/louisiana-2020/?address=A9045","Female","Leuks","05yrs","Orleans","New Orleans",12.469,11.846,13.093,37556,9.954,9.456,10.451,121676,9.334,8.868,9.801,58341,24.43,77.16,68.08,1.18
"A9045","https://nci-naaccr-zone-design.github.io/louisiana-2020/?address=A9045","Male","Leuks","05yrs","Orleans","New Orleans",16.688,15.854,17.523,34888,14.772,14.034,15.511,100298,19.859,18.866,20.852,58341,24.43,77.16,68.08,1.18
"A9045","https://nci-naaccr-zone-design.github.io/louisiana-2020/?address=A9045","Both","Oral","05yrs","Orleans","New Orleans",13.472,12.799,14.146,72444,14.221,13.51,14.932,221975,8.885,8.441,9.329,58341,24.43,77.16,68.08,1.18
"A9045","https://nci-naaccr-zone-design.github.io/louisiana-2020/?address=A9045","Female","Oral","05yrs","Orleans","New Orleans",7.027,6.676,7.378,37556,"","","",121676,7.892,7.497,8.286,58341,24.43,77.16,68.08,1.18
"A9045","https://nci-naaccr-zone-design.github.io/louisiana-2020/?address=A9045","Male","Oral","05yrs","Orleans","New Orleans",10.942,10.395,11.489,34888,11.774,11.186,12.363,100298,20.993,19.943,22.042,58341,24.43,77.16,68.08,1.18
"A9045","https://nci-naaccr-zone-design.github.io/louisiana-2020/?address=A9045","Both","Thyroid","05yrs","Orleans","New Orleans",9.188,8.728,9.647,72444,13.519,12.843,14.195,221975,11.323,10.757,11.89,58341,24.43,77.16,68.08,1.18
"A9045","https://nci-naaccr-zone-design.github.io/louisiana-2020/?address=A9045","Female","Thyroid","05yrs","Orleans","New Orleans",26.181,24.872,27.49,37556,19.887,18.892,20.881,121676,23.781,22.592,24.97,58341,24.43,77.16,68.08,1.18
"A9045","https://nci-naaccr-zone-design.github.io/louisiana-2020/?address=A9045","Male","Thyroid","05yrs","Orleans","New Orleans",3.112,2.956,3.268,34888,"","","",100298,5.65,5.368,5.933,58341,24.43,77.16,68.08,1.18
"A9045","https://nci-naaccr-zone-design.github.io/louisiana-2020/?address=A9045","Female","Uterine","05yrs","Orleans","New Orleans",16.492,15.668,17.317,37556,21.577,20.498,22.656,121676,24.545,23.317,25.772,58341,24.43,77.16,68.08,1.18
"A9045","https://nci-naaccr-zone-design.github.io/louisiana-2020/?address=A9045","Both","Liver","05yrs","Orleans","New Orleans",4.808,4.567,5.048,72444,9.594,9.114,10.073,221975,8.292,7.877,8.707,58341,24.43,77.16,68.08,1.18
"A9045","https://nci-naaccr-zone-design.github.io/louisiana-2020/?address=A9045","Female","Liver","05yrs","Orleans","New Orleans",5.676,5.392,5.96,37556,"","","",121676,4.591,4.361,4.82,58341,24.43,77.16,68.08,1.18
"A9045","https://nci-naaccr-zone-design.github.io/louisiana-2020/?address=A9045","Male","Liver","05yrs","Orleans","New Orleans",19.121,18.165,20.077,34888,16.006,15.206,16.807,100298,7.603,7.223,7.984,58341,24.43,77.16,68.08,1.18
"A9045","https://nci-naaccr-zone-design.github.io/louisiana-2020/?address=A9045","Both","Stomach","05yrs","Orleans","New Orleans",11.099,10.544,11.654,72444,6.846,6.504,7.189,221975,9.198,8.738,9.658,58341,24.43,77.16,68.08,1.18
"A9045","https://nci-naaccr-zone-design.github.io/louisiana-2020/?address=A9045","Female","Stomach","05yrs","Orleans","New Orleans",4.518,4.292,4.744,37556,"","","",121676,7.256,6.893,7.619,58341,24.43,77.16,68.08,1.18
"A9045","https://nci-naaccr-zone-design.github.io/louisiana-2020/?address=A9045","Male","Stomach","05yrs","Orleans","New Orleans",15.267,14.503,16.03,34888,9.78,9.291,10.269,100298,12.599,11.969,13.228,58341,24.43,77.16,68.08,1.18
"A9045","https://nci-naaccr-zone-design.github.io/louisiana-2020/?address=A9045","Both","Myeloma","05yrs","Orleans","New Orleans",9.004,8.554,9.454,72444,6.577,6.248,6.906,221975,8.417,7.996,8.838,58341,24.43,77.16,68.08,1.18
"A9045","https://nci-naaccr-zone-design.github.io/louisiana-2020/?address=A9045","Female","Myeloma","05yrs","Orleans","New Orleans",5.793,5.504,6.083,37556,"","","",121676,3.866,3.673,4.059,58341,24.43,77.16,68.08,1.18
"A9045","https://nci-naaccr-zone-design.github.io/louisiana-2020/?address=A9045","Male","Myeloma","05yrs","Orleans","New Orleans",13.249,12.586,13.911,34888,"","","",100298,7.745,7.358,8.132,58341,24.43,77.16,68.08,1.18
"A9045","https://nci-naaccr-zone-design.github.io/louisiana-2020/?address=A9045","Both","Brain","05yrs","Orleans","New Orleans",7.638,7.256,8.019,72444,6.443,6.121,6.765,221975,7.03,6.679,7.382,58341,24.43,77.16,68.08,1.18
"A9045","https://nci-naaccr-zone-design.github.io/louisiana-2020/?address=A9045","Female","Brain","05yrs","Orleans","New Orleans",3.853,3.66,4.046,37556,"","","",121676,6.486,6.162,6.811,58341,24.43,77.16,68.08,1.18
"A9045","https://nci-naaccr-zone-design.github.io/louisiana-2020/?address=A9045","Male","Brain","05yrs","Orleans","New Orleans",8.451,8.028,8.873,34888,"","","",100298,10.054,9.551,10.556,58341,24.43,77.16,68.08,1.18
"A9045","https://nci-naaccr-zone-design.github.io/louisiana-2020/?address=A9045","Both","Larynx","05yrs","Orleans","New Orleans",8.969,8.521,9.418,72444,8.973,8.524,9.421,221975,7.539,7.162,7.916,58341,24.43,77.16,68.08,1.18
"A9045","https://nci-naaccr-zone-design.github.io/louisiana-2020/?address=A9045","Female","Larynx","05yrs","Orleans","New Orleans",2.688,2.554,2.823,37556,"","","",121676,3.96,3.762,4.158,58341,24.43,77.16,68.08,1.18
"A9045","https://nci-naaccr-zone-design.github.io/louisiana-2020/?address=A9045","Male","Larynx","05yrs","Orleans","New Orleans",13.622,12.941,14.303,34888,"","","",100298,4.826,4.585,5.068,58341,24.43,77.16,68.08,1.18
"A9045","https://nci-naaccr-zone-design.github.io/louisiana-2020/?address=A9045","Female","Ovary","05yrs","Orleans","New Orleans",10.547,10.019,11.074,37556,8.786,8.347,9.226,121676,14.253,13.541,14.966,58341,24.43,77.16,68.08,1.18
"A9045","https://nci-naaccr-zone-design.github.io/louisiana-2020/?address=A9045","Both","Esoph","05yrs","Orleans","New Orleans",3.148,2.99,3.305,72444,7.614,7.233,7.995,221975,4.701,4.466,4.936,58341,24.43,77.16,68.08,1.18
"A9045","https://nci-naaccr-zone-design.github.io/louisiana-2020/?address=A9045","Female","Esoph","05yrs","Orleans","New Orleans",3.588,3.409,3.767,37556,"","","",121676,4.232,4.02,4.443,58341,24.43,77.16,68.08,1.18
"A9045","https://nci-naaccr-zone-design.github.io/louisiana-2020/?address=A9045","Male","Esoph","05yrs","Orleans","New Orleans",11.644,11.062,12.226,34888,9.926,9.43,10.423,100298,6.41,6.09,6.731,58341,24.43,77.16,68.08,1.18
"A9045","https://nci-naaccr-zone-design.github.io/louisiana-2020/?address=A9045","Both","AllSite","10yrs","Orleans","New Orleans",439.701,417.716,461.686,135251,494.574,469.845,519.303,386933,545.03,517.778,572.281,58341,24.43,77.16,68.08,1.18
"A9045","https://nci-naaccr-zone-design.github.io/louisiana-2020/?address=A9045","Female","AllSite","10yrs","Orleans","New Orleans",433.72,412.034,455.406,69862,419.752,398.764,440.739,210790,423.838,402.647,445.03,58341,24.43,77.16,68.08,1.18
"A9045","https://nci-naaccr-zone-design.github.io/louisiana-2020/?address=A9045","Male","AllSite","10yrs","Orleans","New Orleans",534.146,507.439,560.853,65390,564.17,535.961,592.378,176143,569.687,541.202,598.171,58341,24.43,77.16,68.08,1.18
"A9045","https://nci-naaccr-zone-design.github.io/louisiana-2020/?address=A9045","Male","Prostate","10yrs","Orleans","New Orleans",126.391,120.072,132.711,65390,149.325,141.859,156.791,176143,144.377,137.158,151.596,58341,24.43,77.16,68.08,1.18
"A9045","https://nci-naaccr-zone-design.github.io/louisiana-2020/?address=A9045","Both","Lung","10yrs","Orleans","New Orleans",63.488,60.313,66.662,135251,62.086,58.982,65.191,386933,74.04,70.338,77.742,58341,24.43,77.16,68.08,1.18
"A9045","https://nci-naaccr-zone-design.github.io/louisiana-2020/?address=A9045","Female","Lung","10yrs","Orleans","New Orleans",51.836,49.245,54.428,69862,49.312,46.846,51.777,210790,50.504,47.979,53.029,58341,24.43,77.16,68.08,1.18
"A9045","https://nci-naaccr-zone-design.github.io/louisiana-2020/?address=A9045","Male","Lung","10yrs","Orleans","New Orleans",107.179,101.82,112.538,65390,53.47,50.797,56.144,176143,67.359,63.991,70.727,58341,24.43,77.16,68.08,1.18
"A9045","https://nci-naaccr-zone-design.github.io/louisiana-2020/?address=A9045","Female","Breast","10yrs","Orleans","New Orleans",139.155,132.198,146.113,69862,107.377,102.008,112.746,210790,111.089,105.535,116.644,58341,24.43,77.16,68.08,1.18
"A9045","https://nci-naaccr-zone-design.github.io/louisiana-2020/?address=A9045","Both","CRC","10yrs","Orleans","New Orleans",46.172,43.863,48.48,135251,56.993,54.143,59.842,386933,36.611,34.781,38.442,58341,24.43,77.16,68.08,1.18
"A9045","https://nci-naaccr-zone-design.github.io/louisiana-2020/?address=A9045","Female","CRC","10yrs","Orleans","New Orleans",53.513,50.838,56.189,69862,33.157,31.499,34.815,210790,43.265,41.102,45.428,58341,24.43,77.16,68.08,1.18
"A9045","https://nci-naaccr-zone-design.github.io/louisiana-2020/?address=A9045","Male","CRC","10yrs","Orleans","New Orleans",74.6,70.87,78.33,65390,73.115,69.459,76.77,176143,59.409,56.439,62.38,58341,24.43,77.16,68.08,1.18
"A9045","https://nci-naaccr-zone-design.github.io/louisiana-2020/?address=A9045","Both","Kidney","10yrs","Orleans","New Orleans",22.944,21.796,24.091,135251,23.843,22.651,25.036,386933,21.587,20.508,22.667,58341,24.43,77.16,68.08,1.18
"A9045","https://nci-naaccr-zone-design.github.io/louisiana-2020/?address=A9045","Female","Kidney","10yrs","Orleans","New Orleans",20.1,19.095,21.105,69862,19.951,18.953,20.948,210790,21.378,20.309,22.447,58341,24.43,77.16,68.08,1.18
"A9045","https://nci-naaccr-zone-design.github.io/louisiana-2020/?address=A9045","Male","Kidney","10yrs","Orleans","New Orleans",22.198,21.089,23.308,65390,26.18,24.871,27.489,176143,32.644,31.012,34.277,58341,24.43,77.16,68.08,1.18
"A9045","https://nci-naaccr-zone-design.github.io/louisiana-2020/?address=A9045","Both","NHL","10yrs","Orleans","New Orleans",18.873,17.93,19.817,135251,19.058,18.105,20.011,386933,19.651,18.669,20.634,58341,24.43,77.16,68.08,1.18
"A9045","https://nci-naaccr-zone-design.github.io/louisiana-2020/?address=A9045","Female","NHL","10yrs","Orleans","New Orleans",13.026,12.375,13.677,69862,19.504,18.529,20.479,210790,10.401,9.881,10.921,58341,24.43,77.16,68.08,1.18
"A9045","https://nci-naaccr-zone-design.github.io/louisiana-2020/?address=A9045","Male","NHL","10yrs","Orleans","New Orleans",24.88,23.636,26.124,65390,17.579,16.7,18.458,176143,28.876,27.432,30.32,58341,24.43,77.16,68.08,1.18
"A9045","https://nci-naaccr-zone-design.github.io/louisiana-2020/?address=A9045","Both","Urinary","10yrs","Orleans","New Orleans",25.768,24.48,27.057,135251,19.191,18.232,20.151,386933,16.831,15.99,17.673,58341,24.43,77.16,68.08,1.18
"A9045","https://nci-naaccr-zone-design.github.io/louisiana-2020/?address=A9045","Female","Urinary","10yrs","Orleans","New Orleans",6.968,6.619,7.316,69862,3.808,3.618,3.999,210790,9.392,8.923,9.862,58341,24.43,77.16,68.08,1.18
"A9045","https://nci-naaccr-zone-design.github.io/louisiana-2020/?address=A9045","Male","Urinary","10yrs","Orleans","New Orleans",42.691,40.557,44.826,65390,39.307,37.341,41.272,176143,19.671,18.687,20.654,58341,24.43,77.16,68.08,1.18
"A9045","https://nci-naaccr-zone-design.github.io/louisiana-2020/?address=A9045","Both","Mela","10yrs","Orleans","New Orleans",28.705,27.269,30.14,135251,22.69,21.555,23.824,386933,22.876,21.732,24.019,58341,24.43,77.16,68.08,1.18
"A9045","https://nci-naaccr-zone-design.github.io/louisiana-2020/?address=A9045","Female","Mela","10yrs","Orleans","New Orleans",6.643,6.311,6.975,69862,11.053,10.5,11.605,210790,23.453,22.28,24.626,58341,24.43,77.16,68.08,1.18
"A9045","https://nci-naaccr-zone-design.github.io/louisiana-2020/?address=A9045","Male","Mela","10yrs","Orleans","New Orleans",5.105,4.849,5.36,65390,14.282,13.567,14.996,176143,10.142,9.635,10.649,58341,24.43,77.16,68.08,1.18
"A9045","https://nci-naaccr-zone-design.github.io/louisiana-2020/?address=A9045","Both","Pancreas","10yrs","Orleans","New Orleans",9.84,9.348,10.332,135251,17.179,16.32,18.038,386933,11.838,11.246,12.43,58341,24.43,77.16,68.08,1.18
"A9045","https://nci-naaccr-zone-design.github.io/louisiana-2020/?address=A9045","Female","Pancreas","10yrs","Orleans","New Orleans",14.379,13.66,15.098,69862,14.628,13.897,15.36,210790,10.566,10.038,11.095,58341,24.43,77.16,68.08,1.18
"A9045","https://nci-naaccr-zone-design.github.io/louisiana-2020/?address=A9045","Male","Pancreas","10yrs","Orleans","New Orleans",11.523,10.947,12.099,65390,11.547,10.969,12.124,176143,13.333,12.666,13.999,58341,24.43,77.16,68.08,1.18
"A9045","https://nci-naaccr-zone-design.github.io/louisiana-2020/?address=A9045","Both","Leuks","10yrs","Orleans","New Orleans",9.004,8.554,9.454,135251,9.559,9.081,10.037,386933,12.62,11.989,13.251,58341,24.43,77.16,68.08,1.18
"A9045","https://nci-naaccr-zone-design.github.io/louisiana-2020/?address=A9045","Female","Leuks","10yrs","Orleans","New Orleans",8.889,8.444,9.333,69862,14.487,13.763,15.211,210790,10.921,10.375,11.467,58341,24.43,77.16,68.08,1.18
"A9045","https://nci-naaccr-zone-design.github.io/louisiana-2020/?address=A9045","Male","Leuks","10yrs","Orleans","New Orleans",12.164,11.556,12.772,65390,8.938,8.491,9.385,176143,17.996,17.096,18.896,58341,24.43,77.16,68.08,1.18
"A9045","https://nci-naaccr-zone-design.github.io/louisiana-2020/?address=A9045","Both","Oral","10yrs","Orleans","New Orleans",9.311,8.845,9.776,135251,12.601,11.971,13.231,386933,16.185,15.376,16.994,58341,24.43,77.16,68.08,1.18
"A9045","https://nci-naaccr-zone-design.github.io/louisiana-2020/?address=A9045","Female","Oral","10yrs","Orleans","New Orleans",4.636,4.404,4.867,69862,6.856,6.514,7.199,210790,5.515,5.239,5.791,58341,24.43,77.16,68.08,1.18
"A9045","https://nci-naaccr-zone-design.github.io/louisiana-2020/?address=A9045","Male","Oral","10yrs","Orleans","New Orleans",10.254,9.741,10.766,65390,12.329,11.713,12.946,176143,24.076,22.873,25.28,58341,24.43,77.16,68.08,1.18
"A9045","https://nci-naaccr-zone-design.github.io/louisiana-2020/?address=A9045","Both","Thyroid","10yrs","Orleans","New Orleans",14.268,13.554,14.981,135251,14.12,13.414,14.826,386933,17.558,16.68,18.435,58341,24.43,77.16,68.08,1.18
"A9045","https://nci-naaccr-zone-design.github.io/louisiana-2020/?address=A9045","Female","Thyroid","10yrs","Orleans","New Orleans",11.671,11.088,12.255,69862,10.269,9.756,10.783,210790,18.611,17.68,19.541,58341,24.43,77.16,68.08,1.18
"A9045","https://nci-naaccr-zone-design.github.io/louisiana-2020/?address=A9045","Male","Thyroid","10yrs","Orleans","New Orleans",4.608,4.377,4.838,65390,8.42,7.999,8.841,176143,3.814,3.623,4.005,58341,24.43,77.16,68.08,1.18
"A9045","https://nci-naaccr-zone-design.github.io/louisiana-2020/?address=A9045","Female","Uterine","10yrs","Orleans","New Orleans",15.245,14.483,16.007,69862,16.329,15.513,17.146,210790,18.683,17.749,19.618,58341,24.43,77.16,68.08,1.18
"A9045","https://nci-naaccr-zone-design.github.io/louisiana-2020/?address=A9045","Both","Liver","10yrs","Orleans","New Orleans",5.333,5.067,5.6,135251,8.256,7.843,8.669,386933,12.468,11.844,13.091,58341,24.43,77.16,68.08,1.18
"A9045","https://nci-naaccr-zone-design.github.io/louisiana-2020/?address=A9045","Female","Liver","10yrs","Orleans","New Orleans",6.679,6.345,7.013,69862,5.409,5.139,5.68,210790,1.557,1.479,1.635,58341,24.43,77.16,68.08,1.18
"A9045","https://nci-naaccr-zone-design.github.io/louisiana-2020/?address=A9045","Male","Liver","10yrs","Orleans","New Orleans",13.526,12.849,14.202,65390,22.102,20.997,23.207,176143,17.554,16.676,18.432,58341,24.43,77.16,68.08,1.18
"A9045","https://nci-naaccr-zone-design.github.io/louisiana-2020/?address=A9045","Both","Stomach","10yrs","Orleans","New Orleans",10.103,9.598,10.608,135251,9.942,9.445,10.439,386933,5.371,5.102,5.639,58341,24.43,77.16,68.08,1.18
"A9045","https://nci-naaccr-zone-design.github.io/louisiana-2020/?address=A9045","Female","Stomach","10yrs","Orleans","New Orleans",3.34,3.173,3.507,69862,6.339,6.022,6.656,210790,5.841,5.549,6.133,58341,24.43,77.16,68.08,1.18
"A9045","https://nci-naaccr-zone-design.github.io/louisiana-2020/?address=A9045","Male","Stomach","10yrs","Orleans","New Orleans",5.853,5.56,6.145,65390,10.944,10.397,11.491,176143,11.563,10.985,12.141,58341,24.43,77.16,68.08,1.18
"A9045","https://nci-naaccr-zone-design.github.io/louisiana-2020/?address=A9045","Both","Myeloma","10yrs","Orleans","New Orleans",13.954,13.256,14.651,135251,14.007,13.307,14.707,386933,9.645,9.163,10.127,58341,24.43,77.16,68.08,1.18
"A9045","https://nci-naaccr-zone-design.github.io/louisiana-2020/?address=A9045","Female","Myeloma","10yrs","Orleans","New Orleans",5.536,5.259,5.813,69862,8.566,8.137,8.994,210790,7.68,7.296,8.064,58341,24.43,77.16,68.08,1.18
"A9045","https://nci-naaccr-zone-design.github.io/louisiana-2020/?address=A9045","Male","Myeloma","10yrs","Orleans","New Orleans",16.485,15.661,17.309,65390,7.471,7.097,7.844,176143,8.002,7.602,8.402,58341,24.43,77.16,68.08,1.18
"A9045","https://nci-naaccr-zone-design.github.io/louisiana-2020/?address=A9045","Both","Brain","10yrs","Orleans","New Orleans",4.432,4.21,4.653,135251,8.429,8.007,8.85,386933,4.682,4.448,4.916,58341,24.43,77.16,68.08,1.18
"A9045","https://nci-naaccr-zone-design.github.io/louisiana-2020/?address=A9045","Female","Brain","10yrs","Orleans","New Orleans",3.338,3.171,3.504,69862,5.972,5.673,6.27,210790,3.192,3.032,3.351,58341,24.43,77.16,68.08,1.18
"A9045","https://nci-naaccr-zone-design.github.io/louisiana-2020/?address=A9045","Male","Brain","10yrs","Orleans","New Orleans",5.322,5.056,5.588,65390,7.633,7.251,8.014,176143,7.968,7.57,8.366,58341,24.43,77.16,68.08,1.18
"A9045","https://nci-naaccr-zone-design.github.io/louisiana-2020/?address=A9045","Both","Larynx","10yrs","Orleans","New Orleans",9.052,8.599,9.504,135251,7.362,6.994,7.73,386933,4.938,4.691,5.185,58341,24.43,77.16,68.08,1.18
"A9045","https://nci-naaccr-zone-design.github.io/louisiana-2020/?address=A9045","Female","Larynx","10yrs","Orleans","New Orleans",3.692,3.508,3.877,69862,"","","",210790,3.921,3.725,4.117,58341,24.43,77.16,68.08,1.18
"A9045","https://nci-naaccr-zone-design.github.io/louisiana-2020/?address=A9045","Male","Larynx","10yrs","Orleans","New Orleans",10.66,10.127,11.193,65390,6.96,6.612,7.308,176143,6.196,5.887,6.506,58341,24.43,77.16,68.08,1.18
"A9045","https://nci-naaccr-zone-design.github.io/louisiana-2020/?address=A9045","Female","Ovary","10yrs","Orleans","New Orleans",9.505,9.03,9.98,69862,7.553,7.175,7.93,210790,8.286,7.872,8.701,58341,24.43,77.16,68.08,1.18
"A9045","https://nci-naaccr-zone-design.github.io/louisiana-2020/?address=A9045","Both","Esoph","10yrs","Orleans","New Orleans",3.368,3.199,3.536,135251,4.533,4.307,4.76,386933,7.984,7.585,8.384,58341,24.43,77.16,68.08,1.18
"A9045","https://nci-naaccr-zone-design.github.io/louisiana-2020/?address=A9045","Female","Esoph","10yrs","Orleans","New Orleans",3.711,3.526,3.897,69862,3.732,3.545,3.918,210790,3.438,3.266,3.61,58341,24.43,77.16,68.08,1.18
"A9045","https://nci-naaccr-zone-design.github.io/louisiana-2020/?address=A9045","Male","Esoph","10yrs","Orleans","New Orleans",6.067,5.764,6.371,65390,8.223,7.812,8.635,176143,10.888,10.344,11.433,58341,24.43,77.16,68.08,1.18
