"Zone","URL","Sex","Cancer","Years","Counties","Places","AAIR","LCI","UCI","White_PopTot","White_AAIR","White_LCI","White_UCI","Black_PopTot","Black_AAIR","Black_LCI","Black_UCI","TotalPop","Pct100Pov","PctMinority","PctBlackNH","PctRural"
"A9022","https://nci-naaccr-zone-design.github.io/louisiana-2020/?address=A9022","Both","AllSite","05yrs","East Baton Rouge","Central, Baker, Baton Rouge, Zachary",491.279,466.715,515.843,127324,521.359,495.291,547.427,186212,503.914,478.718,529.109,63664,20.48,60.55,57.73,31.52
"A9022","https://nci-naaccr-zone-design.github.io/louisiana-2020/?address=A9022","Female","AllSite","05yrs","East Baton Rouge","Central, Baker, Baton Rouge, Zachary",373.325,354.659,391.991,64080,371.778,353.189,390.367,96529,357.418,339.547,375.289,63664,20.48,60.55,57.73,31.52
"A9022","https://nci-naaccr-zone-design.github.io/louisiana-2020/?address=A9022","Male","AllSite","05yrs","East Baton Rouge","Central, Baker, Baton Rouge, Zachary",611.955,581.357,642.553,63244,565.038,536.786,593.29,89683,668.812,635.371,702.253,63664,20.48,60.55,57.73,31.52
"A9022","https://nci-naaccr-zone-design.github.io/louisiana-2020/?address=A9022","Male","Prostate","05yrs","East Baton Rouge","Central, Baker, Baton Rouge, Zachary",187.467,178.094,196.84,63244,192.943,183.295,202.59,89683,170.723,162.187,179.259,63664,20.48,60.55,57.73,31.52
"A9022","https://nci-naaccr-zone-design.github.io/louisiana-2020/?address=A9022","Both","Lung","05yrs","East Baton Rouge","Central, Baker, Baton Rouge, Zachary",59.438,56.466,62.41,127324,46.911,44.566,49.257,186212,61.303,58.238,64.368,63664,20.48,60.55,57.73,31.52
"A9022","https://nci-naaccr-zone-design.github.io/louisiana-2020/?address=A9022","Female","Lung","05yrs","East Baton Rouge","Central, Baker, Baton Rouge, Zachary",65.732,62.445,69.019,64080,68.798,65.358,72.238,96529,67.183,63.824,70.542,63664,20.48,60.55,57.73,31.52
"A9022","https://nci-naaccr-zone-design.github.io/louisiana-2020/?address=A9022","Male","Lung","05yrs","East Baton Rouge","Central, Baker, Baton Rouge, Zachary",57.988,55.089,60.888,63244,69.815,66.324,73.305,89683,99.281,94.317,104.245,63664,20.48,60.55,57.73,31.52
"A9022","https://nci-naaccr-zone-design.github.io/louisiana-2020/?address=A9022","Female","Breast","05yrs","East Baton Rouge","Central, Baker, Baton Rouge, Zachary",120.87,114.826,126.913,64080,98.824,93.883,103.765,96529,97.071,92.217,101.924,63664,20.48,60.55,57.73,31.52
"A9022","https://nci-naaccr-zone-design.github.io/louisiana-2020/?address=A9022","Both","CRC","05yrs","East Baton Rouge","Central, Baker, Baton Rouge, Zachary",39.625,37.644,41.607,127324,60.979,57.93,64.028,186212,39.41,37.44,41.381,63664,20.48,60.55,57.73,31.52
"A9022","https://nci-naaccr-zone-design.github.io/louisiana-2020/?address=A9022","Female","CRC","05yrs","East Baton Rouge","Central, Baker, Baton Rouge, Zachary",48.415,45.994,50.835,64080,46.679,44.345,49.013,96529,40.035,38.033,42.037,63664,20.48,60.55,57.73,31.52
"A9022","https://nci-naaccr-zone-design.github.io/louisiana-2020/?address=A9022","Male","CRC","05yrs","East Baton Rouge","Central, Baker, Baton Rouge, Zachary",47.568,45.19,49.947,63244,65.941,62.644,69.238,89683,57.907,55.012,60.803,63664,20.48,60.55,57.73,31.52
"A9022","https://nci-naaccr-zone-design.github.io/louisiana-2020/?address=A9022","Both","Kidney","05yrs","East Baton Rouge","Central, Baker, Baton Rouge, Zachary",17.06,16.207,17.913,127324,26.202,24.892,27.512,186212,24.769,23.531,26.007,63664,20.48,60.55,57.73,31.52
"A9022","https://nci-naaccr-zone-design.github.io/louisiana-2020/?address=A9022","Female","Kidney","05yrs","East Baton Rouge","Central, Baker, Baton Rouge, Zachary",19.531,18.554,20.507,64080,12.456,11.833,13.078,96529,14.709,13.973,15.444,63664,20.48,60.55,57.73,31.52
"A9022","https://nci-naaccr-zone-design.github.io/louisiana-2020/?address=A9022","Male","Kidney","05yrs","East Baton Rouge","Central, Baker, Baton Rouge, Zachary",35.755,33.967,37.543,63244,35.433,33.662,37.205,89683,24.186,22.977,25.396,63664,20.48,60.55,57.73,31.52
"A9022","https://nci-naaccr-zone-design.github.io/louisiana-2020/?address=A9022","Both","NHL","05yrs","East Baton Rouge","Central, Baker, Baton Rouge, Zachary",21.272,20.209,22.336,127324,20.742,19.704,21.779,186212,23.873,22.679,25.067,63664,20.48,60.55,57.73,31.52
"A9022","https://nci-naaccr-zone-design.github.io/louisiana-2020/?address=A9022","Female","NHL","05yrs","East Baton Rouge","Central, Baker, Baton Rouge, Zachary",17.113,16.257,17.968,64080,11.278,10.714,11.842,96529,9.739,9.252,10.226,63664,20.48,60.55,57.73,31.52
"A9022","https://nci-naaccr-zone-design.github.io/louisiana-2020/?address=A9022","Male","NHL","05yrs","East Baton Rouge","Central, Baker, Baton Rouge, Zachary",27.224,25.863,28.586,63244,15.955,15.157,16.753,89683,31.371,29.802,32.939,63664,20.48,60.55,57.73,31.52
"A9022","https://nci-naaccr-zone-design.github.io/louisiana-2020/?address=A9022","Both","Urinary","05yrs","East Baton Rouge","Central, Baker, Baton Rouge, Zachary",16.672,15.838,17.505,127324,23.491,22.316,24.665,186212,16.591,15.762,17.421,63664,20.48,60.55,57.73,31.52
"A9022","https://nci-naaccr-zone-design.github.io/louisiana-2020/?address=A9022","Female","Urinary","05yrs","East Baton Rouge","Central, Baker, Baton Rouge, Zachary",9.322,8.856,9.788,64080,13.407,12.737,14.077,96529,12.773,12.134,13.412,63664,20.48,60.55,57.73,31.52
"A9022","https://nci-naaccr-zone-design.github.io/louisiana-2020/?address=A9022","Male","Urinary","05yrs","East Baton Rouge","Central, Baker, Baton Rouge, Zachary",42.722,40.586,44.858,63244,45.66,43.377,47.942,89683,40.572,38.544,42.601,63664,20.48,60.55,57.73,31.52
"A9022","https://nci-naaccr-zone-design.github.io/louisiana-2020/?address=A9022","Both","Mela","05yrs","East Baton Rouge","Central, Baker, Baton Rouge, Zachary",26.205,24.895,27.515,127324,21.104,20.049,22.159,186212,23.785,22.596,24.974,63664,20.48,60.55,57.73,31.52
"A9022","https://nci-naaccr-zone-design.github.io/louisiana-2020/?address=A9022","Female","Mela","05yrs","East Baton Rouge","Central, Baker, Baton Rouge, Zachary",8.364,7.946,8.782,64080,21.579,20.5,22.658,96529,22.183,21.073,23.292,63664,20.48,60.55,57.73,31.52
"A9022","https://nci-naaccr-zone-design.github.io/louisiana-2020/?address=A9022","Male","Mela","05yrs","East Baton Rouge","Central, Baker, Baton Rouge, Zachary",21.336,20.269,22.403,63244,13.449,12.777,14.122,89683,27.292,25.928,28.657,63664,20.48,60.55,57.73,31.52
"A9022","https://nci-naaccr-zone-design.github.io/louisiana-2020/?address=A9022","Both","Pancreas","05yrs","East Baton Rouge","Central, Baker, Baton Rouge, Zachary",15.887,15.092,16.681,127324,18.254,17.341,19.166,186212,13.626,12.944,14.307,63664,20.48,60.55,57.73,31.52
"A9022","https://nci-naaccr-zone-design.github.io/louisiana-2020/?address=A9022","Female","Pancreas","05yrs","East Baton Rouge","Central, Baker, Baton Rouge, Zachary",11.273,10.709,11.837,64080,10.808,10.267,11.348,96529,13.333,12.666,13.999,63664,20.48,60.55,57.73,31.52
"A9022","https://nci-naaccr-zone-design.github.io/louisiana-2020/?address=A9022","Male","Pancreas","05yrs","East Baton Rouge","Central, Baker, Baton Rouge, Zachary",20.343,19.326,21.361,63244,10.725,10.189,11.261,89683,13.67,12.987,14.354,63664,20.48,60.55,57.73,31.52
"A9022","https://nci-naaccr-zone-design.github.io/louisiana-2020/?address=A9022","Both","Leuks","05yrs","East Baton Rouge","Central, Baker, Baton Rouge, Zachary",14.34,13.623,15.057,127324,10.197,9.687,10.707,186212,15.147,14.389,15.904,63664,20.48,60.55,57.73,31.52
"A9022","https://nci-naaccr-zone-design.github.io/louisiana-2020/?address=A9022","Female","Leuks","05yrs","East Baton Rouge","Central, Baker, Baton Rouge, Zachary",11.493,10.918,12.068,64080,14.546,13.819,15.274,96529,11.53,10.954,12.107,63664,20.48,60.55,57.73,31.52
"A9022","https://nci-naaccr-zone-design.github.io/louisiana-2020/?address=A9022","Male","Leuks","05yrs","East Baton Rouge","Central, Baker, Baton Rouge, Zachary",14.242,13.53,14.954,63244,11.944,11.346,12.541,89683,24.6,23.37,25.83,63664,20.48,60.55,57.73,31.52
"A9022","https://nci-naaccr-zone-design.github.io/louisiana-2020/?address=A9022","Both","Oral","05yrs","East Baton Rouge","Central, Baker, Baton Rouge, Zachary",8.154,7.747,8.562,127324,9.882,9.388,10.376,186212,7.073,6.72,7.427,63664,20.48,60.55,57.73,31.52
"A9022","https://nci-naaccr-zone-design.github.io/louisiana-2020/?address=A9022","Female","Oral","05yrs","East Baton Rouge","Central, Baker, Baton Rouge, Zachary",3.742,3.555,3.929,64080,4.848,4.606,5.091,96529,6.281,5.967,6.595,63664,20.48,60.55,57.73,31.52
"A9022","https://nci-naaccr-zone-design.github.io/louisiana-2020/?address=A9022","Male","Oral","05yrs","East Baton Rouge","Central, Baker, Baton Rouge, Zachary",17.849,16.957,18.741,63244,28.145,26.738,29.552,89683,18.75,17.812,19.687,63664,20.48,60.55,57.73,31.52
"A9022","https://nci-naaccr-zone-design.github.io/louisiana-2020/?address=A9022","Both","Thyroid","05yrs","East Baton Rouge","Central, Baker, Baton Rouge, Zachary",17.53,16.653,18.406,127324,16.342,15.525,17.159,186212,10.034,9.532,10.535,63664,20.48,60.55,57.73,31.52
"A9022","https://nci-naaccr-zone-design.github.io/louisiana-2020/?address=A9022","Female","Thyroid","05yrs","East Baton Rouge","Central, Baker, Baton Rouge, Zachary",14.937,14.19,15.684,64080,13.18,12.521,13.839,96529,17.056,16.203,17.908,63664,20.48,60.55,57.73,31.52
"A9022","https://nci-naaccr-zone-design.github.io/louisiana-2020/?address=A9022","Male","Thyroid","05yrs","East Baton Rouge","Central, Baker, Baton Rouge, Zachary",3.845,3.653,4.037,63244,"","","",89683,9.499,9.024,9.974,63664,20.48,60.55,57.73,31.52
"A9022","https://nci-naaccr-zone-design.github.io/louisiana-2020/?address=A9022","Female","Uterine","05yrs","East Baton Rouge","Central, Baker, Baton Rouge, Zachary",17.484,16.61,18.359,64080,18.303,17.388,19.218,96529,12.85,12.207,13.492,63664,20.48,60.55,57.73,31.52
"A9022","https://nci-naaccr-zone-design.github.io/louisiana-2020/?address=A9022","Both","Liver","05yrs","East Baton Rouge","Central, Baker, Baton Rouge, Zachary",10.994,10.445,11.544,127324,6.348,6.03,6.665,186212,8.008,7.607,8.408,63664,20.48,60.55,57.73,31.52
"A9022","https://nci-naaccr-zone-design.github.io/louisiana-2020/?address=A9022","Female","Liver","05yrs","East Baton Rouge","Central, Baker, Baton Rouge, Zachary",5.748,5.461,6.036,64080,7.601,7.221,7.981,96529,4.058,3.855,4.261,63664,20.48,60.55,57.73,31.52
"A9022","https://nci-naaccr-zone-design.github.io/louisiana-2020/?address=A9022","Male","Liver","05yrs","East Baton Rouge","Central, Baker, Baton Rouge, Zachary",20.943,19.896,21.99,63244,17.454,16.581,18.326,89683,22.862,21.719,24.005,63664,20.48,60.55,57.73,31.52
"A9022","https://nci-naaccr-zone-design.github.io/louisiana-2020/?address=A9022","Both","Stomach","05yrs","East Baton Rouge","Central, Baker, Baton Rouge, Zachary",5.174,4.916,5.433,127324,7.138,6.781,7.495,186212,7.068,6.715,7.421,63664,20.48,60.55,57.73,31.52
"A9022","https://nci-naaccr-zone-design.github.io/louisiana-2020/?address=A9022","Female","Stomach","05yrs","East Baton Rouge","Central, Baker, Baton Rouge, Zachary",6.406,6.086,6.726,64080,5.763,5.475,6.052,96529,6.251,5.938,6.563,63664,20.48,60.55,57.73,31.52
"A9022","https://nci-naaccr-zone-design.github.io/louisiana-2020/?address=A9022","Male","Stomach","05yrs","East Baton Rouge","Central, Baker, Baton Rouge, Zachary",12.48,11.856,13.105,63244,7.448,7.076,7.821,89683,14.852,14.109,15.594,63664,20.48,60.55,57.73,31.52
"A9022","https://nci-naaccr-zone-design.github.io/louisiana-2020/?address=A9022","Both","Myeloma","05yrs","East Baton Rouge","Central, Baker, Baton Rouge, Zachary",5.381,5.112,5.651,127324,10.503,9.978,11.028,186212,4.806,4.566,5.046,63664,20.48,60.55,57.73,31.52
"A9022","https://nci-naaccr-zone-design.github.io/louisiana-2020/?address=A9022","Female","Myeloma","05yrs","East Baton Rouge","Central, Baker, Baton Rouge, Zachary",9.295,8.83,9.76,64080,7.085,6.73,7.439,96529,8.581,8.152,9.01,63664,20.48,60.55,57.73,31.52
"A9022","https://nci-naaccr-zone-design.github.io/louisiana-2020/?address=A9022","Male","Myeloma","05yrs","East Baton Rouge","Central, Baker, Baton Rouge, Zachary",16.186,15.376,16.995,63244,17.095,16.24,17.95,89683,7.87,7.477,8.264,63664,20.48,60.55,57.73,31.52
"A9022","https://nci-naaccr-zone-design.github.io/louisiana-2020/?address=A9022","Both","Brain","05yrs","East Baton Rouge","Central, Baker, Baton Rouge, Zachary",7.57,7.191,7.948,127324,4.979,4.73,5.228,186212,5.893,5.599,6.188,63664,20.48,60.55,57.73,31.52
"A9022","https://nci-naaccr-zone-design.github.io/louisiana-2020/?address=A9022","Female","Brain","05yrs","East Baton Rouge","Central, Baker, Baton Rouge, Zachary",7.025,6.673,7.376,64080,"","","",96529,7.691,7.306,8.075,63664,20.48,60.55,57.73,31.52
"A9022","https://nci-naaccr-zone-design.github.io/louisiana-2020/?address=A9022","Male","Brain","05yrs","East Baton Rouge","Central, Baker, Baton Rouge, Zachary",5.391,5.121,5.66,63244,5.527,5.25,5.803,89683,10.084,9.579,10.588,63664,20.48,60.55,57.73,31.52
"A9022","https://nci-naaccr-zone-design.github.io/louisiana-2020/?address=A9022","Both","Larynx","05yrs","East Baton Rouge","Central, Baker, Baton Rouge, Zachary",8.075,7.671,8.478,127324,5.118,4.862,5.374,186212,8.375,7.956,8.793,63664,20.48,60.55,57.73,31.52
"A9022","https://nci-naaccr-zone-design.github.io/louisiana-2020/?address=A9022","Female","Larynx","05yrs","East Baton Rouge","Central, Baker, Baton Rouge, Zachary","","","",64080,"","","",96529,3.881,3.687,4.075,63664,20.48,60.55,57.73,31.52
"A9022","https://nci-naaccr-zone-design.github.io/louisiana-2020/?address=A9022","Male","Larynx","05yrs","East Baton Rouge","Central, Baker, Baton Rouge, Zachary",12.205,11.594,12.815,63244,"","","",89683,15.453,14.68,16.226,63664,20.48,60.55,57.73,31.52
"A9022","https://nci-naaccr-zone-design.github.io/louisiana-2020/?address=A9022","Female","Ovary","05yrs","East Baton Rouge","Central, Baker, Baton Rouge, Zachary",12.753,12.115,13.39,64080,5.368,5.099,5.636,96529,10.023,9.522,10.524,63664,20.48,60.55,57.73,31.52
"A9022","https://nci-naaccr-zone-design.github.io/louisiana-2020/?address=A9022","Both","Esoph","05yrs","East Baton Rouge","Central, Baker, Baton Rouge, Zachary",6.53,6.203,6.856,127324,6.405,6.085,6.726,186212,7.77,7.381,8.158,63664,20.48,60.55,57.73,31.52
"A9022","https://nci-naaccr-zone-design.github.io/louisiana-2020/?address=A9022","Female","Esoph","05yrs","East Baton Rouge","Central, Baker, Baton Rouge, Zachary",3.014,2.863,3.164,64080,"","","",96529,"","","",63664,20.48,60.55,57.73,31.52
"A9022","https://nci-naaccr-zone-design.github.io/louisiana-2020/?address=A9022","Male","Esoph","05yrs","East Baton Rouge","Central, Baker, Baton Rouge, Zachary",11.295,10.731,11.86,63244,10.606,10.076,11.137,89683,7.864,7.47,8.257,63664,20.48,60.55,57.73,31.52
"A9022","https://nci-naaccr-zone-design.github.io/louisiana-2020/?address=A9022","Both","AllSite","10yrs","East Baton Rouge","Central, Baker, Baton Rouge, Zachary",507.118,481.762,532.474,254072,458.447,435.525,481.369,368673,541.777,514.688,568.866,63664,20.48,60.55,57.73,31.52
"A9022","https://nci-naaccr-zone-design.github.io/louisiana-2020/?address=A9022","Female","AllSite","10yrs","East Baton Rouge","Central, Baker, Baton Rouge, Zachary",429.905,408.41,451.401,128032,395.122,375.366,414.878,190927,392.428,372.806,412.049,63664,20.48,60.55,57.73,31.52
"A9022","https://nci-naaccr-zone-design.github.io/louisiana-2020/?address=A9022","Male","AllSite","10yrs","East Baton Rouge","Central, Baker, Baton Rouge, Zachary",673.118,639.462,706.774,126041,636.209,604.399,668.02,177746,666.723,633.387,700.06,63664,20.48,60.55,57.73,31.52
"A9022","https://nci-naaccr-zone-design.github.io/louisiana-2020/?address=A9022","Male","Prostate","10yrs","East Baton Rouge","Central, Baker, Baton Rouge, Zachary",167.528,159.152,175.905,126041,190.233,180.721,199.745,177746,136.106,129.301,142.911,63664,20.48,60.55,57.73,31.52
"A9022","https://nci-naaccr-zone-design.github.io/louisiana-2020/?address=A9022","Both","Lung","10yrs","East Baton Rouge","Central, Baker, Baton Rouge, Zachary",61.9,58.805,64.995,254072,63.498,60.323,66.673,368673,44.928,42.681,47.174,63664,20.48,60.55,57.73,31.52
"A9022","https://nci-naaccr-zone-design.github.io/louisiana-2020/?address=A9022","Female","Lung","10yrs","East Baton Rouge","Central, Baker, Baton Rouge, Zachary",65.821,62.53,69.112,128032,49.448,46.975,51.92,190927,56.334,53.517,59.15,63664,20.48,60.55,57.73,31.52
"A9022","https://nci-naaccr-zone-design.github.io/louisiana-2020/?address=A9022","Male","Lung","10yrs","East Baton Rouge","Central, Baker, Baton Rouge, Zachary",78.036,74.134,81.938,126041,100.749,95.711,105.786,177746,72.084,68.479,75.688,63664,20.48,60.55,57.73,31.52
"A9022","https://nci-naaccr-zone-design.github.io/louisiana-2020/?address=A9022","Female","Breast","10yrs","East Baton Rouge","Central, Baker, Baton Rouge, Zachary",128.0,121.6,134.4,128032,127.183,120.824,133.542,190927,109.419,103.948,114.89,63664,20.48,60.55,57.73,31.52
"A9022","https://nci-naaccr-zone-design.github.io/louisiana-2020/?address=A9022","Both","CRC","10yrs","East Baton Rouge","Central, Baker, Baton Rouge, Zachary",48.008,45.608,50.409,254072,45.071,42.817,47.324,368673,51.588,49.008,54.167,63664,20.48,60.55,57.73,31.52
"A9022","https://nci-naaccr-zone-design.github.io/louisiana-2020/?address=A9022","Female","CRC","10yrs","East Baton Rouge","Central, Baker, Baton Rouge, Zachary",38.812,36.871,40.752,128032,42.346,40.229,44.464,190927,30.495,28.97,32.019,63664,20.48,60.55,57.73,31.52
"A9022","https://nci-naaccr-zone-design.github.io/louisiana-2020/?address=A9022","Male","CRC","10yrs","East Baton Rouge","Central, Baker, Baton Rouge, Zachary",52.482,49.858,55.106,126041,72.867,69.224,76.511,177746,55.99,53.191,58.79,63664,20.48,60.55,57.73,31.52
"A9022","https://nci-naaccr-zone-design.github.io/louisiana-2020/?address=A9022","Both","Kidney","10yrs","East Baton Rouge","Central, Baker, Baton Rouge, Zachary",17.797,16.907,18.687,254072,22.118,21.012,23.223,368673,21.191,20.131,22.25,63664,20.48,60.55,57.73,31.52
"A9022","https://nci-naaccr-zone-design.github.io/louisiana-2020/?address=A9022","Female","Kidney","10yrs","East Baton Rouge","Central, Baker, Baton Rouge, Zachary",9.521,9.045,9.997,128032,19.458,18.485,20.43,190927,13.002,12.352,13.652,63664,20.48,60.55,57.73,31.52
"A9022","https://nci-naaccr-zone-design.github.io/louisiana-2020/?address=A9022","Male","Kidney","10yrs","East Baton Rouge","Central, Baker, Baton Rouge, Zachary",31.024,29.473,32.575,126041,29.978,28.479,31.476,177746,28.791,27.351,30.23,63664,20.48,60.55,57.73,31.52
"A9022","https://nci-naaccr-zone-design.github.io/louisiana-2020/?address=A9022","Both","NHL","10yrs","East Baton Rouge","Central, Baker, Baton Rouge, Zachary",17.925,17.028,18.821,254072,23.072,21.919,24.226,368673,23.941,22.744,25.138,63664,20.48,60.55,57.73,31.52
"A9022","https://nci-naaccr-zone-design.github.io/louisiana-2020/?address=A9022","Female","NHL","10yrs","East Baton Rouge","Central, Baker, Baton Rouge, Zachary",14.555,13.827,15.282,128032,22.071,20.967,23.174,190927,14.367,13.649,15.086,63664,20.48,60.55,57.73,31.52
"A9022","https://nci-naaccr-zone-design.github.io/louisiana-2020/?address=A9022","Male","NHL","10yrs","East Baton Rouge","Central, Baker, Baton Rouge, Zachary",21.072,20.018,22.125,126041,21.325,20.258,22.391,177746,17.746,16.859,18.633,63664,20.48,60.55,57.73,31.52
"A9022","https://nci-naaccr-zone-design.github.io/louisiana-2020/?address=A9022","Both","Urinary","10yrs","East Baton Rouge","Central, Baker, Baton Rouge, Zachary",15.681,14.897,16.465,254072,13.612,12.931,14.292,368673,20.613,19.582,21.644,63664,20.48,60.55,57.73,31.52
"A9022","https://nci-naaccr-zone-design.github.io/louisiana-2020/?address=A9022","Female","Urinary","10yrs","East Baton Rouge","Central, Baker, Baton Rouge, Zachary",5.498,5.223,5.773,128032,11.465,10.892,12.039,190927,13.204,12.544,13.865,63664,20.48,60.55,57.73,31.52
"A9022","https://nci-naaccr-zone-design.github.io/louisiana-2020/?address=A9022","Male","Urinary","10yrs","East Baton Rouge","Central, Baker, Baton Rouge, Zachary",21.515,20.439,22.591,126041,34.455,32.732,36.177,177746,40.994,38.944,43.044,63664,20.48,60.55,57.73,31.52
"A9022","https://nci-naaccr-zone-design.github.io/louisiana-2020/?address=A9022","Both","Mela","10yrs","East Baton Rouge","Central, Baker, Baton Rouge, Zachary",14.5,13.775,15.225,254072,6.933,6.587,7.28,368673,17.746,16.859,18.633,63664,20.48,60.55,57.73,31.52
"A9022","https://nci-naaccr-zone-design.github.io/louisiana-2020/?address=A9022","Female","Mela","10yrs","East Baton Rouge","Central, Baker, Baton Rouge, Zachary",12.095,11.49,12.7,128032,13.093,12.438,13.747,190927,8.889,8.445,9.334,63664,20.48,60.55,57.73,31.52
"A9022","https://nci-naaccr-zone-design.github.io/louisiana-2020/?address=A9022","Male","Mela","10yrs","East Baton Rouge","Central, Baker, Baton Rouge, Zachary",15.63,14.849,16.412,126041,36.261,34.448,38.074,177746,15.333,14.566,16.1,63664,20.48,60.55,57.73,31.52
"A9022","https://nci-naaccr-zone-design.github.io/louisiana-2020/?address=A9022","Both","Pancreas","10yrs","East Baton Rouge","Central, Baker, Baton Rouge, Zachary",18.117,17.211,19.023,254072,10.538,10.011,11.065,368673,14.205,13.495,14.915,63664,20.48,60.55,57.73,31.52
"A9022","https://nci-naaccr-zone-design.github.io/louisiana-2020/?address=A9022","Female","Pancreas","10yrs","East Baton Rouge","Central, Baker, Baton Rouge, Zachary",12.075,11.472,12.679,128032,8.877,8.433,9.321,190927,10.04,9.538,10.542,63664,20.48,60.55,57.73,31.52
"A9022","https://nci-naaccr-zone-design.github.io/louisiana-2020/?address=A9022","Male","Pancreas","10yrs","East Baton Rouge","Central, Baker, Baton Rouge, Zachary",16.58,15.751,17.409,126041,11.943,11.346,12.54,177746,12.539,11.912,13.166,63664,20.48,60.55,57.73,31.52
"A9022","https://nci-naaccr-zone-design.github.io/louisiana-2020/?address=A9022","Both","Leuks","10yrs","East Baton Rouge","Central, Baker, Baton Rouge, Zachary",8.997,8.547,9.447,254072,14.063,13.36,14.766,368673,14.075,13.371,14.778,63664,20.48,60.55,57.73,31.52
"A9022","https://nci-naaccr-zone-design.github.io/louisiana-2020/?address=A9022","Female","Leuks","10yrs","East Baton Rouge","Central, Baker, Baton Rouge, Zachary",12.623,11.992,13.254,128032,10.309,9.794,10.825,190927,8.901,8.456,9.346,63664,20.48,60.55,57.73,31.52
"A9022","https://nci-naaccr-zone-design.github.io/louisiana-2020/?address=A9022","Male","Leuks","10yrs","East Baton Rouge","Central, Baker, Baton Rouge, Zachary",13.138,12.481,13.794,126041,25.541,24.264,26.818,177746,20.171,19.162,21.179,63664,20.48,60.55,57.73,31.52
"A9022","https://nci-naaccr-zone-design.github.io/louisiana-2020/?address=A9022","Both","Oral","10yrs","East Baton Rouge","Central, Baker, Baton Rouge, Zachary",13.068,12.414,13.721,254072,13.016,12.365,13.667,368673,12.246,11.634,12.858,63664,20.48,60.55,57.73,31.52
"A9022","https://nci-naaccr-zone-design.github.io/louisiana-2020/?address=A9022","Female","Oral","10yrs","East Baton Rouge","Central, Baker, Baton Rouge, Zachary",5.882,5.588,6.176,128032,4.346,4.129,4.564,190927,2.315,2.199,2.43,63664,20.48,60.55,57.73,31.52
"A9022","https://nci-naaccr-zone-design.github.io/louisiana-2020/?address=A9022","Male","Oral","10yrs","East Baton Rouge","Central, Baker, Baton Rouge, Zachary",10.977,10.428,11.526,126041,12.286,11.672,12.9,177746,26.668,25.335,28.002,63664,20.48,60.55,57.73,31.52
"A9022","https://nci-naaccr-zone-design.github.io/louisiana-2020/?address=A9022","Both","Thyroid","10yrs","East Baton Rouge","Central, Baker, Baton Rouge, Zachary",12.23,11.619,12.842,254072,17.181,16.322,18.04,368673,15.152,14.395,15.91,63664,20.48,60.55,57.73,31.52
"A9022","https://nci-naaccr-zone-design.github.io/louisiana-2020/?address=A9022","Female","Thyroid","10yrs","East Baton Rouge","Central, Baker, Baton Rouge, Zachary",16.13,15.323,16.936,128032,26.231,24.92,27.543,190927,19.581,18.602,20.56,63664,20.48,60.55,57.73,31.52
"A9022","https://nci-naaccr-zone-design.github.io/louisiana-2020/?address=A9022","Male","Thyroid","10yrs","East Baton Rouge","Central, Baker, Baton Rouge, Zachary",5.038,4.786,5.289,126041,5.459,5.186,5.732,177746,7.469,7.096,7.843,63664,20.48,60.55,57.73,31.52
"A9022","https://nci-naaccr-zone-design.github.io/louisiana-2020/?address=A9022","Female","Uterine","10yrs","East Baton Rouge","Central, Baker, Baton Rouge, Zachary",23.474,22.3,24.647,128032,16.068,15.264,16.871,190927,24.43,23.208,25.651,63664,20.48,60.55,57.73,31.52
"A9022","https://nci-naaccr-zone-design.github.io/louisiana-2020/?address=A9022","Both","Liver","10yrs","East Baton Rouge","Central, Baker, Baton Rouge, Zachary",14.017,13.316,14.718,254072,10.97,10.421,11.518,368673,13.922,13.226,14.618,63664,20.48,60.55,57.73,31.52
"A9022","https://nci-naaccr-zone-design.github.io/louisiana-2020/?address=A9022","Female","Liver","10yrs","East Baton Rouge","Central, Baker, Baton Rouge, Zachary",4.88,4.636,5.124,128032,1.523,1.447,1.599,190927,5.625,5.344,5.907,63664,20.48,60.55,57.73,31.52
"A9022","https://nci-naaccr-zone-design.github.io/louisiana-2020/?address=A9022","Male","Liver","10yrs","East Baton Rouge","Central, Baker, Baton Rouge, Zachary",10.931,10.385,11.478,126041,20.279,19.265,21.293,177746,22.238,21.126,23.349,63664,20.48,60.55,57.73,31.52
"A9022","https://nci-naaccr-zone-design.github.io/louisiana-2020/?address=A9022","Both","Stomach","10yrs","East Baton Rouge","Central, Baker, Baton Rouge, Zachary",4.916,4.67,5.162,254072,9.107,8.652,9.563,368673,7.726,7.34,8.113,63664,20.48,60.55,57.73,31.52
"A9022","https://nci-naaccr-zone-design.github.io/louisiana-2020/?address=A9022","Female","Stomach","10yrs","East Baton Rouge","Central, Baker, Baton Rouge, Zachary",8.98,8.531,9.429,128032,7.393,7.023,7.762,190927,9.474,9.0,9.948,63664,20.48,60.55,57.73,31.52
"A9022","https://nci-naaccr-zone-design.github.io/louisiana-2020/?address=A9022","Male","Stomach","10yrs","East Baton Rouge","Central, Baker, Baton Rouge, Zachary",5.139,4.882,5.396,126041,11.423,10.852,11.995,177746,11.395,10.825,11.965,63664,20.48,60.55,57.73,31.52
"A9022","https://nci-naaccr-zone-design.github.io/louisiana-2020/?address=A9022","Both","Myeloma","10yrs","East Baton Rouge","Central, Baker, Baton Rouge, Zachary",4.27,4.057,4.484,254072,7.308,6.942,7.673,368673,12.665,12.032,13.299,63664,20.48,60.55,57.73,31.52
"A9022","https://nci-naaccr-zone-design.github.io/louisiana-2020/?address=A9022","Female","Myeloma","10yrs","East Baton Rouge","Central, Baker, Baton Rouge, Zachary",7.824,7.433,8.215,128032,11.281,10.717,11.845,190927,10.654,10.121,11.187,63664,20.48,60.55,57.73,31.52
"A9022","https://nci-naaccr-zone-design.github.io/louisiana-2020/?address=A9022","Male","Myeloma","10yrs","East Baton Rouge","Central, Baker, Baton Rouge, Zachary",14.362,13.644,15.08,126041,12.818,12.177,13.458,177746,10.38,9.861,10.899,63664,20.48,60.55,57.73,31.52
"A9022","https://nci-naaccr-zone-design.github.io/louisiana-2020/?address=A9022","Both","Brain","10yrs","East Baton Rouge","Central, Baker, Baton Rouge, Zachary",3.607,3.427,3.787,254072,4.935,4.689,5.182,368673,4.383,4.164,4.602,63664,20.48,60.55,57.73,31.52
"A9022","https://nci-naaccr-zone-design.github.io/louisiana-2020/?address=A9022","Female","Brain","10yrs","East Baton Rouge","Central, Baker, Baton Rouge, Zachary",5.076,4.822,5.33,128032,7.78,7.391,8.169,190927,6.839,6.497,7.181,63664,20.48,60.55,57.73,31.52
"A9022","https://nci-naaccr-zone-design.github.io/louisiana-2020/?address=A9022","Male","Brain","10yrs","East Baton Rouge","Central, Baker, Baton Rouge, Zachary",4.159,3.951,4.367,126041,7.814,7.423,8.205,177746,4.252,4.039,4.464,63664,20.48,60.55,57.73,31.52
"A9022","https://nci-naaccr-zone-design.github.io/louisiana-2020/?address=A9022","Both","Larynx","10yrs","East Baton Rouge","Central, Baker, Baton Rouge, Zachary",3.517,3.341,3.693,254072,4.902,4.657,5.147,368673,8.24,7.828,8.652,63664,20.48,60.55,57.73,31.52
"A9022","https://nci-naaccr-zone-design.github.io/louisiana-2020/?address=A9022","Female","Larynx","10yrs","East Baton Rouge","Central, Baker, Baton Rouge, Zachary",0.811,0.771,0.852,128032,3.203,3.043,3.363,190927,1.647,1.565,1.729,63664,20.48,60.55,57.73,31.52
"A9022","https://nci-naaccr-zone-design.github.io/louisiana-2020/?address=A9022","Male","Larynx","10yrs","East Baton Rouge","Central, Baker, Baton Rouge, Zachary",6.354,6.037,6.672,126041,10.617,10.086,11.148,177746,8.054,7.651,8.457,63664,20.48,60.55,57.73,31.52
"A9022","https://nci-naaccr-zone-design.github.io/louisiana-2020/?address=A9022","Female","Ovary","10yrs","East Baton Rouge","Central, Baker, Baton Rouge, Zachary",9.376,8.908,9.845,128032,12.44,11.818,13.062,190927,10.033,9.531,10.534,63664,20.48,60.55,57.73,31.52
"A9022","https://nci-naaccr-zone-design.github.io/louisiana-2020/?address=A9022","Both","Esoph","10yrs","East Baton Rouge","Central, Baker, Baton Rouge, Zachary",5.868,5.575,6.162,254072,3.44,3.268,3.612,368673,3.823,3.632,4.014,63664,20.48,60.55,57.73,31.52
"A9022","https://nci-naaccr-zone-design.github.io/louisiana-2020/?address=A9022","Female","Esoph","10yrs","East Baton Rouge","Central, Baker, Baton Rouge, Zachary",2.292,2.178,2.407,128032,"","","",190927,"","","",63664,20.48,60.55,57.73,31.52
"A9022","https://nci-naaccr-zone-design.github.io/louisiana-2020/?address=A9022","Male","Esoph","10yrs","East Baton Rouge","Central, Baker, Baton Rouge, Zachary",4.707,4.472,4.942,126041,5.819,5.528,6.11,177746,10.508,9.982,11.033,63664,20.48,60.55,57.73,31.52
