"Zone","URL","Sex","Cancer","Years","Counties","Places","AAIR","LCI","UCI","White_PopTot","White_AAIR","White_LCI","White_UCI","Black_PopTot","Black_AAIR","Black_LCI","Black_UCI","TotalPop","Pct100Pov","PctMinority","PctBlackNH","PctRural"
"A9049","https://nci-naaccr-zone-design.github.io/louisiana-2020/?address=A9049","Both","AllSite","05yrs","East Baton Rouge","Shenandoah, Baton Rouge, Old Jefferson",512.709,487.074,538.345,195249,486.144,461.837,510.452,92417,446.856,424.513,469.199,62835,10.73,35.46,25.56,2.06
"A9049","https://nci-naaccr-zone-design.github.io/louisiana-2020/?address=A9049","Female","AllSite","05yrs","East Baton Rouge","Shenandoah, Baton Rouge, Old Jefferson",448.608,426.178,471.039,101151,426.294,404.98,447.609,50144,404.036,383.834,424.238,62835,10.73,35.46,25.56,2.06
"A9049","https://nci-naaccr-zone-design.github.io/louisiana-2020/?address=A9049","Male","AllSite","05yrs","East Baton Rouge","Shenandoah, Baton Rouge, Old Jefferson",571.13,542.574,599.687,94098,653.051,620.398,685.703,42273,541.648,514.565,568.73,62835,10.73,35.46,25.56,2.06
"A9049","https://nci-naaccr-zone-design.github.io/louisiana-2020/?address=A9049","Male","Prostate","05yrs","East Baton Rouge","Shenandoah, Baton Rouge, Old Jefferson",210.295,199.78,220.809,94098,145.239,137.977,152.501,42273,178.953,170.005,187.901,62835,10.73,35.46,25.56,2.06
"A9049","https://nci-naaccr-zone-design.github.io/louisiana-2020/?address=A9049","Both","Lung","05yrs","East Baton Rouge","Shenandoah, Baton Rouge, Old Jefferson",72.542,68.915,76.169,195249,56.626,53.794,59.457,92417,55.827,53.035,58.618,62835,10.73,35.46,25.56,2.06
"A9049","https://nci-naaccr-zone-design.github.io/louisiana-2020/?address=A9049","Female","Lung","05yrs","East Baton Rouge","Shenandoah, Baton Rouge, Old Jefferson",60.36,57.342,63.378,101151,73.267,69.604,76.93,50144,72.292,68.677,75.906,62835,10.73,35.46,25.56,2.06
"A9049","https://nci-naaccr-zone-design.github.io/louisiana-2020/?address=A9049","Male","Lung","05yrs","East Baton Rouge","Shenandoah, Baton Rouge, Old Jefferson",73.24,69.578,76.902,94098,55.678,52.894,58.461,42273,106.678,101.344,112.012,62835,10.73,35.46,25.56,2.06
"A9049","https://nci-naaccr-zone-design.github.io/louisiana-2020/?address=A9049","Female","Breast","05yrs","East Baton Rouge","Shenandoah, Baton Rouge, Old Jefferson",130.316,123.8,136.832,101151,108.679,103.245,114.113,50144,136.126,129.32,142.932,62835,10.73,35.46,25.56,2.06
"A9049","https://nci-naaccr-zone-design.github.io/louisiana-2020/?address=A9049","Both","CRC","05yrs","East Baton Rouge","Shenandoah, Baton Rouge, Old Jefferson",41.666,39.583,43.75,195249,37.242,35.38,39.104,92417,36.65,34.818,38.483,62835,10.73,35.46,25.56,2.06
"A9049","https://nci-naaccr-zone-design.github.io/louisiana-2020/?address=A9049","Female","CRC","05yrs","East Baton Rouge","Shenandoah, Baton Rouge, Old Jefferson",33.069,31.416,34.723,101151,33.317,31.651,34.983,50144,45.124,42.868,47.38,62835,10.73,35.46,25.56,2.06
"A9049","https://nci-naaccr-zone-design.github.io/louisiana-2020/?address=A9049","Male","CRC","05yrs","East Baton Rouge","Shenandoah, Baton Rouge, Old Jefferson",46.939,44.592,49.286,94098,45.129,42.873,47.386,42273,38.258,36.345,40.171,62835,10.73,35.46,25.56,2.06
"A9049","https://nci-naaccr-zone-design.github.io/louisiana-2020/?address=A9049","Both","Kidney","05yrs","East Baton Rouge","Shenandoah, Baton Rouge, Old Jefferson",22.295,21.18,23.41,195249,15.602,14.822,16.383,92417,21.724,20.638,22.81,62835,10.73,35.46,25.56,2.06
"A9049","https://nci-naaccr-zone-design.github.io/louisiana-2020/?address=A9049","Female","Kidney","05yrs","East Baton Rouge","Shenandoah, Baton Rouge, Old Jefferson",12.064,11.46,12.667,101151,18.553,17.625,19.48,50144,15.844,15.052,16.636,62835,10.73,35.46,25.56,2.06
"A9049","https://nci-naaccr-zone-design.github.io/louisiana-2020/?address=A9049","Male","Kidney","05yrs","East Baton Rouge","Shenandoah, Baton Rouge, Old Jefferson",25.088,23.834,26.342,94098,30.023,28.522,31.524,42273,21.64,20.558,22.722,62835,10.73,35.46,25.56,2.06
"A9049","https://nci-naaccr-zone-design.github.io/louisiana-2020/?address=A9049","Both","NHL","05yrs","East Baton Rouge","Shenandoah, Baton Rouge, Old Jefferson",17.04,16.188,17.892,195249,19.391,18.422,20.361,92417,16.803,15.962,17.643,62835,10.73,35.46,25.56,2.06
"A9049","https://nci-naaccr-zone-design.github.io/louisiana-2020/?address=A9049","Female","NHL","05yrs","East Baton Rouge","Shenandoah, Baton Rouge, Old Jefferson",21.159,20.101,22.217,101151,21.553,20.476,22.631,50144,10.466,9.942,10.989,62835,10.73,35.46,25.56,2.06
"A9049","https://nci-naaccr-zone-design.github.io/louisiana-2020/?address=A9049","Male","NHL","05yrs","East Baton Rouge","Shenandoah, Baton Rouge, Old Jefferson",25.062,23.809,26.315,94098,32.08,30.476,33.684,42273,16.597,15.767,17.426,62835,10.73,35.46,25.56,2.06
"A9049","https://nci-naaccr-zone-design.github.io/louisiana-2020/?address=A9049","Both","Urinary","05yrs","East Baton Rouge","Shenandoah, Baton Rouge, Old Jefferson",26.719,25.383,28.055,195249,14.745,14.008,15.482,92417,12.935,12.288,13.582,62835,10.73,35.46,25.56,2.06
"A9049","https://nci-naaccr-zone-design.github.io/louisiana-2020/?address=A9049","Female","Urinary","05yrs","East Baton Rouge","Shenandoah, Baton Rouge, Old Jefferson",12.468,11.844,13.091,101151,9.987,9.488,10.487,50144,8.986,8.537,9.435,62835,10.73,35.46,25.56,2.06
"A9049","https://nci-naaccr-zone-design.github.io/louisiana-2020/?address=A9049","Male","Urinary","05yrs","East Baton Rouge","Shenandoah, Baton Rouge, Old Jefferson",48.906,46.46,51.351,94098,46.928,44.582,49.275,42273,42.006,39.906,44.106,62835,10.73,35.46,25.56,2.06
"A9049","https://nci-naaccr-zone-design.github.io/louisiana-2020/?address=A9049","Both","Mela","05yrs","East Baton Rouge","Shenandoah, Baton Rouge, Old Jefferson",6.194,5.884,6.503,195249,10.372,9.853,10.89,92417,12.516,11.891,13.142,62835,10.73,35.46,25.56,2.06
"A9049","https://nci-naaccr-zone-design.github.io/louisiana-2020/?address=A9049","Female","Mela","05yrs","East Baton Rouge","Shenandoah, Baton Rouge, Old Jefferson",12.397,11.777,13.017,101151,14.933,14.187,15.68,50144,10.906,10.36,11.451,62835,10.73,35.46,25.56,2.06
"A9049","https://nci-naaccr-zone-design.github.io/louisiana-2020/?address=A9049","Male","Mela","05yrs","East Baton Rouge","Shenandoah, Baton Rouge, Old Jefferson",17.244,16.382,18.107,94098,26.528,25.202,27.855,42273,"","","",62835,10.73,35.46,25.56,2.06
"A9049","https://nci-naaccr-zone-design.github.io/louisiana-2020/?address=A9049","Both","Pancreas","05yrs","East Baton Rouge","Shenandoah, Baton Rouge, Old Jefferson",15.952,15.154,16.75,195249,12.352,11.734,12.969,92417,13.65,12.968,14.333,62835,10.73,35.46,25.56,2.06
"A9049","https://nci-naaccr-zone-design.github.io/louisiana-2020/?address=A9049","Female","Pancreas","05yrs","East Baton Rouge","Shenandoah, Baton Rouge, Old Jefferson",16.209,15.399,17.019,101151,12.46,11.837,13.083,50144,14.245,13.533,14.958,62835,10.73,35.46,25.56,2.06
"A9049","https://nci-naaccr-zone-design.github.io/louisiana-2020/?address=A9049","Male","Pancreas","05yrs","East Baton Rouge","Shenandoah, Baton Rouge, Old Jefferson",14.588,13.859,15.318,94098,20.056,19.053,21.059,42273,18.717,17.781,19.653,62835,10.73,35.46,25.56,2.06
"A9049","https://nci-naaccr-zone-design.github.io/louisiana-2020/?address=A9049","Both","Leuks","05yrs","East Baton Rouge","Shenandoah, Baton Rouge, Old Jefferson",14.583,13.854,15.312,195249,9.163,8.705,9.621,92417,14.118,13.412,14.824,62835,10.73,35.46,25.56,2.06
"A9049","https://nci-naaccr-zone-design.github.io/louisiana-2020/?address=A9049","Female","Leuks","05yrs","East Baton Rouge","Shenandoah, Baton Rouge, Old Jefferson",13.287,12.622,13.951,101151,9.692,9.207,10.177,50144,10.469,9.945,10.992,62835,10.73,35.46,25.56,2.06
"A9049","https://nci-naaccr-zone-design.github.io/louisiana-2020/?address=A9049","Male","Leuks","05yrs","East Baton Rouge","Shenandoah, Baton Rouge, Old Jefferson",17.475,16.602,18.349,94098,16.315,15.499,17.13,42273,23.711,22.525,24.896,62835,10.73,35.46,25.56,2.06
"A9049","https://nci-naaccr-zone-design.github.io/louisiana-2020/?address=A9049","Both","Oral","05yrs","East Baton Rouge","Shenandoah, Baton Rouge, Old Jefferson",11.134,10.577,11.691,195249,10.953,10.405,11.501,92417,10.513,9.987,11.039,62835,10.73,35.46,25.56,2.06
"A9049","https://nci-naaccr-zone-design.github.io/louisiana-2020/?address=A9049","Female","Oral","05yrs","East Baton Rouge","Shenandoah, Baton Rouge, Old Jefferson",3.473,3.299,3.646,101151,"","","",50144,"","","",62835,10.73,35.46,25.56,2.06
"A9049","https://nci-naaccr-zone-design.github.io/louisiana-2020/?address=A9049","Male","Oral","05yrs","East Baton Rouge","Shenandoah, Baton Rouge, Old Jefferson",22.369,21.25,23.487,94098,16.764,15.926,17.602,42273,16.215,15.404,17.026,62835,10.73,35.46,25.56,2.06
"A9049","https://nci-naaccr-zone-design.github.io/louisiana-2020/?address=A9049","Both","Thyroid","05yrs","East Baton Rouge","Shenandoah, Baton Rouge, Old Jefferson",8.084,7.679,8.488,195249,17.22,16.359,18.081,92417,15.945,15.148,16.742,62835,10.73,35.46,25.56,2.06
"A9049","https://nci-naaccr-zone-design.github.io/louisiana-2020/?address=A9049","Female","Thyroid","05yrs","East Baton Rouge","Shenandoah, Baton Rouge, Old Jefferson",20.016,19.016,21.017,101151,25.179,23.92,26.438,50144,22.74,21.603,23.877,62835,10.73,35.46,25.56,2.06
"A9049","https://nci-naaccr-zone-design.github.io/louisiana-2020/?address=A9049","Male","Thyroid","05yrs","East Baton Rouge","Shenandoah, Baton Rouge, Old Jefferson",2.571,2.442,2.699,94098,8.158,7.75,8.566,42273,8.574,8.145,9.003,62835,10.73,35.46,25.56,2.06
"A9049","https://nci-naaccr-zone-design.github.io/louisiana-2020/?address=A9049","Female","Uterine","05yrs","East Baton Rouge","Shenandoah, Baton Rouge, Old Jefferson",15.933,15.137,16.73,101151,25.866,24.573,27.159,50144,13.863,13.169,14.556,62835,10.73,35.46,25.56,2.06
"A9049","https://nci-naaccr-zone-design.github.io/louisiana-2020/?address=A9049","Both","Liver","05yrs","East Baton Rouge","Shenandoah, Baton Rouge, Old Jefferson",5.485,5.211,5.759,195249,6.976,6.627,7.325,92417,12.908,12.262,13.553,62835,10.73,35.46,25.56,2.06
"A9049","https://nci-naaccr-zone-design.github.io/louisiana-2020/?address=A9049","Female","Liver","05yrs","East Baton Rouge","Shenandoah, Baton Rouge, Old Jefferson",7.143,6.786,7.5,101151,"","","",50144,"","","",62835,10.73,35.46,25.56,2.06
"A9049","https://nci-naaccr-zone-design.github.io/louisiana-2020/?address=A9049","Male","Liver","05yrs","East Baton Rouge","Shenandoah, Baton Rouge, Old Jefferson",12.264,11.651,12.878,94098,18.758,17.82,19.696,42273,22.922,21.776,24.068,62835,10.73,35.46,25.56,2.06
"A9049","https://nci-naaccr-zone-design.github.io/louisiana-2020/?address=A9049","Both","Stomach","05yrs","East Baton Rouge","Shenandoah, Baton Rouge, Old Jefferson",10.465,9.941,10.988,195249,8.095,7.69,8.5,92417,4.993,4.744,5.243,62835,10.73,35.46,25.56,2.06
"A9049","https://nci-naaccr-zone-design.github.io/louisiana-2020/?address=A9049","Female","Stomach","05yrs","East Baton Rouge","Shenandoah, Baton Rouge, Old Jefferson",10.135,9.629,10.642,101151,8.235,7.823,8.647,50144,6.895,6.551,7.24,62835,10.73,35.46,25.56,2.06
"A9049","https://nci-naaccr-zone-design.github.io/louisiana-2020/?address=A9049","Male","Stomach","05yrs","East Baton Rouge","Shenandoah, Baton Rouge, Old Jefferson",11.907,11.312,12.502,94098,10.158,9.65,10.666,42273,12.138,11.531,12.745,62835,10.73,35.46,25.56,2.06
"A9049","https://nci-naaccr-zone-design.github.io/louisiana-2020/?address=A9049","Both","Myeloma","05yrs","East Baton Rouge","Shenandoah, Baton Rouge, Old Jefferson",5.11,4.855,5.366,195249,12.994,12.344,13.644,92417,5.613,5.333,5.894,62835,10.73,35.46,25.56,2.06
"A9049","https://nci-naaccr-zone-design.github.io/louisiana-2020/?address=A9049","Female","Myeloma","05yrs","East Baton Rouge","Shenandoah, Baton Rouge, Old Jefferson",7.534,7.157,7.91,101151,3.436,3.264,3.608,50144,12.84,12.198,13.482,62835,10.73,35.46,25.56,2.06
"A9049","https://nci-naaccr-zone-design.github.io/louisiana-2020/?address=A9049","Male","Myeloma","05yrs","East Baton Rouge","Shenandoah, Baton Rouge, Old Jefferson",16.165,15.357,16.973,94098,8.983,8.534,9.432,42273,"","","",62835,10.73,35.46,25.56,2.06
"A9049","https://nci-naaccr-zone-design.github.io/louisiana-2020/?address=A9049","Both","Brain","05yrs","East Baton Rouge","Shenandoah, Baton Rouge, Old Jefferson",8.281,7.867,8.695,195249,5.674,5.39,5.958,92417,7.893,7.498,8.288,62835,10.73,35.46,25.56,2.06
"A9049","https://nci-naaccr-zone-design.github.io/louisiana-2020/?address=A9049","Female","Brain","05yrs","East Baton Rouge","Shenandoah, Baton Rouge, Old Jefferson",3.668,3.484,3.851,101151,7.687,7.303,8.071,50144,"","","",62835,10.73,35.46,25.56,2.06
"A9049","https://nci-naaccr-zone-design.github.io/louisiana-2020/?address=A9049","Male","Brain","05yrs","East Baton Rouge","Shenandoah, Baton Rouge, Old Jefferson",3.583,3.404,3.762,94098,8.291,7.876,8.705,42273,"","","",62835,10.73,35.46,25.56,2.06
"A9049","https://nci-naaccr-zone-design.github.io/louisiana-2020/?address=A9049","Both","Larynx","05yrs","East Baton Rouge","Shenandoah, Baton Rouge, Old Jefferson",5.89,5.596,6.185,195249,3.156,2.999,3.314,92417,4.687,4.453,4.921,62835,10.73,35.46,25.56,2.06
"A9049","https://nci-naaccr-zone-design.github.io/louisiana-2020/?address=A9049","Female","Larynx","05yrs","East Baton Rouge","Shenandoah, Baton Rouge, Old Jefferson","","","",101151,"","","",50144,"","","",62835,10.73,35.46,25.56,2.06
"A9049","https://nci-naaccr-zone-design.github.io/louisiana-2020/?address=A9049","Male","Larynx","05yrs","East Baton Rouge","Shenandoah, Baton Rouge, Old Jefferson",13.947,13.249,14.644,94098,7.544,7.167,7.922,42273,10.878,10.334,11.422,62835,10.73,35.46,25.56,2.06
"A9049","https://nci-naaccr-zone-design.github.io/louisiana-2020/?address=A9049","Female","Ovary","05yrs","East Baton Rouge","Shenandoah, Baton Rouge, Old Jefferson",7.757,7.37,8.145,101151,12.778,12.139,13.417,50144,13.628,12.946,14.309,62835,10.73,35.46,25.56,2.06
"A9049","https://nci-naaccr-zone-design.github.io/louisiana-2020/?address=A9049","Both","Esoph","05yrs","East Baton Rouge","Shenandoah, Baton Rouge, Old Jefferson",6.045,5.743,6.347,195249,7.342,6.975,7.709,92417,7.277,6.913,7.641,62835,10.73,35.46,25.56,2.06
"A9049","https://nci-naaccr-zone-design.github.io/louisiana-2020/?address=A9049","Female","Esoph","05yrs","East Baton Rouge","Shenandoah, Baton Rouge, Old Jefferson","","","",101151,"","","",50144,"","","",62835,10.73,35.46,25.56,2.06
"A9049","https://nci-naaccr-zone-design.github.io/louisiana-2020/?address=A9049","Male","Esoph","05yrs","East Baton Rouge","Shenandoah, Baton Rouge, Old Jefferson",12.938,12.291,13.585,94098,6.135,5.828,6.442,42273,"","","",62835,10.73,35.46,25.56,2.06
"A9049","https://nci-naaccr-zone-design.github.io/louisiana-2020/?address=A9049","Both","AllSite","10yrs","East Baton Rouge","Shenandoah, Baton Rouge, Old Jefferson",489.535,465.058,514.012,399614,471.27,447.706,494.833,168699,541.22,514.159,568.28,62835,10.73,35.46,25.56,2.06
"A9049","https://nci-naaccr-zone-design.github.io/louisiana-2020/?address=A9049","Female","AllSite","10yrs","East Baton Rouge","Shenandoah, Baton Rouge, Old Jefferson",390.034,370.533,409.536,206419,447.527,425.15,469.903,92063,414.631,393.9,435.363,62835,10.73,35.46,25.56,2.06
"A9049","https://nci-naaccr-zone-design.github.io/louisiana-2020/?address=A9049","Male","AllSite","10yrs","East Baton Rouge","Shenandoah, Baton Rouge, Old Jefferson",562.782,534.643,590.922,193194,644.95,612.702,677.197,76636,596.51,566.684,626.335,62835,10.73,35.46,25.56,2.06
"A9049","https://nci-naaccr-zone-design.github.io/louisiana-2020/?address=A9049","Male","Prostate","10yrs","East Baton Rouge","Shenandoah, Baton Rouge, Old Jefferson",170.368,161.85,178.886,193194,187.672,178.289,197.056,76636,164.333,156.117,172.55,62835,10.73,35.46,25.56,2.06
"A9049","https://nci-naaccr-zone-design.github.io/louisiana-2020/?address=A9049","Both","Lung","10yrs","East Baton Rouge","Shenandoah, Baton Rouge, Old Jefferson",59.842,56.85,62.834,399614,75.203,71.443,78.964,168699,66.586,63.257,69.915,62835,10.73,35.46,25.56,2.06
"A9049","https://nci-naaccr-zone-design.github.io/louisiana-2020/?address=A9049","Female","Lung","10yrs","East Baton Rouge","Shenandoah, Baton Rouge, Old Jefferson",66.299,62.984,69.614,206419,47.687,45.302,50.071,92063,63.825,60.634,67.016,62835,10.73,35.46,25.56,2.06
"A9049","https://nci-naaccr-zone-design.github.io/louisiana-2020/?address=A9049","Male","Lung","10yrs","East Baton Rouge","Shenandoah, Baton Rouge, Old Jefferson",90.349,85.831,94.866,193194,68.524,65.098,71.95,76636,86.483,82.159,90.807,62835,10.73,35.46,25.56,2.06
"A9049","https://nci-naaccr-zone-design.github.io/louisiana-2020/?address=A9049","Female","Breast","10yrs","East Baton Rouge","Shenandoah, Baton Rouge, Old Jefferson",120.272,114.258,126.286,206419,119.183,113.224,125.142,92063,108.695,103.261,114.13,62835,10.73,35.46,25.56,2.06
"A9049","https://nci-naaccr-zone-design.github.io/louisiana-2020/?address=A9049","Both","CRC","10yrs","East Baton Rouge","Shenandoah, Baton Rouge, Old Jefferson",49.69,47.206,52.175,399614,36.113,34.308,37.919,168699,56.404,53.584,59.225,62835,10.73,35.46,25.56,2.06
"A9049","https://nci-naaccr-zone-design.github.io/louisiana-2020/?address=A9049","Female","CRC","10yrs","East Baton Rouge","Shenandoah, Baton Rouge, Old Jefferson",48.71,46.275,51.146,206419,41.829,39.738,43.92,92063,39.971,37.972,41.97,62835,10.73,35.46,25.56,2.06
"A9049","https://nci-naaccr-zone-design.github.io/louisiana-2020/?address=A9049","Male","CRC","10yrs","East Baton Rouge","Shenandoah, Baton Rouge, Old Jefferson",61.869,58.776,64.963,193194,44.756,42.518,46.994,76636,36.661,34.828,38.494,62835,10.73,35.46,25.56,2.06
"A9049","https://nci-naaccr-zone-design.github.io/louisiana-2020/?address=A9049","Both","Kidney","10yrs","East Baton Rouge","Shenandoah, Baton Rouge, Old Jefferson",26.01,24.709,27.31,399614,25.311,24.045,26.576,168699,15.989,15.19,16.789,62835,10.73,35.46,25.56,2.06
"A9049","https://nci-naaccr-zone-design.github.io/louisiana-2020/?address=A9049","Female","Kidney","10yrs","East Baton Rouge","Shenandoah, Baton Rouge, Old Jefferson",10.514,9.989,11.04,206419,21.885,20.79,22.979,92063,18.926,17.979,19.872,62835,10.73,35.46,25.56,2.06
"A9049","https://nci-naaccr-zone-design.github.io/louisiana-2020/?address=A9049","Male","Kidney","10yrs","East Baton Rouge","Shenandoah, Baton Rouge, Old Jefferson",30.326,28.81,31.842,193194,33.719,32.034,35.405,76636,29.231,27.77,30.693,62835,10.73,35.46,25.56,2.06
"A9049","https://nci-naaccr-zone-design.github.io/louisiana-2020/?address=A9049","Both","NHL","10yrs","East Baton Rouge","Shenandoah, Baton Rouge, Old Jefferson",20.303,19.288,21.318,399614,23.971,22.773,25.17,168699,15.473,14.699,16.246,62835,10.73,35.46,25.56,2.06
"A9049","https://nci-naaccr-zone-design.github.io/louisiana-2020/?address=A9049","Female","NHL","10yrs","East Baton Rouge","Shenandoah, Baton Rouge, Old Jefferson",13.653,12.971,14.336,206419,16.271,15.458,17.085,92063,20.238,19.227,21.25,62835,10.73,35.46,25.56,2.06
"A9049","https://nci-naaccr-zone-design.github.io/louisiana-2020/?address=A9049","Male","NHL","10yrs","East Baton Rouge","Shenandoah, Baton Rouge, Old Jefferson",29.519,28.043,30.994,193194,20.174,19.166,21.183,76636,28.277,26.863,29.69,62835,10.73,35.46,25.56,2.06
"A9049","https://nci-naaccr-zone-design.github.io/louisiana-2020/?address=A9049","Both","Urinary","10yrs","East Baton Rouge","Shenandoah, Baton Rouge, Old Jefferson",19.728,18.741,20.714,399614,22.096,20.992,23.201,168699,24.413,23.192,25.633,62835,10.73,35.46,25.56,2.06
"A9049","https://nci-naaccr-zone-design.github.io/louisiana-2020/?address=A9049","Female","Urinary","10yrs","East Baton Rouge","Shenandoah, Baton Rouge, Old Jefferson",11.542,10.964,12.119,206419,6.81,6.469,7.15,92063,5.668,5.384,5.951,62835,10.73,35.46,25.56,2.06
"A9049","https://nci-naaccr-zone-design.github.io/louisiana-2020/?address=A9049","Male","Urinary","10yrs","East Baton Rouge","Shenandoah, Baton Rouge, Old Jefferson",21.41,20.339,22.48,193194,29.79,28.301,31.28,76636,43.57,41.392,45.749,62835,10.73,35.46,25.56,2.06
"A9049","https://nci-naaccr-zone-design.github.io/louisiana-2020/?address=A9049","Both","Mela","10yrs","East Baton Rouge","Shenandoah, Baton Rouge, Old Jefferson",22.219,21.108,23.33,399614,12.266,11.653,12.879,168699,23.524,22.348,24.701,62835,10.73,35.46,25.56,2.06
"A9049","https://nci-naaccr-zone-design.github.io/louisiana-2020/?address=A9049","Female","Mela","10yrs","East Baton Rouge","Shenandoah, Baton Rouge, Old Jefferson",3.656,3.474,3.839,206419,7.696,7.311,8.081,92063,3.782,3.593,3.971,62835,10.73,35.46,25.56,2.06
"A9049","https://nci-naaccr-zone-design.github.io/louisiana-2020/?address=A9049","Male","Mela","10yrs","East Baton Rouge","Shenandoah, Baton Rouge, Old Jefferson",9.799,9.309,10.289,193194,27.842,26.45,29.234,76636,39.643,37.661,41.626,62835,10.73,35.46,25.56,2.06
"A9049","https://nci-naaccr-zone-design.github.io/louisiana-2020/?address=A9049","Both","Pancreas","10yrs","East Baton Rouge","Shenandoah, Baton Rouge, Old Jefferson",12.758,12.12,13.395,399614,13.834,13.142,14.525,168699,14.462,13.739,15.185,62835,10.73,35.46,25.56,2.06
"A9049","https://nci-naaccr-zone-design.github.io/louisiana-2020/?address=A9049","Female","Pancreas","10yrs","East Baton Rouge","Shenandoah, Baton Rouge, Old Jefferson",10.082,9.578,10.586,206419,15.213,14.452,15.974,92063,12.461,11.838,13.084,62835,10.73,35.46,25.56,2.06
"A9049","https://nci-naaccr-zone-design.github.io/louisiana-2020/?address=A9049","Male","Pancreas","10yrs","East Baton Rouge","Shenandoah, Baton Rouge, Old Jefferson",19.448,18.476,20.42,193194,20.964,19.916,22.012,76636,17.021,16.17,17.873,62835,10.73,35.46,25.56,2.06
"A9049","https://nci-naaccr-zone-design.github.io/louisiana-2020/?address=A9049","Both","Leuks","10yrs","East Baton Rouge","Shenandoah, Baton Rouge, Old Jefferson",10.293,9.778,10.808,399614,11.884,11.29,12.478,168699,15.144,14.387,15.901,62835,10.73,35.46,25.56,2.06
"A9049","https://nci-naaccr-zone-design.github.io/louisiana-2020/?address=A9049","Female","Leuks","10yrs","East Baton Rouge","Shenandoah, Baton Rouge, Old Jefferson",11.856,11.263,12.448,206419,12.993,12.344,13.643,92063,12.83,12.189,13.472,62835,10.73,35.46,25.56,2.06
"A9049","https://nci-naaccr-zone-design.github.io/louisiana-2020/?address=A9049","Male","Leuks","10yrs","East Baton Rouge","Shenandoah, Baton Rouge, Old Jefferson",14.902,14.157,15.647,193194,10.92,10.374,11.466,76636,9.313,8.848,9.779,62835,10.73,35.46,25.56,2.06
"A9049","https://nci-naaccr-zone-design.github.io/louisiana-2020/?address=A9049","Both","Oral","10yrs","East Baton Rouge","Shenandoah, Baton Rouge, Old Jefferson",13.441,12.769,14.113,399614,8.54,8.113,8.967,168699,16.166,15.358,16.974,62835,10.73,35.46,25.56,2.06
"A9049","https://nci-naaccr-zone-design.github.io/louisiana-2020/?address=A9049","Female","Oral","10yrs","East Baton Rouge","Shenandoah, Baton Rouge, Old Jefferson",8.257,7.844,8.67,206419,5.129,4.872,5.385,92063,6.835,6.493,7.176,62835,10.73,35.46,25.56,2.06
"A9049","https://nci-naaccr-zone-design.github.io/louisiana-2020/?address=A9049","Male","Oral","10yrs","East Baton Rouge","Shenandoah, Baton Rouge, Old Jefferson",19.965,18.967,20.963,193194,24.458,23.235,25.681,76636,26.54,25.213,27.867,62835,10.73,35.46,25.56,2.06
"A9049","https://nci-naaccr-zone-design.github.io/louisiana-2020/?address=A9049","Both","Thyroid","10yrs","East Baton Rouge","Shenandoah, Baton Rouge, Old Jefferson",12.378,11.759,12.997,399614,15.653,14.87,16.435,168699,16.176,15.368,16.985,62835,10.73,35.46,25.56,2.06
"A9049","https://nci-naaccr-zone-design.github.io/louisiana-2020/?address=A9049","Female","Thyroid","10yrs","East Baton Rouge","Shenandoah, Baton Rouge, Old Jefferson",14.917,14.171,15.663,206419,25.104,23.849,26.36,92063,15.722,14.936,16.508,62835,10.73,35.46,25.56,2.06
"A9049","https://nci-naaccr-zone-design.github.io/louisiana-2020/?address=A9049","Male","Thyroid","10yrs","East Baton Rouge","Shenandoah, Baton Rouge, Old Jefferson",2.969,2.821,3.118,193194,3.199,3.039,3.359,76636,6.617,6.286,6.948,62835,10.73,35.46,25.56,2.06
"A9049","https://nci-naaccr-zone-design.github.io/louisiana-2020/?address=A9049","Female","Uterine","10yrs","East Baton Rouge","Shenandoah, Baton Rouge, Old Jefferson",22.259,21.146,23.372,206419,19.456,18.484,20.429,92063,19.567,18.588,20.545,62835,10.73,35.46,25.56,2.06
"A9049","https://nci-naaccr-zone-design.github.io/louisiana-2020/?address=A9049","Both","Liver","10yrs","East Baton Rouge","Shenandoah, Baton Rouge, Old Jefferson",6.137,5.83,6.444,399614,14.309,13.594,15.025,168699,9.919,9.423,10.415,62835,10.73,35.46,25.56,2.06
"A9049","https://nci-naaccr-zone-design.github.io/louisiana-2020/?address=A9049","Female","Liver","10yrs","East Baton Rouge","Shenandoah, Baton Rouge, Old Jefferson",6.727,6.391,7.064,206419,5.411,5.14,5.681,92063,"","","",62835,10.73,35.46,25.56,2.06
"A9049","https://nci-naaccr-zone-design.github.io/louisiana-2020/?address=A9049","Male","Liver","10yrs","East Baton Rouge","Shenandoah, Baton Rouge, Old Jefferson",23.463,22.29,24.636,193194,18.529,17.602,19.455,76636,16.068,15.264,16.871,62835,10.73,35.46,25.56,2.06
"A9049","https://nci-naaccr-zone-design.github.io/louisiana-2020/?address=A9049","Both","Stomach","10yrs","East Baton Rouge","Shenandoah, Baton Rouge, Old Jefferson",9.462,8.989,9.936,399614,10.291,9.776,10.805,168699,7.382,7.013,7.751,62835,10.73,35.46,25.56,2.06
"A9049","https://nci-naaccr-zone-design.github.io/louisiana-2020/?address=A9049","Female","Stomach","10yrs","East Baton Rouge","Shenandoah, Baton Rouge, Old Jefferson",3.073,2.919,3.226,206419,7.591,7.212,7.971,92063,6.298,5.983,6.613,62835,10.73,35.46,25.56,2.06
"A9049","https://nci-naaccr-zone-design.github.io/louisiana-2020/?address=A9049","Male","Stomach","10yrs","East Baton Rouge","Shenandoah, Baton Rouge, Old Jefferson",12.012,11.411,12.612,193194,9.971,9.473,10.47,76636,9.085,8.63,9.539,62835,10.73,35.46,25.56,2.06
"A9049","https://nci-naaccr-zone-design.github.io/louisiana-2020/?address=A9049","Both","Myeloma","10yrs","East Baton Rouge","Shenandoah, Baton Rouge, Old Jefferson",5.089,4.835,5.344,399614,9.736,9.25,10.223,168699,13.58,12.901,14.259,62835,10.73,35.46,25.56,2.06
"A9049","https://nci-naaccr-zone-design.github.io/louisiana-2020/?address=A9049","Female","Myeloma","10yrs","East Baton Rouge","Shenandoah, Baton Rouge, Old Jefferson",9.199,8.739,9.659,206419,7.173,6.814,7.531,92063,4.149,3.941,4.356,62835,10.73,35.46,25.56,2.06
"A9049","https://nci-naaccr-zone-design.github.io/louisiana-2020/?address=A9049","Male","Myeloma","10yrs","East Baton Rouge","Shenandoah, Baton Rouge, Old Jefferson",14.724,13.988,15.46,193194,7.867,7.473,8.26,76636,15.769,14.98,16.557,62835,10.73,35.46,25.56,2.06
"A9049","https://nci-naaccr-zone-design.github.io/louisiana-2020/?address=A9049","Both","Brain","10yrs","East Baton Rouge","Shenandoah, Baton Rouge, Old Jefferson",6.016,5.715,6.316,399614,6.936,6.589,7.283,168699,4.196,3.986,4.406,62835,10.73,35.46,25.56,2.06
"A9049","https://nci-naaccr-zone-design.github.io/louisiana-2020/?address=A9049","Female","Brain","10yrs","East Baton Rouge","Shenandoah, Baton Rouge, Old Jefferson",5.828,5.537,6.119,206419,7.025,6.674,7.377,92063,2.644,2.511,2.776,62835,10.73,35.46,25.56,2.06
"A9049","https://nci-naaccr-zone-design.github.io/louisiana-2020/?address=A9049","Male","Brain","10yrs","East Baton Rouge","Shenandoah, Baton Rouge, Old Jefferson",4.125,3.918,4.331,193194,8.662,8.229,9.095,76636,10.555,10.027,11.082,62835,10.73,35.46,25.56,2.06
"A9049","https://nci-naaccr-zone-design.github.io/louisiana-2020/?address=A9049","Both","Larynx","10yrs","East Baton Rouge","Shenandoah, Baton Rouge, Old Jefferson",4.596,4.366,4.826,399614,5.905,5.61,6.2,168699,6.445,6.123,6.767,62835,10.73,35.46,25.56,2.06
"A9049","https://nci-naaccr-zone-design.github.io/louisiana-2020/?address=A9049","Female","Larynx","10yrs","East Baton Rouge","Shenandoah, Baton Rouge, Old Jefferson",1.139,1.082,1.196,206419,2.824,2.683,2.965,92063,"","","",62835,10.73,35.46,25.56,2.06
"A9049","https://nci-naaccr-zone-design.github.io/louisiana-2020/?address=A9049","Male","Larynx","10yrs","East Baton Rouge","Shenandoah, Baton Rouge, Old Jefferson",14.066,13.363,14.77,193194,7.776,7.387,8.165,76636,9.704,9.219,10.189,62835,10.73,35.46,25.56,2.06
"A9049","https://nci-naaccr-zone-design.github.io/louisiana-2020/?address=A9049","Female","Ovary","10yrs","East Baton Rouge","Shenandoah, Baton Rouge, Old Jefferson",9.137,8.68,9.594,206419,14.375,13.656,15.094,92063,10.964,10.416,11.512,62835,10.73,35.46,25.56,2.06
"A9049","https://nci-naaccr-zone-design.github.io/louisiana-2020/?address=A9049","Both","Esoph","10yrs","East Baton Rouge","Shenandoah, Baton Rouge, Old Jefferson",3.279,3.115,3.443,399614,5.686,5.402,5.971,168699,3.165,3.007,3.323,62835,10.73,35.46,25.56,2.06
"A9049","https://nci-naaccr-zone-design.github.io/louisiana-2020/?address=A9049","Female","Esoph","10yrs","East Baton Rouge","Shenandoah, Baton Rouge, Old Jefferson",2.862,2.719,3.005,206419,1.796,1.706,1.886,92063,2.458,2.335,2.581,62835,10.73,35.46,25.56,2.06
"A9049","https://nci-naaccr-zone-design.github.io/louisiana-2020/?address=A9049","Male","Esoph","10yrs","East Baton Rouge","Shenandoah, Baton Rouge, Old Jefferson",8.811,8.37,9.251,193194,8.024,7.623,8.425,76636,10.935,10.388,11.482,62835,10.73,35.46,25.56,2.06
