"Zone","URL","Sex","Cancer","Years","Counties","Places","AAIR","LCI","UCI","White_PopTot","White_AAIR","White_LCI","White_UCI","Black_PopTot","Black_AAIR","Black_LCI","Black_UCI","TotalPop","Pct100Pov","PctMinority","PctBlackNH","PctRural"
"A9021","https://nci-naaccr-zone-design.github.io/louisiana-2020/?address=A9021","Both","AllSite","05yrs","Jefferson","Metairie",442.42,420.299,464.54,207160,534.21,507.5,560.921,35926,450.504,427.979,473.029,60074,13.08,29.61,9.77,0.0
"A9021","https://nci-naaccr-zone-design.github.io/louisiana-2020/?address=A9021","Female","AllSite","05yrs","Jefferson","Metairie",426.47,405.146,447.793,107532,436.286,414.472,458.101,18817,368.526,350.099,386.952,60074,13.08,29.61,9.77,0.0
"A9021","https://nci-naaccr-zone-design.github.io/louisiana-2020/?address=A9021","Male","AllSite","05yrs","Jefferson","Metairie",623.056,591.903,654.209,99628,558.503,530.577,586.428,17109,605.541,575.264,635.818,60074,13.08,29.61,9.77,0.0
"A9021","https://nci-naaccr-zone-design.github.io/louisiana-2020/?address=A9021","Male","Prostate","05yrs","Jefferson","Metairie",214.445,203.722,225.167,99628,171.717,163.132,180.303,17109,155.953,148.155,163.751,60074,13.08,29.61,9.77,0.0
"A9021","https://nci-naaccr-zone-design.github.io/louisiana-2020/?address=A9021","Both","Lung","05yrs","Jefferson","Metairie",72.872,69.229,76.516,207160,87.118,82.762,91.474,35926,87.317,82.951,91.683,60074,13.08,29.61,9.77,0.0
"A9021","https://nci-naaccr-zone-design.github.io/louisiana-2020/?address=A9021","Female","Lung","05yrs","Jefferson","Metairie",68.059,64.656,71.462,107532,49.109,46.653,51.564,18817,48.275,45.861,50.689,60074,13.08,29.61,9.77,0.0
"A9021","https://nci-naaccr-zone-design.github.io/louisiana-2020/?address=A9021","Male","Lung","05yrs","Jefferson","Metairie",56.857,54.014,59.699,99628,68.158,64.75,71.566,17109,79.27,75.306,83.233,60074,13.08,29.61,9.77,0.0
"A9021","https://nci-naaccr-zone-design.github.io/louisiana-2020/?address=A9021","Female","Breast","05yrs","Jefferson","Metairie",131.001,124.451,137.551,107532,135.617,128.836,142.398,18817,121.038,114.986,127.09,60074,13.08,29.61,9.77,0.0
"A9021","https://nci-naaccr-zone-design.github.io/louisiana-2020/?address=A9021","Both","CRC","05yrs","Jefferson","Metairie",60.236,57.224,63.248,207160,59.531,56.554,62.508,35926,59.7,56.715,62.685,60074,13.08,29.61,9.77,0.0
"A9021","https://nci-naaccr-zone-design.github.io/louisiana-2020/?address=A9021","Female","CRC","05yrs","Jefferson","Metairie",42.78,40.641,44.919,107532,48.758,46.321,51.196,18817,43.113,40.957,45.268,60074,13.08,29.61,9.77,0.0
"A9021","https://nci-naaccr-zone-design.github.io/louisiana-2020/?address=A9021","Male","CRC","05yrs","Jefferson","Metairie",43.306,41.14,45.471,99628,73.674,69.99,77.358,17109,48.528,46.101,50.954,60074,13.08,29.61,9.77,0.0
"A9021","https://nci-naaccr-zone-design.github.io/louisiana-2020/?address=A9021","Both","Kidney","05yrs","Jefferson","Metairie",24.586,23.357,25.816,207160,23.537,22.36,24.714,35926,21.978,20.879,23.077,60074,13.08,29.61,9.77,0.0
"A9021","https://nci-naaccr-zone-design.github.io/louisiana-2020/?address=A9021","Female","Kidney","05yrs","Jefferson","Metairie",22.309,21.194,23.425,107532,16.777,15.938,17.616,18817,"","","",60074,13.08,29.61,9.77,0.0
"A9021","https://nci-naaccr-zone-design.github.io/louisiana-2020/?address=A9021","Male","Kidney","05yrs","Jefferson","Metairie",24.421,23.2,25.642,99628,35.31,33.545,37.076,17109,20.944,19.896,21.991,60074,13.08,29.61,9.77,0.0
"A9021","https://nci-naaccr-zone-design.github.io/louisiana-2020/?address=A9021","Both","NHL","05yrs","Jefferson","Metairie",14.568,13.839,15.296,207160,24.297,23.082,25.511,35926,20.314,19.298,21.329,60074,13.08,29.61,9.77,0.0
"A9021","https://nci-naaccr-zone-design.github.io/louisiana-2020/?address=A9021","Female","NHL","05yrs","Jefferson","Metairie",15.466,14.693,16.24,107532,13.587,12.907,14.266,18817,"","","",60074,13.08,29.61,9.77,0.0
"A9021","https://nci-naaccr-zone-design.github.io/louisiana-2020/?address=A9021","Male","NHL","05yrs","Jefferson","Metairie",32.803,31.163,34.443,99628,28.115,26.709,29.521,17109,"","","",60074,13.08,29.61,9.77,0.0
"A9021","https://nci-naaccr-zone-design.github.io/louisiana-2020/?address=A9021","Both","Urinary","05yrs","Jefferson","Metairie",21.776,20.687,22.865,207160,23.305,22.14,24.471,35926,16.086,15.282,16.89,60074,13.08,29.61,9.77,0.0
"A9021","https://nci-naaccr-zone-design.github.io/louisiana-2020/?address=A9021","Female","Urinary","05yrs","Jefferson","Metairie",6.351,6.033,6.668,107532,7.136,6.779,7.492,18817,"","","",60074,13.08,29.61,9.77,0.0
"A9021","https://nci-naaccr-zone-design.github.io/louisiana-2020/?address=A9021","Male","Urinary","05yrs","Jefferson","Metairie",39.361,37.393,41.33,99628,42.355,40.238,44.473,17109,38.687,36.753,40.621,60074,13.08,29.61,9.77,0.0
"A9021","https://nci-naaccr-zone-design.github.io/louisiana-2020/?address=A9021","Both","Mela","05yrs","Jefferson","Metairie",16.947,16.099,17.794,207160,28.408,26.987,29.828,35926,23.643,22.461,24.825,60074,13.08,29.61,9.77,0.0
"A9021","https://nci-naaccr-zone-design.github.io/louisiana-2020/?address=A9021","Female","Mela","05yrs","Jefferson","Metairie",16.412,15.591,17.233,107532,15.149,14.392,15.907,18817,20.96,19.912,22.008,60074,13.08,29.61,9.77,0.0
"A9021","https://nci-naaccr-zone-design.github.io/louisiana-2020/?address=A9021","Male","Mela","05yrs","Jefferson","Metairie",18.724,17.788,19.66,99628,8.405,7.985,8.826,17109,"","","",60074,13.08,29.61,9.77,0.0
"A9021","https://nci-naaccr-zone-design.github.io/louisiana-2020/?address=A9021","Both","Pancreas","05yrs","Jefferson","Metairie",18.132,17.225,19.038,207160,13.2,12.54,13.86,35926,11.769,11.18,12.357,60074,13.08,29.61,9.77,0.0
"A9021","https://nci-naaccr-zone-design.github.io/louisiana-2020/?address=A9021","Female","Pancreas","05yrs","Jefferson","Metairie",13.218,12.557,13.879,107532,14.351,13.634,15.069,18817,"","","",60074,13.08,29.61,9.77,0.0
"A9021","https://nci-naaccr-zone-design.github.io/louisiana-2020/?address=A9021","Male","Pancreas","05yrs","Jefferson","Metairie",18.517,17.591,19.442,99628,9.806,9.316,10.296,17109,"","","",60074,13.08,29.61,9.77,0.0
"A9021","https://nci-naaccr-zone-design.github.io/louisiana-2020/?address=A9021","Both","Leuks","05yrs","Jefferson","Metairie",11.891,11.297,12.486,207160,13.239,12.577,13.9,35926,17.383,16.513,18.252,60074,13.08,29.61,9.77,0.0
"A9021","https://nci-naaccr-zone-design.github.io/louisiana-2020/?address=A9021","Female","Leuks","05yrs","Jefferson","Metairie",8.219,7.808,8.63,107532,12.196,11.587,12.806,18817,"","","",60074,13.08,29.61,9.77,0.0
"A9021","https://nci-naaccr-zone-design.github.io/louisiana-2020/?address=A9021","Male","Leuks","05yrs","Jefferson","Metairie",22.909,21.764,24.055,99628,25.375,24.106,26.644,17109,"","","",60074,13.08,29.61,9.77,0.0
"A9021","https://nci-naaccr-zone-design.github.io/louisiana-2020/?address=A9021","Both","Oral","05yrs","Jefferson","Metairie",16.489,15.665,17.314,207160,15.056,14.303,15.808,35926,12.066,11.463,12.67,60074,13.08,29.61,9.77,0.0
"A9021","https://nci-naaccr-zone-design.github.io/louisiana-2020/?address=A9021","Female","Oral","05yrs","Jefferson","Metairie",9.02,8.569,9.471,107532,9.141,8.684,9.598,18817,"","","",60074,13.08,29.61,9.77,0.0
"A9021","https://nci-naaccr-zone-design.github.io/louisiana-2020/?address=A9021","Male","Oral","05yrs","Jefferson","Metairie",18.011,17.111,18.912,99628,20.593,19.563,21.622,17109,"","","",60074,13.08,29.61,9.77,0.0
"A9021","https://nci-naaccr-zone-design.github.io/louisiana-2020/?address=A9021","Both","Thyroid","05yrs","Jefferson","Metairie",7.574,7.196,7.953,207160,16.224,15.413,17.035,35926,17.273,16.41,18.137,60074,13.08,29.61,9.77,0.0
"A9021","https://nci-naaccr-zone-design.github.io/louisiana-2020/?address=A9021","Female","Thyroid","05yrs","Jefferson","Metairie",25.744,24.457,27.031,107532,18.326,17.409,19.242,18817,21.621,20.54,22.702,60074,13.08,29.61,9.77,0.0
"A9021","https://nci-naaccr-zone-design.github.io/louisiana-2020/?address=A9021","Male","Thyroid","05yrs","Jefferson","Metairie",8.512,8.087,8.938,99628,7.671,7.288,8.055,17109,"","","",60074,13.08,29.61,9.77,0.0
"A9021","https://nci-naaccr-zone-design.github.io/louisiana-2020/?address=A9021","Female","Uterine","05yrs","Jefferson","Metairie",12.656,12.023,13.288,107532,17.451,16.579,18.324,18817,"","","",60074,13.08,29.61,9.77,0.0
"A9021","https://nci-naaccr-zone-design.github.io/louisiana-2020/?address=A9021","Both","Liver","05yrs","Jefferson","Metairie",13.04,12.388,13.692,207160,5.998,5.698,6.298,35926,10.111,9.606,10.617,60074,13.08,29.61,9.77,0.0
"A9021","https://nci-naaccr-zone-design.github.io/louisiana-2020/?address=A9021","Female","Liver","05yrs","Jefferson","Metairie",3.025,2.874,3.176,107532,4.552,4.324,4.78,18817,"","","",60074,13.08,29.61,9.77,0.0
"A9021","https://nci-naaccr-zone-design.github.io/louisiana-2020/?address=A9021","Male","Liver","05yrs","Jefferson","Metairie",10.138,9.631,10.645,99628,8.18,7.771,8.589,17109,"","","",60074,13.08,29.61,9.77,0.0
"A9021","https://nci-naaccr-zone-design.github.io/louisiana-2020/?address=A9021","Both","Stomach","05yrs","Jefferson","Metairie",8.769,8.33,9.207,207160,11.519,10.943,12.095,35926,"","","",60074,13.08,29.61,9.77,0.0
"A9021","https://nci-naaccr-zone-design.github.io/louisiana-2020/?address=A9021","Female","Stomach","05yrs","Jefferson","Metairie",9.731,9.245,10.218,107532,5.29,5.026,5.555,18817,"","","",60074,13.08,29.61,9.77,0.0
"A9021","https://nci-naaccr-zone-design.github.io/louisiana-2020/?address=A9021","Male","Stomach","05yrs","Jefferson","Metairie",13.235,12.573,13.896,99628,9.637,9.155,10.118,17109,"","","",60074,13.08,29.61,9.77,0.0
"A9021","https://nci-naaccr-zone-design.github.io/louisiana-2020/?address=A9021","Both","Myeloma","05yrs","Jefferson","Metairie",7.3,6.935,7.665,207160,13.908,13.212,14.603,35926,14.869,14.126,15.613,60074,13.08,29.61,9.77,0.0
"A9021","https://nci-naaccr-zone-design.github.io/louisiana-2020/?address=A9021","Female","Myeloma","05yrs","Jefferson","Metairie",5.792,5.502,6.081,107532,3.909,3.713,4.104,18817,"","","",60074,13.08,29.61,9.77,0.0
"A9021","https://nci-naaccr-zone-design.github.io/louisiana-2020/?address=A9021","Male","Myeloma","05yrs","Jefferson","Metairie",15.892,15.097,16.686,99628,7.642,7.26,8.024,17109,"","","",60074,13.08,29.61,9.77,0.0
"A9021","https://nci-naaccr-zone-design.github.io/louisiana-2020/?address=A9021","Both","Brain","05yrs","Jefferson","Metairie",5.528,5.251,5.804,207160,7.189,6.829,7.548,35926,"","","",60074,13.08,29.61,9.77,0.0
"A9021","https://nci-naaccr-zone-design.github.io/louisiana-2020/?address=A9021","Female","Brain","05yrs","Jefferson","Metairie",6.142,5.835,6.449,107532,5.129,4.872,5.385,18817,"","","",60074,13.08,29.61,9.77,0.0
"A9021","https://nci-naaccr-zone-design.github.io/louisiana-2020/?address=A9021","Male","Brain","05yrs","Jefferson","Metairie",9.916,9.42,10.411,99628,6.602,6.272,6.932,17109,"","","",60074,13.08,29.61,9.77,0.0
"A9021","https://nci-naaccr-zone-design.github.io/louisiana-2020/?address=A9021","Both","Larynx","05yrs","Jefferson","Metairie",7.22,6.859,7.581,207160,5.517,5.241,5.793,35926,9.041,8.589,9.493,60074,13.08,29.61,9.77,0.0
"A9021","https://nci-naaccr-zone-design.github.io/louisiana-2020/?address=A9021","Female","Larynx","05yrs","Jefferson","Metairie",3.361,3.193,3.529,107532,"","","",18817,"","","",60074,13.08,29.61,9.77,0.0
"A9021","https://nci-naaccr-zone-design.github.io/louisiana-2020/?address=A9021","Male","Larynx","05yrs","Jefferson","Metairie",9.306,8.84,9.771,99628,10.281,9.767,10.795,17109,"","","",60074,13.08,29.61,9.77,0.0
"A9021","https://nci-naaccr-zone-design.github.io/louisiana-2020/?address=A9021","Female","Ovary","05yrs","Jefferson","Metairie",12.158,11.55,12.766,107532,14.33,13.613,15.046,18817,"","","",60074,13.08,29.61,9.77,0.0
"A9021","https://nci-naaccr-zone-design.github.io/louisiana-2020/?address=A9021","Both","Esoph","05yrs","Jefferson","Metairie",7.696,7.311,8.081,207160,5.47,5.196,5.743,35926,"","","",60074,13.08,29.61,9.77,0.0
"A9021","https://nci-naaccr-zone-design.github.io/louisiana-2020/?address=A9021","Female","Esoph","05yrs","Jefferson","Metairie","","","",107532,"","","",18817,"","","",60074,13.08,29.61,9.77,0.0
"A9021","https://nci-naaccr-zone-design.github.io/louisiana-2020/?address=A9021","Male","Esoph","05yrs","Jefferson","Metairie",9.557,9.079,10.035,99628,9.571,9.092,10.049,17109,"","","",60074,13.08,29.61,9.77,0.0
"A9021","https://nci-naaccr-zone-design.github.io/louisiana-2020/?address=A9021","Both","AllSite","10yrs","Jefferson","Metairie",477.76,453.872,501.648,426674,484.864,460.621,509.108,65428,479.525,455.549,503.502,60074,13.08,29.61,9.77,0.0
"A9021","https://nci-naaccr-zone-design.github.io/louisiana-2020/?address=A9021","Female","AllSite","10yrs","Jefferson","Metairie",416.228,395.417,437.04,221749,454.126,431.42,476.833,34248,400.306,380.291,420.322,60074,13.08,29.61,9.77,0.0
"A9021","https://nci-naaccr-zone-design.github.io/louisiana-2020/?address=A9021","Male","AllSite","10yrs","Jefferson","Metairie",658.531,625.605,691.458,204925,542.249,515.137,569.362,31180,559.195,531.235,587.155,60074,13.08,29.61,9.77,0.0
"A9021","https://nci-naaccr-zone-design.github.io/louisiana-2020/?address=A9021","Male","Prostate","10yrs","Jefferson","Metairie",174.165,165.457,182.873,204925,196.428,186.606,206.249,31180,160.869,152.825,168.912,60074,13.08,29.61,9.77,0.0
"A9021","https://nci-naaccr-zone-design.github.io/louisiana-2020/?address=A9021","Both","Lung","10yrs","Jefferson","Metairie",65.168,61.909,68.426,426674,67.285,63.921,70.65,65428,67.864,64.471,71.257,60074,13.08,29.61,9.77,0.0
"A9021","https://nci-naaccr-zone-design.github.io/louisiana-2020/?address=A9021","Female","Lung","10yrs","Jefferson","Metairie",66.202,62.892,69.512,221749,44.485,42.261,46.71,34248,71.98,68.381,75.579,60074,13.08,29.61,9.77,0.0
"A9021","https://nci-naaccr-zone-design.github.io/louisiana-2020/?address=A9021","Male","Lung","10yrs","Jefferson","Metairie",105.38,100.111,110.649,204925,104.215,99.005,109.426,31180,95.583,90.804,100.363,60074,13.08,29.61,9.77,0.0
"A9021","https://nci-naaccr-zone-design.github.io/louisiana-2020/?address=A9021","Female","Breast","10yrs","Jefferson","Metairie",113.867,108.173,119.56,221749,102.994,97.845,108.144,34248,123.114,116.959,129.27,60074,13.08,29.61,9.77,0.0
"A9021","https://nci-naaccr-zone-design.github.io/louisiana-2020/?address=A9021","Both","CRC","10yrs","Jefferson","Metairie",45.538,43.261,47.814,426674,39.324,37.358,41.29,65428,52.849,50.206,55.491,60074,13.08,29.61,9.77,0.0
"A9021","https://nci-naaccr-zone-design.github.io/louisiana-2020/?address=A9021","Female","CRC","10yrs","Jefferson","Metairie",49.839,47.347,52.33,221749,39.819,37.828,41.81,34248,51.358,48.79,53.926,60074,13.08,29.61,9.77,0.0
"A9021","https://nci-naaccr-zone-design.github.io/louisiana-2020/?address=A9021","Male","CRC","10yrs","Jefferson","Metairie",42.382,40.263,44.501,204925,37.529,35.653,39.406,31180,55.078,52.324,57.832,60074,13.08,29.61,9.77,0.0
"A9021","https://nci-naaccr-zone-design.github.io/louisiana-2020/?address=A9021","Both","Kidney","10yrs","Jefferson","Metairie",19.494,18.519,20.469,426674,15.22,14.459,15.981,65428,16.135,15.328,16.942,60074,13.08,29.61,9.77,0.0
"A9021","https://nci-naaccr-zone-design.github.io/louisiana-2020/?address=A9021","Female","Kidney","10yrs","Jefferson","Metairie",21.849,20.757,22.942,221749,14.554,13.826,15.282,34248,9.497,9.022,9.972,60074,13.08,29.61,9.77,0.0
"A9021","https://nci-naaccr-zone-design.github.io/louisiana-2020/?address=A9021","Male","Kidney","10yrs","Jefferson","Metairie",35.122,33.366,36.878,204925,35.471,33.697,37.244,31180,26.999,25.649,28.348,60074,13.08,29.61,9.77,0.0
"A9021","https://nci-naaccr-zone-design.github.io/louisiana-2020/?address=A9021","Both","NHL","10yrs","Jefferson","Metairie",20.527,19.501,21.554,426674,16.596,15.766,17.426,65428,19.671,18.688,20.655,60074,13.08,29.61,9.77,0.0
"A9021","https://nci-naaccr-zone-design.github.io/louisiana-2020/?address=A9021","Female","NHL","10yrs","Jefferson","Metairie",18.711,17.775,19.646,221749,21.303,20.238,22.368,34248,19.131,18.174,20.088,60074,13.08,29.61,9.77,0.0
"A9021","https://nci-naaccr-zone-design.github.io/louisiana-2020/?address=A9021","Male","NHL","10yrs","Jefferson","Metairie",19.784,18.795,20.773,204925,21.561,20.483,22.639,31180,25.193,23.933,26.453,60074,13.08,29.61,9.77,0.0
"A9021","https://nci-naaccr-zone-design.github.io/louisiana-2020/?address=A9021","Both","Urinary","10yrs","Jefferson","Metairie",25.763,24.475,27.052,426674,15.203,14.442,15.963,65428,15.954,15.156,16.751,60074,13.08,29.61,9.77,0.0
"A9021","https://nci-naaccr-zone-design.github.io/louisiana-2020/?address=A9021","Female","Urinary","10yrs","Jefferson","Metairie",13.742,13.055,14.429,221749,5.267,5.004,5.531,34248,6.958,6.61,7.305,60074,13.08,29.61,9.77,0.0
"A9021","https://nci-naaccr-zone-design.github.io/louisiana-2020/?address=A9021","Male","Urinary","10yrs","Jefferson","Metairie",45.016,42.765,47.266,204925,38.631,36.699,40.562,31180,44.49,42.266,46.715,60074,13.08,29.61,9.77,0.0
"A9021","https://nci-naaccr-zone-design.github.io/louisiana-2020/?address=A9021","Both","Mela","10yrs","Jefferson","Metairie",8.283,7.869,8.697,426674,16.451,15.629,17.274,65428,7.29,6.925,7.654,60074,13.08,29.61,9.77,0.0
"A9021","https://nci-naaccr-zone-design.github.io/louisiana-2020/?address=A9021","Female","Mela","10yrs","Jefferson","Metairie",5.298,5.033,5.563,221749,4.864,4.621,5.107,34248,20.883,19.839,21.927,60074,13.08,29.61,9.77,0.0
"A9021","https://nci-naaccr-zone-design.github.io/louisiana-2020/?address=A9021","Male","Mela","10yrs","Jefferson","Metairie",5.454,5.181,5.727,204925,32.402,30.782,34.022,31180,37.843,35.951,39.735,60074,13.08,29.61,9.77,0.0
"A9021","https://nci-naaccr-zone-design.github.io/louisiana-2020/?address=A9021","Both","Pancreas","10yrs","Jefferson","Metairie",13.942,13.245,14.639,426674,13.566,12.888,14.244,65428,12.635,12.003,13.267,60074,13.08,29.61,9.77,0.0
"A9021","https://nci-naaccr-zone-design.github.io/louisiana-2020/?address=A9021","Female","Pancreas","10yrs","Jefferson","Metairie",8.741,8.304,9.178,221749,10.064,9.561,10.567,34248,17.254,16.391,18.116,60074,13.08,29.61,9.77,0.0
"A9021","https://nci-naaccr-zone-design.github.io/louisiana-2020/?address=A9021","Male","Pancreas","10yrs","Jefferson","Metairie",11.848,11.255,12.44,204925,14.509,13.784,15.235,31180,12.813,12.173,13.454,60074,13.08,29.61,9.77,0.0
"A9021","https://nci-naaccr-zone-design.github.io/louisiana-2020/?address=A9021","Both","Leuks","10yrs","Jefferson","Metairie",16.907,16.062,17.752,426674,14.003,13.303,14.703,65428,14.991,14.241,15.74,60074,13.08,29.61,9.77,0.0
"A9021","https://nci-naaccr-zone-design.github.io/louisiana-2020/?address=A9021","Female","Leuks","10yrs","Jefferson","Metairie",8.065,7.662,8.469,221749,13.644,12.962,14.326,34248,7.217,6.856,7.578,60074,13.08,29.61,9.77,0.0
"A9021","https://nci-naaccr-zone-design.github.io/louisiana-2020/?address=A9021","Male","Leuks","10yrs","Jefferson","Metairie",8.362,7.944,8.78,204925,23.901,22.706,25.097,31180,16.281,15.467,17.095,60074,13.08,29.61,9.77,0.0
"A9021","https://nci-naaccr-zone-design.github.io/louisiana-2020/?address=A9021","Both","Oral","10yrs","Jefferson","Metairie",13.419,12.748,14.09,426674,8.87,8.427,9.314,65428,8.477,8.053,8.9,60074,13.08,29.61,9.77,0.0
"A9021","https://nci-naaccr-zone-design.github.io/louisiana-2020/?address=A9021","Female","Oral","10yrs","Jefferson","Metairie",5.986,5.687,6.285,221749,6.929,6.583,7.276,34248,6.975,6.627,7.324,60074,13.08,29.61,9.77,0.0
"A9021","https://nci-naaccr-zone-design.github.io/louisiana-2020/?address=A9021","Male","Oral","10yrs","Jefferson","Metairie",26.856,25.513,28.199,204925,10.056,9.553,10.559,31180,13.017,12.366,13.668,60074,13.08,29.61,9.77,0.0
"A9021","https://nci-naaccr-zone-design.github.io/louisiana-2020/?address=A9021","Both","Thyroid","10yrs","Jefferson","Metairie",10.959,10.411,11.506,426674,7.9,7.505,8.295,65428,12.146,11.538,12.753,60074,13.08,29.61,9.77,0.0
"A9021","https://nci-naaccr-zone-design.github.io/louisiana-2020/?address=A9021","Female","Thyroid","10yrs","Jefferson","Metairie",18.072,17.168,18.975,221749,16.167,15.359,16.975,34248,18.151,17.244,19.059,60074,13.08,29.61,9.77,0.0
"A9021","https://nci-naaccr-zone-design.github.io/louisiana-2020/?address=A9021","Male","Thyroid","10yrs","Jefferson","Metairie",8.89,8.446,9.335,204925,8.866,8.423,9.31,31180,8.218,7.807,8.629,60074,13.08,29.61,9.77,0.0
"A9021","https://nci-naaccr-zone-design.github.io/louisiana-2020/?address=A9021","Female","Uterine","10yrs","Jefferson","Metairie",25.581,24.302,26.86,221749,17.489,16.614,18.363,34248,21.322,20.256,22.389,60074,13.08,29.61,9.77,0.0
"A9021","https://nci-naaccr-zone-design.github.io/louisiana-2020/?address=A9021","Both","Liver","10yrs","Jefferson","Metairie",14.833,14.091,15.575,426674,14.699,13.964,15.434,65428,14.934,14.187,15.68,60074,13.08,29.61,9.77,0.0
"A9021","https://nci-naaccr-zone-design.github.io/louisiana-2020/?address=A9021","Female","Liver","10yrs","Jefferson","Metairie",6.141,5.834,6.448,221749,4.141,3.934,4.348,34248,"","","",60074,13.08,29.61,9.77,0.0
"A9021","https://nci-naaccr-zone-design.github.io/louisiana-2020/?address=A9021","Male","Liver","10yrs","Jefferson","Metairie",21.981,20.882,23.08,204925,14.74,14.003,15.476,31180,18.966,18.018,19.915,60074,13.08,29.61,9.77,0.0
"A9021","https://nci-naaccr-zone-design.github.io/louisiana-2020/?address=A9021","Both","Stomach","10yrs","Jefferson","Metairie",7.043,6.69,7.395,426674,4.996,4.746,5.246,65428,4.397,4.177,4.616,60074,13.08,29.61,9.77,0.0
"A9021","https://nci-naaccr-zone-design.github.io/louisiana-2020/?address=A9021","Female","Stomach","10yrs","Jefferson","Metairie",5.227,4.965,5.488,221749,4.11,3.904,4.315,34248,9.806,9.315,10.296,60074,13.08,29.61,9.77,0.0
"A9021","https://nci-naaccr-zone-design.github.io/louisiana-2020/?address=A9021","Male","Stomach","10yrs","Jefferson","Metairie",12.189,11.579,12.798,204925,12.311,11.696,12.927,31180,12.843,12.201,13.485,60074,13.08,29.61,9.77,0.0
"A9021","https://nci-naaccr-zone-design.github.io/louisiana-2020/?address=A9021","Both","Myeloma","10yrs","Jefferson","Metairie",4.885,4.641,5.13,426674,4.619,4.388,4.85,65428,12.201,11.591,12.812,60074,13.08,29.61,9.77,0.0
"A9021","https://nci-naaccr-zone-design.github.io/louisiana-2020/?address=A9021","Female","Myeloma","10yrs","Jefferson","Metairie",4.667,4.434,4.9,221749,10.029,9.527,10.53,34248,6.354,6.037,6.672,60074,13.08,29.61,9.77,0.0
"A9021","https://nci-naaccr-zone-design.github.io/louisiana-2020/?address=A9021","Male","Myeloma","10yrs","Jefferson","Metairie",10.784,10.245,11.323,204925,10.58,10.051,11.109,31180,14.159,13.451,14.867,60074,13.08,29.61,9.77,0.0
"A9021","https://nci-naaccr-zone-design.github.io/louisiana-2020/?address=A9021","Both","Brain","10yrs","Jefferson","Metairie",7.639,7.257,8.021,426674,6.194,5.884,6.503,65428,6.758,6.42,7.096,60074,13.08,29.61,9.77,0.0
"A9021","https://nci-naaccr-zone-design.github.io/louisiana-2020/?address=A9021","Female","Brain","10yrs","Jefferson","Metairie",5.133,4.876,5.39,221749,2.733,2.597,2.87,34248,"","","",60074,13.08,29.61,9.77,0.0
"A9021","https://nci-naaccr-zone-design.github.io/louisiana-2020/?address=A9021","Male","Brain","10yrs","Jefferson","Metairie",9.189,8.729,9.648,204925,8.478,8.054,8.902,31180,9.336,8.869,9.803,60074,13.08,29.61,9.77,0.0
"A9021","https://nci-naaccr-zone-design.github.io/louisiana-2020/?address=A9021","Both","Larynx","10yrs","Jefferson","Metairie",8.067,7.664,8.47,426674,2.747,2.609,2.884,65428,4.005,3.804,4.205,60074,13.08,29.61,9.77,0.0
"A9021","https://nci-naaccr-zone-design.github.io/louisiana-2020/?address=A9021","Female","Larynx","10yrs","Jefferson","Metairie",2.479,2.356,2.603,221749,1.256,1.193,1.318,34248,"","","",60074,13.08,29.61,9.77,0.0
"A9021","https://nci-naaccr-zone-design.github.io/louisiana-2020/?address=A9021","Male","Larynx","10yrs","Jefferson","Metairie",6.839,6.497,7.18,204925,14.905,14.16,15.65,31180,6.128,5.821,6.434,60074,13.08,29.61,9.77,0.0
"A9021","https://nci-naaccr-zone-design.github.io/louisiana-2020/?address=A9021","Female","Ovary","10yrs","Jefferson","Metairie",4.684,4.45,4.919,221749,14.969,14.221,15.718,34248,9.676,9.192,10.16,60074,13.08,29.61,9.77,0.0
"A9021","https://nci-naaccr-zone-design.github.io/louisiana-2020/?address=A9021","Both","Esoph","10yrs","Jefferson","Metairie",5.474,5.2,5.747,426674,3.584,3.404,3.763,65428,5.443,5.171,5.716,60074,13.08,29.61,9.77,0.0
"A9021","https://nci-naaccr-zone-design.github.io/louisiana-2020/?address=A9021","Female","Esoph","10yrs","Jefferson","Metairie","","","",221749,"","","",34248,"","","",60074,13.08,29.61,9.77,0.0
"A9021","https://nci-naaccr-zone-design.github.io/louisiana-2020/?address=A9021","Male","Esoph","10yrs","Jefferson","Metairie",5.482,5.208,5.757,204925,13.829,13.138,14.521,31180,10.053,9.551,10.556,60074,13.08,29.61,9.77,0.0
