"Zone","URL","Sex","Cancer","Years","Counties","Places","AAIR","LCI","UCI","White_PopTot","White_AAIR","White_LCI","White_UCI","Black_PopTot","Black_AAIR","Black_LCI","Black_UCI","TotalPop","Pct100Pov","PctMinority","PctBlackNH","PctRural"
"A9006","https://nci-naaccr-zone-design.github.io/louisiana-2020/?address=A9006","Both","AllSite","05yrs","Ascension","Donaldsonville, Sorrento, Gonzales",437.172,415.313,459.031,178009,462.303,439.187,485.418,98218,509.738,484.251,535.225,54925,14.48,39.38,32.9,17.71
"A9006","https://nci-naaccr-zone-design.github.io/louisiana-2020/?address=A9006","Female","AllSite","05yrs","Ascension","Donaldsonville, Sorrento, Gonzales",372.397,353.777,391.017,89673,363.473,345.299,381.646,51995,456.564,433.736,479.392,54925,14.48,39.38,32.9,17.71
"A9006","https://nci-naaccr-zone-design.github.io/louisiana-2020/?address=A9006","Male","AllSite","05yrs","Ascension","Donaldsonville, Sorrento, Gonzales",617.962,587.064,648.86,88336,680.192,646.182,714.201,46223,673.554,639.877,707.232,54925,14.48,39.38,32.9,17.71
"A9006","https://nci-naaccr-zone-design.github.io/louisiana-2020/?address=A9006","Male","Prostate","05yrs","Ascension","Donaldsonville, Sorrento, Gonzales",125.417,119.146,131.687,88336,165.768,157.48,174.057,46223,202.546,192.419,212.673,54925,14.48,39.38,32.9,17.71
"A9006","https://nci-naaccr-zone-design.github.io/louisiana-2020/?address=A9006","Both","Lung","05yrs","Ascension","Donaldsonville, Sorrento, Gonzales",84.04,79.838,88.242,178009,61.127,58.071,64.184,98218,67.887,64.493,71.281,54925,14.48,39.38,32.9,17.71
"A9006","https://nci-naaccr-zone-design.github.io/louisiana-2020/?address=A9006","Female","Lung","05yrs","Ascension","Donaldsonville, Sorrento, Gonzales",58.182,55.273,61.091,89673,44.691,42.457,46.926,51995,56.366,53.548,59.184,54925,14.48,39.38,32.9,17.71
"A9006","https://nci-naaccr-zone-design.github.io/louisiana-2020/?address=A9006","Male","Lung","05yrs","Ascension","Donaldsonville, Sorrento, Gonzales",58.016,55.115,60.916,88336,114.507,108.781,120.232,46223,53.649,50.967,56.332,54925,14.48,39.38,32.9,17.71
"A9006","https://nci-naaccr-zone-design.github.io/louisiana-2020/?address=A9006","Female","Breast","05yrs","Ascension","Donaldsonville, Sorrento, Gonzales",113.133,107.476,118.789,89673,119.938,113.941,125.935,51995,128.699,122.264,135.134,54925,14.48,39.38,32.9,17.71
"A9006","https://nci-naaccr-zone-design.github.io/louisiana-2020/?address=A9006","Both","CRC","05yrs","Ascension","Donaldsonville, Sorrento, Gonzales",46.983,44.633,49.332,178009,54.497,51.772,57.222,98218,38.288,36.373,40.202,54925,14.48,39.38,32.9,17.71
"A9006","https://nci-naaccr-zone-design.github.io/louisiana-2020/?address=A9006","Female","CRC","05yrs","Ascension","Donaldsonville, Sorrento, Gonzales",36.408,34.588,38.228,89673,33.15,31.493,34.808,51995,40.155,38.147,42.162,54925,14.48,39.38,32.9,17.71
"A9006","https://nci-naaccr-zone-design.github.io/louisiana-2020/?address=A9006","Male","CRC","05yrs","Ascension","Donaldsonville, Sorrento, Gonzales",69.242,65.78,72.705,88336,36.821,34.98,38.663,46223,56.853,54.01,59.695,54925,14.48,39.38,32.9,17.71
"A9006","https://nci-naaccr-zone-design.github.io/louisiana-2020/?address=A9006","Both","Kidney","05yrs","Ascension","Donaldsonville, Sorrento, Gonzales",21.048,19.995,22.1,178009,25.207,23.947,26.467,98218,24.297,23.082,25.512,54925,14.48,39.38,32.9,17.71
"A9006","https://nci-naaccr-zone-design.github.io/louisiana-2020/?address=A9006","Female","Kidney","05yrs","Ascension","Donaldsonville, Sorrento, Gonzales",13.413,12.742,14.084,89673,14.46,13.737,15.183,51995,21.619,20.538,22.7,54925,14.48,39.38,32.9,17.71
"A9006","https://nci-naaccr-zone-design.github.io/louisiana-2020/?address=A9006","Male","Kidney","05yrs","Ascension","Donaldsonville, Sorrento, Gonzales",33.797,32.107,35.487,88336,19.743,18.756,20.731,46223,29.911,28.416,31.407,54925,14.48,39.38,32.9,17.71
"A9006","https://nci-naaccr-zone-design.github.io/louisiana-2020/?address=A9006","Both","NHL","05yrs","Ascension","Donaldsonville, Sorrento, Gonzales",17.894,16.999,18.789,178009,22.717,21.582,23.853,98218,17.005,16.155,17.855,54925,14.48,39.38,32.9,17.71
"A9006","https://nci-naaccr-zone-design.github.io/louisiana-2020/?address=A9006","Female","NHL","05yrs","Ascension","Donaldsonville, Sorrento, Gonzales",20.806,19.766,21.847,89673,9.359,8.891,9.827,51995,15.174,14.415,15.933,54925,14.48,39.38,32.9,17.71
"A9006","https://nci-naaccr-zone-design.github.io/louisiana-2020/?address=A9006","Male","NHL","05yrs","Ascension","Donaldsonville, Sorrento, Gonzales",32.421,30.8,34.042,88336,15.798,15.008,16.588,46223,30.869,29.326,32.413,54925,14.48,39.38,32.9,17.71
"A9006","https://nci-naaccr-zone-design.github.io/louisiana-2020/?address=A9006","Both","Urinary","05yrs","Ascension","Donaldsonville, Sorrento, Gonzales",15.239,14.477,16.001,178009,23.262,22.099,24.425,98218,21.452,20.379,22.524,54925,14.48,39.38,32.9,17.71
"A9006","https://nci-naaccr-zone-design.github.io/louisiana-2020/?address=A9006","Female","Urinary","05yrs","Ascension","Donaldsonville, Sorrento, Gonzales",10.834,10.293,11.376,89673,8.923,8.477,9.369,51995,11.467,10.893,12.04,54925,14.48,39.38,32.9,17.71
"A9006","https://nci-naaccr-zone-design.github.io/louisiana-2020/?address=A9006","Male","Urinary","05yrs","Ascension","Donaldsonville, Sorrento, Gonzales",47.83,45.439,50.222,88336,37.61,35.729,39.49,46223,46.083,43.779,48.387,54925,14.48,39.38,32.9,17.71
"A9006","https://nci-naaccr-zone-design.github.io/louisiana-2020/?address=A9006","Both","Mela","05yrs","Ascension","Donaldsonville, Sorrento, Gonzales",21.494,20.419,22.569,178009,19.817,18.826,20.808,98218,26.813,25.472,28.153,54925,14.48,39.38,32.9,17.71
"A9006","https://nci-naaccr-zone-design.github.io/louisiana-2020/?address=A9006","Female","Mela","05yrs","Ascension","Donaldsonville, Sorrento, Gonzales",14.025,13.324,14.726,89673,14.56,13.832,15.288,51995,20.454,19.432,21.477,54925,14.48,39.38,32.9,17.71
"A9006","https://nci-naaccr-zone-design.github.io/louisiana-2020/?address=A9006","Male","Mela","05yrs","Ascension","Donaldsonville, Sorrento, Gonzales",31.373,29.805,32.942,88336,14.28,13.566,14.994,46223,33.49,31.816,35.165,54925,14.48,39.38,32.9,17.71
"A9006","https://nci-naaccr-zone-design.github.io/louisiana-2020/?address=A9006","Both","Pancreas","05yrs","Ascension","Donaldsonville, Sorrento, Gonzales",12.254,11.642,12.867,178009,13.616,12.935,14.297,98218,11.712,11.126,12.298,54925,14.48,39.38,32.9,17.71
"A9006","https://nci-naaccr-zone-design.github.io/louisiana-2020/?address=A9006","Female","Pancreas","05yrs","Ascension","Donaldsonville, Sorrento, Gonzales",11.843,11.251,12.435,89673,14.462,13.739,15.185,51995,14.561,13.833,15.289,54925,14.48,39.38,32.9,17.71
"A9006","https://nci-naaccr-zone-design.github.io/louisiana-2020/?address=A9006","Male","Pancreas","05yrs","Ascension","Donaldsonville, Sorrento, Gonzales",20.379,19.36,21.398,88336,14.924,14.178,15.67,46223,17.639,16.757,18.521,54925,14.48,39.38,32.9,17.71
"A9006","https://nci-naaccr-zone-design.github.io/louisiana-2020/?address=A9006","Both","Leuks","05yrs","Ascension","Donaldsonville, Sorrento, Gonzales",16.206,15.396,17.016,178009,14.697,13.962,15.432,98218,17.719,16.833,18.605,54925,14.48,39.38,32.9,17.71
"A9006","https://nci-naaccr-zone-design.github.io/louisiana-2020/?address=A9006","Female","Leuks","05yrs","Ascension","Donaldsonville, Sorrento, Gonzales",8.752,8.314,9.189,89673,9.677,9.193,10.161,51995,7.076,6.722,7.43,54925,14.48,39.38,32.9,17.71
"A9006","https://nci-naaccr-zone-design.github.io/louisiana-2020/?address=A9006","Male","Leuks","05yrs","Ascension","Donaldsonville, Sorrento, Gonzales",18.945,17.998,19.893,88336,13.889,13.194,14.583,46223,20.415,19.394,21.436,54925,14.48,39.38,32.9,17.71
"A9006","https://nci-naaccr-zone-design.github.io/louisiana-2020/?address=A9006","Both","Oral","05yrs","Ascension","Donaldsonville, Sorrento, Gonzales",9.09,8.635,9.544,178009,13.269,12.605,13.932,98218,11.864,11.271,12.457,54925,14.48,39.38,32.9,17.71
"A9006","https://nci-naaccr-zone-design.github.io/louisiana-2020/?address=A9006","Female","Oral","05yrs","Ascension","Donaldsonville, Sorrento, Gonzales",2.471,2.347,2.594,89673,7.355,6.987,7.723,51995,"","","",54925,14.48,39.38,32.9,17.71
"A9006","https://nci-naaccr-zone-design.github.io/louisiana-2020/?address=A9006","Male","Oral","05yrs","Ascension","Donaldsonville, Sorrento, Gonzales",24.806,23.565,26.046,88336,26.105,24.799,27.41,46223,17.854,16.961,18.747,54925,14.48,39.38,32.9,17.71
"A9006","https://nci-naaccr-zone-design.github.io/louisiana-2020/?address=A9006","Both","Thyroid","05yrs","Ascension","Donaldsonville, Sorrento, Gonzales",17.008,16.157,17.858,178009,8.307,7.892,8.723,98218,17.698,16.813,18.583,54925,14.48,39.38,32.9,17.71
"A9006","https://nci-naaccr-zone-design.github.io/louisiana-2020/?address=A9006","Female","Thyroid","05yrs","Ascension","Donaldsonville, Sorrento, Gonzales",16.186,15.377,16.995,89673,15.07,14.317,15.824,51995,11.969,11.371,12.568,54925,14.48,39.38,32.9,17.71
"A9006","https://nci-naaccr-zone-design.github.io/louisiana-2020/?address=A9006","Male","Thyroid","05yrs","Ascension","Donaldsonville, Sorrento, Gonzales",8.077,7.673,8.481,88336,6.267,5.953,6.58,46223,7.033,6.681,7.385,54925,14.48,39.38,32.9,17.71
"A9006","https://nci-naaccr-zone-design.github.io/louisiana-2020/?address=A9006","Female","Uterine","05yrs","Ascension","Donaldsonville, Sorrento, Gonzales",13.183,12.524,13.843,89673,15.033,14.281,15.784,51995,21.834,20.743,22.926,54925,14.48,39.38,32.9,17.71
"A9006","https://nci-naaccr-zone-design.github.io/louisiana-2020/?address=A9006","Both","Liver","05yrs","Ascension","Donaldsonville, Sorrento, Gonzales",11.042,10.49,11.594,178009,10.98,10.431,11.529,98218,8.013,7.612,8.413,54925,14.48,39.38,32.9,17.71
"A9006","https://nci-naaccr-zone-design.github.io/louisiana-2020/?address=A9006","Female","Liver","05yrs","Ascension","Donaldsonville, Sorrento, Gonzales",3.402,3.232,3.572,89673,"","","",51995,"","","",54925,14.48,39.38,32.9,17.71
"A9006","https://nci-naaccr-zone-design.github.io/louisiana-2020/?address=A9006","Male","Liver","05yrs","Ascension","Donaldsonville, Sorrento, Gonzales",10.201,9.691,10.711,88336,18.209,17.299,19.12,46223,16.441,15.619,17.263,54925,14.48,39.38,32.9,17.71
"A9006","https://nci-naaccr-zone-design.github.io/louisiana-2020/?address=A9006","Both","Stomach","05yrs","Ascension","Donaldsonville, Sorrento, Gonzales",5.537,5.26,5.814,178009,7.769,7.381,8.158,98218,5.477,5.203,5.751,54925,14.48,39.38,32.9,17.71
"A9006","https://nci-naaccr-zone-design.github.io/louisiana-2020/?address=A9006","Female","Stomach","05yrs","Ascension","Donaldsonville, Sorrento, Gonzales",4.624,4.393,4.855,89673,9.276,8.812,9.74,51995,"","","",54925,14.48,39.38,32.9,17.71
"A9006","https://nci-naaccr-zone-design.github.io/louisiana-2020/?address=A9006","Male","Stomach","05yrs","Ascension","Donaldsonville, Sorrento, Gonzales",12.051,11.449,12.654,88336,15.926,15.129,16.722,46223,10.643,10.111,11.175,54925,14.48,39.38,32.9,17.71
"A9006","https://nci-naaccr-zone-design.github.io/louisiana-2020/?address=A9006","Both","Myeloma","05yrs","Ascension","Donaldsonville, Sorrento, Gonzales",7.917,7.521,8.313,178009,8.201,7.791,8.611,98218,4.362,4.144,4.58,54925,14.48,39.38,32.9,17.71
"A9006","https://nci-naaccr-zone-design.github.io/louisiana-2020/?address=A9006","Female","Myeloma","05yrs","Ascension","Donaldsonville, Sorrento, Gonzales",5.198,4.938,5.458,89673,12.194,11.584,12.803,51995,9.55,9.072,10.027,54925,14.48,39.38,32.9,17.71
"A9006","https://nci-naaccr-zone-design.github.io/louisiana-2020/?address=A9006","Male","Myeloma","05yrs","Ascension","Donaldsonville, Sorrento, Gonzales",7.037,6.685,7.389,88336,17.125,16.269,17.981,46223,11.362,10.794,11.931,54925,14.48,39.38,32.9,17.71
"A9006","https://nci-naaccr-zone-design.github.io/louisiana-2020/?address=A9006","Both","Brain","05yrs","Ascension","Donaldsonville, Sorrento, Gonzales",8.039,7.637,8.441,178009,5.514,5.238,5.789,98218,5.665,5.382,5.949,54925,14.48,39.38,32.9,17.71
"A9006","https://nci-naaccr-zone-design.github.io/louisiana-2020/?address=A9006","Female","Brain","05yrs","Ascension","Donaldsonville, Sorrento, Gonzales",5.02,4.769,5.271,89673,7.276,6.912,7.64,51995,"","","",54925,14.48,39.38,32.9,17.71
"A9006","https://nci-naaccr-zone-design.github.io/louisiana-2020/?address=A9006","Male","Brain","05yrs","Ascension","Donaldsonville, Sorrento, Gonzales",8.272,7.859,8.686,88336,8.6,8.17,9.03,46223,11.373,10.805,11.942,54925,14.48,39.38,32.9,17.71
"A9006","https://nci-naaccr-zone-design.github.io/louisiana-2020/?address=A9006","Both","Larynx","05yrs","Ascension","Donaldsonville, Sorrento, Gonzales",8.039,7.637,8.441,178009,6.075,5.772,6.379,98218,9.034,8.582,9.486,54925,14.48,39.38,32.9,17.71
"A9006","https://nci-naaccr-zone-design.github.io/louisiana-2020/?address=A9006","Female","Larynx","05yrs","Ascension","Donaldsonville, Sorrento, Gonzales","","","",89673,"","","",51995,"","","",54925,14.48,39.38,32.9,17.71
"A9006","https://nci-naaccr-zone-design.github.io/louisiana-2020/?address=A9006","Male","Larynx","05yrs","Ascension","Donaldsonville, Sorrento, Gonzales",6.075,5.771,6.379,88336,15.197,14.438,15.957,46223,14.611,13.88,15.341,54925,14.48,39.38,32.9,17.71
"A9006","https://nci-naaccr-zone-design.github.io/louisiana-2020/?address=A9006","Female","Ovary","05yrs","Ascension","Donaldsonville, Sorrento, Gonzales",7.393,7.023,7.762,89673,5.064,4.81,5.317,51995,8.566,8.138,8.994,54925,14.48,39.38,32.9,17.71
"A9006","https://nci-naaccr-zone-design.github.io/louisiana-2020/?address=A9006","Both","Esoph","05yrs","Ascension","Donaldsonville, Sorrento, Gonzales",7.089,6.735,7.444,178009,2.938,2.791,3.085,98218,6.387,6.068,6.706,54925,14.48,39.38,32.9,17.71
"A9006","https://nci-naaccr-zone-design.github.io/louisiana-2020/?address=A9006","Female","Esoph","05yrs","Ascension","Donaldsonville, Sorrento, Gonzales",3.649,3.466,3.831,89673,"","","",51995,"","","",54925,14.48,39.38,32.9,17.71
"A9006","https://nci-naaccr-zone-design.github.io/louisiana-2020/?address=A9006","Male","Esoph","05yrs","Ascension","Donaldsonville, Sorrento, Gonzales",9.552,9.075,10.03,88336,10.219,9.708,10.73,46223,"","","",54925,14.48,39.38,32.9,17.71
"A9006","https://nci-naaccr-zone-design.github.io/louisiana-2020/?address=A9006","Both","AllSite","10yrs","Ascension","Donaldsonville, Sorrento, Gonzales",494.127,469.421,518.834,343085,487.385,463.016,511.754,185240,535.86,509.067,562.652,54925,14.48,39.38,32.9,17.71
"A9006","https://nci-naaccr-zone-design.github.io/louisiana-2020/?address=A9006","Female","AllSite","10yrs","Ascension","Donaldsonville, Sorrento, Gonzales",434.158,412.45,455.866,173029,391.629,372.047,411.21,98275,391.014,371.463,410.564,54925,14.48,39.38,32.9,17.71
"A9006","https://nci-naaccr-zone-design.github.io/louisiana-2020/?address=A9006","Male","AllSite","10yrs","Ascension","Donaldsonville, Sorrento, Gonzales",582.42,553.299,611.541,170056,674.127,640.421,707.833,86965,670.595,637.065,704.125,54925,14.48,39.38,32.9,17.71
"A9006","https://nci-naaccr-zone-design.github.io/louisiana-2020/?address=A9006","Male","Prostate","10yrs","Ascension","Donaldsonville, Sorrento, Gonzales",144.55,137.323,151.778,170056,128.263,121.85,134.676,86965,181.334,172.267,190.401,54925,14.48,39.38,32.9,17.71
"A9006","https://nci-naaccr-zone-design.github.io/louisiana-2020/?address=A9006","Both","Lung","10yrs","Ascension","Donaldsonville, Sorrento, Gonzales",71.601,68.021,75.181,343085,57.667,54.783,60.55,185240,62.055,58.952,65.158,54925,14.48,39.38,32.9,17.71
"A9006","https://nci-naaccr-zone-design.github.io/louisiana-2020/?address=A9006","Female","Lung","10yrs","Ascension","Donaldsonville, Sorrento, Gonzales",66.491,63.167,69.816,173029,55.213,52.452,57.974,98275,64.184,60.974,67.393,54925,14.48,39.38,32.9,17.71
"A9006","https://nci-naaccr-zone-design.github.io/louisiana-2020/?address=A9006","Male","Lung","10yrs","Ascension","Donaldsonville, Sorrento, Gonzales",96.032,91.23,100.833,170056,64.049,60.847,67.252,86965,113.779,108.09,119.468,54925,14.48,39.38,32.9,17.71
"A9006","https://nci-naaccr-zone-design.github.io/louisiana-2020/?address=A9006","Female","Breast","10yrs","Ascension","Donaldsonville, Sorrento, Gonzales",115.944,110.147,121.741,173029,113.557,107.88,119.235,98275,116.824,110.983,122.665,54925,14.48,39.38,32.9,17.71
"A9006","https://nci-naaccr-zone-design.github.io/louisiana-2020/?address=A9006","Both","CRC","10yrs","Ascension","Donaldsonville, Sorrento, Gonzales",47.9,45.505,50.295,343085,53.827,51.136,56.519,185240,48.52,46.094,50.946,54925,14.48,39.38,32.9,17.71
"A9006","https://nci-naaccr-zone-design.github.io/louisiana-2020/?address=A9006","Female","CRC","10yrs","Ascension","Donaldsonville, Sorrento, Gonzales",50.338,47.821,52.855,173029,49.285,46.821,51.75,98275,31.032,29.48,32.584,54925,14.48,39.38,32.9,17.71
"A9006","https://nci-naaccr-zone-design.github.io/louisiana-2020/?address=A9006","Male","CRC","10yrs","Ascension","Donaldsonville, Sorrento, Gonzales",40.426,38.404,42.447,170056,53.852,51.16,56.545,86965,61.623,58.542,64.704,54925,14.48,39.38,32.9,17.71
"A9006","https://nci-naaccr-zone-design.github.io/louisiana-2020/?address=A9006","Both","Kidney","10yrs","Ascension","Donaldsonville, Sorrento, Gonzales",19.322,18.356,20.288,343085,15.093,14.338,15.847,185240,23.938,22.741,25.135,54925,14.48,39.38,32.9,17.71
"A9006","https://nci-naaccr-zone-design.github.io/louisiana-2020/?address=A9006","Female","Kidney","10yrs","Ascension","Donaldsonville, Sorrento, Gonzales",18.476,17.552,19.4,173029,19.845,18.853,20.838,98275,13.938,13.241,14.635,54925,14.48,39.38,32.9,17.71
"A9006","https://nci-naaccr-zone-design.github.io/louisiana-2020/?address=A9006","Male","Kidney","10yrs","Ascension","Donaldsonville, Sorrento, Gonzales",36.379,34.56,38.197,170056,18.033,17.131,18.934,86965,21.134,20.077,22.191,54925,14.48,39.38,32.9,17.71
"A9006","https://nci-naaccr-zone-design.github.io/louisiana-2020/?address=A9006","Both","NHL","10yrs","Ascension","Donaldsonville, Sorrento, Gonzales",18.296,17.381,19.21,343085,19.845,18.853,20.837,185240,19.178,18.219,20.137,54925,14.48,39.38,32.9,17.71
"A9006","https://nci-naaccr-zone-design.github.io/louisiana-2020/?address=A9006","Female","NHL","10yrs","Ascension","Donaldsonville, Sorrento, Gonzales",19.552,18.574,20.529,173029,21.191,20.131,22.25,98275,9.984,9.485,10.483,54925,14.48,39.38,32.9,17.71
"A9006","https://nci-naaccr-zone-design.github.io/louisiana-2020/?address=A9006","Male","NHL","10yrs","Ascension","Donaldsonville, Sorrento, Gonzales",18.088,17.184,18.992,170056,33.347,31.68,35.015,86965,33.095,31.44,34.749,54925,14.48,39.38,32.9,17.71
"A9006","https://nci-naaccr-zone-design.github.io/louisiana-2020/?address=A9006","Both","Urinary","10yrs","Ascension","Donaldsonville, Sorrento, Gonzales",19.892,18.897,20.886,343085,14.932,14.185,15.678,185240,24.716,23.48,25.951,54925,14.48,39.38,32.9,17.71
"A9006","https://nci-naaccr-zone-design.github.io/louisiana-2020/?address=A9006","Female","Urinary","10yrs","Ascension","Donaldsonville, Sorrento, Gonzales",9.973,9.474,10.472,173029,11.575,10.996,12.153,98275,8.29,7.875,8.704,54925,14.48,39.38,32.9,17.71
"A9006","https://nci-naaccr-zone-design.github.io/louisiana-2020/?address=A9006","Male","Urinary","10yrs","Ascension","Donaldsonville, Sorrento, Gonzales",46.101,43.796,48.406,170056,35.969,34.17,37.767,86965,39.614,37.633,41.595,54925,14.48,39.38,32.9,17.71
"A9006","https://nci-naaccr-zone-design.github.io/louisiana-2020/?address=A9006","Both","Mela","10yrs","Ascension","Donaldsonville, Sorrento, Gonzales",8.431,8.009,8.852,343085,23.501,22.326,24.676,185240,5.858,5.565,6.151,54925,14.48,39.38,32.9,17.71
"A9006","https://nci-naaccr-zone-design.github.io/louisiana-2020/?address=A9006","Female","Mela","10yrs","Ascension","Donaldsonville, Sorrento, Gonzales",19.251,18.289,20.214,173029,3.433,3.262,3.605,98275,14.628,13.896,15.359,54925,14.48,39.38,32.9,17.71
"A9006","https://nci-naaccr-zone-design.github.io/louisiana-2020/?address=A9006","Male","Mela","10yrs","Ascension","Donaldsonville, Sorrento, Gonzales",21.197,20.137,22.256,170056,11.912,11.317,12.508,86965,34.356,32.638,36.073,54925,14.48,39.38,32.9,17.71
"A9006","https://nci-naaccr-zone-design.github.io/louisiana-2020/?address=A9006","Both","Pancreas","10yrs","Ascension","Donaldsonville, Sorrento, Gonzales",10.18,9.671,10.689,343085,14.32,13.604,15.037,185240,15.295,14.53,16.059,54925,14.48,39.38,32.9,17.71
"A9006","https://nci-naaccr-zone-design.github.io/louisiana-2020/?address=A9006","Female","Pancreas","10yrs","Ascension","Donaldsonville, Sorrento, Gonzales",12.041,11.439,12.643,173029,11.978,11.379,12.576,98275,13.278,12.614,13.942,54925,14.48,39.38,32.9,17.71
"A9006","https://nci-naaccr-zone-design.github.io/louisiana-2020/?address=A9006","Male","Pancreas","10yrs","Ascension","Donaldsonville, Sorrento, Gonzales",10.967,10.419,11.516,170056,19.18,18.221,20.139,86965,18.649,17.716,19.581,54925,14.48,39.38,32.9,17.71
"A9006","https://nci-naaccr-zone-design.github.io/louisiana-2020/?address=A9006","Both","Leuks","10yrs","Ascension","Donaldsonville, Sorrento, Gonzales",12.286,11.672,12.9,343085,10.68,10.146,11.214,185240,10.568,10.039,11.096,54925,14.48,39.38,32.9,17.71
"A9006","https://nci-naaccr-zone-design.github.io/louisiana-2020/?address=A9006","Female","Leuks","10yrs","Ascension","Donaldsonville, Sorrento, Gonzales",12.3,11.685,12.915,173029,8.069,7.665,8.472,98275,15.444,14.672,16.216,54925,14.48,39.38,32.9,17.71
"A9006","https://nci-naaccr-zone-design.github.io/louisiana-2020/?address=A9006","Male","Leuks","10yrs","Ascension","Donaldsonville, Sorrento, Gonzales",20.055,19.052,21.058,170056,14.779,14.04,15.518,86965,12.265,11.652,12.878,54925,14.48,39.38,32.9,17.71
"A9006","https://nci-naaccr-zone-design.github.io/louisiana-2020/?address=A9006","Both","Oral","10yrs","Ascension","Donaldsonville, Sorrento, Gonzales",15.231,14.47,15.993,343085,14.507,13.782,15.232,185240,9.913,9.418,10.409,54925,14.48,39.38,32.9,17.71
"A9006","https://nci-naaccr-zone-design.github.io/louisiana-2020/?address=A9006","Female","Oral","10yrs","Ascension","Donaldsonville, Sorrento, Gonzales",5.021,4.77,5.272,173029,2.405,2.285,2.526,98275,6.357,6.039,6.675,54925,14.48,39.38,32.9,17.71
"A9006","https://nci-naaccr-zone-design.github.io/louisiana-2020/?address=A9006","Male","Oral","10yrs","Ascension","Donaldsonville, Sorrento, Gonzales",10.56,10.032,11.088,170056,15.333,14.566,16.1,86965,25.631,24.349,26.913,54925,14.48,39.38,32.9,17.71
"A9006","https://nci-naaccr-zone-design.github.io/louisiana-2020/?address=A9006","Both","Thyroid","10yrs","Ascension","Donaldsonville, Sorrento, Gonzales",14.924,14.178,15.67,343085,12.456,11.833,13.078,185240,15.327,14.56,16.093,54925,14.48,39.38,32.9,17.71
"A9006","https://nci-naaccr-zone-design.github.io/louisiana-2020/?address=A9006","Female","Thyroid","10yrs","Ascension","Donaldsonville, Sorrento, Gonzales",18.781,17.842,19.72,173029,14.564,13.836,15.293,98275,13.945,13.248,14.643,54925,14.48,39.38,32.9,17.71
"A9006","https://nci-naaccr-zone-design.github.io/louisiana-2020/?address=A9006","Male","Thyroid","10yrs","Ascension","Donaldsonville, Sorrento, Gonzales",7.391,7.021,7.76,170056,5.881,5.587,6.175,86965,6.993,6.644,7.343,54925,14.48,39.38,32.9,17.71
"A9006","https://nci-naaccr-zone-design.github.io/louisiana-2020/?address=A9006","Female","Uterine","10yrs","Ascension","Donaldsonville, Sorrento, Gonzales",16.785,15.945,17.624,173029,21.728,20.642,22.815,98275,15.513,14.738,16.289,54925,14.48,39.38,32.9,17.71
"A9006","https://nci-naaccr-zone-design.github.io/louisiana-2020/?address=A9006","Both","Liver","10yrs","Ascension","Donaldsonville, Sorrento, Gonzales",8.256,7.843,8.669,343085,12.25,11.637,12.862,185240,10.627,10.096,11.159,54925,14.48,39.38,32.9,17.71
"A9006","https://nci-naaccr-zone-design.github.io/louisiana-2020/?address=A9006","Female","Liver","10yrs","Ascension","Donaldsonville, Sorrento, Gonzales",2.729,2.593,2.866,173029,6.632,6.3,6.963,98275,7.339,6.972,7.706,54925,14.48,39.38,32.9,17.71
"A9006","https://nci-naaccr-zone-design.github.io/louisiana-2020/?address=A9006","Male","Liver","10yrs","Ascension","Donaldsonville, Sorrento, Gonzales",14.885,14.14,15.629,170056,7.649,7.267,8.032,86965,12.567,11.938,13.195,54925,14.48,39.38,32.9,17.71
"A9006","https://nci-naaccr-zone-design.github.io/louisiana-2020/?address=A9006","Both","Stomach","10yrs","Ascension","Donaldsonville, Sorrento, Gonzales",10.276,9.762,10.79,343085,4.923,4.677,5.169,185240,9.678,9.194,10.162,54925,14.48,39.38,32.9,17.71
"A9006","https://nci-naaccr-zone-design.github.io/louisiana-2020/?address=A9006","Female","Stomach","10yrs","Ascension","Donaldsonville, Sorrento, Gonzales",5.6,5.32,5.88,173029,2.924,2.778,3.07,98275,3.871,3.677,4.064,54925,14.48,39.38,32.9,17.71
"A9006","https://nci-naaccr-zone-design.github.io/louisiana-2020/?address=A9006","Male","Stomach","10yrs","Ascension","Donaldsonville, Sorrento, Gonzales",15.968,15.17,16.767,170056,15.114,14.358,15.87,86965,15.626,14.845,16.407,54925,14.48,39.38,32.9,17.71
"A9006","https://nci-naaccr-zone-design.github.io/louisiana-2020/?address=A9006","Both","Myeloma","10yrs","Ascension","Donaldsonville, Sorrento, Gonzales",11.881,11.287,12.475,343085,5.118,4.863,5.374,185240,13.428,12.756,14.099,54925,14.48,39.38,32.9,17.71
"A9006","https://nci-naaccr-zone-design.github.io/louisiana-2020/?address=A9006","Female","Myeloma","10yrs","Ascension","Donaldsonville, Sorrento, Gonzales",8.882,8.438,9.326,173029,5.038,4.787,5.29,98275,3.479,3.305,3.653,54925,14.48,39.38,32.9,17.71
"A9006","https://nci-naaccr-zone-design.github.io/louisiana-2020/?address=A9006","Male","Myeloma","10yrs","Ascension","Donaldsonville, Sorrento, Gonzales",8.196,7.786,8.606,170056,8.176,7.767,8.585,86965,8.365,7.946,8.783,54925,14.48,39.38,32.9,17.71
"A9006","https://nci-naaccr-zone-design.github.io/louisiana-2020/?address=A9006","Both","Brain","10yrs","Ascension","Donaldsonville, Sorrento, Gonzales",3.399,3.229,3.569,343085,6.19,5.881,6.5,185240,6.979,6.63,7.328,54925,14.48,39.38,32.9,17.71
"A9006","https://nci-naaccr-zone-design.github.io/louisiana-2020/?address=A9006","Female","Brain","10yrs","Ascension","Donaldsonville, Sorrento, Gonzales",7.384,7.015,7.753,173029,3.785,3.596,3.975,98275,8.076,7.672,8.479,54925,14.48,39.38,32.9,17.71
"A9006","https://nci-naaccr-zone-design.github.io/louisiana-2020/?address=A9006","Male","Brain","10yrs","Ascension","Donaldsonville, Sorrento, Gonzales",10.739,10.202,11.276,170056,4.347,4.13,4.565,86965,11.491,10.916,12.065,54925,14.48,39.38,32.9,17.71
"A9006","https://nci-naaccr-zone-design.github.io/louisiana-2020/?address=A9006","Both","Larynx","10yrs","Ascension","Donaldsonville, Sorrento, Gonzales",4.804,4.564,5.044,343085,8.61,8.18,9.041,185240,4.475,4.252,4.699,54925,14.48,39.38,32.9,17.71
"A9006","https://nci-naaccr-zone-design.github.io/louisiana-2020/?address=A9006","Female","Larynx","10yrs","Ascension","Donaldsonville, Sorrento, Gonzales",2.848,2.706,2.99,173029,3.269,3.106,3.433,98275,2.419,2.298,2.54,54925,14.48,39.38,32.9,17.71
"A9006","https://nci-naaccr-zone-design.github.io/louisiana-2020/?address=A9006","Male","Larynx","10yrs","Ascension","Donaldsonville, Sorrento, Gonzales",12.287,11.672,12.901,170056,14.971,14.223,15.72,86965,7.612,7.232,7.993,54925,14.48,39.38,32.9,17.71
"A9006","https://nci-naaccr-zone-design.github.io/louisiana-2020/?address=A9006","Female","Ovary","10yrs","Ascension","Donaldsonville, Sorrento, Gonzales",12.988,12.338,13.637,173029,13.113,12.458,13.769,98275,7.681,7.297,8.065,54925,14.48,39.38,32.9,17.71
"A9006","https://nci-naaccr-zone-design.github.io/louisiana-2020/?address=A9006","Both","Esoph","10yrs","Ascension","Donaldsonville, Sorrento, Gonzales",4.011,3.81,4.211,343085,7.995,7.595,8.395,185240,6.49,6.165,6.814,54925,14.48,39.38,32.9,17.71
"A9006","https://nci-naaccr-zone-design.github.io/louisiana-2020/?address=A9006","Female","Esoph","10yrs","Ascension","Donaldsonville, Sorrento, Gonzales",2.785,2.646,2.924,173029,2.402,2.282,2.522,98275,1.714,1.628,1.799,54925,14.48,39.38,32.9,17.71
"A9006","https://nci-naaccr-zone-design.github.io/louisiana-2020/?address=A9006","Male","Esoph","10yrs","Ascension","Donaldsonville, Sorrento, Gonzales",11.093,10.538,11.648,170056,6.22,5.909,6.531,86965,9.595,9.116,10.075,54925,14.48,39.38,32.9,17.71
