"Zone","URL","Sex","Cancer","Years","Counties","Places","AAIR","LCI","UCI","White_PopTot","White_AAIR","White_LCI","White_UCI","Black_PopTot","Black_AAIR","Black_LCI","Black_UCI","TotalPop","Pct100Pov","PctMinority","PctBlackNH","PctRural"
"B0019","https://nci-naaccr-zone-design.github.io/louisiana-2020/?address=B0019","Both","AllSite","05yrs","Claiborne, Webster","Minden, Springhill, Homer, Haynesville, Shongaloo, Doyline, Athens, Dubberly, Lisbon, Sibley",533.454,506.781,560.127,167396,491.306,466.741,515.872,111424,504.404,479.184,529.624,58402,26.58,41.52,38.46,61.67
"B0019","https://nci-naaccr-zone-design.github.io/louisiana-2020/?address=B0019","Female","AllSite","05yrs","Claiborne, Webster","Minden, Springhill, Homer, Haynesville, Shongaloo, Doyline, Athens, Dubberly, Lisbon, Sibley",355.189,337.429,372.948,83165,383.583,364.403,402.762,53591,368.653,350.22,387.085,58402,26.58,41.52,38.46,61.67
"B0019","https://nci-naaccr-zone-design.github.io/louisiana-2020/?address=B0019","Male","AllSite","05yrs","Claiborne, Webster","Minden, Springhill, Homer, Haynesville, Shongaloo, Doyline, Athens, Dubberly, Lisbon, Sibley",612.673,582.039,643.306,84231,652.906,620.261,685.551,57833,622.944,591.797,654.091,58402,26.58,41.52,38.46,61.67
"B0019","https://nci-naaccr-zone-design.github.io/louisiana-2020/?address=B0019","Male","Prostate","05yrs","Claiborne, Webster","Minden, Springhill, Homer, Haynesville, Shongaloo, Doyline, Athens, Dubberly, Lisbon, Sibley",197.978,188.079,207.876,84231,165.32,157.054,173.586,57833,169.837,161.346,178.329,58402,26.58,41.52,38.46,61.67
"B0019","https://nci-naaccr-zone-design.github.io/louisiana-2020/?address=B0019","Both","Lung","05yrs","Claiborne, Webster","Minden, Springhill, Homer, Haynesville, Shongaloo, Doyline, Athens, Dubberly, Lisbon, Sibley",66.132,62.825,69.438,167396,66.771,63.433,70.11,111424,57.05,54.198,59.903,58402,26.58,41.52,38.46,61.67
"B0019","https://nci-naaccr-zone-design.github.io/louisiana-2020/?address=B0019","Female","Lung","05yrs","Claiborne, Webster","Minden, Springhill, Homer, Haynesville, Shongaloo, Doyline, Athens, Dubberly, Lisbon, Sibley",42.855,40.712,44.998,83165,42.229,40.118,44.341,53591,46.727,44.391,49.063,58402,26.58,41.52,38.46,61.67
"B0019","https://nci-naaccr-zone-design.github.io/louisiana-2020/?address=B0019","Male","Lung","05yrs","Claiborne, Webster","Minden, Springhill, Homer, Haynesville, Shongaloo, Doyline, Athens, Dubberly, Lisbon, Sibley",55.554,52.776,58.331,84231,76.722,72.886,80.558,57833,80.218,76.207,84.229,58402,26.58,41.52,38.46,61.67
"B0019","https://nci-naaccr-zone-design.github.io/louisiana-2020/?address=B0019","Female","Breast","05yrs","Claiborne, Webster","Minden, Springhill, Homer, Haynesville, Shongaloo, Doyline, Athens, Dubberly, Lisbon, Sibley",102.014,96.913,107.115,83165,123.854,117.661,130.047,53591,140.959,133.911,148.007,58402,26.58,41.52,38.46,61.67
"B0019","https://nci-naaccr-zone-design.github.io/louisiana-2020/?address=B0019","Both","CRC","05yrs","Claiborne, Webster","Minden, Springhill, Homer, Haynesville, Shongaloo, Doyline, Athens, Dubberly, Lisbon, Sibley",46.141,43.834,48.449,167396,51.259,48.696,53.822,111424,58.824,55.883,61.765,58402,26.58,41.52,38.46,61.67
"B0019","https://nci-naaccr-zone-design.github.io/louisiana-2020/?address=B0019","Female","CRC","05yrs","Claiborne, Webster","Minden, Springhill, Homer, Haynesville, Shongaloo, Doyline, Athens, Dubberly, Lisbon, Sibley",52.544,49.917,55.171,83165,35.566,33.788,37.345,53591,32.107,30.501,33.712,58402,26.58,41.52,38.46,61.67
"B0019","https://nci-naaccr-zone-design.github.io/louisiana-2020/?address=B0019","Male","CRC","05yrs","Claiborne, Webster","Minden, Springhill, Homer, Haynesville, Shongaloo, Doyline, Athens, Dubberly, Lisbon, Sibley",37.99,36.091,39.89,84231,54.189,51.48,56.899,57833,65.746,62.459,69.034,58402,26.58,41.52,38.46,61.67
"B0019","https://nci-naaccr-zone-design.github.io/louisiana-2020/?address=B0019","Both","Kidney","05yrs","Claiborne, Webster","Minden, Springhill, Homer, Haynesville, Shongaloo, Doyline, Athens, Dubberly, Lisbon, Sibley",19.923,18.927,20.919,167396,25.444,24.172,26.716,111424,20.207,19.197,21.217,58402,26.58,41.52,38.46,61.67
"B0019","https://nci-naaccr-zone-design.github.io/louisiana-2020/?address=B0019","Female","Kidney","05yrs","Claiborne, Webster","Minden, Springhill, Homer, Haynesville, Shongaloo, Doyline, Athens, Dubberly, Lisbon, Sibley",21.816,20.725,22.907,83165,10.865,10.322,11.408,53591,21.63,20.548,22.711,58402,26.58,41.52,38.46,61.67
"B0019","https://nci-naaccr-zone-design.github.io/louisiana-2020/?address=B0019","Male","Kidney","05yrs","Claiborne, Webster","Minden, Springhill, Homer, Haynesville, Shongaloo, Doyline, Athens, Dubberly, Lisbon, Sibley",32.956,31.308,34.604,84231,29.865,28.372,31.358,57833,31.961,30.363,33.559,58402,26.58,41.52,38.46,61.67
"B0019","https://nci-naaccr-zone-design.github.io/louisiana-2020/?address=B0019","Both","NHL","05yrs","Claiborne, Webster","Minden, Springhill, Homer, Haynesville, Shongaloo, Doyline, Athens, Dubberly, Lisbon, Sibley",22.739,21.602,23.876,167396,23.219,22.058,24.38,111424,18.653,17.721,19.586,58402,26.58,41.52,38.46,61.67
"B0019","https://nci-naaccr-zone-design.github.io/louisiana-2020/?address=B0019","Female","NHL","05yrs","Claiborne, Webster","Minden, Springhill, Homer, Haynesville, Shongaloo, Doyline, Athens, Dubberly, Lisbon, Sibley",17.097,16.242,17.952,83165,17.429,16.557,18.3,53591,17.27,16.406,18.133,58402,26.58,41.52,38.46,61.67
"B0019","https://nci-naaccr-zone-design.github.io/louisiana-2020/?address=B0019","Male","NHL","05yrs","Claiborne, Webster","Minden, Springhill, Homer, Haynesville, Shongaloo, Doyline, Athens, Dubberly, Lisbon, Sibley",22.189,21.08,23.299,84231,20.828,19.786,21.869,57833,21.507,20.431,22.582,58402,26.58,41.52,38.46,61.67
"B0019","https://nci-naaccr-zone-design.github.io/louisiana-2020/?address=B0019","Both","Urinary","05yrs","Claiborne, Webster","Minden, Springhill, Homer, Haynesville, Shongaloo, Doyline, Athens, Dubberly, Lisbon, Sibley",23.501,22.326,24.676,167396,21.594,20.514,22.674,111424,26.053,24.75,27.356,58402,26.58,41.52,38.46,61.67
"B0019","https://nci-naaccr-zone-design.github.io/louisiana-2020/?address=B0019","Female","Urinary","05yrs","Claiborne, Webster","Minden, Springhill, Homer, Haynesville, Shongaloo, Doyline, Athens, Dubberly, Lisbon, Sibley",10.893,10.349,11.438,83165,8.424,8.003,8.846,53591,"","","",58402,26.58,41.52,38.46,61.67
"B0019","https://nci-naaccr-zone-design.github.io/louisiana-2020/?address=B0019","Male","Urinary","05yrs","Claiborne, Webster","Minden, Springhill, Homer, Haynesville, Shongaloo, Doyline, Athens, Dubberly, Lisbon, Sibley",44.571,42.343,46.8,84231,28.958,27.51,30.406,57833,31.033,29.481,32.585,58402,26.58,41.52,38.46,61.67
"B0019","https://nci-naaccr-zone-design.github.io/louisiana-2020/?address=B0019","Both","Mela","05yrs","Claiborne, Webster","Minden, Springhill, Homer, Haynesville, Shongaloo, Doyline, Athens, Dubberly, Lisbon, Sibley",3.899,3.704,4.094,167396,9.516,9.04,9.992,111424,5.632,5.35,5.913,58402,26.58,41.52,38.46,61.67
"B0019","https://nci-naaccr-zone-design.github.io/louisiana-2020/?address=B0019","Female","Mela","05yrs","Claiborne, Webster","Minden, Springhill, Homer, Haynesville, Shongaloo, Doyline, Athens, Dubberly, Lisbon, Sibley",20.725,19.689,21.761,83165,13.506,12.83,14.181,53591,17.367,16.499,18.235,58402,26.58,41.52,38.46,61.67
"B0019","https://nci-naaccr-zone-design.github.io/louisiana-2020/?address=B0019","Male","Mela","05yrs","Claiborne, Webster","Minden, Springhill, Homer, Haynesville, Shongaloo, Doyline, Athens, Dubberly, Lisbon, Sibley",27.885,26.491,29.28,84231,21.675,20.591,22.758,57833,11.524,10.948,12.1,58402,26.58,41.52,38.46,61.67
"B0019","https://nci-naaccr-zone-design.github.io/louisiana-2020/?address=B0019","Both","Pancreas","05yrs","Claiborne, Webster","Minden, Springhill, Homer, Haynesville, Shongaloo, Doyline, Athens, Dubberly, Lisbon, Sibley",16.659,15.826,17.492,167396,11.423,10.852,11.994,111424,12.874,12.23,13.517,58402,26.58,41.52,38.46,61.67
"B0019","https://nci-naaccr-zone-design.github.io/louisiana-2020/?address=B0019","Female","Pancreas","05yrs","Claiborne, Webster","Minden, Springhill, Homer, Haynesville, Shongaloo, Doyline, Athens, Dubberly, Lisbon, Sibley",11.306,10.741,11.871,83165,13.489,12.815,14.164,53591,9.524,9.048,10.0,58402,26.58,41.52,38.46,61.67
"B0019","https://nci-naaccr-zone-design.github.io/louisiana-2020/?address=B0019","Male","Pancreas","05yrs","Claiborne, Webster","Minden, Springhill, Homer, Haynesville, Shongaloo, Doyline, Athens, Dubberly, Lisbon, Sibley",12.767,12.129,13.405,84231,18.3,17.385,19.215,57833,13.538,12.861,14.215,58402,26.58,41.52,38.46,61.67
"B0019","https://nci-naaccr-zone-design.github.io/louisiana-2020/?address=B0019","Both","Leuks","05yrs","Claiborne, Webster","Minden, Springhill, Homer, Haynesville, Shongaloo, Doyline, Athens, Dubberly, Lisbon, Sibley",17.533,16.656,18.409,167396,16.713,15.878,17.549,111424,15.141,14.384,15.899,58402,26.58,41.52,38.46,61.67
"B0019","https://nci-naaccr-zone-design.github.io/louisiana-2020/?address=B0019","Female","Leuks","05yrs","Claiborne, Webster","Minden, Springhill, Homer, Haynesville, Shongaloo, Doyline, Athens, Dubberly, Lisbon, Sibley",12.693,12.058,13.328,83165,8.531,8.104,8.957,53591,7.931,7.535,8.328,58402,26.58,41.52,38.46,61.67
"B0019","https://nci-naaccr-zone-design.github.io/louisiana-2020/?address=B0019","Male","Leuks","05yrs","Claiborne, Webster","Minden, Springhill, Homer, Haynesville, Shongaloo, Doyline, Athens, Dubberly, Lisbon, Sibley",19.399,18.429,20.369,84231,13.53,12.853,14.206,57833,18.681,17.747,19.615,58402,26.58,41.52,38.46,61.67
"B0019","https://nci-naaccr-zone-design.github.io/louisiana-2020/?address=B0019","Both","Oral","05yrs","Claiborne, Webster","Minden, Springhill, Homer, Haynesville, Shongaloo, Doyline, Athens, Dubberly, Lisbon, Sibley",13.046,12.393,13.698,167396,12.439,11.817,13.061,111424,15.01,14.26,15.761,58402,26.58,41.52,38.46,61.67
"B0019","https://nci-naaccr-zone-design.github.io/louisiana-2020/?address=B0019","Female","Oral","05yrs","Claiborne, Webster","Minden, Springhill, Homer, Haynesville, Shongaloo, Doyline, Athens, Dubberly, Lisbon, Sibley",6.161,5.853,6.469,83165,6.457,6.134,6.78,53591,6.676,6.342,7.01,58402,26.58,41.52,38.46,61.67
"B0019","https://nci-naaccr-zone-design.github.io/louisiana-2020/?address=B0019","Male","Oral","05yrs","Claiborne, Webster","Minden, Springhill, Homer, Haynesville, Shongaloo, Doyline, Athens, Dubberly, Lisbon, Sibley",26.205,24.895,27.515,84231,19.952,18.954,20.949,57833,22.291,21.176,23.405,58402,26.58,41.52,38.46,61.67
"B0019","https://nci-naaccr-zone-design.github.io/louisiana-2020/?address=B0019","Both","Thyroid","05yrs","Claiborne, Webster","Minden, Springhill, Homer, Haynesville, Shongaloo, Doyline, Athens, Dubberly, Lisbon, Sibley",14.373,13.655,15.092,167396,14.39,13.671,15.11,111424,9.236,8.774,9.697,58402,26.58,41.52,38.46,61.67
"B0019","https://nci-naaccr-zone-design.github.io/louisiana-2020/?address=B0019","Female","Thyroid","05yrs","Claiborne, Webster","Minden, Springhill, Homer, Haynesville, Shongaloo, Doyline, Athens, Dubberly, Lisbon, Sibley",16.317,15.501,17.133,83165,24.376,23.157,25.595,53591,14.583,13.854,15.312,58402,26.58,41.52,38.46,61.67
"B0019","https://nci-naaccr-zone-design.github.io/louisiana-2020/?address=B0019","Male","Thyroid","05yrs","Claiborne, Webster","Minden, Springhill, Homer, Haynesville, Shongaloo, Doyline, Athens, Dubberly, Lisbon, Sibley",7.51,7.135,7.886,84231,"","","",57833,6.708,6.372,7.043,58402,26.58,41.52,38.46,61.67
"B0019","https://nci-naaccr-zone-design.github.io/louisiana-2020/?address=B0019","Female","Uterine","05yrs","Claiborne, Webster","Minden, Springhill, Homer, Haynesville, Shongaloo, Doyline, Athens, Dubberly, Lisbon, Sibley",17.422,16.55,18.293,83165,20.736,19.699,21.773,53591,13.473,12.799,14.146,58402,26.58,41.52,38.46,61.67
"B0019","https://nci-naaccr-zone-design.github.io/louisiana-2020/?address=B0019","Both","Liver","05yrs","Claiborne, Webster","Minden, Springhill, Homer, Haynesville, Shongaloo, Doyline, Athens, Dubberly, Lisbon, Sibley",14.421,13.7,15.142,167396,8.72,8.284,9.156,111424,4.72,4.484,4.956,58402,26.58,41.52,38.46,61.67
"B0019","https://nci-naaccr-zone-design.github.io/louisiana-2020/?address=B0019","Female","Liver","05yrs","Claiborne, Webster","Minden, Springhill, Homer, Haynesville, Shongaloo, Doyline, Athens, Dubberly, Lisbon, Sibley",4.038,3.836,4.24,83165,"","","",53591,"","","",58402,26.58,41.52,38.46,61.67
"B0019","https://nci-naaccr-zone-design.github.io/louisiana-2020/?address=B0019","Male","Liver","05yrs","Claiborne, Webster","Minden, Springhill, Homer, Haynesville, Shongaloo, Doyline, Athens, Dubberly, Lisbon, Sibley",8.856,8.414,9.299,84231,16.581,15.752,17.41,57833,10.118,9.612,10.624,58402,26.58,41.52,38.46,61.67
"B0019","https://nci-naaccr-zone-design.github.io/louisiana-2020/?address=B0019","Both","Stomach","05yrs","Claiborne, Webster","Minden, Springhill, Homer, Haynesville, Shongaloo, Doyline, Athens, Dubberly, Lisbon, Sibley",9.333,8.866,9.799,167396,8.933,8.486,9.379,111424,5.583,5.304,5.862,58402,26.58,41.52,38.46,61.67
"B0019","https://nci-naaccr-zone-design.github.io/louisiana-2020/?address=B0019","Female","Stomach","05yrs","Claiborne, Webster","Minden, Springhill, Homer, Haynesville, Shongaloo, Doyline, Athens, Dubberly, Lisbon, Sibley",8.811,8.37,9.251,83165,"","","",53591,8.014,7.613,8.414,58402,26.58,41.52,38.46,61.67
"B0019","https://nci-naaccr-zone-design.github.io/louisiana-2020/?address=B0019","Male","Stomach","05yrs","Claiborne, Webster","Minden, Springhill, Homer, Haynesville, Shongaloo, Doyline, Athens, Dubberly, Lisbon, Sibley",10.051,9.549,10.554,84231,11.073,10.519,11.627,57833,"","","",58402,26.58,41.52,38.46,61.67
"B0019","https://nci-naaccr-zone-design.github.io/louisiana-2020/?address=B0019","Both","Myeloma","05yrs","Claiborne, Webster","Minden, Springhill, Homer, Haynesville, Shongaloo, Doyline, Athens, Dubberly, Lisbon, Sibley",6.734,6.398,7.071,167396,12.131,11.524,12.737,111424,7.542,7.165,7.919,58402,26.58,41.52,38.46,61.67
"B0019","https://nci-naaccr-zone-design.github.io/louisiana-2020/?address=B0019","Female","Myeloma","05yrs","Claiborne, Webster","Minden, Springhill, Homer, Haynesville, Shongaloo, Doyline, Athens, Dubberly, Lisbon, Sibley",10.648,10.116,11.181,83165,4.83,4.588,5.071,53591,7.363,6.995,7.731,58402,26.58,41.52,38.46,61.67
"B0019","https://nci-naaccr-zone-design.github.io/louisiana-2020/?address=B0019","Male","Myeloma","05yrs","Claiborne, Webster","Minden, Springhill, Homer, Haynesville, Shongaloo, Doyline, Athens, Dubberly, Lisbon, Sibley",12.442,11.82,13.064,84231,12.075,11.471,12.679,57833,12.885,12.24,13.529,58402,26.58,41.52,38.46,61.67
"B0019","https://nci-naaccr-zone-design.github.io/louisiana-2020/?address=B0019","Both","Brain","05yrs","Claiborne, Webster","Minden, Springhill, Homer, Haynesville, Shongaloo, Doyline, Athens, Dubberly, Lisbon, Sibley",7.129,6.773,7.486,167396,6.515,6.189,6.841,111424,4.914,4.668,5.159,58402,26.58,41.52,38.46,61.67
"B0019","https://nci-naaccr-zone-design.github.io/louisiana-2020/?address=B0019","Female","Brain","05yrs","Claiborne, Webster","Minden, Springhill, Homer, Haynesville, Shongaloo, Doyline, Athens, Dubberly, Lisbon, Sibley",5.91,5.615,6.206,83165,6.905,6.56,7.25,53591,"","","",58402,26.58,41.52,38.46,61.67
"B0019","https://nci-naaccr-zone-design.github.io/louisiana-2020/?address=B0019","Male","Brain","05yrs","Claiborne, Webster","Minden, Springhill, Homer, Haynesville, Shongaloo, Doyline, Athens, Dubberly, Lisbon, Sibley",11.17,10.612,11.729,84231,5.445,5.173,5.718,57833,9.635,9.153,10.116,58402,26.58,41.52,38.46,61.67
"B0019","https://nci-naaccr-zone-design.github.io/louisiana-2020/?address=B0019","Both","Larynx","05yrs","Claiborne, Webster","Minden, Springhill, Homer, Haynesville, Shongaloo, Doyline, Athens, Dubberly, Lisbon, Sibley",7.312,6.947,7.678,167396,6.46,6.137,6.783,111424,2.834,2.692,2.976,58402,26.58,41.52,38.46,61.67
"B0019","https://nci-naaccr-zone-design.github.io/louisiana-2020/?address=B0019","Female","Larynx","05yrs","Claiborne, Webster","Minden, Springhill, Homer, Haynesville, Shongaloo, Doyline, Athens, Dubberly, Lisbon, Sibley","","","",83165,"","","",53591,"","","",58402,26.58,41.52,38.46,61.67
"B0019","https://nci-naaccr-zone-design.github.io/louisiana-2020/?address=B0019","Male","Larynx","05yrs","Claiborne, Webster","Minden, Springhill, Homer, Haynesville, Shongaloo, Doyline, Athens, Dubberly, Lisbon, Sibley",10.332,9.816,10.849,84231,15.512,14.737,16.288,57833,10.614,10.083,11.144,58402,26.58,41.52,38.46,61.67
"B0019","https://nci-naaccr-zone-design.github.io/louisiana-2020/?address=B0019","Female","Ovary","05yrs","Claiborne, Webster","Minden, Springhill, Homer, Haynesville, Shongaloo, Doyline, Athens, Dubberly, Lisbon, Sibley",14.182,13.473,14.891,83165,5.257,4.994,5.52,53591,7.528,7.152,7.904,58402,26.58,41.52,38.46,61.67
"B0019","https://nci-naaccr-zone-design.github.io/louisiana-2020/?address=B0019","Both","Esoph","05yrs","Claiborne, Webster","Minden, Springhill, Homer, Haynesville, Shongaloo, Doyline, Athens, Dubberly, Lisbon, Sibley",4.984,4.735,5.234,167396,5.773,5.484,6.061,111424,5.337,5.07,5.604,58402,26.58,41.52,38.46,61.67
"B0019","https://nci-naaccr-zone-design.github.io/louisiana-2020/?address=B0019","Female","Esoph","05yrs","Claiborne, Webster","Minden, Springhill, Homer, Haynesville, Shongaloo, Doyline, Athens, Dubberly, Lisbon, Sibley","","","",83165,"","","",53591,"","","",58402,26.58,41.52,38.46,61.67
"B0019","https://nci-naaccr-zone-design.github.io/louisiana-2020/?address=B0019","Male","Esoph","05yrs","Claiborne, Webster","Minden, Springhill, Homer, Haynesville, Shongaloo, Doyline, Athens, Dubberly, Lisbon, Sibley",7.963,7.565,8.361,84231,10.262,9.749,10.776,57833,8.8,8.36,9.24,58402,26.58,41.52,38.46,61.67
"B0019","https://nci-naaccr-zone-design.github.io/louisiana-2020/?address=B0019","Both","AllSite","10yrs","Claiborne, Webster","Minden, Springhill, Homer, Haynesville, Shongaloo, Doyline, Athens, Dubberly, Lisbon, Sibley",445.267,423.003,467.53,340628,490.024,465.523,514.525,224434,538.503,511.578,565.428,58402,26.58,41.52,38.46,61.67
"B0019","https://nci-naaccr-zone-design.github.io/louisiana-2020/?address=B0019","Female","AllSite","10yrs","Claiborne, Webster","Minden, Springhill, Homer, Haynesville, Shongaloo, Doyline, Athens, Dubberly, Lisbon, Sibley",445.118,422.863,467.374,169595,375.968,357.17,394.767,108994,458.115,435.209,481.02,58402,26.58,41.52,38.46,61.67
"B0019","https://nci-naaccr-zone-design.github.io/louisiana-2020/?address=B0019","Male","AllSite","10yrs","Claiborne, Webster","Minden, Springhill, Homer, Haynesville, Shongaloo, Doyline, Athens, Dubberly, Lisbon, Sibley",579.449,550.476,608.421,171033,526.411,500.09,552.731,115440,572.691,544.056,601.325,58402,26.58,41.52,38.46,61.67
"B0019","https://nci-naaccr-zone-design.github.io/louisiana-2020/?address=B0019","Male","Prostate","10yrs","Claiborne, Webster","Minden, Springhill, Homer, Haynesville, Shongaloo, Doyline, Athens, Dubberly, Lisbon, Sibley",143.189,136.03,150.349,171033,139.45,132.478,146.423,115440,171.69,163.105,180.274,58402,26.58,41.52,38.46,61.67
"B0019","https://nci-naaccr-zone-design.github.io/louisiana-2020/?address=B0019","Both","Lung","10yrs","Claiborne, Webster","Minden, Springhill, Homer, Haynesville, Shongaloo, Doyline, Athens, Dubberly, Lisbon, Sibley",88.009,83.608,92.409,340628,52.38,49.761,54.999,224434,90.311,85.795,94.826,58402,26.58,41.52,38.46,61.67
"B0019","https://nci-naaccr-zone-design.github.io/louisiana-2020/?address=B0019","Female","Lung","10yrs","Claiborne, Webster","Minden, Springhill, Homer, Haynesville, Shongaloo, Doyline, Athens, Dubberly, Lisbon, Sibley",61.441,58.369,64.513,169595,40.846,38.804,42.889,108994,48.41,45.99,50.831,58402,26.58,41.52,38.46,61.67
"B0019","https://nci-naaccr-zone-design.github.io/louisiana-2020/?address=B0019","Male","Lung","10yrs","Claiborne, Webster","Minden, Springhill, Homer, Haynesville, Shongaloo, Doyline, Athens, Dubberly, Lisbon, Sibley",97.235,92.374,102.097,171033,73.758,70.071,77.446,115440,75.579,71.8,79.358,58402,26.58,41.52,38.46,61.67
"B0019","https://nci-naaccr-zone-design.github.io/louisiana-2020/?address=B0019","Female","Breast","10yrs","Claiborne, Webster","Minden, Springhill, Homer, Haynesville, Shongaloo, Doyline, Athens, Dubberly, Lisbon, Sibley",129.395,122.925,135.864,169595,125.44,119.168,131.712,108994,140.241,133.229,147.253,58402,26.58,41.52,38.46,61.67
"B0019","https://nci-naaccr-zone-design.github.io/louisiana-2020/?address=B0019","Both","CRC","10yrs","Claiborne, Webster","Minden, Springhill, Homer, Haynesville, Shongaloo, Doyline, Athens, Dubberly, Lisbon, Sibley",57.574,54.695,60.452,340628,45.828,43.537,48.12,224434,40.428,38.407,42.45,58402,26.58,41.52,38.46,61.67
"B0019","https://nci-naaccr-zone-design.github.io/louisiana-2020/?address=B0019","Female","CRC","10yrs","Claiborne, Webster","Minden, Springhill, Homer, Haynesville, Shongaloo, Doyline, Athens, Dubberly, Lisbon, Sibley",45.061,42.808,47.314,169595,41.518,39.442,43.594,108994,45.2,42.94,47.46,58402,26.58,41.52,38.46,61.67
"B0019","https://nci-naaccr-zone-design.github.io/louisiana-2020/?address=B0019","Male","CRC","10yrs","Claiborne, Webster","Minden, Springhill, Homer, Haynesville, Shongaloo, Doyline, Athens, Dubberly, Lisbon, Sibley",54.469,51.745,57.192,171033,51.719,49.133,54.305,115440,71.957,68.359,75.555,58402,26.58,41.52,38.46,61.67
"B0019","https://nci-naaccr-zone-design.github.io/louisiana-2020/?address=B0019","Both","Kidney","10yrs","Claiborne, Webster","Minden, Springhill, Homer, Haynesville, Shongaloo, Doyline, Athens, Dubberly, Lisbon, Sibley",21.555,20.478,22.633,340628,15.514,14.739,16.29,224434,15.977,15.178,16.775,58402,26.58,41.52,38.46,61.67
"B0019","https://nci-naaccr-zone-design.github.io/louisiana-2020/?address=B0019","Female","Kidney","10yrs","Claiborne, Webster","Minden, Springhill, Homer, Haynesville, Shongaloo, Doyline, Athens, Dubberly, Lisbon, Sibley",19.824,18.833,20.815,169595,20.373,19.354,21.392,108994,22.074,20.97,23.177,58402,26.58,41.52,38.46,61.67
"B0019","https://nci-naaccr-zone-design.github.io/louisiana-2020/?address=B0019","Male","Kidney","10yrs","Claiborne, Webster","Minden, Springhill, Homer, Haynesville, Shongaloo, Doyline, Athens, Dubberly, Lisbon, Sibley",22.627,21.496,23.758,171033,18.051,17.149,18.954,115440,23.116,21.96,24.272,58402,26.58,41.52,38.46,61.67
"B0019","https://nci-naaccr-zone-design.github.io/louisiana-2020/?address=B0019","Both","NHL","10yrs","Claiborne, Webster","Minden, Springhill, Homer, Haynesville, Shongaloo, Doyline, Athens, Dubberly, Lisbon, Sibley",14.787,14.048,15.526,340628,18.429,17.508,19.351,224434,17.093,16.238,17.947,58402,26.58,41.52,38.46,61.67
"B0019","https://nci-naaccr-zone-design.github.io/louisiana-2020/?address=B0019","Female","NHL","10yrs","Claiborne, Webster","Minden, Springhill, Homer, Haynesville, Shongaloo, Doyline, Athens, Dubberly, Lisbon, Sibley",11.053,10.5,11.606,169595,16.163,15.355,16.971,108994,16.127,15.32,16.933,58402,26.58,41.52,38.46,61.67
"B0019","https://nci-naaccr-zone-design.github.io/louisiana-2020/?address=B0019","Male","NHL","10yrs","Claiborne, Webster","Minden, Springhill, Homer, Haynesville, Shongaloo, Doyline, Athens, Dubberly, Lisbon, Sibley",30.006,28.505,31.506,171033,32.421,30.8,34.042,115440,27.028,25.676,28.379,58402,26.58,41.52,38.46,61.67
"B0019","https://nci-naaccr-zone-design.github.io/louisiana-2020/?address=B0019","Both","Urinary","10yrs","Claiborne, Webster","Minden, Springhill, Homer, Haynesville, Shongaloo, Doyline, Athens, Dubberly, Lisbon, Sibley",20.361,19.343,21.379,340628,18.818,17.878,19.759,224434,18.177,17.268,19.086,58402,26.58,41.52,38.46,61.67
"B0019","https://nci-naaccr-zone-design.github.io/louisiana-2020/?address=B0019","Female","Urinary","10yrs","Claiborne, Webster","Minden, Springhill, Homer, Haynesville, Shongaloo, Doyline, Athens, Dubberly, Lisbon, Sibley",13.04,12.388,13.692,169595,12.587,11.957,13.216,108994,3.771,3.582,3.959,58402,26.58,41.52,38.46,61.67
"B0019","https://nci-naaccr-zone-design.github.io/louisiana-2020/?address=B0019","Male","Urinary","10yrs","Claiborne, Webster","Minden, Springhill, Homer, Haynesville, Shongaloo, Doyline, Athens, Dubberly, Lisbon, Sibley",32.62,30.989,34.251,171033,25.699,24.414,26.984,115440,29.49,28.015,30.964,58402,26.58,41.52,38.46,61.67
"B0019","https://nci-naaccr-zone-design.github.io/louisiana-2020/?address=B0019","Both","Mela","10yrs","Claiborne, Webster","Minden, Springhill, Homer, Haynesville, Shongaloo, Doyline, Athens, Dubberly, Lisbon, Sibley",5.021,4.77,5.272,340628,19.927,18.93,20.923,224434,18.872,17.928,19.816,58402,26.58,41.52,38.46,61.67
"B0019","https://nci-naaccr-zone-design.github.io/louisiana-2020/?address=B0019","Female","Mela","10yrs","Claiborne, Webster","Minden, Springhill, Homer, Haynesville, Shongaloo, Doyline, Athens, Dubberly, Lisbon, Sibley",12.663,12.03,13.296,169595,13.994,13.294,14.694,108994,6.02,5.719,6.321,58402,26.58,41.52,38.46,61.67
"B0019","https://nci-naaccr-zone-design.github.io/louisiana-2020/?address=B0019","Male","Mela","10yrs","Claiborne, Webster","Minden, Springhill, Homer, Haynesville, Shongaloo, Doyline, Athens, Dubberly, Lisbon, Sibley",36.707,34.872,38.542,171033,20.676,19.643,21.71,115440,23.436,22.264,24.608,58402,26.58,41.52,38.46,61.67
"B0019","https://nci-naaccr-zone-design.github.io/louisiana-2020/?address=B0019","Both","Pancreas","10yrs","Claiborne, Webster","Minden, Springhill, Homer, Haynesville, Shongaloo, Doyline, Athens, Dubberly, Lisbon, Sibley",11.281,10.716,11.845,340628,17.498,16.623,18.373,224434,13.114,12.458,13.77,58402,26.58,41.52,38.46,61.67
"B0019","https://nci-naaccr-zone-design.github.io/louisiana-2020/?address=B0019","Female","Pancreas","10yrs","Claiborne, Webster","Minden, Springhill, Homer, Haynesville, Shongaloo, Doyline, Athens, Dubberly, Lisbon, Sibley",15.389,14.62,16.159,169595,11.885,11.291,12.479,108994,12.873,12.229,13.516,58402,26.58,41.52,38.46,61.67
"B0019","https://nci-naaccr-zone-design.github.io/louisiana-2020/?address=B0019","Male","Pancreas","10yrs","Claiborne, Webster","Minden, Springhill, Homer, Haynesville, Shongaloo, Doyline, Athens, Dubberly, Lisbon, Sibley",10.222,9.71,10.733,171033,13.235,12.573,13.897,115440,16.36,15.542,17.178,58402,26.58,41.52,38.46,61.67
"B0019","https://nci-naaccr-zone-design.github.io/louisiana-2020/?address=B0019","Both","Leuks","10yrs","Claiborne, Webster","Minden, Springhill, Homer, Haynesville, Shongaloo, Doyline, Athens, Dubberly, Lisbon, Sibley",13.827,13.136,14.519,340628,17.96,17.062,18.858,224434,14.321,13.605,15.037,58402,26.58,41.52,38.46,61.67
"B0019","https://nci-naaccr-zone-design.github.io/louisiana-2020/?address=B0019","Female","Leuks","10yrs","Claiborne, Webster","Minden, Springhill, Homer, Haynesville, Shongaloo, Doyline, Athens, Dubberly, Lisbon, Sibley",14.593,13.863,15.322,169595,11.891,11.296,12.485,108994,14.169,13.461,14.878,58402,26.58,41.52,38.46,61.67
"B0019","https://nci-naaccr-zone-design.github.io/louisiana-2020/?address=B0019","Male","Leuks","10yrs","Claiborne, Webster","Minden, Springhill, Homer, Haynesville, Shongaloo, Doyline, Athens, Dubberly, Lisbon, Sibley",16.138,15.331,16.945,171033,8.756,8.318,9.193,115440,21.789,20.7,22.878,58402,26.58,41.52,38.46,61.67
"B0019","https://nci-naaccr-zone-design.github.io/louisiana-2020/?address=B0019","Both","Oral","10yrs","Claiborne, Webster","Minden, Springhill, Homer, Haynesville, Shongaloo, Doyline, Athens, Dubberly, Lisbon, Sibley",7.8,7.41,8.19,340628,11.946,11.349,12.544,224434,13.371,12.703,14.04,58402,26.58,41.52,38.46,61.67
"B0019","https://nci-naaccr-zone-design.github.io/louisiana-2020/?address=B0019","Female","Oral","10yrs","Claiborne, Webster","Minden, Springhill, Homer, Haynesville, Shongaloo, Doyline, Athens, Dubberly, Lisbon, Sibley",6.19,5.88,6.499,169595,5.773,5.484,6.062,108994,4.466,4.243,4.689,58402,26.58,41.52,38.46,61.67
"B0019","https://nci-naaccr-zone-design.github.io/louisiana-2020/?address=B0019","Male","Oral","10yrs","Claiborne, Webster","Minden, Springhill, Homer, Haynesville, Shongaloo, Doyline, Athens, Dubberly, Lisbon, Sibley",20.111,19.105,21.116,171033,27.682,26.298,29.066,115440,10.915,10.369,11.461,58402,26.58,41.52,38.46,61.67
"B0019","https://nci-naaccr-zone-design.github.io/louisiana-2020/?address=B0019","Both","Thyroid","10yrs","Claiborne, Webster","Minden, Springhill, Homer, Haynesville, Shongaloo, Doyline, Athens, Dubberly, Lisbon, Sibley",10.178,9.669,10.686,340628,15.148,14.391,15.905,224434,16.812,15.972,17.653,58402,26.58,41.52,38.46,61.67
"B0019","https://nci-naaccr-zone-design.github.io/louisiana-2020/?address=B0019","Female","Thyroid","10yrs","Claiborne, Webster","Minden, Springhill, Homer, Haynesville, Shongaloo, Doyline, Athens, Dubberly, Lisbon, Sibley",18.612,17.681,19.543,169595,22.754,21.616,23.891,108994,22.977,21.828,24.126,58402,26.58,41.52,38.46,61.67
"B0019","https://nci-naaccr-zone-design.github.io/louisiana-2020/?address=B0019","Male","Thyroid","10yrs","Claiborne, Webster","Minden, Springhill, Homer, Haynesville, Shongaloo, Doyline, Athens, Dubberly, Lisbon, Sibley",5.328,5.062,5.595,171033,2.705,2.57,2.84,115440,6.248,5.935,6.56,58402,26.58,41.52,38.46,61.67
"B0019","https://nci-naaccr-zone-design.github.io/louisiana-2020/?address=B0019","Female","Uterine","10yrs","Claiborne, Webster","Minden, Springhill, Homer, Haynesville, Shongaloo, Doyline, Athens, Dubberly, Lisbon, Sibley",12.634,12.002,13.266,169595,23.224,22.063,24.385,108994,12.934,12.287,13.581,58402,26.58,41.52,38.46,61.67
"B0019","https://nci-naaccr-zone-design.github.io/louisiana-2020/?address=B0019","Both","Liver","10yrs","Claiborne, Webster","Minden, Springhill, Homer, Haynesville, Shongaloo, Doyline, Athens, Dubberly, Lisbon, Sibley",9.713,9.228,10.199,340628,6.084,5.78,6.389,224434,13.609,12.928,14.289,58402,26.58,41.52,38.46,61.67
"B0019","https://nci-naaccr-zone-design.github.io/louisiana-2020/?address=B0019","Female","Liver","10yrs","Claiborne, Webster","Minden, Springhill, Homer, Haynesville, Shongaloo, Doyline, Athens, Dubberly, Lisbon, Sibley",5.836,5.544,6.128,169595,2.805,2.665,2.945,108994,6.975,6.626,7.324,58402,26.58,41.52,38.46,61.67
"B0019","https://nci-naaccr-zone-design.github.io/louisiana-2020/?address=B0019","Male","Liver","10yrs","Claiborne, Webster","Minden, Springhill, Homer, Haynesville, Shongaloo, Doyline, Athens, Dubberly, Lisbon, Sibley",14.962,14.214,15.71,171033,9.044,8.592,9.497,115440,10.019,9.518,10.52,58402,26.58,41.52,38.46,61.67
"B0019","https://nci-naaccr-zone-design.github.io/louisiana-2020/?address=B0019","Both","Stomach","10yrs","Claiborne, Webster","Minden, Springhill, Homer, Haynesville, Shongaloo, Doyline, Athens, Dubberly, Lisbon, Sibley",7.338,6.971,7.704,340628,5.833,5.541,6.124,224434,9.4,8.93,9.87,58402,26.58,41.52,38.46,61.67
"B0019","https://nci-naaccr-zone-design.github.io/louisiana-2020/?address=B0019","Female","Stomach","10yrs","Claiborne, Webster","Minden, Springhill, Homer, Haynesville, Shongaloo, Doyline, Athens, Dubberly, Lisbon, Sibley",7.542,7.165,7.919,169595,10.081,9.577,10.585,108994,9.585,9.105,10.064,58402,26.58,41.52,38.46,61.67
"B0019","https://nci-naaccr-zone-design.github.io/louisiana-2020/?address=B0019","Male","Stomach","10yrs","Claiborne, Webster","Minden, Springhill, Homer, Haynesville, Shongaloo, Doyline, Athens, Dubberly, Lisbon, Sibley",10.607,10.077,11.137,171033,8.191,7.782,8.601,115440,4.903,4.658,5.148,58402,26.58,41.52,38.46,61.67
"B0019","https://nci-naaccr-zone-design.github.io/louisiana-2020/?address=B0019","Both","Myeloma","10yrs","Claiborne, Webster","Minden, Springhill, Homer, Haynesville, Shongaloo, Doyline, Athens, Dubberly, Lisbon, Sibley",5.392,5.123,5.662,340628,7.943,7.546,8.34,224434,9.141,8.684,9.598,58402,26.58,41.52,38.46,61.67
"B0019","https://nci-naaccr-zone-design.github.io/louisiana-2020/?address=B0019","Female","Myeloma","10yrs","Claiborne, Webster","Minden, Springhill, Homer, Haynesville, Shongaloo, Doyline, Athens, Dubberly, Lisbon, Sibley",8.783,8.344,9.222,169595,7.053,6.7,7.406,108994,4.67,4.437,4.904,58402,26.58,41.52,38.46,61.67
"B0019","https://nci-naaccr-zone-design.github.io/louisiana-2020/?address=B0019","Male","Myeloma","10yrs","Claiborne, Webster","Minden, Springhill, Homer, Haynesville, Shongaloo, Doyline, Athens, Dubberly, Lisbon, Sibley",5.856,5.563,6.149,171033,7.666,7.283,8.049,115440,12.639,12.007,13.271,58402,26.58,41.52,38.46,61.67
"B0019","https://nci-naaccr-zone-design.github.io/louisiana-2020/?address=B0019","Both","Brain","10yrs","Claiborne, Webster","Minden, Springhill, Homer, Haynesville, Shongaloo, Doyline, Athens, Dubberly, Lisbon, Sibley",6.282,5.968,6.597,340628,3.87,3.677,4.064,224434,5.478,5.204,5.752,58402,26.58,41.52,38.46,61.67
"B0019","https://nci-naaccr-zone-design.github.io/louisiana-2020/?address=B0019","Female","Brain","10yrs","Claiborne, Webster","Minden, Springhill, Homer, Haynesville, Shongaloo, Doyline, Athens, Dubberly, Lisbon, Sibley",6.829,6.487,7.17,169595,5.586,5.307,5.866,108994,2.626,2.495,2.757,58402,26.58,41.52,38.46,61.67
"B0019","https://nci-naaccr-zone-design.github.io/louisiana-2020/?address=B0019","Male","Brain","10yrs","Claiborne, Webster","Minden, Springhill, Homer, Haynesville, Shongaloo, Doyline, Athens, Dubberly, Lisbon, Sibley",6.769,6.43,7.107,171033,4.884,4.64,5.128,115440,3.57,3.392,3.749,58402,26.58,41.52,38.46,61.67
"B0019","https://nci-naaccr-zone-design.github.io/louisiana-2020/?address=B0019","Both","Larynx","10yrs","Claiborne, Webster","Minden, Springhill, Homer, Haynesville, Shongaloo, Doyline, Athens, Dubberly, Lisbon, Sibley",3.996,3.796,4.195,340628,4.001,3.801,4.201,224434,4.952,4.704,5.2,58402,26.58,41.52,38.46,61.67
"B0019","https://nci-naaccr-zone-design.github.io/louisiana-2020/?address=B0019","Female","Larynx","10yrs","Claiborne, Webster","Minden, Springhill, Homer, Haynesville, Shongaloo, Doyline, Athens, Dubberly, Lisbon, Sibley",2.108,2.002,2.213,169595,1.564,1.486,1.642,108994,"","","",58402,26.58,41.52,38.46,61.67
"B0019","https://nci-naaccr-zone-design.github.io/louisiana-2020/?address=B0019","Male","Larynx","10yrs","Claiborne, Webster","Minden, Springhill, Homer, Haynesville, Shongaloo, Doyline, Athens, Dubberly, Lisbon, Sibley",11.785,11.195,12.374,171033,7.895,7.5,8.29,115440,7.853,7.46,8.245,58402,26.58,41.52,38.46,61.67
"B0019","https://nci-naaccr-zone-design.github.io/louisiana-2020/?address=B0019","Female","Ovary","10yrs","Claiborne, Webster","Minden, Springhill, Homer, Haynesville, Shongaloo, Doyline, Athens, Dubberly, Lisbon, Sibley",4.419,4.198,4.64,169595,3.972,3.774,4.171,108994,6.82,6.479,7.161,58402,26.58,41.52,38.46,61.67
"B0019","https://nci-naaccr-zone-design.github.io/louisiana-2020/?address=B0019","Both","Esoph","10yrs","Claiborne, Webster","Minden, Springhill, Homer, Haynesville, Shongaloo, Doyline, Athens, Dubberly, Lisbon, Sibley",5.336,5.069,5.602,340628,5.081,4.827,5.335,224434,5.344,5.077,5.611,58402,26.58,41.52,38.46,61.67
"B0019","https://nci-naaccr-zone-design.github.io/louisiana-2020/?address=B0019","Female","Esoph","10yrs","Claiborne, Webster","Minden, Springhill, Homer, Haynesville, Shongaloo, Doyline, Athens, Dubberly, Lisbon, Sibley",3.045,2.893,3.197,169595,1.239,1.177,1.301,108994,3.183,3.024,3.342,58402,26.58,41.52,38.46,61.67
"B0019","https://nci-naaccr-zone-design.github.io/louisiana-2020/?address=B0019","Male","Esoph","10yrs","Claiborne, Webster","Minden, Springhill, Homer, Haynesville, Shongaloo, Doyline, Athens, Dubberly, Lisbon, Sibley",12.031,11.429,12.632,171033,8.759,8.321,9.197,115440,8.97,8.521,9.418,58402,26.58,41.52,38.46,61.67
