"Zone","URL","Sex","Cancer","Years","Counties","Places","AAIR","LCI","UCI","White_PopTot","White_AAIR","White_LCI","White_UCI","Black_PopTot","Black_AAIR","Black_LCI","Black_UCI","TotalPop","Pct100Pov","PctMinority","PctBlackNH","PctRural"
"A9015","https://nci-naaccr-zone-design.github.io/louisiana-2020/?address=A9015","Both","AllSite","05yrs","Orleans","New Orleans",531.553,504.976,558.131,99120,462.511,439.386,485.637,185556,534.008,507.307,560.708,56023,19.88,64.83,56.62,0.0
"A9015","https://nci-naaccr-zone-design.github.io/louisiana-2020/?address=A9015","Female","AllSite","05yrs","Orleans","New Orleans",366.923,348.577,385.27,49818,457.576,434.697,480.455,104088,383.703,364.517,402.888,56023,19.88,64.83,56.62,0.0
"A9015","https://nci-naaccr-zone-design.github.io/louisiana-2020/?address=A9015","Male","AllSite","05yrs","Orleans","New Orleans",603.225,573.064,633.387,49302,589.734,560.248,619.221,81468,535.713,508.927,562.498,56023,19.88,64.83,56.62,0.0
"A9015","https://nci-naaccr-zone-design.github.io/louisiana-2020/?address=A9015","Male","Prostate","05yrs","Orleans","New Orleans",170.237,161.726,178.749,49302,132.709,126.074,139.345,81468,170.668,162.135,179.202,56023,19.88,64.83,56.62,0.0
"A9015","https://nci-naaccr-zone-design.github.io/louisiana-2020/?address=A9015","Both","Lung","05yrs","Orleans","New Orleans",87.03,82.678,91.381,99120,62.789,59.65,65.929,185556,64.682,61.447,67.916,56023,19.88,64.83,56.62,0.0
"A9015","https://nci-naaccr-zone-design.github.io/louisiana-2020/?address=A9015","Female","Lung","05yrs","Orleans","New Orleans",60.257,57.245,63.27,49818,65.524,62.247,68.8,104088,45.6,43.32,47.88,56023,19.88,64.83,56.62,0.0
"A9015","https://nci-naaccr-zone-design.github.io/louisiana-2020/?address=A9015","Male","Lung","05yrs","Orleans","New Orleans",52.819,50.178,55.46,49302,83.099,78.944,87.254,81468,58.815,55.874,61.755,56023,19.88,64.83,56.62,0.0
"A9015","https://nci-naaccr-zone-design.github.io/louisiana-2020/?address=A9015","Female","Breast","05yrs","Orleans","New Orleans",110.934,105.387,116.48,49818,127.364,120.996,133.732,104088,122.971,116.822,129.119,56023,19.88,64.83,56.62,0.0
"A9015","https://nci-naaccr-zone-design.github.io/louisiana-2020/?address=A9015","Both","CRC","05yrs","Orleans","New Orleans",56.5,53.675,59.326,99120,50.999,48.449,53.548,185556,40.156,38.148,42.163,56023,19.88,64.83,56.62,0.0
"A9015","https://nci-naaccr-zone-design.github.io/louisiana-2020/?address=A9015","Female","CRC","05yrs","Orleans","New Orleans",53.338,50.671,56.005,49818,45.954,43.656,48.251,104088,38.911,36.965,40.856,56023,19.88,64.83,56.62,0.0
"A9015","https://nci-naaccr-zone-design.github.io/louisiana-2020/?address=A9015","Male","CRC","05yrs","Orleans","New Orleans",44.528,42.302,46.755,49302,38.392,36.472,40.311,81468,69.018,65.568,72.469,56023,19.88,64.83,56.62,0.0
"A9015","https://nci-naaccr-zone-design.github.io/louisiana-2020/?address=A9015","Both","Kidney","05yrs","Orleans","New Orleans",21.326,20.26,22.392,99120,19.666,18.683,20.649,185556,16.921,16.075,17.767,56023,19.88,64.83,56.62,0.0
"A9015","https://nci-naaccr-zone-design.github.io/louisiana-2020/?address=A9015","Female","Kidney","05yrs","Orleans","New Orleans",14.979,14.23,15.728,49818,17.989,17.09,18.889,104088,19.49,18.515,20.464,56023,19.88,64.83,56.62,0.0
"A9015","https://nci-naaccr-zone-design.github.io/louisiana-2020/?address=A9015","Male","Kidney","05yrs","Orleans","New Orleans",22.779,21.64,23.918,49302,20.43,19.409,21.452,81468,19.952,18.955,20.95,56023,19.88,64.83,56.62,0.0
"A9015","https://nci-naaccr-zone-design.github.io/louisiana-2020/?address=A9015","Both","NHL","05yrs","Orleans","New Orleans",24.65,23.417,25.882,99120,14.044,13.342,14.746,185556,15.08,14.326,15.834,56023,19.88,64.83,56.62,0.0
"A9015","https://nci-naaccr-zone-design.github.io/louisiana-2020/?address=A9015","Female","NHL","05yrs","Orleans","New Orleans",9.212,8.751,9.673,49818,19.108,18.153,20.064,104088,11.481,10.907,12.055,56023,19.88,64.83,56.62,0.0
"A9015","https://nci-naaccr-zone-design.github.io/louisiana-2020/?address=A9015","Male","NHL","05yrs","Orleans","New Orleans",32.015,30.414,33.616,49302,30.503,28.978,32.028,81468,18.601,17.671,19.531,56023,19.88,64.83,56.62,0.0
"A9015","https://nci-naaccr-zone-design.github.io/louisiana-2020/?address=A9015","Both","Urinary","05yrs","Orleans","New Orleans",23.825,22.634,25.016,99120,23.333,22.167,24.5,185556,24.308,23.093,25.524,56023,19.88,64.83,56.62,0.0
"A9015","https://nci-naaccr-zone-design.github.io/louisiana-2020/?address=A9015","Female","Urinary","05yrs","Orleans","New Orleans",10.042,9.54,10.544,49818,"","","",104088,11.729,11.142,12.315,56023,19.88,64.83,56.62,0.0
"A9015","https://nci-naaccr-zone-design.github.io/louisiana-2020/?address=A9015","Male","Urinary","05yrs","Orleans","New Orleans",33.836,32.144,35.528,49302,45.522,43.245,47.798,81468,35.782,33.993,37.571,56023,19.88,64.83,56.62,0.0
"A9015","https://nci-naaccr-zone-design.github.io/louisiana-2020/?address=A9015","Both","Mela","05yrs","Orleans","New Orleans",24.253,23.041,25.466,99120,5.15,4.893,5.408,185556,12.68,12.046,13.314,56023,19.88,64.83,56.62,0.0
"A9015","https://nci-naaccr-zone-design.github.io/louisiana-2020/?address=A9015","Female","Mela","05yrs","Orleans","New Orleans",5.057,4.804,5.31,49818,21.693,20.608,22.777,104088,22.255,21.143,23.368,56023,19.88,64.83,56.62,0.0
"A9015","https://nci-naaccr-zone-design.github.io/louisiana-2020/?address=A9015","Male","Mela","05yrs","Orleans","New Orleans",10.884,10.34,11.429,49302,34.311,32.596,36.027,81468,7.834,7.443,8.226,56023,19.88,64.83,56.62,0.0
"A9015","https://nci-naaccr-zone-design.github.io/louisiana-2020/?address=A9015","Both","Pancreas","05yrs","Orleans","New Orleans",12.462,11.839,13.085,99120,12.72,12.084,13.356,185556,12.356,11.738,12.974,56023,19.88,64.83,56.62,0.0
"A9015","https://nci-naaccr-zone-design.github.io/louisiana-2020/?address=A9015","Female","Pancreas","05yrs","Orleans","New Orleans",14.604,13.874,15.334,49818,17.026,16.175,17.878,104088,16.391,15.571,17.21,56023,19.88,64.83,56.62,0.0
"A9015","https://nci-naaccr-zone-design.github.io/louisiana-2020/?address=A9015","Male","Pancreas","05yrs","Orleans","New Orleans",11.141,10.584,11.698,49302,17.895,17.001,18.79,81468,13.958,13.26,14.656,56023,19.88,64.83,56.62,0.0
"A9015","https://nci-naaccr-zone-design.github.io/louisiana-2020/?address=A9015","Both","Leuks","05yrs","Orleans","New Orleans",16.896,16.051,17.741,99120,13.662,12.979,14.345,185556,17.237,16.375,18.099,56023,19.88,64.83,56.62,0.0
"A9015","https://nci-naaccr-zone-design.github.io/louisiana-2020/?address=A9015","Female","Leuks","05yrs","Orleans","New Orleans",10.554,10.027,11.082,49818,12.086,11.481,12.69,104088,7.966,7.567,8.364,56023,19.88,64.83,56.62,0.0
"A9015","https://nci-naaccr-zone-design.github.io/louisiana-2020/?address=A9015","Male","Leuks","05yrs","Orleans","New Orleans",23.673,22.489,24.857,49302,24.275,23.062,25.489,81468,12.083,11.479,12.687,56023,19.88,64.83,56.62,0.0
"A9015","https://nci-naaccr-zone-design.github.io/louisiana-2020/?address=A9015","Both","Oral","05yrs","Orleans","New Orleans",13.001,12.351,13.651,99120,11.346,10.779,11.914,185556,14.283,13.569,14.997,56023,19.88,64.83,56.62,0.0
"A9015","https://nci-naaccr-zone-design.github.io/louisiana-2020/?address=A9015","Female","Oral","05yrs","Orleans","New Orleans",8.852,8.41,9.295,49818,"","","",104088,6.909,6.564,7.255,56023,19.88,64.83,56.62,0.0
"A9015","https://nci-naaccr-zone-design.github.io/louisiana-2020/?address=A9015","Male","Oral","05yrs","Orleans","New Orleans",12.8,12.16,13.44,49302,26.991,25.642,28.341,81468,25.835,24.543,27.127,56023,19.88,64.83,56.62,0.0
"A9015","https://nci-naaccr-zone-design.github.io/louisiana-2020/?address=A9015","Both","Thyroid","05yrs","Orleans","New Orleans",14.24,13.528,14.952,99120,13.745,13.058,14.432,185556,17.245,16.383,18.108,56023,19.88,64.83,56.62,0.0
"A9015","https://nci-naaccr-zone-design.github.io/louisiana-2020/?address=A9015","Female","Thyroid","05yrs","Orleans","New Orleans",21.107,20.052,22.163,49818,16.483,15.659,17.307,104088,23.589,22.409,24.768,56023,19.88,64.83,56.62,0.0
"A9015","https://nci-naaccr-zone-design.github.io/louisiana-2020/?address=A9015","Male","Thyroid","05yrs","Orleans","New Orleans",8.42,7.999,8.841,49302,"","","",81468,"","","",56023,19.88,64.83,56.62,0.0
"A9015","https://nci-naaccr-zone-design.github.io/louisiana-2020/?address=A9015","Female","Uterine","05yrs","Orleans","New Orleans",12.184,11.574,12.793,49818,14.147,13.44,14.854,104088,21.673,20.59,22.757,56023,19.88,64.83,56.62,0.0
"A9015","https://nci-naaccr-zone-design.github.io/louisiana-2020/?address=A9015","Both","Liver","05yrs","Orleans","New Orleans",15.321,14.555,16.087,99120,14.014,13.313,14.714,185556,5.263,5.0,5.526,56023,19.88,64.83,56.62,0.0
"A9015","https://nci-naaccr-zone-design.github.io/louisiana-2020/?address=A9015","Female","Liver","05yrs","Orleans","New Orleans",2.991,2.841,3.14,49818,"","","",104088,4.707,4.471,4.942,56023,19.88,64.83,56.62,0.0
"A9015","https://nci-naaccr-zone-design.github.io/louisiana-2020/?address=A9015","Male","Liver","05yrs","Orleans","New Orleans",23.515,22.339,24.69,49302,19.381,18.412,20.35,81468,15.008,14.258,15.759,56023,19.88,64.83,56.62,0.0
"A9015","https://nci-naaccr-zone-design.github.io/louisiana-2020/?address=A9015","Both","Stomach","05yrs","Orleans","New Orleans",10.29,9.775,10.804,99120,6.58,6.251,6.909,185556,4.589,4.36,4.818,56023,19.88,64.83,56.62,0.0
"A9015","https://nci-naaccr-zone-design.github.io/louisiana-2020/?address=A9015","Female","Stomach","05yrs","Orleans","New Orleans",4.846,4.604,5.089,49818,9.514,9.038,9.989,104088,3.562,3.384,3.74,56023,19.88,64.83,56.62,0.0
"A9015","https://nci-naaccr-zone-design.github.io/louisiana-2020/?address=A9015","Male","Stomach","05yrs","Orleans","New Orleans",8.88,8.436,9.324,49302,13.628,12.947,14.31,81468,5.23,4.968,5.491,56023,19.88,64.83,56.62,0.0
"A9015","https://nci-naaccr-zone-design.github.io/louisiana-2020/?address=A9015","Both","Myeloma","05yrs","Orleans","New Orleans",6.248,5.935,6.56,99120,9.142,8.685,9.599,185556,4.6,4.37,4.83,56023,19.88,64.83,56.62,0.0
"A9015","https://nci-naaccr-zone-design.github.io/louisiana-2020/?address=A9015","Female","Myeloma","05yrs","Orleans","New Orleans",2.353,2.236,2.471,49818,8.142,7.735,8.549,104088,10.012,9.512,10.513,56023,19.88,64.83,56.62,0.0
"A9015","https://nci-naaccr-zone-design.github.io/louisiana-2020/?address=A9015","Male","Myeloma","05yrs","Orleans","New Orleans",15.021,14.27,15.772,49302,9.954,9.456,10.452,81468,15.203,14.443,15.963,56023,19.88,64.83,56.62,0.0
"A9015","https://nci-naaccr-zone-design.github.io/louisiana-2020/?address=A9015","Both","Brain","05yrs","Orleans","New Orleans",3.495,3.321,3.67,99120,5.679,5.395,5.963,185556,4.926,4.68,5.172,56023,19.88,64.83,56.62,0.0
"A9015","https://nci-naaccr-zone-design.github.io/louisiana-2020/?address=A9015","Female","Brain","05yrs","Orleans","New Orleans",4.7,4.465,4.935,49818,"","","",104088,7.405,7.035,7.776,56023,19.88,64.83,56.62,0.0
"A9015","https://nci-naaccr-zone-design.github.io/louisiana-2020/?address=A9015","Male","Brain","05yrs","Orleans","New Orleans",8.085,7.681,8.489,49302,"","","",81468,10.605,10.075,11.135,56023,19.88,64.83,56.62,0.0
"A9015","https://nci-naaccr-zone-design.github.io/louisiana-2020/?address=A9015","Both","Larynx","05yrs","Orleans","New Orleans",8.878,8.434,9.322,99120,8.35,7.932,8.767,185556,5.523,5.247,5.799,56023,19.88,64.83,56.62,0.0
"A9015","https://nci-naaccr-zone-design.github.io/louisiana-2020/?address=A9015","Female","Larynx","05yrs","Orleans","New Orleans","","","",49818,"","","",104088,"","","",56023,19.88,64.83,56.62,0.0
"A9015","https://nci-naaccr-zone-design.github.io/louisiana-2020/?address=A9015","Male","Larynx","05yrs","Orleans","New Orleans",9.356,8.888,9.824,49302,9.986,9.487,10.485,81468,11.349,10.781,11.916,56023,19.88,64.83,56.62,0.0
"A9015","https://nci-naaccr-zone-design.github.io/louisiana-2020/?address=A9015","Female","Ovary","05yrs","Orleans","New Orleans",15.082,14.328,15.836,49818,9.669,9.185,10.152,104088,15.419,14.648,16.19,56023,19.88,64.83,56.62,0.0
"A9015","https://nci-naaccr-zone-design.github.io/louisiana-2020/?address=A9015","Both","Esoph","05yrs","Orleans","New Orleans",6.141,5.834,6.448,99120,7.242,6.88,7.604,185556,5.836,5.544,6.128,56023,19.88,64.83,56.62,0.0
"A9015","https://nci-naaccr-zone-design.github.io/louisiana-2020/?address=A9015","Female","Esoph","05yrs","Orleans","New Orleans","","","",49818,"","","",104088,"","","",56023,19.88,64.83,56.62,0.0
"A9015","https://nci-naaccr-zone-design.github.io/louisiana-2020/?address=A9015","Male","Esoph","05yrs","Orleans","New Orleans",14.199,13.489,14.909,49302,"","","",81468,5.062,4.809,5.315,56023,19.88,64.83,56.62,0.0
"A9015","https://nci-naaccr-zone-design.github.io/louisiana-2020/?address=A9015","Both","AllSite","10yrs","Orleans","New Orleans",444.764,422.526,467.002,191332,498.89,473.945,523.834,321049,487.931,463.535,512.328,56023,19.88,64.83,56.62,0.0
"A9015","https://nci-naaccr-zone-design.github.io/louisiana-2020/?address=A9015","Female","AllSite","10yrs","Orleans","New Orleans",396.055,376.252,415.857,96742,360.771,342.732,378.809,178771,366.66,348.327,384.993,56023,19.88,64.83,56.62,0.0
"A9015","https://nci-naaccr-zone-design.github.io/louisiana-2020/?address=A9015","Male","AllSite","10yrs","Orleans","New Orleans",627.185,595.826,658.544,94590,620.373,589.354,651.391,142277,590.375,560.856,619.894,56023,19.88,64.83,56.62,0.0
"A9015","https://nci-naaccr-zone-design.github.io/louisiana-2020/?address=A9015","Male","Prostate","10yrs","Orleans","New Orleans",168.324,159.908,176.74,94590,200.047,190.045,210.05,142277,176.317,167.501,185.133,56023,19.88,64.83,56.62,0.0
"A9015","https://nci-naaccr-zone-design.github.io/louisiana-2020/?address=A9015","Both","Lung","10yrs","Orleans","New Orleans",81.776,77.687,85.864,191332,71.458,67.885,75.031,321049,78.743,74.806,82.68,56023,19.88,64.83,56.62,0.0
"A9015","https://nci-naaccr-zone-design.github.io/louisiana-2020/?address=A9015","Female","Lung","10yrs","Orleans","New Orleans",56.922,54.076,59.768,96742,43.355,41.187,45.523,178771,67.588,64.209,70.968,56023,19.88,64.83,56.62,0.0
"A9015","https://nci-naaccr-zone-design.github.io/louisiana-2020/?address=A9015","Male","Lung","10yrs","Orleans","New Orleans",95.057,90.304,99.809,94590,108.502,103.077,113.927,142277,88.828,84.387,93.269,56023,19.88,64.83,56.62,0.0
"A9015","https://nci-naaccr-zone-design.github.io/louisiana-2020/?address=A9015","Female","Breast","10yrs","Orleans","New Orleans",128.565,122.137,134.993,96742,98.649,93.716,103.581,178771,141.591,134.511,148.67,56023,19.88,64.83,56.62,0.0
"A9015","https://nci-naaccr-zone-design.github.io/louisiana-2020/?address=A9015","Both","CRC","10yrs","Orleans","New Orleans",48.457,46.034,50.88,191332,55.156,52.398,57.914,321049,56.107,53.301,58.912,56023,19.88,64.83,56.62,0.0
"A9015","https://nci-naaccr-zone-design.github.io/louisiana-2020/?address=A9015","Female","CRC","10yrs","Orleans","New Orleans",50.473,47.949,52.997,96742,31.57,29.992,33.149,178771,44.389,42.17,46.609,56023,19.88,64.83,56.62,0.0
"A9015","https://nci-naaccr-zone-design.github.io/louisiana-2020/?address=A9015","Male","CRC","10yrs","Orleans","New Orleans",36.947,35.099,38.794,94590,60.799,57.759,63.838,142277,48.141,45.734,50.548,56023,19.88,64.83,56.62,0.0
"A9015","https://nci-naaccr-zone-design.github.io/louisiana-2020/?address=A9015","Both","Kidney","10yrs","Orleans","New Orleans",26.168,24.859,27.476,191332,26.035,24.733,27.337,321049,18.975,18.026,19.924,56023,19.88,64.83,56.62,0.0
"A9015","https://nci-naaccr-zone-design.github.io/louisiana-2020/?address=A9015","Female","Kidney","10yrs","Orleans","New Orleans",21.077,20.023,22.131,96742,16.463,15.64,17.287,178771,10.054,9.552,10.557,56023,19.88,64.83,56.62,0.0
"A9015","https://nci-naaccr-zone-design.github.io/louisiana-2020/?address=A9015","Male","Kidney","10yrs","Orleans","New Orleans",28.237,26.825,29.649,94590,30.623,29.091,32.154,142277,34.643,32.911,36.375,56023,19.88,64.83,56.62,0.0
"A9015","https://nci-naaccr-zone-design.github.io/louisiana-2020/?address=A9015","Both","NHL","10yrs","Orleans","New Orleans",14.5,13.775,15.225,191332,20.896,19.852,21.941,321049,19.836,18.844,20.827,56023,19.88,64.83,56.62,0.0
"A9015","https://nci-naaccr-zone-design.github.io/louisiana-2020/?address=A9015","Female","NHL","10yrs","Orleans","New Orleans",12.018,11.418,12.619,96742,10.547,10.02,11.074,178771,16.153,15.346,16.961,56023,19.88,64.83,56.62,0.0
"A9015","https://nci-naaccr-zone-design.github.io/louisiana-2020/?address=A9015","Male","NHL","10yrs","Orleans","New Orleans",19.496,18.521,20.471,94590,23.171,22.013,24.33,142277,18.098,17.193,19.003,56023,19.88,64.83,56.62,0.0
"A9015","https://nci-naaccr-zone-design.github.io/louisiana-2020/?address=A9015","Both","Urinary","10yrs","Orleans","New Orleans",21.831,20.74,22.923,191332,13.538,12.861,14.215,321049,24.48,23.256,25.704,56023,19.88,64.83,56.62,0.0
"A9015","https://nci-naaccr-zone-design.github.io/louisiana-2020/?address=A9015","Female","Urinary","10yrs","Orleans","New Orleans",8.359,7.941,8.776,96742,7.924,7.528,8.32,178771,9.629,9.147,10.11,56023,19.88,64.83,56.62,0.0
"A9015","https://nci-naaccr-zone-design.github.io/louisiana-2020/?address=A9015","Male","Urinary","10yrs","Orleans","New Orleans",28.212,26.801,29.622,94590,48.05,45.647,50.452,142277,21.177,20.118,22.235,56023,19.88,64.83,56.62,0.0
"A9015","https://nci-naaccr-zone-design.github.io/louisiana-2020/?address=A9015","Both","Mela","10yrs","Orleans","New Orleans",7.583,7.203,7.962,191332,6.868,6.525,7.212,321049,13.319,12.653,13.984,56023,19.88,64.83,56.62,0.0
"A9015","https://nci-naaccr-zone-design.github.io/louisiana-2020/?address=A9015","Female","Mela","10yrs","Orleans","New Orleans",6.374,6.055,6.693,96742,14.373,13.654,15.092,178771,8.667,8.234,9.101,56023,19.88,64.83,56.62,0.0
"A9015","https://nci-naaccr-zone-design.github.io/louisiana-2020/?address=A9015","Male","Mela","10yrs","Orleans","New Orleans",9.106,8.651,9.562,94590,37.894,35.999,39.789,142277,30.594,29.064,32.123,56023,19.88,64.83,56.62,0.0
"A9015","https://nci-naaccr-zone-design.github.io/louisiana-2020/?address=A9015","Both","Pancreas","10yrs","Orleans","New Orleans",15.245,14.482,16.007,191332,12.834,12.192,13.476,321049,17.832,16.94,18.723,56023,19.88,64.83,56.62,0.0
"A9015","https://nci-naaccr-zone-design.github.io/louisiana-2020/?address=A9015","Female","Pancreas","10yrs","Orleans","New Orleans",16.053,15.25,16.855,96742,9.257,8.794,9.72,178771,9.331,8.864,9.797,56023,19.88,64.83,56.62,0.0
"A9015","https://nci-naaccr-zone-design.github.io/louisiana-2020/?address=A9015","Male","Pancreas","10yrs","Orleans","New Orleans",18.74,17.803,19.677,94590,19.724,18.738,20.71,142277,10.63,10.099,11.162,56023,19.88,64.83,56.62,0.0
"A9015","https://nci-naaccr-zone-design.github.io/louisiana-2020/?address=A9015","Both","Leuks","10yrs","Orleans","New Orleans",9.506,9.031,9.981,191332,11.949,11.351,12.546,321049,9.915,9.419,10.411,56023,19.88,64.83,56.62,0.0
"A9015","https://nci-naaccr-zone-design.github.io/louisiana-2020/?address=A9015","Female","Leuks","10yrs","Orleans","New Orleans",13.699,13.014,14.384,96742,12.455,11.832,13.078,178771,14.56,13.832,15.288,56023,19.88,64.83,56.62,0.0
"A9015","https://nci-naaccr-zone-design.github.io/louisiana-2020/?address=A9015","Male","Leuks","10yrs","Orleans","New Orleans",20.894,19.85,21.939,94590,25.362,24.094,26.63,142277,25.218,23.957,26.479,56023,19.88,64.83,56.62,0.0
"A9015","https://nci-naaccr-zone-design.github.io/louisiana-2020/?address=A9015","Both","Oral","10yrs","Orleans","New Orleans",11.945,11.347,12.542,191332,8.861,8.418,9.304,321049,7.416,7.045,7.786,56023,19.88,64.83,56.62,0.0
"A9015","https://nci-naaccr-zone-design.github.io/louisiana-2020/?address=A9015","Female","Oral","10yrs","Orleans","New Orleans",2.087,1.982,2.191,96742,4.88,4.636,5.124,178771,5.305,5.04,5.571,56023,19.88,64.83,56.62,0.0
"A9015","https://nci-naaccr-zone-design.github.io/louisiana-2020/?address=A9015","Male","Oral","10yrs","Orleans","New Orleans",15.289,14.525,16.054,94590,19.01,18.06,19.961,142277,11.665,11.082,12.248,56023,19.88,64.83,56.62,0.0
"A9015","https://nci-naaccr-zone-design.github.io/louisiana-2020/?address=A9015","Both","Thyroid","10yrs","Orleans","New Orleans",9.674,9.19,10.158,191332,10.65,10.118,11.183,321049,13.005,12.354,13.655,56023,19.88,64.83,56.62,0.0
"A9015","https://nci-naaccr-zone-design.github.io/louisiana-2020/?address=A9015","Female","Thyroid","10yrs","Orleans","New Orleans",24.214,23.004,25.425,96742,12.162,11.554,12.771,178771,10.15,9.643,10.658,56023,19.88,64.83,56.62,0.0
"A9015","https://nci-naaccr-zone-design.github.io/louisiana-2020/?address=A9015","Male","Thyroid","10yrs","Orleans","New Orleans",9.8,9.31,10.29,94590,8.791,8.352,9.231,142277,5.984,5.685,6.284,56023,19.88,64.83,56.62,0.0
"A9015","https://nci-naaccr-zone-design.github.io/louisiana-2020/?address=A9015","Female","Uterine","10yrs","Orleans","New Orleans",22.474,21.35,23.598,96742,14.166,13.457,14.874,178771,20.913,19.868,21.959,56023,19.88,64.83,56.62,0.0
"A9015","https://nci-naaccr-zone-design.github.io/louisiana-2020/?address=A9015","Both","Liver","10yrs","Orleans","New Orleans",11.347,10.78,11.915,191332,6.685,6.351,7.019,321049,9.401,8.931,9.871,56023,19.88,64.83,56.62,0.0
"A9015","https://nci-naaccr-zone-design.github.io/louisiana-2020/?address=A9015","Female","Liver","10yrs","Orleans","New Orleans",6.112,5.806,6.417,96742,4.128,3.922,4.334,178771,2.572,2.444,2.701,56023,19.88,64.83,56.62,0.0
"A9015","https://nci-naaccr-zone-design.github.io/louisiana-2020/?address=A9015","Male","Liver","10yrs","Orleans","New Orleans",19.113,18.157,20.068,94590,21.338,20.271,22.405,142277,15.457,14.684,16.23,56023,19.88,64.83,56.62,0.0
"A9015","https://nci-naaccr-zone-design.github.io/louisiana-2020/?address=A9015","Both","Stomach","10yrs","Orleans","New Orleans",7.156,6.798,7.514,191332,4.736,4.499,4.973,321049,10.759,10.221,11.297,56023,19.88,64.83,56.62,0.0
"A9015","https://nci-naaccr-zone-design.github.io/louisiana-2020/?address=A9015","Female","Stomach","10yrs","Orleans","New Orleans",8.993,8.544,9.443,96742,9.356,8.888,9.823,178771,5.35,5.082,5.617,56023,19.88,64.83,56.62,0.0
"A9015","https://nci-naaccr-zone-design.github.io/louisiana-2020/?address=A9015","Male","Stomach","10yrs","Orleans","New Orleans",8.513,8.087,8.938,94590,5.799,5.509,6.089,142277,6.403,6.083,6.723,56023,19.88,64.83,56.62,0.0
"A9015","https://nci-naaccr-zone-design.github.io/louisiana-2020/?address=A9015","Both","Myeloma","10yrs","Orleans","New Orleans",8.925,8.479,9.371,191332,11.372,10.804,11.941,321049,10.149,9.642,10.657,56023,19.88,64.83,56.62,0.0
"A9015","https://nci-naaccr-zone-design.github.io/louisiana-2020/?address=A9015","Female","Myeloma","10yrs","Orleans","New Orleans",9.806,9.316,10.296,96742,4.111,3.905,4.317,178771,5.734,5.447,6.02,56023,19.88,64.83,56.62,0.0
"A9015","https://nci-naaccr-zone-design.github.io/louisiana-2020/?address=A9015","Male","Myeloma","10yrs","Orleans","New Orleans",4.856,4.613,5.099,94590,9.847,9.355,10.34,142277,15.867,15.073,16.66,56023,19.88,64.83,56.62,0.0
"A9015","https://nci-naaccr-zone-design.github.io/louisiana-2020/?address=A9015","Both","Brain","10yrs","Orleans","New Orleans",7.065,6.712,7.418,191332,3.471,3.297,3.644,321049,5.866,5.573,6.16,56023,19.88,64.83,56.62,0.0
"A9015","https://nci-naaccr-zone-design.github.io/louisiana-2020/?address=A9015","Female","Brain","10yrs","Orleans","New Orleans",5.919,5.623,6.215,96742,5.057,4.804,5.31,178771,6.267,5.954,6.581,56023,19.88,64.83,56.62,0.0
"A9015","https://nci-naaccr-zone-design.github.io/louisiana-2020/?address=A9015","Male","Brain","10yrs","Orleans","New Orleans",9.925,9.429,10.422,94590,7.048,6.696,7.4,142277,5.285,5.021,5.549,56023,19.88,64.83,56.62,0.0
"A9015","https://nci-naaccr-zone-design.github.io/louisiana-2020/?address=A9015","Both","Larynx","10yrs","Orleans","New Orleans",8.823,8.382,9.265,191332,5.677,5.393,5.96,321049,3.968,3.77,4.166,56023,19.88,64.83,56.62,0.0
"A9015","https://nci-naaccr-zone-design.github.io/louisiana-2020/?address=A9015","Female","Larynx","10yrs","Orleans","New Orleans",1.36,1.292,1.428,96742,"","","",178771,3.767,3.578,3.955,56023,19.88,64.83,56.62,0.0
"A9015","https://nci-naaccr-zone-design.github.io/louisiana-2020/?address=A9015","Male","Larynx","10yrs","Orleans","New Orleans",10.194,9.685,10.704,94590,11.86,11.267,12.453,142277,7.58,7.201,7.959,56023,19.88,64.83,56.62,0.0
"A9015","https://nci-naaccr-zone-design.github.io/louisiana-2020/?address=A9015","Female","Ovary","10yrs","Orleans","New Orleans",10.832,10.291,11.374,96742,3.953,3.755,4.151,178771,15.221,14.46,15.982,56023,19.88,64.83,56.62,0.0
"A9015","https://nci-naaccr-zone-design.github.io/louisiana-2020/?address=A9015","Both","Esoph","10yrs","Orleans","New Orleans",3.011,2.86,3.161,191332,7.208,6.848,7.569,321049,4.186,3.976,4.395,56023,19.88,64.83,56.62,0.0
"A9015","https://nci-naaccr-zone-design.github.io/louisiana-2020/?address=A9015","Female","Esoph","10yrs","Orleans","New Orleans",1.884,1.79,1.978,96742,"","","",178771,1.941,1.844,2.038,56023,19.88,64.83,56.62,0.0
"A9015","https://nci-naaccr-zone-design.github.io/louisiana-2020/?address=A9015","Male","Esoph","10yrs","Orleans","New Orleans",8.01,7.609,8.41,94590,9.673,9.19,10.157,142277,14.106,13.401,14.811,56023,19.88,64.83,56.62,0.0
