"Zone","URL","Sex","Cancer","Years","Counties","Places","AAIR","LCI","UCI","White_PopTot","White_AAIR","White_LCI","White_UCI","Black_PopTot","Black_AAIR","Black_LCI","Black_UCI","TotalPop","Pct100Pov","PctMinority","PctBlackNH","PctRural"
"B0049","https://nci-naaccr-zone-design.github.io/louisiana-2020/?address=B0049","Both","AllSite","05yrs","Lincoln, Jackson","Ruston, Grambling, Jonesboro, Choudrant, Vienna, Simsboro",528.144,501.737,554.551,182198,541.745,514.658,568.832,122017,494.762,470.024,519.5,63009,30.85,42.39,37.6,47.1
"B0049","https://nci-naaccr-zone-design.github.io/louisiana-2020/?address=B0049","Female","AllSite","05yrs","Lincoln, Jackson","Ruston, Grambling, Jonesboro, Choudrant, Vienna, Simsboro",409.649,389.167,430.132,90482,397.94,378.043,417.837,64367,434.116,412.411,455.822,63009,30.85,42.39,37.6,47.1
"B0049","https://nci-naaccr-zone-design.github.io/louisiana-2020/?address=B0049","Male","AllSite","05yrs","Lincoln, Jackson","Ruston, Grambling, Jonesboro, Choudrant, Vienna, Simsboro",637.952,606.055,669.85,91716,530.722,504.186,557.259,57650,544.655,517.423,571.888,63009,30.85,42.39,37.6,47.1
"B0049","https://nci-naaccr-zone-design.github.io/louisiana-2020/?address=B0049","Male","Prostate","05yrs","Lincoln, Jackson","Ruston, Grambling, Jonesboro, Choudrant, Vienna, Simsboro",132.739,126.102,139.376,91716,125.381,119.112,131.65,57650,202.169,192.06,212.277,63009,30.85,42.39,37.6,47.1
"B0049","https://nci-naaccr-zone-design.github.io/louisiana-2020/?address=B0049","Both","Lung","05yrs","Lincoln, Jackson","Ruston, Grambling, Jonesboro, Choudrant, Vienna, Simsboro",47.585,45.206,49.964,182198,69.175,65.716,72.633,122017,68.881,65.437,72.325,63009,30.85,42.39,37.6,47.1
"B0049","https://nci-naaccr-zone-design.github.io/louisiana-2020/?address=B0049","Female","Lung","05yrs","Lincoln, Jackson","Ruston, Grambling, Jonesboro, Choudrant, Vienna, Simsboro",46.626,44.295,48.958,90482,67.757,64.369,71.145,64367,62.2,59.09,65.31,63009,30.85,42.39,37.6,47.1
"B0049","https://nci-naaccr-zone-design.github.io/louisiana-2020/?address=B0049","Male","Lung","05yrs","Lincoln, Jackson","Ruston, Grambling, Jonesboro, Choudrant, Vienna, Simsboro",84.234,80.022,88.446,91716,74.482,70.758,78.206,57650,87.496,83.121,91.871,63009,30.85,42.39,37.6,47.1
"B0049","https://nci-naaccr-zone-design.github.io/louisiana-2020/?address=B0049","Female","Breast","05yrs","Lincoln, Jackson","Ruston, Grambling, Jonesboro, Choudrant, Vienna, Simsboro",118.255,112.342,124.168,90482,100.544,95.517,105.572,64367,106.016,100.715,111.316,63009,30.85,42.39,37.6,47.1
"B0049","https://nci-naaccr-zone-design.github.io/louisiana-2020/?address=B0049","Both","CRC","05yrs","Lincoln, Jackson","Ruston, Grambling, Jonesboro, Choudrant, Vienna, Simsboro",46.019,43.718,48.32,182198,55.545,52.768,58.323,122017,56.322,53.506,59.138,63009,30.85,42.39,37.6,47.1
"B0049","https://nci-naaccr-zone-design.github.io/louisiana-2020/?address=B0049","Female","CRC","05yrs","Lincoln, Jackson","Ruston, Grambling, Jonesboro, Choudrant, Vienna, Simsboro",45.042,42.79,47.295,90482,38.416,36.495,40.337,64367,35.648,33.866,37.43,63009,30.85,42.39,37.6,47.1
"B0049","https://nci-naaccr-zone-design.github.io/louisiana-2020/?address=B0049","Male","CRC","05yrs","Lincoln, Jackson","Ruston, Grambling, Jonesboro, Choudrant, Vienna, Simsboro",51.365,48.796,53.933,91716,42.941,40.794,45.088,57650,66.229,62.918,69.541,63009,30.85,42.39,37.6,47.1
"B0049","https://nci-naaccr-zone-design.github.io/louisiana-2020/?address=B0049","Both","Kidney","05yrs","Lincoln, Jackson","Ruston, Grambling, Jonesboro, Choudrant, Vienna, Simsboro",18.676,17.742,19.609,182198,19.021,18.07,19.972,122017,16.683,15.848,17.517,63009,30.85,42.39,37.6,47.1
"B0049","https://nci-naaccr-zone-design.github.io/louisiana-2020/?address=B0049","Female","Kidney","05yrs","Lincoln, Jackson","Ruston, Grambling, Jonesboro, Choudrant, Vienna, Simsboro",10.848,10.306,11.39,90482,16.576,15.747,17.405,64367,16.887,16.043,17.732,63009,30.85,42.39,37.6,47.1
"B0049","https://nci-naaccr-zone-design.github.io/louisiana-2020/?address=B0049","Male","Kidney","05yrs","Lincoln, Jackson","Ruston, Grambling, Jonesboro, Choudrant, Vienna, Simsboro",21.614,20.533,22.695,91716,35.396,33.626,37.166,57650,31.96,30.362,33.558,63009,30.85,42.39,37.6,47.1
"B0049","https://nci-naaccr-zone-design.github.io/louisiana-2020/?address=B0049","Both","NHL","05yrs","Lincoln, Jackson","Ruston, Grambling, Jonesboro, Choudrant, Vienna, Simsboro",16.294,15.479,17.109,182198,15.994,15.194,16.793,122017,17.997,17.097,18.896,63009,30.85,42.39,37.6,47.1
"B0049","https://nci-naaccr-zone-design.github.io/louisiana-2020/?address=B0049","Female","NHL","05yrs","Lincoln, Jackson","Ruston, Grambling, Jonesboro, Choudrant, Vienna, Simsboro",14.01,13.31,14.711,90482,9.645,9.163,10.127,64367,13.623,12.941,14.304,63009,30.85,42.39,37.6,47.1
"B0049","https://nci-naaccr-zone-design.github.io/louisiana-2020/?address=B0049","Male","NHL","05yrs","Lincoln, Jackson","Ruston, Grambling, Jonesboro, Choudrant, Vienna, Simsboro",31.441,29.869,33.013,91716,17.653,16.771,18.536,57650,33.052,31.399,34.704,63009,30.85,42.39,37.6,47.1
"B0049","https://nci-naaccr-zone-design.github.io/louisiana-2020/?address=B0049","Both","Urinary","05yrs","Lincoln, Jackson","Ruston, Grambling, Jonesboro, Choudrant, Vienna, Simsboro",18.572,17.643,19.5,182198,24.875,23.632,26.119,122017,14.553,13.825,15.281,63009,30.85,42.39,37.6,47.1
"B0049","https://nci-naaccr-zone-design.github.io/louisiana-2020/?address=B0049","Female","Urinary","05yrs","Lincoln, Jackson","Ruston, Grambling, Jonesboro, Choudrant, Vienna, Simsboro",9.491,9.017,9.966,90482,9.132,8.676,9.589,64367,12.202,11.592,12.812,63009,30.85,42.39,37.6,47.1
"B0049","https://nci-naaccr-zone-design.github.io/louisiana-2020/?address=B0049","Male","Urinary","05yrs","Lincoln, Jackson","Ruston, Grambling, Jonesboro, Choudrant, Vienna, Simsboro",23.248,22.086,24.411,91716,30.435,28.913,31.956,57650,49.644,47.162,52.126,63009,30.85,42.39,37.6,47.1
"B0049","https://nci-naaccr-zone-design.github.io/louisiana-2020/?address=B0049","Both","Mela","05yrs","Lincoln, Jackson","Ruston, Grambling, Jonesboro, Choudrant, Vienna, Simsboro",19.357,18.389,20.324,182198,6.659,6.326,6.992,122017,16.882,16.038,17.726,63009,30.85,42.39,37.6,47.1
"B0049","https://nci-naaccr-zone-design.github.io/louisiana-2020/?address=B0049","Female","Mela","05yrs","Lincoln, Jackson","Ruston, Grambling, Jonesboro, Choudrant, Vienna, Simsboro",12.706,12.071,13.342,90482,5.163,4.905,5.422,64367,14.165,13.456,14.873,63009,30.85,42.39,37.6,47.1
"B0049","https://nci-naaccr-zone-design.github.io/louisiana-2020/?address=B0049","Male","Mela","05yrs","Lincoln, Jackson","Ruston, Grambling, Jonesboro, Choudrant, Vienna, Simsboro",35.054,33.301,36.807,91716,12.599,11.969,13.229,57650,5.881,5.587,6.175,63009,30.85,42.39,37.6,47.1
"B0049","https://nci-naaccr-zone-design.github.io/louisiana-2020/?address=B0049","Both","Pancreas","05yrs","Lincoln, Jackson","Ruston, Grambling, Jonesboro, Choudrant, Vienna, Simsboro",13.938,13.241,14.635,182198,16.421,15.6,17.242,122017,11.114,10.558,11.67,63009,30.85,42.39,37.6,47.1
"B0049","https://nci-naaccr-zone-design.github.io/louisiana-2020/?address=B0049","Female","Pancreas","05yrs","Lincoln, Jackson","Ruston, Grambling, Jonesboro, Choudrant, Vienna, Simsboro",16.793,15.953,17.632,90482,9.959,9.461,10.457,64367,10.05,9.548,10.553,63009,30.85,42.39,37.6,47.1
"B0049","https://nci-naaccr-zone-design.github.io/louisiana-2020/?address=B0049","Male","Pancreas","05yrs","Lincoln, Jackson","Ruston, Grambling, Jonesboro, Choudrant, Vienna, Simsboro",10.092,9.587,10.596,91716,19.592,18.613,20.572,57650,19.949,18.952,20.947,63009,30.85,42.39,37.6,47.1
"B0049","https://nci-naaccr-zone-design.github.io/louisiana-2020/?address=B0049","Both","Leuks","05yrs","Lincoln, Jackson","Ruston, Grambling, Jonesboro, Choudrant, Vienna, Simsboro",17.365,16.496,18.233,182198,11.566,10.988,12.144,122017,9.318,8.852,9.784,63009,30.85,42.39,37.6,47.1
"B0049","https://nci-naaccr-zone-design.github.io/louisiana-2020/?address=B0049","Female","Leuks","05yrs","Lincoln, Jackson","Ruston, Grambling, Jonesboro, Choudrant, Vienna, Simsboro",12.277,11.663,12.89,90482,7.521,7.145,7.897,64367,8.677,8.243,9.111,63009,30.85,42.39,37.6,47.1
"B0049","https://nci-naaccr-zone-design.github.io/louisiana-2020/?address=B0049","Male","Leuks","05yrs","Lincoln, Jackson","Ruston, Grambling, Jonesboro, Choudrant, Vienna, Simsboro",25.805,24.515,27.095,91716,10.823,10.282,11.364,57650,14.231,13.52,14.943,63009,30.85,42.39,37.6,47.1
"B0049","https://nci-naaccr-zone-design.github.io/louisiana-2020/?address=B0049","Both","Oral","05yrs","Lincoln, Jackson","Ruston, Grambling, Jonesboro, Choudrant, Vienna, Simsboro",6.965,6.616,7.313,182198,8.964,8.516,9.412,122017,16.068,15.264,16.871,63009,30.85,42.39,37.6,47.1
"B0049","https://nci-naaccr-zone-design.github.io/louisiana-2020/?address=B0049","Female","Oral","05yrs","Lincoln, Jackson","Ruston, Grambling, Jonesboro, Choudrant, Vienna, Simsboro",6.825,6.484,7.166,90482,8.911,8.465,9.356,64367,"","","",63009,30.85,42.39,37.6,47.1
"B0049","https://nci-naaccr-zone-design.github.io/louisiana-2020/?address=B0049","Male","Oral","05yrs","Lincoln, Jackson","Ruston, Grambling, Jonesboro, Choudrant, Vienna, Simsboro",22.139,21.032,23.246,91716,19.749,18.762,20.737,57650,18.383,17.464,19.302,63009,30.85,42.39,37.6,47.1
"B0049","https://nci-naaccr-zone-design.github.io/louisiana-2020/?address=B0049","Both","Thyroid","05yrs","Lincoln, Jackson","Ruston, Grambling, Jonesboro, Choudrant, Vienna, Simsboro",16.608,15.777,17.438,182198,14.772,14.034,15.511,122017,17.748,16.861,18.636,63009,30.85,42.39,37.6,47.1
"B0049","https://nci-naaccr-zone-design.github.io/louisiana-2020/?address=B0049","Female","Thyroid","05yrs","Lincoln, Jackson","Ruston, Grambling, Jonesboro, Choudrant, Vienna, Simsboro",13.435,12.763,14.106,90482,22.524,21.398,23.65,64367,10.572,10.044,11.101,63009,30.85,42.39,37.6,47.1
"B0049","https://nci-naaccr-zone-design.github.io/louisiana-2020/?address=B0049","Male","Thyroid","05yrs","Lincoln, Jackson","Ruston, Grambling, Jonesboro, Choudrant, Vienna, Simsboro",9.259,8.796,9.722,91716,4.979,4.73,5.228,57650,"","","",63009,30.85,42.39,37.6,47.1
"B0049","https://nci-naaccr-zone-design.github.io/louisiana-2020/?address=B0049","Female","Uterine","05yrs","Lincoln, Jackson","Ruston, Grambling, Jonesboro, Choudrant, Vienna, Simsboro",21.847,20.755,22.939,90482,14.553,13.825,15.281,64367,24.079,22.875,25.283,63009,30.85,42.39,37.6,47.1
"B0049","https://nci-naaccr-zone-design.github.io/louisiana-2020/?address=B0049","Both","Liver","05yrs","Lincoln, Jackson","Ruston, Grambling, Jonesboro, Choudrant, Vienna, Simsboro",12.628,11.997,13.26,182198,10.48,9.956,11.004,122017,10.123,9.616,10.629,63009,30.85,42.39,37.6,47.1
"B0049","https://nci-naaccr-zone-design.github.io/louisiana-2020/?address=B0049","Female","Liver","05yrs","Lincoln, Jackson","Ruston, Grambling, Jonesboro, Choudrant, Vienna, Simsboro",4.803,4.563,5.043,90482,4.579,4.35,4.808,64367,5.707,5.422,5.992,63009,30.85,42.39,37.6,47.1
"B0049","https://nci-naaccr-zone-design.github.io/louisiana-2020/?address=B0049","Male","Liver","05yrs","Lincoln, Jackson","Ruston, Grambling, Jonesboro, Choudrant, Vienna, Simsboro",17.942,17.045,18.839,91716,21.453,20.38,22.526,57650,22.986,21.837,24.136,63009,30.85,42.39,37.6,47.1
"B0049","https://nci-naaccr-zone-design.github.io/louisiana-2020/?address=B0049","Both","Stomach","05yrs","Lincoln, Jackson","Ruston, Grambling, Jonesboro, Choudrant, Vienna, Simsboro",6.279,5.966,6.593,182198,6.162,5.854,6.471,122017,8.064,7.661,8.467,63009,30.85,42.39,37.6,47.1
"B0049","https://nci-naaccr-zone-design.github.io/louisiana-2020/?address=B0049","Female","Stomach","05yrs","Lincoln, Jackson","Ruston, Grambling, Jonesboro, Choudrant, Vienna, Simsboro",3.728,3.541,3.914,90482,8.007,7.607,8.408,64367,"","","",63009,30.85,42.39,37.6,47.1
"B0049","https://nci-naaccr-zone-design.github.io/louisiana-2020/?address=B0049","Male","Stomach","05yrs","Lincoln, Jackson","Ruston, Grambling, Jonesboro, Choudrant, Vienna, Simsboro",14.721,13.985,15.457,91716,11.794,11.204,12.384,57650,"","","",63009,30.85,42.39,37.6,47.1
"B0049","https://nci-naaccr-zone-design.github.io/louisiana-2020/?address=B0049","Both","Myeloma","05yrs","Lincoln, Jackson","Ruston, Grambling, Jonesboro, Choudrant, Vienna, Simsboro",4.83,4.589,5.072,182198,11.848,11.255,12.44,122017,9.569,9.091,10.047,63009,30.85,42.39,37.6,47.1
"B0049","https://nci-naaccr-zone-design.github.io/louisiana-2020/?address=B0049","Female","Myeloma","05yrs","Lincoln, Jackson","Ruston, Grambling, Jonesboro, Choudrant, Vienna, Simsboro",2.987,2.837,3.136,90482,12.516,11.891,13.142,64367,11.995,11.395,12.594,63009,30.85,42.39,37.6,47.1
"B0049","https://nci-naaccr-zone-design.github.io/louisiana-2020/?address=B0049","Male","Myeloma","05yrs","Lincoln, Jackson","Ruston, Grambling, Jonesboro, Choudrant, Vienna, Simsboro",11.718,11.132,12.303,91716,5.625,5.344,5.906,57650,8.248,7.835,8.66,63009,30.85,42.39,37.6,47.1
"B0049","https://nci-naaccr-zone-design.github.io/louisiana-2020/?address=B0049","Both","Brain","05yrs","Lincoln, Jackson","Ruston, Grambling, Jonesboro, Choudrant, Vienna, Simsboro",6.546,6.219,6.874,182198,6.012,5.712,6.313,122017,5.075,4.822,5.329,63009,30.85,42.39,37.6,47.1
"B0049","https://nci-naaccr-zone-design.github.io/louisiana-2020/?address=B0049","Female","Brain","05yrs","Lincoln, Jackson","Ruston, Grambling, Jonesboro, Choudrant, Vienna, Simsboro",6.197,5.887,6.507,90482,4.639,4.407,4.871,64367,7.346,6.979,7.713,63009,30.85,42.39,37.6,47.1
"B0049","https://nci-naaccr-zone-design.github.io/louisiana-2020/?address=B0049","Male","Brain","05yrs","Lincoln, Jackson","Ruston, Grambling, Jonesboro, Choudrant, Vienna, Simsboro",11.459,10.886,12.032,91716,7.569,7.191,7.948,57650,5.924,5.628,6.22,63009,30.85,42.39,37.6,47.1
"B0049","https://nci-naaccr-zone-design.github.io/louisiana-2020/?address=B0049","Both","Larynx","05yrs","Lincoln, Jackson","Ruston, Grambling, Jonesboro, Choudrant, Vienna, Simsboro",8.564,8.135,8.992,182198,7.446,7.073,7.818,122017,7.679,7.295,8.063,63009,30.85,42.39,37.6,47.1
"B0049","https://nci-naaccr-zone-design.github.io/louisiana-2020/?address=B0049","Female","Larynx","05yrs","Lincoln, Jackson","Ruston, Grambling, Jonesboro, Choudrant, Vienna, Simsboro",3.535,3.358,3.711,90482,"","","",64367,"","","",63009,30.85,42.39,37.6,47.1
"B0049","https://nci-naaccr-zone-design.github.io/louisiana-2020/?address=B0049","Male","Larynx","05yrs","Lincoln, Jackson","Ruston, Grambling, Jonesboro, Choudrant, Vienna, Simsboro",10.014,9.514,10.515,91716,11.061,10.508,11.614,57650,12.984,12.335,13.633,63009,30.85,42.39,37.6,47.1
"B0049","https://nci-naaccr-zone-design.github.io/louisiana-2020/?address=B0049","Female","Ovary","05yrs","Lincoln, Jackson","Ruston, Grambling, Jonesboro, Choudrant, Vienna, Simsboro",7.31,6.944,7.675,90482,12.56,11.932,13.188,64367,5.659,5.376,5.942,63009,30.85,42.39,37.6,47.1
"B0049","https://nci-naaccr-zone-design.github.io/louisiana-2020/?address=B0049","Both","Esoph","05yrs","Lincoln, Jackson","Ruston, Grambling, Jonesboro, Choudrant, Vienna, Simsboro",3.045,2.893,3.198,182198,4.805,4.564,5.045,122017,7.768,7.38,8.156,63009,30.85,42.39,37.6,47.1
"B0049","https://nci-naaccr-zone-design.github.io/louisiana-2020/?address=B0049","Female","Esoph","05yrs","Lincoln, Jackson","Ruston, Grambling, Jonesboro, Choudrant, Vienna, Simsboro","","","",90482,"","","",64367,"","","",63009,30.85,42.39,37.6,47.1
"B0049","https://nci-naaccr-zone-design.github.io/louisiana-2020/?address=B0049","Male","Esoph","05yrs","Lincoln, Jackson","Ruston, Grambling, Jonesboro, Choudrant, Vienna, Simsboro",6.766,6.428,7.104,91716,12.356,11.738,12.974,57650,6.593,6.263,6.923,63009,30.85,42.39,37.6,47.1
"B0049","https://nci-naaccr-zone-design.github.io/louisiana-2020/?address=B0049","Both","AllSite","10yrs","Lincoln, Jackson","Ruston, Grambling, Jonesboro, Choudrant, Vienna, Simsboro",532.06,505.457,558.663,362938,540.26,513.247,567.273,239583,463.963,440.765,487.162,63009,30.85,42.39,37.6,47.1
"B0049","https://nci-naaccr-zone-design.github.io/louisiana-2020/?address=B0049","Female","AllSite","10yrs","Lincoln, Jackson","Ruston, Grambling, Jonesboro, Choudrant, Vienna, Simsboro",403.885,383.69,424.079,180670,365.564,347.286,383.842,126709,422.553,401.425,443.68,63009,30.85,42.39,37.6,47.1
"B0049","https://nci-naaccr-zone-design.github.io/louisiana-2020/?address=B0049","Male","AllSite","10yrs","Lincoln, Jackson","Ruston, Grambling, Jonesboro, Choudrant, Vienna, Simsboro",644.706,612.471,676.942,182268,562.574,534.445,590.702,112874,529.792,503.302,556.281,63009,30.85,42.39,37.6,47.1
"B0049","https://nci-naaccr-zone-design.github.io/louisiana-2020/?address=B0049","Male","Prostate","10yrs","Lincoln, Jackson","Ruston, Grambling, Jonesboro, Choudrant, Vienna, Simsboro",150.119,142.613,157.625,182268,151.087,143.533,158.642,112874,152.252,144.64,159.865,63009,30.85,42.39,37.6,47.1
"B0049","https://nci-naaccr-zone-design.github.io/louisiana-2020/?address=B0049","Both","Lung","10yrs","Lincoln, Jackson","Ruston, Grambling, Jonesboro, Choudrant, Vienna, Simsboro",79.503,75.528,83.478,362938,53.833,51.142,56.525,239583,65.716,62.43,69.002,63009,30.85,42.39,37.6,47.1
"B0049","https://nci-naaccr-zone-design.github.io/louisiana-2020/?address=B0049","Female","Lung","10yrs","Lincoln, Jackson","Ruston, Grambling, Jonesboro, Choudrant, Vienna, Simsboro",43.436,41.264,45.608,180670,70.272,66.758,73.785,126709,51.453,48.881,54.026,63009,30.85,42.39,37.6,47.1
"B0049","https://nci-naaccr-zone-design.github.io/louisiana-2020/?address=B0049","Male","Lung","10yrs","Lincoln, Jackson","Ruston, Grambling, Jonesboro, Choudrant, Vienna, Simsboro",57.838,54.946,60.73,182268,118.738,112.801,124.675,112874,113.31,107.645,118.976,63009,30.85,42.39,37.6,47.1
"B0049","https://nci-naaccr-zone-design.github.io/louisiana-2020/?address=B0049","Female","Breast","10yrs","Lincoln, Jackson","Ruston, Grambling, Jonesboro, Choudrant, Vienna, Simsboro",126.718,120.382,133.053,180670,129.332,122.865,135.798,126709,114.473,108.749,120.197,63009,30.85,42.39,37.6,47.1
"B0049","https://nci-naaccr-zone-design.github.io/louisiana-2020/?address=B0049","Both","CRC","10yrs","Lincoln, Jackson","Ruston, Grambling, Jonesboro, Choudrant, Vienna, Simsboro",59.477,56.504,62.451,362938,36.482,34.658,38.306,239583,45.292,43.027,47.556,63009,30.85,42.39,37.6,47.1
"B0049","https://nci-naaccr-zone-design.github.io/louisiana-2020/?address=B0049","Female","CRC","10yrs","Lincoln, Jackson","Ruston, Grambling, Jonesboro, Choudrant, Vienna, Simsboro",41.796,39.706,43.886,180670,37.34,35.473,39.207,126709,36.643,34.81,38.475,63009,30.85,42.39,37.6,47.1
"B0049","https://nci-naaccr-zone-design.github.io/louisiana-2020/?address=B0049","Male","CRC","10yrs","Lincoln, Jackson","Ruston, Grambling, Jonesboro, Choudrant, Vienna, Simsboro",57.028,54.176,59.879,182268,63.914,60.718,67.109,112874,51.835,49.243,54.427,63009,30.85,42.39,37.6,47.1
"B0049","https://nci-naaccr-zone-design.github.io/louisiana-2020/?address=B0049","Both","Kidney","10yrs","Lincoln, Jackson","Ruston, Grambling, Jonesboro, Choudrant, Vienna, Simsboro",24.617,23.386,25.848,362938,24.349,23.132,25.567,239583,20.781,19.742,21.82,63009,30.85,42.39,37.6,47.1
"B0049","https://nci-naaccr-zone-design.github.io/louisiana-2020/?address=B0049","Female","Kidney","10yrs","Lincoln, Jackson","Ruston, Grambling, Jonesboro, Choudrant, Vienna, Simsboro",18.212,17.302,19.123,180670,13.189,12.53,13.849,126709,11.7,11.115,12.285,63009,30.85,42.39,37.6,47.1
"B0049","https://nci-naaccr-zone-design.github.io/louisiana-2020/?address=B0049","Male","Kidney","10yrs","Lincoln, Jackson","Ruston, Grambling, Jonesboro, Choudrant, Vienna, Simsboro",23.244,22.082,24.406,182268,32.0,30.4,33.6,112874,32.218,30.607,33.828,63009,30.85,42.39,37.6,47.1
"B0049","https://nci-naaccr-zone-design.github.io/louisiana-2020/?address=B0049","Both","NHL","10yrs","Lincoln, Jackson","Ruston, Grambling, Jonesboro, Choudrant, Vienna, Simsboro",19.526,18.55,20.502,362938,15.682,14.898,16.466,239583,15.651,14.868,16.434,63009,30.85,42.39,37.6,47.1
"B0049","https://nci-naaccr-zone-design.github.io/louisiana-2020/?address=B0049","Female","NHL","10yrs","Lincoln, Jackson","Ruston, Grambling, Jonesboro, Choudrant, Vienna, Simsboro",22.416,21.295,23.537,180670,18.018,17.117,18.919,126709,17.403,16.533,18.274,63009,30.85,42.39,37.6,47.1
"B0049","https://nci-naaccr-zone-design.github.io/louisiana-2020/?address=B0049","Male","NHL","10yrs","Lincoln, Jackson","Ruston, Grambling, Jonesboro, Choudrant, Vienna, Simsboro",15.941,15.144,16.738,182268,25.028,23.777,26.28,112874,27.845,26.453,29.237,63009,30.85,42.39,37.6,47.1
"B0049","https://nci-naaccr-zone-design.github.io/louisiana-2020/?address=B0049","Both","Urinary","10yrs","Lincoln, Jackson","Ruston, Grambling, Jonesboro, Choudrant, Vienna, Simsboro",24.538,23.311,25.765,362938,15.579,14.8,16.358,239583,18.593,17.663,19.522,63009,30.85,42.39,37.6,47.1
"B0049","https://nci-naaccr-zone-design.github.io/louisiana-2020/?address=B0049","Female","Urinary","10yrs","Lincoln, Jackson","Ruston, Grambling, Jonesboro, Choudrant, Vienna, Simsboro",7.565,7.186,7.943,180670,5.548,5.27,5.825,126709,10.24,9.728,10.752,63009,30.85,42.39,37.6,47.1
"B0049","https://nci-naaccr-zone-design.github.io/louisiana-2020/?address=B0049","Male","Urinary","10yrs","Lincoln, Jackson","Ruston, Grambling, Jonesboro, Choudrant, Vienna, Simsboro",46.162,43.854,48.47,182268,28.854,27.411,30.296,112874,47.137,44.78,49.494,63009,30.85,42.39,37.6,47.1
"B0049","https://nci-naaccr-zone-design.github.io/louisiana-2020/?address=B0049","Both","Mela","10yrs","Lincoln, Jackson","Ruston, Grambling, Jonesboro, Choudrant, Vienna, Simsboro",15.755,14.968,16.543,362938,15.892,15.098,16.687,239583,6.806,6.466,7.146,63009,30.85,42.39,37.6,47.1
"B0049","https://nci-naaccr-zone-design.github.io/louisiana-2020/?address=B0049","Female","Mela","10yrs","Lincoln, Jackson","Ruston, Grambling, Jonesboro, Choudrant, Vienna, Simsboro",16.379,15.561,17.198,180670,9.181,8.722,9.64,126709,12.517,11.891,13.143,63009,30.85,42.39,37.6,47.1
"B0049","https://nci-naaccr-zone-design.github.io/louisiana-2020/?address=B0049","Male","Mela","10yrs","Lincoln, Jackson","Ruston, Grambling, Jonesboro, Choudrant, Vienna, Simsboro",9.552,9.074,10.029,182268,8.791,8.352,9.231,112874,30.746,29.208,32.283,63009,30.85,42.39,37.6,47.1
"B0049","https://nci-naaccr-zone-design.github.io/louisiana-2020/?address=B0049","Both","Pancreas","10yrs","Lincoln, Jackson","Ruston, Grambling, Jonesboro, Choudrant, Vienna, Simsboro",11.372,10.804,11.941,362938,11.097,10.542,11.652,239583,17.176,16.317,18.035,63009,30.85,42.39,37.6,47.1
"B0049","https://nci-naaccr-zone-design.github.io/louisiana-2020/?address=B0049","Female","Pancreas","10yrs","Lincoln, Jackson","Ruston, Grambling, Jonesboro, Choudrant, Vienna, Simsboro",9.469,8.996,9.943,180670,14.349,13.632,15.067,126709,16.284,15.47,17.099,63009,30.85,42.39,37.6,47.1
"B0049","https://nci-naaccr-zone-design.github.io/louisiana-2020/?address=B0049","Male","Pancreas","10yrs","Lincoln, Jackson","Ruston, Grambling, Jonesboro, Choudrant, Vienna, Simsboro",14.499,13.774,15.224,182268,14.452,13.729,15.175,112874,16.495,15.67,17.32,63009,30.85,42.39,37.6,47.1
"B0049","https://nci-naaccr-zone-design.github.io/louisiana-2020/?address=B0049","Both","Leuks","10yrs","Lincoln, Jackson","Ruston, Grambling, Jonesboro, Choudrant, Vienna, Simsboro",11.48,10.906,12.054,362938,17.306,16.441,18.172,239583,13.142,12.485,13.799,63009,30.85,42.39,37.6,47.1
"B0049","https://nci-naaccr-zone-design.github.io/louisiana-2020/?address=B0049","Female","Leuks","10yrs","Lincoln, Jackson","Ruston, Grambling, Jonesboro, Choudrant, Vienna, Simsboro",13.775,13.087,14.464,180670,11.179,10.62,11.738,126709,10.555,10.027,11.083,63009,30.85,42.39,37.6,47.1
"B0049","https://nci-naaccr-zone-design.github.io/louisiana-2020/?address=B0049","Male","Leuks","10yrs","Lincoln, Jackson","Ruston, Grambling, Jonesboro, Choudrant, Vienna, Simsboro",10.535,10.008,11.061,182268,13.776,13.087,14.465,112874,8.409,7.989,8.83,63009,30.85,42.39,37.6,47.1
"B0049","https://nci-naaccr-zone-design.github.io/louisiana-2020/?address=B0049","Both","Oral","10yrs","Lincoln, Jackson","Ruston, Grambling, Jonesboro, Choudrant, Vienna, Simsboro",13.67,12.986,14.353,362938,15.906,15.111,16.702,239583,14.421,13.7,15.142,63009,30.85,42.39,37.6,47.1
"B0049","https://nci-naaccr-zone-design.github.io/louisiana-2020/?address=B0049","Female","Oral","10yrs","Lincoln, Jackson","Ruston, Grambling, Jonesboro, Choudrant, Vienna, Simsboro",8.982,8.533,9.431,180670,8.213,7.803,8.624,126709,3.682,3.498,3.866,63009,30.85,42.39,37.6,47.1
"B0049","https://nci-naaccr-zone-design.github.io/louisiana-2020/?address=B0049","Male","Oral","10yrs","Lincoln, Jackson","Ruston, Grambling, Jonesboro, Choudrant, Vienna, Simsboro",14.79,14.051,15.53,182268,13.251,12.588,13.914,112874,19.243,18.28,20.205,63009,30.85,42.39,37.6,47.1
"B0049","https://nci-naaccr-zone-design.github.io/louisiana-2020/?address=B0049","Both","Thyroid","10yrs","Lincoln, Jackson","Ruston, Grambling, Jonesboro, Choudrant, Vienna, Simsboro",13.089,12.435,13.744,362938,12.036,11.434,12.638,239583,11.055,10.503,11.608,63009,30.85,42.39,37.6,47.1
"B0049","https://nci-naaccr-zone-design.github.io/louisiana-2020/?address=B0049","Female","Thyroid","10yrs","Lincoln, Jackson","Ruston, Grambling, Jonesboro, Choudrant, Vienna, Simsboro",24.217,23.007,25.428,180670,25.186,23.926,26.445,126709,12.161,11.553,12.77,63009,30.85,42.39,37.6,47.1
"B0049","https://nci-naaccr-zone-design.github.io/louisiana-2020/?address=B0049","Male","Thyroid","10yrs","Lincoln, Jackson","Ruston, Grambling, Jonesboro, Choudrant, Vienna, Simsboro",7.454,7.081,7.826,182268,5.903,5.608,6.198,112874,9.59,9.111,10.07,63009,30.85,42.39,37.6,47.1
"B0049","https://nci-naaccr-zone-design.github.io/louisiana-2020/?address=B0049","Female","Uterine","10yrs","Lincoln, Jackson","Ruston, Grambling, Jonesboro, Choudrant, Vienna, Simsboro",25.977,24.678,27.276,180670,13.323,12.657,13.989,126709,19.104,18.149,20.059,63009,30.85,42.39,37.6,47.1
"B0049","https://nci-naaccr-zone-design.github.io/louisiana-2020/?address=B0049","Both","Liver","10yrs","Lincoln, Jackson","Ruston, Grambling, Jonesboro, Choudrant, Vienna, Simsboro",10.29,9.775,10.804,362938,7.121,6.765,7.477,239583,10.884,10.34,11.428,63009,30.85,42.39,37.6,47.1
"B0049","https://nci-naaccr-zone-design.github.io/louisiana-2020/?address=B0049","Female","Liver","10yrs","Lincoln, Jackson","Ruston, Grambling, Jonesboro, Choudrant, Vienna, Simsboro",7.159,6.801,7.517,180670,7.134,6.778,7.491,126709,3.799,3.609,3.989,63009,30.85,42.39,37.6,47.1
"B0049","https://nci-naaccr-zone-design.github.io/louisiana-2020/?address=B0049","Male","Liver","10yrs","Lincoln, Jackson","Ruston, Grambling, Jonesboro, Choudrant, Vienna, Simsboro",13.562,12.884,14.24,182268,17.406,16.535,18.276,112874,16.034,15.232,16.836,63009,30.85,42.39,37.6,47.1
"B0049","https://nci-naaccr-zone-design.github.io/louisiana-2020/?address=B0049","Both","Stomach","10yrs","Lincoln, Jackson","Ruston, Grambling, Jonesboro, Choudrant, Vienna, Simsboro",7.846,7.453,8.238,362938,10.081,9.577,10.585,239583,6.239,5.927,6.55,63009,30.85,42.39,37.6,47.1
"B0049","https://nci-naaccr-zone-design.github.io/louisiana-2020/?address=B0049","Female","Stomach","10yrs","Lincoln, Jackson","Ruston, Grambling, Jonesboro, Choudrant, Vienna, Simsboro",9.706,9.22,10.191,180670,2.779,2.64,2.918,126709,3.172,3.013,3.331,63009,30.85,42.39,37.6,47.1
"B0049","https://nci-naaccr-zone-design.github.io/louisiana-2020/?address=B0049","Male","Stomach","10yrs","Lincoln, Jackson","Ruston, Grambling, Jonesboro, Choudrant, Vienna, Simsboro",14.708,13.972,15.443,182268,13.555,12.878,14.233,112874,15.86,15.067,16.653,63009,30.85,42.39,37.6,47.1
"B0049","https://nci-naaccr-zone-design.github.io/louisiana-2020/?address=B0049","Both","Myeloma","10yrs","Lincoln, Jackson","Ruston, Grambling, Jonesboro, Choudrant, Vienna, Simsboro",7.117,6.762,7.473,362938,10.872,10.329,11.416,239583,13.985,13.285,14.684,63009,30.85,42.39,37.6,47.1
"B0049","https://nci-naaccr-zone-design.github.io/louisiana-2020/?address=B0049","Female","Myeloma","10yrs","Lincoln, Jackson","Ruston, Grambling, Jonesboro, Choudrant, Vienna, Simsboro",12.013,11.412,12.614,180670,6.08,5.776,6.384,126709,12.64,12.008,13.271,63009,30.85,42.39,37.6,47.1
"B0049","https://nci-naaccr-zone-design.github.io/louisiana-2020/?address=B0049","Male","Myeloma","10yrs","Lincoln, Jackson","Ruston, Grambling, Jonesboro, Choudrant, Vienna, Simsboro",6.909,6.564,7.255,182268,8.517,8.091,8.942,112874,5.266,5.002,5.529,63009,30.85,42.39,37.6,47.1
"B0049","https://nci-naaccr-zone-design.github.io/louisiana-2020/?address=B0049","Both","Brain","10yrs","Lincoln, Jackson","Ruston, Grambling, Jonesboro, Choudrant, Vienna, Simsboro",5.948,5.651,6.246,362938,8.334,7.917,8.75,239583,7.91,7.514,8.305,63009,30.85,42.39,37.6,47.1
"B0049","https://nci-naaccr-zone-design.github.io/louisiana-2020/?address=B0049","Female","Brain","10yrs","Lincoln, Jackson","Ruston, Grambling, Jonesboro, Choudrant, Vienna, Simsboro",7.783,7.394,8.172,180670,7.424,7.052,7.795,126709,5.258,4.995,5.521,63009,30.85,42.39,37.6,47.1
"B0049","https://nci-naaccr-zone-design.github.io/louisiana-2020/?address=B0049","Male","Brain","10yrs","Lincoln, Jackson","Ruston, Grambling, Jonesboro, Choudrant, Vienna, Simsboro",3.914,3.719,4.11,182268,4.417,4.196,4.637,112874,11.361,10.793,11.929,63009,30.85,42.39,37.6,47.1
"B0049","https://nci-naaccr-zone-design.github.io/louisiana-2020/?address=B0049","Both","Larynx","10yrs","Lincoln, Jackson","Ruston, Grambling, Jonesboro, Choudrant, Vienna, Simsboro",9.223,8.762,9.684,362938,2.738,2.601,2.875,239583,5.516,5.24,5.792,63009,30.85,42.39,37.6,47.1
"B0049","https://nci-naaccr-zone-design.github.io/louisiana-2020/?address=B0049","Female","Larynx","10yrs","Lincoln, Jackson","Ruston, Grambling, Jonesboro, Choudrant, Vienna, Simsboro",0.967,0.919,1.016,180670,0.892,0.848,0.937,126709,3.037,2.885,3.189,63009,30.85,42.39,37.6,47.1
"B0049","https://nci-naaccr-zone-design.github.io/louisiana-2020/?address=B0049","Male","Larynx","10yrs","Lincoln, Jackson","Ruston, Grambling, Jonesboro, Choudrant, Vienna, Simsboro",10.592,10.062,11.121,182268,4.132,3.925,4.338,112874,14.682,13.948,15.416,63009,30.85,42.39,37.6,47.1
"B0049","https://nci-naaccr-zone-design.github.io/louisiana-2020/?address=B0049","Female","Ovary","10yrs","Lincoln, Jackson","Ruston, Grambling, Jonesboro, Choudrant, Vienna, Simsboro",7.734,7.347,8.12,180670,7.279,6.915,7.643,126709,12.753,12.116,13.391,63009,30.85,42.39,37.6,47.1
"B0049","https://nci-naaccr-zone-design.github.io/louisiana-2020/?address=B0049","Both","Esoph","10yrs","Lincoln, Jackson","Ruston, Grambling, Jonesboro, Choudrant, Vienna, Simsboro",7.201,6.841,7.561,362938,3.611,3.431,3.792,239583,7.489,7.114,7.863,63009,30.85,42.39,37.6,47.1
"B0049","https://nci-naaccr-zone-design.github.io/louisiana-2020/?address=B0049","Female","Esoph","10yrs","Lincoln, Jackson","Ruston, Grambling, Jonesboro, Choudrant, Vienna, Simsboro",2.657,2.524,2.789,180670,3.523,3.347,3.7,126709,2.076,1.972,2.18,63009,30.85,42.39,37.6,47.1
"B0049","https://nci-naaccr-zone-design.github.io/louisiana-2020/?address=B0049","Male","Esoph","10yrs","Lincoln, Jackson","Ruston, Grambling, Jonesboro, Choudrant, Vienna, Simsboro",13.889,13.194,14.583,182268,6.408,6.088,6.729,112874,10.146,9.639,10.654,63009,30.85,42.39,37.6,47.1
