"Zone","URL","Sex","Cancer","Years","Counties","Places","AAIR","LCI","UCI","White_PopTot","White_AAIR","White_LCI","White_UCI","Black_PopTot","Black_AAIR","Black_LCI","Black_UCI","TotalPop","Pct100Pov","PctMinority","PctBlackNH","PctRural"
"B0024","https://nci-naaccr-zone-design.github.io/louisiana-2020/?address=B0024","Both","AllSite","05yrs","Assumption, St. Mary","Charenton, Morgan City, Baldwin, Labadieville, Belle Rose, Franklin, Supreme, Berwick",521.795,495.705,547.885,230036,477.368,453.5,501.237,122434,523.164,497.006,549.323,78071,20.66,40.17,31.71,22.63
"B0024","https://nci-naaccr-zone-design.github.io/louisiana-2020/?address=B0024","Female","AllSite","05yrs","Assumption, St. Mary","Charenton, Morgan City, Baldwin, Labadieville, Belle Rose, Franklin, Supreme, Berwick",356.539,338.712,374.366,117046,429.468,407.995,450.942,64229,443.948,421.75,466.145,78071,20.66,40.17,31.71,22.63
"B0024","https://nci-naaccr-zone-design.github.io/louisiana-2020/?address=B0024","Male","AllSite","05yrs","Assumption, St. Mary","Charenton, Morgan City, Baldwin, Labadieville, Belle Rose, Franklin, Supreme, Berwick",678.107,644.201,712.012,112990,546.764,519.426,574.102,58205,671.502,637.927,705.077,78071,20.66,40.17,31.71,22.63
"B0024","https://nci-naaccr-zone-design.github.io/louisiana-2020/?address=B0024","Male","Prostate","05yrs","Assumption, St. Mary","Charenton, Morgan City, Baldwin, Labadieville, Belle Rose, Franklin, Supreme, Berwick",186.246,176.933,195.558,112990,139.596,132.616,146.576,58205,168.084,159.679,176.488,78071,20.66,40.17,31.71,22.63
"B0024","https://nci-naaccr-zone-design.github.io/louisiana-2020/?address=B0024","Both","Lung","05yrs","Assumption, St. Mary","Charenton, Morgan City, Baldwin, Labadieville, Belle Rose, Franklin, Supreme, Berwick",83.849,79.657,88.042,230036,54.596,51.866,57.326,122434,69.314,65.848,72.779,78071,20.66,40.17,31.71,22.63
"B0024","https://nci-naaccr-zone-design.github.io/louisiana-2020/?address=B0024","Female","Lung","05yrs","Assumption, St. Mary","Charenton, Morgan City, Baldwin, Labadieville, Belle Rose, Franklin, Supreme, Berwick",64.023,60.822,67.224,117046,63.923,60.727,67.119,64229,61.621,58.54,64.702,78071,20.66,40.17,31.71,22.63
"B0024","https://nci-naaccr-zone-design.github.io/louisiana-2020/?address=B0024","Male","Lung","05yrs","Assumption, St. Mary","Charenton, Morgan City, Baldwin, Labadieville, Belle Rose, Franklin, Supreme, Berwick",71.339,67.772,74.906,112990,93.446,88.773,98.118,58205,91.331,86.764,95.897,78071,20.66,40.17,31.71,22.63
"B0024","https://nci-naaccr-zone-design.github.io/louisiana-2020/?address=B0024","Female","Breast","05yrs","Assumption, St. Mary","Charenton, Morgan City, Baldwin, Labadieville, Belle Rose, Franklin, Supreme, Berwick",109.479,104.005,114.953,117046,138.042,131.14,144.944,64229,102.426,97.305,107.548,78071,20.66,40.17,31.71,22.63
"B0024","https://nci-naaccr-zone-design.github.io/louisiana-2020/?address=B0024","Both","CRC","05yrs","Assumption, St. Mary","Charenton, Morgan City, Baldwin, Labadieville, Belle Rose, Franklin, Supreme, Berwick",58.501,55.576,61.426,230036,47.974,45.576,50.373,122434,57.697,54.812,60.582,78071,20.66,40.17,31.71,22.63
"B0024","https://nci-naaccr-zone-design.github.io/louisiana-2020/?address=B0024","Female","CRC","05yrs","Assumption, St. Mary","Charenton, Morgan City, Baldwin, Labadieville, Belle Rose, Franklin, Supreme, Berwick",52.422,49.801,55.043,117046,46.014,43.713,48.314,64229,53.13,50.474,55.787,78071,20.66,40.17,31.71,22.63
"B0024","https://nci-naaccr-zone-design.github.io/louisiana-2020/?address=B0024","Male","CRC","05yrs","Assumption, St. Mary","Charenton, Morgan City, Baldwin, Labadieville, Belle Rose, Franklin, Supreme, Berwick",54.984,52.235,57.733,112990,48.284,45.87,50.698,58205,71.627,68.045,75.208,78071,20.66,40.17,31.71,22.63
"B0024","https://nci-naaccr-zone-design.github.io/louisiana-2020/?address=B0024","Both","Kidney","05yrs","Assumption, St. Mary","Charenton, Morgan City, Baldwin, Labadieville, Belle Rose, Franklin, Supreme, Berwick",18.11,17.205,19.016,230036,17.733,16.846,18.62,122434,24.969,23.72,26.217,78071,20.66,40.17,31.71,22.63
"B0024","https://nci-naaccr-zone-design.github.io/louisiana-2020/?address=B0024","Female","Kidney","05yrs","Assumption, St. Mary","Charenton, Morgan City, Baldwin, Labadieville, Belle Rose, Franklin, Supreme, Berwick",20.714,19.679,21.75,117046,13.216,12.555,13.877,64229,12.099,11.494,12.704,78071,20.66,40.17,31.71,22.63
"B0024","https://nci-naaccr-zone-design.github.io/louisiana-2020/?address=B0024","Male","Kidney","05yrs","Assumption, St. Mary","Charenton, Morgan City, Baldwin, Labadieville, Belle Rose, Franklin, Supreme, Berwick",29.026,27.575,30.477,112990,32.641,31.009,34.273,58205,35.314,33.548,37.08,78071,20.66,40.17,31.71,22.63
"B0024","https://nci-naaccr-zone-design.github.io/louisiana-2020/?address=B0024","Both","NHL","05yrs","Assumption, St. Mary","Charenton, Morgan City, Baldwin, Labadieville, Belle Rose, Franklin, Supreme, Berwick",14.039,13.337,14.741,230036,21.212,20.151,22.273,122434,16.366,15.548,17.185,78071,20.66,40.17,31.71,22.63
"B0024","https://nci-naaccr-zone-design.github.io/louisiana-2020/?address=B0024","Female","NHL","05yrs","Assumption, St. Mary","Charenton, Morgan City, Baldwin, Labadieville, Belle Rose, Franklin, Supreme, Berwick",19.929,18.932,20.925,117046,16.572,15.743,17.4,64229,15.634,14.852,16.415,78071,20.66,40.17,31.71,22.63
"B0024","https://nci-naaccr-zone-design.github.io/louisiana-2020/?address=B0024","Male","NHL","05yrs","Assumption, St. Mary","Charenton, Morgan City, Baldwin, Labadieville, Belle Rose, Franklin, Supreme, Berwick",25.777,24.488,27.066,112990,21.137,20.08,22.194,58205,27.766,26.378,29.155,78071,20.66,40.17,31.71,22.63
"B0024","https://nci-naaccr-zone-design.github.io/louisiana-2020/?address=B0024","Both","Urinary","05yrs","Assumption, St. Mary","Charenton, Morgan City, Baldwin, Labadieville, Belle Rose, Franklin, Supreme, Berwick",17.598,16.718,18.478,230036,23.356,22.189,24.524,122434,26.833,25.491,28.174,78071,20.66,40.17,31.71,22.63
"B0024","https://nci-naaccr-zone-design.github.io/louisiana-2020/?address=B0024","Female","Urinary","05yrs","Assumption, St. Mary","Charenton, Morgan City, Baldwin, Labadieville, Belle Rose, Franklin, Supreme, Berwick",8.317,7.901,8.733,117046,3.939,3.742,4.136,64229,5.562,5.284,5.84,78071,20.66,40.17,31.71,22.63
"B0024","https://nci-naaccr-zone-design.github.io/louisiana-2020/?address=B0024","Male","Urinary","05yrs","Assumption, St. Mary","Charenton, Morgan City, Baldwin, Labadieville, Belle Rose, Franklin, Supreme, Berwick",31.492,29.918,33.067,112990,26.824,25.483,28.165,58205,45.866,43.573,48.159,78071,20.66,40.17,31.71,22.63
"B0024","https://nci-naaccr-zone-design.github.io/louisiana-2020/?address=B0024","Both","Mela","05yrs","Assumption, St. Mary","Charenton, Morgan City, Baldwin, Labadieville, Belle Rose, Franklin, Supreme, Berwick",5.851,5.558,6.143,230036,28.748,27.311,30.185,122434,28.573,27.144,30.001,78071,20.66,40.17,31.71,22.63
"B0024","https://nci-naaccr-zone-design.github.io/louisiana-2020/?address=B0024","Female","Mela","05yrs","Assumption, St. Mary","Charenton, Morgan City, Baldwin, Labadieville, Belle Rose, Franklin, Supreme, Berwick",10.838,10.296,11.38,117046,15.346,14.578,16.113,64229,"","","",78071,20.66,40.17,31.71,22.63
"B0024","https://nci-naaccr-zone-design.github.io/louisiana-2020/?address=B0024","Male","Mela","05yrs","Assumption, St. Mary","Charenton, Morgan City, Baldwin, Labadieville, Belle Rose, Franklin, Supreme, Berwick",21.072,20.018,22.125,112990,38.964,37.016,40.912,58205,"","","",78071,20.66,40.17,31.71,22.63
"B0024","https://nci-naaccr-zone-design.github.io/louisiana-2020/?address=B0024","Both","Pancreas","05yrs","Assumption, St. Mary","Charenton, Morgan City, Baldwin, Labadieville, Belle Rose, Franklin, Supreme, Berwick",11.327,10.761,11.893,230036,12.668,12.035,13.302,122434,11.668,11.085,12.251,78071,20.66,40.17,31.71,22.63
"B0024","https://nci-naaccr-zone-design.github.io/louisiana-2020/?address=B0024","Female","Pancreas","05yrs","Assumption, St. Mary","Charenton, Morgan City, Baldwin, Labadieville, Belle Rose, Franklin, Supreme, Berwick",13.621,12.94,14.302,117046,12.461,11.838,13.084,64229,10.396,9.876,10.916,78071,20.66,40.17,31.71,22.63
"B0024","https://nci-naaccr-zone-design.github.io/louisiana-2020/?address=B0024","Male","Pancreas","05yrs","Assumption, St. Mary","Charenton, Morgan City, Baldwin, Labadieville, Belle Rose, Franklin, Supreme, Berwick",12.18,11.571,12.789,112990,12.772,12.134,13.411,58205,18.665,17.732,19.598,78071,20.66,40.17,31.71,22.63
"B0024","https://nci-naaccr-zone-design.github.io/louisiana-2020/?address=B0024","Both","Leuks","05yrs","Assumption, St. Mary","Charenton, Morgan City, Baldwin, Labadieville, Belle Rose, Franklin, Supreme, Berwick",10.541,10.014,11.068,230036,10.13,9.623,10.636,122434,14.638,13.906,15.37,78071,20.66,40.17,31.71,22.63
"B0024","https://nci-naaccr-zone-design.github.io/louisiana-2020/?address=B0024","Female","Leuks","05yrs","Assumption, St. Mary","Charenton, Morgan City, Baldwin, Labadieville, Belle Rose, Franklin, Supreme, Berwick",14.356,13.639,15.074,117046,15.043,14.291,15.796,64229,8.42,7.999,8.841,78071,20.66,40.17,31.71,22.63
"B0024","https://nci-naaccr-zone-design.github.io/louisiana-2020/?address=B0024","Male","Leuks","05yrs","Assumption, St. Mary","Charenton, Morgan City, Baldwin, Labadieville, Belle Rose, Franklin, Supreme, Berwick",12.732,12.096,13.369,112990,21.151,20.093,22.209,58205,14.519,13.793,15.245,78071,20.66,40.17,31.71,22.63
"B0024","https://nci-naaccr-zone-design.github.io/louisiana-2020/?address=B0024","Both","Oral","05yrs","Assumption, St. Mary","Charenton, Morgan City, Baldwin, Labadieville, Belle Rose, Franklin, Supreme, Berwick",14.437,13.715,15.159,230036,15.759,14.971,16.547,122434,14.383,13.664,15.103,78071,20.66,40.17,31.71,22.63
"B0024","https://nci-naaccr-zone-design.github.io/louisiana-2020/?address=B0024","Female","Oral","05yrs","Assumption, St. Mary","Charenton, Morgan City, Baldwin, Labadieville, Belle Rose, Franklin, Supreme, Berwick",9.1,8.645,9.555,117046,3.064,2.911,3.217,64229,8.162,7.754,8.57,78071,20.66,40.17,31.71,22.63
"B0024","https://nci-naaccr-zone-design.github.io/louisiana-2020/?address=B0024","Male","Oral","05yrs","Assumption, St. Mary","Charenton, Morgan City, Baldwin, Labadieville, Belle Rose, Franklin, Supreme, Berwick",24.825,23.584,26.067,112990,19.906,18.911,20.902,58205,23.318,22.152,24.483,78071,20.66,40.17,31.71,22.63
"B0024","https://nci-naaccr-zone-design.github.io/louisiana-2020/?address=B0024","Both","Thyroid","05yrs","Assumption, St. Mary","Charenton, Morgan City, Baldwin, Labadieville, Belle Rose, Franklin, Supreme, Berwick",17.074,16.22,17.928,230036,7.91,7.514,8.305,122434,11.287,10.722,11.851,78071,20.66,40.17,31.71,22.63
"B0024","https://nci-naaccr-zone-design.github.io/louisiana-2020/?address=B0024","Female","Thyroid","05yrs","Assumption, St. Mary","Charenton, Morgan City, Baldwin, Labadieville, Belle Rose, Franklin, Supreme, Berwick",11.954,11.356,12.552,117046,15.283,14.519,16.047,64229,20.092,19.087,21.096,78071,20.66,40.17,31.71,22.63
"B0024","https://nci-naaccr-zone-design.github.io/louisiana-2020/?address=B0024","Male","Thyroid","05yrs","Assumption, St. Mary","Charenton, Morgan City, Baldwin, Labadieville, Belle Rose, Franklin, Supreme, Berwick",6.477,6.153,6.801,112990,5.218,4.957,5.478,58205,6.396,6.076,6.715,78071,20.66,40.17,31.71,22.63
"B0024","https://nci-naaccr-zone-design.github.io/louisiana-2020/?address=B0024","Female","Uterine","05yrs","Assumption, St. Mary","Charenton, Morgan City, Baldwin, Labadieville, Belle Rose, Franklin, Supreme, Berwick",22.744,21.607,23.882,117046,19.299,18.334,20.263,64229,25.557,24.279,26.834,78071,20.66,40.17,31.71,22.63
"B0024","https://nci-naaccr-zone-design.github.io/louisiana-2020/?address=B0024","Both","Liver","05yrs","Assumption, St. Mary","Charenton, Morgan City, Baldwin, Labadieville, Belle Rose, Franklin, Supreme, Berwick",11.97,11.371,12.568,230036,5.063,4.81,5.316,122434,7.064,6.711,7.417,78071,20.66,40.17,31.71,22.63
"B0024","https://nci-naaccr-zone-design.github.io/louisiana-2020/?address=B0024","Female","Liver","05yrs","Assumption, St. Mary","Charenton, Morgan City, Baldwin, Labadieville, Belle Rose, Franklin, Supreme, Berwick",1.862,1.769,1.955,117046,6.835,6.493,7.177,64229,5.466,5.193,5.74,78071,20.66,40.17,31.71,22.63
"B0024","https://nci-naaccr-zone-design.github.io/louisiana-2020/?address=B0024","Male","Liver","05yrs","Assumption, St. Mary","Charenton, Morgan City, Baldwin, Labadieville, Belle Rose, Franklin, Supreme, Berwick",11.653,11.071,12.236,112990,13.199,12.539,13.859,58205,16.071,15.268,16.875,78071,20.66,40.17,31.71,22.63
"B0024","https://nci-naaccr-zone-design.github.io/louisiana-2020/?address=B0024","Both","Stomach","05yrs","Assumption, St. Mary","Charenton, Morgan City, Baldwin, Labadieville, Belle Rose, Franklin, Supreme, Berwick",7.529,7.153,7.906,230036,7.524,7.148,7.901,122434,5.34,5.073,5.607,78071,20.66,40.17,31.71,22.63
"B0024","https://nci-naaccr-zone-design.github.io/louisiana-2020/?address=B0024","Female","Stomach","05yrs","Assumption, St. Mary","Charenton, Morgan City, Baldwin, Labadieville, Belle Rose, Franklin, Supreme, Berwick",8.255,7.843,8.668,117046,9.617,9.137,10.098,64229,"","","",78071,20.66,40.17,31.71,22.63
"B0024","https://nci-naaccr-zone-design.github.io/louisiana-2020/?address=B0024","Male","Stomach","05yrs","Assumption, St. Mary","Charenton, Morgan City, Baldwin, Labadieville, Belle Rose, Franklin, Supreme, Berwick",11.1,10.545,11.655,112990,16.036,15.234,16.838,58205,"","","",78071,20.66,40.17,31.71,22.63
"B0024","https://nci-naaccr-zone-design.github.io/louisiana-2020/?address=B0024","Both","Myeloma","05yrs","Assumption, St. Mary","Charenton, Morgan City, Baldwin, Labadieville, Belle Rose, Franklin, Supreme, Berwick",12.899,12.254,13.544,230036,7.749,7.361,8.136,122434,10.462,9.939,10.985,78071,20.66,40.17,31.71,22.63
"B0024","https://nci-naaccr-zone-design.github.io/louisiana-2020/?address=B0024","Female","Myeloma","05yrs","Assumption, St. Mary","Charenton, Morgan City, Baldwin, Labadieville, Belle Rose, Franklin, Supreme, Berwick",4.654,4.421,4.886,117046,7.972,7.573,8.371,64229,12.474,11.85,13.098,78071,20.66,40.17,31.71,22.63
"B0024","https://nci-naaccr-zone-design.github.io/louisiana-2020/?address=B0024","Male","Myeloma","05yrs","Assumption, St. Mary","Charenton, Morgan City, Baldwin, Labadieville, Belle Rose, Franklin, Supreme, Berwick",11.183,10.624,11.742,112990,17.453,16.581,18.326,58205,5.678,5.394,5.962,78071,20.66,40.17,31.71,22.63
"B0024","https://nci-naaccr-zone-design.github.io/louisiana-2020/?address=B0024","Both","Brain","05yrs","Assumption, St. Mary","Charenton, Morgan City, Baldwin, Labadieville, Belle Rose, Franklin, Supreme, Berwick",5.274,5.01,5.538,230036,6.588,6.259,6.918,122434,6.26,5.947,6.573,78071,20.66,40.17,31.71,22.63
"B0024","https://nci-naaccr-zone-design.github.io/louisiana-2020/?address=B0024","Female","Brain","05yrs","Assumption, St. Mary","Charenton, Morgan City, Baldwin, Labadieville, Belle Rose, Franklin, Supreme, Berwick",5.125,4.869,5.382,117046,5.106,4.851,5.362,64229,7.854,7.462,8.247,78071,20.66,40.17,31.71,22.63
"B0024","https://nci-naaccr-zone-design.github.io/louisiana-2020/?address=B0024","Male","Brain","05yrs","Assumption, St. Mary","Charenton, Morgan City, Baldwin, Labadieville, Belle Rose, Franklin, Supreme, Berwick",4.04,3.838,4.242,112990,9.445,8.973,9.918,58205,9.819,9.328,10.31,78071,20.66,40.17,31.71,22.63
"B0024","https://nci-naaccr-zone-design.github.io/louisiana-2020/?address=B0024","Both","Larynx","05yrs","Assumption, St. Mary","Charenton, Morgan City, Baldwin, Labadieville, Belle Rose, Franklin, Supreme, Berwick",7.156,6.799,7.514,230036,5.447,5.175,5.72,122434,2.73,2.593,2.866,78071,20.66,40.17,31.71,22.63
"B0024","https://nci-naaccr-zone-design.github.io/louisiana-2020/?address=B0024","Female","Larynx","05yrs","Assumption, St. Mary","Charenton, Morgan City, Baldwin, Labadieville, Belle Rose, Franklin, Supreme, Berwick","","","",117046,"","","",64229,"","","",78071,20.66,40.17,31.71,22.63
"B0024","https://nci-naaccr-zone-design.github.io/louisiana-2020/?address=B0024","Male","Larynx","05yrs","Assumption, St. Mary","Charenton, Morgan City, Baldwin, Labadieville, Belle Rose, Franklin, Supreme, Berwick",3.887,3.693,4.082,112990,8.556,8.128,8.984,58205,14.944,14.197,15.691,78071,20.66,40.17,31.71,22.63
"B0024","https://nci-naaccr-zone-design.github.io/louisiana-2020/?address=B0024","Female","Ovary","05yrs","Assumption, St. Mary","Charenton, Morgan City, Baldwin, Labadieville, Belle Rose, Franklin, Supreme, Berwick",4.793,4.554,5.033,117046,12.725,12.089,13.361,64229,14.891,14.147,15.636,78071,20.66,40.17,31.71,22.63
"B0024","https://nci-naaccr-zone-design.github.io/louisiana-2020/?address=B0024","Both","Esoph","05yrs","Assumption, St. Mary","Charenton, Morgan City, Baldwin, Labadieville, Belle Rose, Franklin, Supreme, Berwick",7.475,7.101,7.848,230036,5.8,5.51,6.09,122434,2.75,2.612,2.887,78071,20.66,40.17,31.71,22.63
"B0024","https://nci-naaccr-zone-design.github.io/louisiana-2020/?address=B0024","Female","Esoph","05yrs","Assumption, St. Mary","Charenton, Morgan City, Baldwin, Labadieville, Belle Rose, Franklin, Supreme, Berwick","","","",117046,3.826,3.634,4.017,64229,"","","",78071,20.66,40.17,31.71,22.63
"B0024","https://nci-naaccr-zone-design.github.io/louisiana-2020/?address=B0024","Male","Esoph","05yrs","Assumption, St. Mary","Charenton, Morgan City, Baldwin, Labadieville, Belle Rose, Franklin, Supreme, Berwick",11.402,10.832,11.972,112990,6.406,6.086,6.727,58205,7.954,7.556,8.352,78071,20.66,40.17,31.71,22.63
"B0024","https://nci-naaccr-zone-design.github.io/louisiana-2020/?address=B0024","Both","AllSite","10yrs","Assumption, St. Mary","Charenton, Morgan City, Baldwin, Labadieville, Belle Rose, Franklin, Supreme, Berwick",464.041,440.839,487.243,467544,460.86,437.817,483.903,249210,468.332,444.915,491.748,78071,20.66,40.17,31.71,22.63
"B0024","https://nci-naaccr-zone-design.github.io/louisiana-2020/?address=B0024","Female","AllSite","10yrs","Assumption, St. Mary","Charenton, Morgan City, Baldwin, Labadieville, Belle Rose, Franklin, Supreme, Berwick",387.537,368.161,406.914,237612,413.291,392.627,433.956,130810,452.514,429.888,475.139,78071,20.66,40.17,31.71,22.63
"B0024","https://nci-naaccr-zone-design.github.io/louisiana-2020/?address=B0024","Male","AllSite","10yrs","Assumption, St. Mary","Charenton, Morgan City, Baldwin, Labadieville, Belle Rose, Franklin, Supreme, Berwick",675.287,641.523,709.052,229932,668.553,635.125,701.981,118400,580.308,551.293,609.323,78071,20.66,40.17,31.71,22.63
"B0024","https://nci-naaccr-zone-design.github.io/louisiana-2020/?address=B0024","Male","Prostate","10yrs","Assumption, St. Mary","Charenton, Morgan City, Baldwin, Labadieville, Belle Rose, Franklin, Supreme, Berwick",130.039,123.537,136.541,229932,139.225,132.264,146.187,118400,195.787,185.998,205.577,78071,20.66,40.17,31.71,22.63
"B0024","https://nci-naaccr-zone-design.github.io/louisiana-2020/?address=B0024","Both","Lung","10yrs","Assumption, St. Mary","Charenton, Morgan City, Baldwin, Labadieville, Belle Rose, Franklin, Supreme, Berwick",83.27,79.107,87.434,467544,89.214,84.753,93.674,249210,62.977,59.828,66.126,78071,20.66,40.17,31.71,22.63
"B0024","https://nci-naaccr-zone-design.github.io/louisiana-2020/?address=B0024","Female","Lung","10yrs","Assumption, St. Mary","Charenton, Morgan City, Baldwin, Labadieville, Belle Rose, Franklin, Supreme, Berwick",50.952,48.404,53.499,237612,56.656,53.823,59.489,130810,56.211,53.4,59.021,78071,20.66,40.17,31.71,22.63
"B0024","https://nci-naaccr-zone-design.github.io/louisiana-2020/?address=B0024","Male","Lung","10yrs","Assumption, St. Mary","Charenton, Morgan City, Baldwin, Labadieville, Belle Rose, Franklin, Supreme, Berwick",54.689,51.955,57.424,229932,64.345,61.128,67.563,118400,60.295,57.28,63.31,78071,20.66,40.17,31.71,22.63
"B0024","https://nci-naaccr-zone-design.github.io/louisiana-2020/?address=B0024","Female","Breast","10yrs","Assumption, St. Mary","Charenton, Morgan City, Baldwin, Labadieville, Belle Rose, Franklin, Supreme, Berwick",104.975,99.726,110.223,237612,102.186,97.076,107.295,130810,121.392,115.323,127.462,78071,20.66,40.17,31.71,22.63
"B0024","https://nci-naaccr-zone-design.github.io/louisiana-2020/?address=B0024","Both","CRC","10yrs","Assumption, St. Mary","Charenton, Morgan City, Baldwin, Labadieville, Belle Rose, Franklin, Supreme, Berwick",54.621,51.89,57.352,467544,49.93,47.433,52.426,249210,55.219,52.458,57.98,78071,20.66,40.17,31.71,22.63
"B0024","https://nci-naaccr-zone-design.github.io/louisiana-2020/?address=B0024","Female","CRC","10yrs","Assumption, St. Mary","Charenton, Morgan City, Baldwin, Labadieville, Belle Rose, Franklin, Supreme, Berwick",48.756,46.318,51.193,237612,41.887,39.793,43.981,130810,44.13,41.923,46.336,78071,20.66,40.17,31.71,22.63
"B0024","https://nci-naaccr-zone-design.github.io/louisiana-2020/?address=B0024","Male","CRC","10yrs","Assumption, St. Mary","Charenton, Morgan City, Baldwin, Labadieville, Belle Rose, Franklin, Supreme, Berwick",64.255,61.042,67.468,229932,63.913,60.718,67.109,118400,69.668,66.184,73.151,78071,20.66,40.17,31.71,22.63
"B0024","https://nci-naaccr-zone-design.github.io/louisiana-2020/?address=B0024","Both","Kidney","10yrs","Assumption, St. Mary","Charenton, Morgan City, Baldwin, Labadieville, Belle Rose, Franklin, Supreme, Berwick",18.662,17.729,19.595,467544,20.173,19.165,21.182,249210,20.141,19.134,21.148,78071,20.66,40.17,31.71,22.63
"B0024","https://nci-naaccr-zone-design.github.io/louisiana-2020/?address=B0024","Female","Kidney","10yrs","Assumption, St. Mary","Charenton, Morgan City, Baldwin, Labadieville, Belle Rose, Franklin, Supreme, Berwick",15.06,14.307,15.813,237612,20.456,19.433,21.479,130810,14.643,13.91,15.375,78071,20.66,40.17,31.71,22.63
"B0024","https://nci-naaccr-zone-design.github.io/louisiana-2020/?address=B0024","Male","Kidney","10yrs","Assumption, St. Mary","Charenton, Morgan City, Baldwin, Labadieville, Belle Rose, Franklin, Supreme, Berwick",30.312,28.796,31.827,229932,24.745,23.508,25.982,118400,18.919,17.973,19.865,78071,20.66,40.17,31.71,22.63
"B0024","https://nci-naaccr-zone-design.github.io/louisiana-2020/?address=B0024","Both","NHL","10yrs","Assumption, St. Mary","Charenton, Morgan City, Baldwin, Labadieville, Belle Rose, Franklin, Supreme, Berwick",15.449,14.677,16.221,467544,24.075,22.871,25.279,249210,21.991,20.891,23.09,78071,20.66,40.17,31.71,22.63
"B0024","https://nci-naaccr-zone-design.github.io/louisiana-2020/?address=B0024","Female","NHL","10yrs","Assumption, St. Mary","Charenton, Morgan City, Baldwin, Labadieville, Belle Rose, Franklin, Supreme, Berwick",14.938,14.192,15.685,237612,19.86,18.867,20.853,130810,12.341,11.724,12.958,78071,20.66,40.17,31.71,22.63
"B0024","https://nci-naaccr-zone-design.github.io/louisiana-2020/?address=B0024","Male","NHL","10yrs","Assumption, St. Mary","Charenton, Morgan City, Baldwin, Labadieville, Belle Rose, Franklin, Supreme, Berwick",18.724,17.788,19.66,229932,27.468,26.094,28.841,118400,25.5,24.225,26.775,78071,20.66,40.17,31.71,22.63
"B0024","https://nci-naaccr-zone-design.github.io/louisiana-2020/?address=B0024","Both","Urinary","10yrs","Assumption, St. Mary","Charenton, Morgan City, Baldwin, Labadieville, Belle Rose, Franklin, Supreme, Berwick",14.334,13.618,15.051,467544,25.497,24.222,26.772,249210,23.214,22.053,24.375,78071,20.66,40.17,31.71,22.63
"B0024","https://nci-naaccr-zone-design.github.io/louisiana-2020/?address=B0024","Female","Urinary","10yrs","Assumption, St. Mary","Charenton, Morgan City, Baldwin, Labadieville, Belle Rose, Franklin, Supreme, Berwick",7.635,7.253,8.017,237612,8.443,8.021,8.865,130810,5.601,5.321,5.881,78071,20.66,40.17,31.71,22.63
"B0024","https://nci-naaccr-zone-design.github.io/louisiana-2020/?address=B0024","Male","Urinary","10yrs","Assumption, St. Mary","Charenton, Morgan City, Baldwin, Labadieville, Belle Rose, Franklin, Supreme, Berwick",21.592,20.512,22.671,229932,48.672,46.239,51.106,118400,36.375,34.556,38.194,78071,20.66,40.17,31.71,22.63
"B0024","https://nci-naaccr-zone-design.github.io/louisiana-2020/?address=B0024","Both","Mela","10yrs","Assumption, St. Mary","Charenton, Morgan City, Baldwin, Labadieville, Belle Rose, Franklin, Supreme, Berwick",14.544,13.816,15.271,467544,9.009,8.558,9.459,249210,14.458,13.736,15.181,78071,20.66,40.17,31.71,22.63
"B0024","https://nci-naaccr-zone-design.github.io/louisiana-2020/?address=B0024","Female","Mela","10yrs","Assumption, St. Mary","Charenton, Morgan City, Baldwin, Labadieville, Belle Rose, Franklin, Supreme, Berwick",2.773,2.634,2.911,237612,9.828,9.336,10.319,130810,20.582,19.553,21.611,78071,20.66,40.17,31.71,22.63
"B0024","https://nci-naaccr-zone-design.github.io/louisiana-2020/?address=B0024","Male","Mela","10yrs","Assumption, St. Mary","Charenton, Morgan City, Baldwin, Labadieville, Belle Rose, Franklin, Supreme, Berwick",16.321,15.505,17.137,229932,37.604,35.723,39.484,118400,24.238,23.026,25.45,78071,20.66,40.17,31.71,22.63
"B0024","https://nci-naaccr-zone-design.github.io/louisiana-2020/?address=B0024","Both","Pancreas","10yrs","Assumption, St. Mary","Charenton, Morgan City, Baldwin, Labadieville, Belle Rose, Franklin, Supreme, Berwick",13.519,12.843,14.195,467544,13.728,13.042,14.415,249210,15.882,15.088,16.676,78071,20.66,40.17,31.71,22.63
"B0024","https://nci-naaccr-zone-design.github.io/louisiana-2020/?address=B0024","Female","Pancreas","10yrs","Assumption, St. Mary","Charenton, Morgan City, Baldwin, Labadieville, Belle Rose, Franklin, Supreme, Berwick",9.14,8.683,9.597,237612,11.43,10.858,12.001,130810,9.003,8.553,9.453,78071,20.66,40.17,31.71,22.63
"B0024","https://nci-naaccr-zone-design.github.io/louisiana-2020/?address=B0024","Male","Pancreas","10yrs","Assumption, St. Mary","Charenton, Morgan City, Baldwin, Labadieville, Belle Rose, Franklin, Supreme, Berwick",19.807,18.816,20.797,229932,13.566,12.888,14.245,118400,11.775,11.187,12.364,78071,20.66,40.17,31.71,22.63
"B0024","https://nci-naaccr-zone-design.github.io/louisiana-2020/?address=B0024","Both","Leuks","10yrs","Assumption, St. Mary","Charenton, Morgan City, Baldwin, Labadieville, Belle Rose, Franklin, Supreme, Berwick",17.086,16.232,17.941,467544,10.824,10.283,11.365,249210,11.885,11.291,12.479,78071,20.66,40.17,31.71,22.63
"B0024","https://nci-naaccr-zone-design.github.io/louisiana-2020/?address=B0024","Female","Leuks","10yrs","Assumption, St. Mary","Charenton, Morgan City, Baldwin, Labadieville, Belle Rose, Franklin, Supreme, Berwick",7.215,6.854,7.576,237612,13.266,12.602,13.929,130810,12.556,11.928,13.184,78071,20.66,40.17,31.71,22.63
"B0024","https://nci-naaccr-zone-design.github.io/louisiana-2020/?address=B0024","Male","Leuks","10yrs","Assumption, St. Mary","Charenton, Morgan City, Baldwin, Labadieville, Belle Rose, Franklin, Supreme, Berwick",25.936,24.639,27.233,229932,14.955,14.208,15.703,118400,20.083,19.079,21.087,78071,20.66,40.17,31.71,22.63
"B0024","https://nci-naaccr-zone-design.github.io/louisiana-2020/?address=B0024","Both","Oral","10yrs","Assumption, St. Mary","Charenton, Morgan City, Baldwin, Labadieville, Belle Rose, Franklin, Supreme, Berwick",11.887,11.293,12.481,467544,8.803,8.363,9.243,249210,8.303,7.888,8.718,78071,20.66,40.17,31.71,22.63
"B0024","https://nci-naaccr-zone-design.github.io/louisiana-2020/?address=B0024","Female","Oral","10yrs","Assumption, St. Mary","Charenton, Morgan City, Baldwin, Labadieville, Belle Rose, Franklin, Supreme, Berwick",8.283,7.869,8.697,237612,8.889,8.444,9.333,130810,4.177,3.968,4.386,78071,20.66,40.17,31.71,22.63
"B0024","https://nci-naaccr-zone-design.github.io/louisiana-2020/?address=B0024","Male","Oral","10yrs","Assumption, St. Mary","Charenton, Morgan City, Baldwin, Labadieville, Belle Rose, Franklin, Supreme, Berwick",22.868,21.725,24.012,229932,15.483,14.709,16.258,118400,15.358,14.59,16.126,78071,20.66,40.17,31.71,22.63
"B0024","https://nci-naaccr-zone-design.github.io/louisiana-2020/?address=B0024","Both","Thyroid","10yrs","Assumption, St. Mary","Charenton, Morgan City, Baldwin, Labadieville, Belle Rose, Franklin, Supreme, Berwick",10.525,9.999,11.052,467544,9.542,9.065,10.019,249210,12.739,12.102,13.376,78071,20.66,40.17,31.71,22.63
"B0024","https://nci-naaccr-zone-design.github.io/louisiana-2020/?address=B0024","Female","Thyroid","10yrs","Assumption, St. Mary","Charenton, Morgan City, Baldwin, Labadieville, Belle Rose, Franklin, Supreme, Berwick",16.619,15.788,17.45,237612,18.169,17.261,19.078,130810,24.799,23.559,26.039,78071,20.66,40.17,31.71,22.63
"B0024","https://nci-naaccr-zone-design.github.io/louisiana-2020/?address=B0024","Male","Thyroid","10yrs","Assumption, St. Mary","Charenton, Morgan City, Baldwin, Labadieville, Belle Rose, Franklin, Supreme, Berwick",2.292,2.178,2.407,229932,3.364,3.196,3.532,118400,9.728,9.241,10.214,78071,20.66,40.17,31.71,22.63
"B0024","https://nci-naaccr-zone-design.github.io/louisiana-2020/?address=B0024","Female","Uterine","10yrs","Assumption, St. Mary","Charenton, Morgan City, Baldwin, Labadieville, Belle Rose, Franklin, Supreme, Berwick",24.097,22.892,25.302,237612,12.613,11.983,13.244,130810,16.466,15.643,17.289,78071,20.66,40.17,31.71,22.63
"B0024","https://nci-naaccr-zone-design.github.io/louisiana-2020/?address=B0024","Both","Liver","10yrs","Assumption, St. Mary","Charenton, Morgan City, Baldwin, Labadieville, Belle Rose, Franklin, Supreme, Berwick",11.704,11.118,12.289,467544,7.654,7.272,8.037,249210,12.903,12.258,13.548,78071,20.66,40.17,31.71,22.63
"B0024","https://nci-naaccr-zone-design.github.io/louisiana-2020/?address=B0024","Female","Liver","10yrs","Assumption, St. Mary","Charenton, Morgan City, Baldwin, Labadieville, Belle Rose, Franklin, Supreme, Berwick",7.324,6.958,7.69,237612,3.712,3.526,3.897,130810,2.642,2.509,2.774,78071,20.66,40.17,31.71,22.63
"B0024","https://nci-naaccr-zone-design.github.io/louisiana-2020/?address=B0024","Male","Liver","10yrs","Assumption, St. Mary","Charenton, Morgan City, Baldwin, Labadieville, Belle Rose, Franklin, Supreme, Berwick",13.482,12.808,14.156,229932,21.226,20.165,22.288,118400,23.859,22.666,25.052,78071,20.66,40.17,31.71,22.63
"B0024","https://nci-naaccr-zone-design.github.io/louisiana-2020/?address=B0024","Both","Stomach","10yrs","Assumption, St. Mary","Charenton, Morgan City, Baldwin, Labadieville, Belle Rose, Franklin, Supreme, Berwick",7.056,6.703,7.409,467544,4.798,4.558,5.037,249210,8.958,8.51,9.406,78071,20.66,40.17,31.71,22.63
"B0024","https://nci-naaccr-zone-design.github.io/louisiana-2020/?address=B0024","Female","Stomach","10yrs","Assumption, St. Mary","Charenton, Morgan City, Baldwin, Labadieville, Belle Rose, Franklin, Supreme, Berwick",5.135,4.878,5.391,237612,4.34,4.123,4.557,130810,4.402,4.182,4.622,78071,20.66,40.17,31.71,22.63
"B0024","https://nci-naaccr-zone-design.github.io/louisiana-2020/?address=B0024","Male","Stomach","10yrs","Assumption, St. Mary","Charenton, Morgan City, Baldwin, Labadieville, Belle Rose, Franklin, Supreme, Berwick",10.604,10.074,11.134,229932,7.318,6.952,7.684,118400,14.328,13.611,15.044,78071,20.66,40.17,31.71,22.63
"B0024","https://nci-naaccr-zone-design.github.io/louisiana-2020/?address=B0024","Both","Myeloma","10yrs","Assumption, St. Mary","Charenton, Morgan City, Baldwin, Labadieville, Belle Rose, Franklin, Supreme, Berwick",8.557,8.129,8.985,467544,4.609,4.379,4.839,249210,5.328,5.062,5.594,78071,20.66,40.17,31.71,22.63
"B0024","https://nci-naaccr-zone-design.github.io/louisiana-2020/?address=B0024","Female","Myeloma","10yrs","Assumption, St. Mary","Charenton, Morgan City, Baldwin, Labadieville, Belle Rose, Franklin, Supreme, Berwick",9.93,9.434,10.427,237612,8.067,7.664,8.47,130810,2.588,2.458,2.717,78071,20.66,40.17,31.71,22.63
"B0024","https://nci-naaccr-zone-design.github.io/louisiana-2020/?address=B0024","Male","Myeloma","10yrs","Assumption, St. Mary","Charenton, Morgan City, Baldwin, Labadieville, Belle Rose, Franklin, Supreme, Berwick",16.392,15.572,17.211,229932,6.218,5.907,6.529,118400,7.582,7.203,7.961,78071,20.66,40.17,31.71,22.63
"B0024","https://nci-naaccr-zone-design.github.io/louisiana-2020/?address=B0024","Both","Brain","10yrs","Assumption, St. Mary","Charenton, Morgan City, Baldwin, Labadieville, Belle Rose, Franklin, Supreme, Berwick",5.808,5.518,6.098,467544,5.302,5.037,5.567,249210,4.559,4.331,4.787,78071,20.66,40.17,31.71,22.63
"B0024","https://nci-naaccr-zone-design.github.io/louisiana-2020/?address=B0024","Female","Brain","10yrs","Assumption, St. Mary","Charenton, Morgan City, Baldwin, Labadieville, Belle Rose, Franklin, Supreme, Berwick",6.341,6.024,6.658,237612,6.203,5.893,6.514,130810,4.324,4.108,4.54,78071,20.66,40.17,31.71,22.63
"B0024","https://nci-naaccr-zone-design.github.io/louisiana-2020/?address=B0024","Male","Brain","10yrs","Assumption, St. Mary","Charenton, Morgan City, Baldwin, Labadieville, Belle Rose, Franklin, Supreme, Berwick",6.907,6.561,7.252,229932,11.518,10.942,12.094,118400,10.835,10.293,11.377,78071,20.66,40.17,31.71,22.63
"B0024","https://nci-naaccr-zone-design.github.io/louisiana-2020/?address=B0024","Both","Larynx","10yrs","Assumption, St. Mary","Charenton, Morgan City, Baldwin, Labadieville, Belle Rose, Franklin, Supreme, Berwick",4.712,4.477,4.948,467544,2.851,2.709,2.994,249210,3.398,3.228,3.568,78071,20.66,40.17,31.71,22.63
"B0024","https://nci-naaccr-zone-design.github.io/louisiana-2020/?address=B0024","Female","Larynx","10yrs","Assumption, St. Mary","Charenton, Morgan City, Baldwin, Labadieville, Belle Rose, Franklin, Supreme, Berwick",3.716,3.531,3.902,237612,3.08,2.926,3.234,130810,3.243,3.081,3.405,78071,20.66,40.17,31.71,22.63
"B0024","https://nci-naaccr-zone-design.github.io/louisiana-2020/?address=B0024","Male","Larynx","10yrs","Assumption, St. Mary","Charenton, Morgan City, Baldwin, Labadieville, Belle Rose, Franklin, Supreme, Berwick",12.611,11.981,13.242,229932,14.943,14.196,15.69,118400,5.809,5.518,6.099,78071,20.66,40.17,31.71,22.63
"B0024","https://nci-naaccr-zone-design.github.io/louisiana-2020/?address=B0024","Female","Ovary","10yrs","Assumption, St. Mary","Charenton, Morgan City, Baldwin, Labadieville, Belle Rose, Franklin, Supreme, Berwick",14.245,13.533,14.957,237612,9.743,9.256,10.23,130810,11.366,10.798,11.935,78071,20.66,40.17,31.71,22.63
"B0024","https://nci-naaccr-zone-design.github.io/louisiana-2020/?address=B0024","Both","Esoph","10yrs","Assumption, St. Mary","Charenton, Morgan City, Baldwin, Labadieville, Belle Rose, Franklin, Supreme, Berwick",6.062,5.759,6.365,467544,7.998,7.598,8.398,249210,4.909,4.663,5.154,78071,20.66,40.17,31.71,22.63
"B0024","https://nci-naaccr-zone-design.github.io/louisiana-2020/?address=B0024","Female","Esoph","10yrs","Assumption, St. Mary","Charenton, Morgan City, Baldwin, Labadieville, Belle Rose, Franklin, Supreme, Berwick","","","",237612,3.675,3.491,3.858,130810,"","","",78071,20.66,40.17,31.71,22.63
"B0024","https://nci-naaccr-zone-design.github.io/louisiana-2020/?address=B0024","Male","Esoph","10yrs","Assumption, St. Mary","Charenton, Morgan City, Baldwin, Labadieville, Belle Rose, Franklin, Supreme, Berwick",8.728,8.291,9.164,229932,7.217,6.856,7.578,118400,10.238,9.726,10.75,78071,20.66,40.17,31.71,22.63
