"Zone","URL","Sex","Cancer","Years","Counties","Places","AAIR","LCI","UCI","White_PopTot","White_AAIR","White_LCI","White_UCI","Black_PopTot","Black_AAIR","Black_LCI","Black_UCI","TotalPop","Pct100Pov","PctMinority","PctBlackNH","PctRural"
"A9042","https://nci-naaccr-zone-design.github.io/louisiana-2020/?address=A9042","Both","AllSite","05yrs","Jefferson","Woodmere, Grand Isle, Harvey, Barataria, Jean Lafitte, Lafitte, Estelle",445.561,423.283,467.84,150861,479.836,455.844,503.828,113417,498.679,473.745,523.613,63315,17.12,52.52,35.83,6.18
"A9042","https://nci-naaccr-zone-design.github.io/louisiana-2020/?address=A9042","Female","AllSite","05yrs","Jefferson","Woodmere, Grand Isle, Harvey, Barataria, Jean Lafitte, Lafitte, Estelle",428.727,407.291,450.163,76893,408.09,387.686,428.495,60029,362.936,344.79,381.083,63315,17.12,52.52,35.83,6.18
"A9042","https://nci-naaccr-zone-design.github.io/louisiana-2020/?address=A9042","Male","AllSite","05yrs","Jefferson","Woodmere, Grand Isle, Harvey, Barataria, Jean Lafitte, Lafitte, Estelle",626.406,595.085,657.726,73969,602.202,572.092,632.312,53388,558.749,530.811,586.686,63315,17.12,52.52,35.83,6.18
"A9042","https://nci-naaccr-zone-design.github.io/louisiana-2020/?address=A9042","Male","Prostate","05yrs","Jefferson","Woodmere, Grand Isle, Harvey, Barataria, Jean Lafitte, Lafitte, Estelle",148.02,140.619,155.421,73969,190.207,180.697,199.717,53388,213.221,202.56,223.882,63315,17.12,52.52,35.83,6.18
"A9042","https://nci-naaccr-zone-design.github.io/louisiana-2020/?address=A9042","Both","Lung","05yrs","Jefferson","Woodmere, Grand Isle, Harvey, Barataria, Jean Lafitte, Lafitte, Estelle",51.215,48.654,53.776,150861,56.978,54.129,59.827,113417,50.987,48.437,53.536,63315,17.12,52.52,35.83,6.18
"A9042","https://nci-naaccr-zone-design.github.io/louisiana-2020/?address=A9042","Female","Lung","05yrs","Jefferson","Woodmere, Grand Isle, Harvey, Barataria, Jean Lafitte, Lafitte, Estelle",69.57,66.092,73.049,76893,66.315,63.0,69.631,60029,49.332,46.865,51.798,63315,17.12,52.52,35.83,6.18
"A9042","https://nci-naaccr-zone-design.github.io/louisiana-2020/?address=A9042","Male","Lung","05yrs","Jefferson","Woodmere, Grand Isle, Harvey, Barataria, Jean Lafitte, Lafitte, Estelle",88.377,83.958,92.796,73969,102.603,97.473,107.733,53388,65.463,62.19,68.736,63315,17.12,52.52,35.83,6.18
"A9042","https://nci-naaccr-zone-design.github.io/louisiana-2020/?address=A9042","Female","Breast","05yrs","Jefferson","Woodmere, Grand Isle, Harvey, Barataria, Jean Lafitte, Lafitte, Estelle",114.348,108.63,120.065,76893,134.809,128.068,141.549,60029,117.889,111.995,123.784,63315,17.12,52.52,35.83,6.18
"A9042","https://nci-naaccr-zone-design.github.io/louisiana-2020/?address=A9042","Both","CRC","05yrs","Jefferson","Woodmere, Grand Isle, Harvey, Barataria, Jean Lafitte, Lafitte, Estelle",47.221,44.86,49.582,150861,51.417,48.846,53.988,113417,59.83,56.838,62.821,63315,17.12,52.52,35.83,6.18
"A9042","https://nci-naaccr-zone-design.github.io/louisiana-2020/?address=A9042","Female","CRC","05yrs","Jefferson","Woodmere, Grand Isle, Harvey, Barataria, Jean Lafitte, Lafitte, Estelle",39.764,37.776,41.752,76893,50.748,48.211,53.286,60029,39.862,37.869,41.855,63315,17.12,52.52,35.83,6.18
"A9042","https://nci-naaccr-zone-design.github.io/louisiana-2020/?address=A9042","Male","CRC","05yrs","Jefferson","Woodmere, Grand Isle, Harvey, Barataria, Jean Lafitte, Lafitte, Estelle",63.225,60.064,66.386,73969,51.849,49.256,54.441,53388,51.46,48.887,54.033,63315,17.12,52.52,35.83,6.18
"A9042","https://nci-naaccr-zone-design.github.io/louisiana-2020/?address=A9042","Both","Kidney","05yrs","Jefferson","Woodmere, Grand Isle, Harvey, Barataria, Jean Lafitte, Lafitte, Estelle",25.963,24.665,27.261,150861,21.024,19.973,22.075,113417,26.062,24.759,27.366,63315,17.12,52.52,35.83,6.18
"A9042","https://nci-naaccr-zone-design.github.io/louisiana-2020/?address=A9042","Female","Kidney","05yrs","Jefferson","Woodmere, Grand Isle, Harvey, Barataria, Jean Lafitte, Lafitte, Estelle",14.543,13.816,15.271,76893,9.467,8.993,9.94,60029,20.016,19.016,21.017,63315,17.12,52.52,35.83,6.18
"A9042","https://nci-naaccr-zone-design.github.io/louisiana-2020/?address=A9042","Male","Kidney","05yrs","Jefferson","Woodmere, Grand Isle, Harvey, Barataria, Jean Lafitte, Lafitte, Estelle",24.117,22.911,25.323,73969,20.462,19.439,21.485,53388,33.152,31.494,34.81,63315,17.12,52.52,35.83,6.18
"A9042","https://nci-naaccr-zone-design.github.io/louisiana-2020/?address=A9042","Both","NHL","05yrs","Jefferson","Woodmere, Grand Isle, Harvey, Barataria, Jean Lafitte, Lafitte, Estelle",16.8,15.96,17.64,150861,15.311,14.546,16.077,113417,20.475,19.452,21.499,63315,17.12,52.52,35.83,6.18
"A9042","https://nci-naaccr-zone-design.github.io/louisiana-2020/?address=A9042","Female","NHL","05yrs","Jefferson","Woodmere, Grand Isle, Harvey, Barataria, Jean Lafitte, Lafitte, Estelle",17.283,16.419,18.147,76893,22.8,21.66,23.94,60029,17.032,16.18,17.883,63315,17.12,52.52,35.83,6.18
"A9042","https://nci-naaccr-zone-design.github.io/louisiana-2020/?address=A9042","Male","NHL","05yrs","Jefferson","Woodmere, Grand Isle, Harvey, Barataria, Jean Lafitte, Lafitte, Estelle",25.119,23.863,26.375,73969,22.975,21.826,24.124,53388,27.899,26.504,29.294,63315,17.12,52.52,35.83,6.18
"A9042","https://nci-naaccr-zone-design.github.io/louisiana-2020/?address=A9042","Both","Urinary","05yrs","Jefferson","Woodmere, Grand Isle, Harvey, Barataria, Jean Lafitte, Lafitte, Estelle",25.026,23.774,26.277,150861,24.806,23.566,26.046,113417,21.63,20.548,22.711,63315,17.12,52.52,35.83,6.18
"A9042","https://nci-naaccr-zone-design.github.io/louisiana-2020/?address=A9042","Female","Urinary","05yrs","Jefferson","Woodmere, Grand Isle, Harvey, Barataria, Jean Lafitte, Lafitte, Estelle",5.301,5.036,5.566,76893,5.902,5.607,6.197,60029,13.313,12.648,13.979,63315,17.12,52.52,35.83,6.18
"A9042","https://nci-naaccr-zone-design.github.io/louisiana-2020/?address=A9042","Male","Urinary","05yrs","Jefferson","Woodmere, Grand Isle, Harvey, Barataria, Jean Lafitte, Lafitte, Estelle",28.965,27.517,30.413,73969,24.855,23.612,26.098,53388,30.866,29.322,32.409,63315,17.12,52.52,35.83,6.18
"A9042","https://nci-naaccr-zone-design.github.io/louisiana-2020/?address=A9042","Both","Mela","05yrs","Jefferson","Woodmere, Grand Isle, Harvey, Barataria, Jean Lafitte, Lafitte, Estelle",7.55,7.173,7.928,150861,15.089,14.335,15.843,113417,12.062,11.459,12.666,63315,17.12,52.52,35.83,6.18
"A9042","https://nci-naaccr-zone-design.github.io/louisiana-2020/?address=A9042","Female","Mela","05yrs","Jefferson","Woodmere, Grand Isle, Harvey, Barataria, Jean Lafitte, Lafitte, Estelle",19.136,18.179,20.093,76893,14.265,13.551,14.978,60029,7.957,7.56,8.355,63315,17.12,52.52,35.83,6.18
"A9042","https://nci-naaccr-zone-design.github.io/louisiana-2020/?address=A9042","Male","Mela","05yrs","Jefferson","Woodmere, Grand Isle, Harvey, Barataria, Jean Lafitte, Lafitte, Estelle",17.108,16.252,17.963,73969,8.31,7.894,8.725,53388,16.852,16.01,17.695,63315,17.12,52.52,35.83,6.18
"A9042","https://nci-naaccr-zone-design.github.io/louisiana-2020/?address=A9042","Both","Pancreas","05yrs","Jefferson","Woodmere, Grand Isle, Harvey, Barataria, Jean Lafitte, Lafitte, Estelle",17.881,16.987,18.775,150861,12.113,11.507,12.718,113417,12.454,11.832,13.077,63315,17.12,52.52,35.83,6.18
"A9042","https://nci-naaccr-zone-design.github.io/louisiana-2020/?address=A9042","Female","Pancreas","05yrs","Jefferson","Woodmere, Grand Isle, Harvey, Barataria, Jean Lafitte, Lafitte, Estelle",16.73,15.894,17.567,76893,10.055,9.552,10.558,60029,9.963,9.465,10.461,63315,17.12,52.52,35.83,6.18
"A9042","https://nci-naaccr-zone-design.github.io/louisiana-2020/?address=A9042","Male","Pancreas","05yrs","Jefferson","Woodmere, Grand Isle, Harvey, Barataria, Jean Lafitte, Lafitte, Estelle",14.605,13.875,15.336,73969,17.164,16.306,18.022,53388,13.55,12.873,14.228,63315,17.12,52.52,35.83,6.18
"A9042","https://nci-naaccr-zone-design.github.io/louisiana-2020/?address=A9042","Both","Leuks","05yrs","Jefferson","Woodmere, Grand Isle, Harvey, Barataria, Jean Lafitte, Lafitte, Estelle",9.258,8.795,9.721,150861,10.987,10.437,11.536,113417,12.597,11.967,13.227,63315,17.12,52.52,35.83,6.18
"A9042","https://nci-naaccr-zone-design.github.io/louisiana-2020/?address=A9042","Female","Leuks","05yrs","Jefferson","Woodmere, Grand Isle, Harvey, Barataria, Jean Lafitte, Lafitte, Estelle",15.603,14.822,16.383,76893,15.165,14.407,15.923,60029,15.525,14.749,16.301,63315,17.12,52.52,35.83,6.18
"A9042","https://nci-naaccr-zone-design.github.io/louisiana-2020/?address=A9042","Male","Leuks","05yrs","Jefferson","Woodmere, Grand Isle, Harvey, Barataria, Jean Lafitte, Lafitte, Estelle",22.641,21.509,23.773,73969,9.589,9.109,10.068,53388,8.444,8.021,8.866,63315,17.12,52.52,35.83,6.18
"A9042","https://nci-naaccr-zone-design.github.io/louisiana-2020/?address=A9042","Both","Oral","05yrs","Jefferson","Woodmere, Grand Isle, Harvey, Barataria, Jean Lafitte, Lafitte, Estelle",10.483,9.959,11.007,150861,14.85,14.107,15.592,113417,10.387,9.868,10.906,63315,17.12,52.52,35.83,6.18
"A9042","https://nci-naaccr-zone-design.github.io/louisiana-2020/?address=A9042","Female","Oral","05yrs","Jefferson","Woodmere, Grand Isle, Harvey, Barataria, Jean Lafitte, Lafitte, Estelle",2.002,1.902,2.102,76893,7.314,6.949,7.68,60029,7.648,7.266,8.031,63315,17.12,52.52,35.83,6.18
"A9042","https://nci-naaccr-zone-design.github.io/louisiana-2020/?address=A9042","Male","Oral","05yrs","Jefferson","Woodmere, Grand Isle, Harvey, Barataria, Jean Lafitte, Lafitte, Estelle",25.876,24.582,27.169,73969,17.175,16.316,18.034,53388,25.434,24.162,26.706,63315,17.12,52.52,35.83,6.18
"A9042","https://nci-naaccr-zone-design.github.io/louisiana-2020/?address=A9042","Both","Thyroid","05yrs","Jefferson","Woodmere, Grand Isle, Harvey, Barataria, Jean Lafitte, Lafitte, Estelle",12.567,11.939,13.195,150861,15.714,14.928,16.5,113417,17.005,16.155,17.855,63315,17.12,52.52,35.83,6.18
"A9042","https://nci-naaccr-zone-design.github.io/louisiana-2020/?address=A9042","Female","Thyroid","05yrs","Jefferson","Woodmere, Grand Isle, Harvey, Barataria, Jean Lafitte, Lafitte, Estelle",23.474,22.3,24.647,76893,14.722,13.986,15.458,60029,17.294,16.429,18.159,63315,17.12,52.52,35.83,6.18
"A9042","https://nci-naaccr-zone-design.github.io/louisiana-2020/?address=A9042","Male","Thyroid","05yrs","Jefferson","Woodmere, Grand Isle, Harvey, Barataria, Jean Lafitte, Lafitte, Estelle",8.122,7.716,8.528,73969,"","","",53388,9.011,8.561,9.462,63315,17.12,52.52,35.83,6.18
"A9042","https://nci-naaccr-zone-design.github.io/louisiana-2020/?address=A9042","Female","Uterine","05yrs","Jefferson","Woodmere, Grand Isle, Harvey, Barataria, Jean Lafitte, Lafitte, Estelle",25.405,24.135,26.676,76893,25.235,23.974,26.497,60029,18.445,17.523,19.367,63315,17.12,52.52,35.83,6.18
"A9042","https://nci-naaccr-zone-design.github.io/louisiana-2020/?address=A9042","Both","Liver","05yrs","Jefferson","Woodmere, Grand Isle, Harvey, Barataria, Jean Lafitte, Lafitte, Estelle",14.734,13.997,15.47,150861,10.596,10.066,11.125,113417,4.917,4.671,5.163,63315,17.12,52.52,35.83,6.18
"A9042","https://nci-naaccr-zone-design.github.io/louisiana-2020/?address=A9042","Female","Liver","05yrs","Jefferson","Woodmere, Grand Isle, Harvey, Barataria, Jean Lafitte, Lafitte, Estelle",6.274,5.96,6.587,76893,"","","",60029,6.723,6.387,7.059,63315,17.12,52.52,35.83,6.18
"A9042","https://nci-naaccr-zone-design.github.io/louisiana-2020/?address=A9042","Male","Liver","05yrs","Jefferson","Woodmere, Grand Isle, Harvey, Barataria, Jean Lafitte, Lafitte, Estelle",14.016,13.316,14.717,73969,19.303,18.337,20.268,53388,12.836,12.194,13.478,63315,17.12,52.52,35.83,6.18
"A9042","https://nci-naaccr-zone-design.github.io/louisiana-2020/?address=A9042","Both","Stomach","05yrs","Jefferson","Woodmere, Grand Isle, Harvey, Barataria, Jean Lafitte, Lafitte, Estelle",8.29,7.876,8.705,150861,7.953,7.556,8.351,113417,6.806,6.465,7.146,63315,17.12,52.52,35.83,6.18
"A9042","https://nci-naaccr-zone-design.github.io/louisiana-2020/?address=A9042","Female","Stomach","05yrs","Jefferson","Woodmere, Grand Isle, Harvey, Barataria, Jean Lafitte, Lafitte, Estelle",5.316,5.051,5.582,76893,8.354,7.936,8.771,60029,5.611,5.33,5.891,63315,17.12,52.52,35.83,6.18
"A9042","https://nci-naaccr-zone-design.github.io/louisiana-2020/?address=A9042","Male","Stomach","05yrs","Jefferson","Woodmere, Grand Isle, Harvey, Barataria, Jean Lafitte, Lafitte, Estelle",6.727,6.391,7.063,73969,9.018,8.567,9.469,53388,11.921,11.325,12.517,63315,17.12,52.52,35.83,6.18
"A9042","https://nci-naaccr-zone-design.github.io/louisiana-2020/?address=A9042","Both","Myeloma","05yrs","Jefferson","Woodmere, Grand Isle, Harvey, Barataria, Jean Lafitte, Lafitte, Estelle",7.495,7.121,7.87,150861,10.35,9.832,10.867,113417,13.828,13.136,14.519,63315,17.12,52.52,35.83,6.18
"A9042","https://nci-naaccr-zone-design.github.io/louisiana-2020/?address=A9042","Female","Myeloma","05yrs","Jefferson","Woodmere, Grand Isle, Harvey, Barataria, Jean Lafitte, Lafitte, Estelle",2.647,2.515,2.78,76893,10.852,10.31,11.395,60029,"","","",63315,17.12,52.52,35.83,6.18
"A9042","https://nci-naaccr-zone-design.github.io/louisiana-2020/?address=A9042","Male","Myeloma","05yrs","Jefferson","Woodmere, Grand Isle, Harvey, Barataria, Jean Lafitte, Lafitte, Estelle",11.046,10.494,11.598,73969,9.723,9.237,10.209,53388,5.87,5.576,6.163,63315,17.12,52.52,35.83,6.18
"A9042","https://nci-naaccr-zone-design.github.io/louisiana-2020/?address=A9042","Both","Brain","05yrs","Jefferson","Woodmere, Grand Isle, Harvey, Barataria, Jean Lafitte, Lafitte, Estelle",7.121,6.765,7.477,150861,8.12,7.714,8.526,113417,7.399,7.029,7.769,63315,17.12,52.52,35.83,6.18
"A9042","https://nci-naaccr-zone-design.github.io/louisiana-2020/?address=A9042","Female","Brain","05yrs","Jefferson","Woodmere, Grand Isle, Harvey, Barataria, Jean Lafitte, Lafitte, Estelle",3.138,2.981,3.295,76893,6.206,5.896,6.516,60029,"","","",63315,17.12,52.52,35.83,6.18
"A9042","https://nci-naaccr-zone-design.github.io/louisiana-2020/?address=A9042","Male","Brain","05yrs","Jefferson","Woodmere, Grand Isle, Harvey, Barataria, Jean Lafitte, Lafitte, Estelle",10.156,9.649,10.664,73969,8.154,7.746,8.562,53388,11.314,10.748,11.88,63315,17.12,52.52,35.83,6.18
"A9042","https://nci-naaccr-zone-design.github.io/louisiana-2020/?address=A9042","Both","Larynx","05yrs","Jefferson","Woodmere, Grand Isle, Harvey, Barataria, Jean Lafitte, Lafitte, Estelle",3.841,3.649,4.033,150861,8.635,8.204,9.067,113417,6.992,6.642,7.341,63315,17.12,52.52,35.83,6.18
"A9042","https://nci-naaccr-zone-design.github.io/louisiana-2020/?address=A9042","Female","Larynx","05yrs","Jefferson","Woodmere, Grand Isle, Harvey, Barataria, Jean Lafitte, Lafitte, Estelle",2.889,2.745,3.034,76893,"","","",60029,"","","",63315,17.12,52.52,35.83,6.18
"A9042","https://nci-naaccr-zone-design.github.io/louisiana-2020/?address=A9042","Male","Larynx","05yrs","Jefferson","Woodmere, Grand Isle, Harvey, Barataria, Jean Lafitte, Lafitte, Estelle",7.256,6.893,7.619,73969,7.263,6.9,7.626,53388,10.324,9.808,10.84,63315,17.12,52.52,35.83,6.18
"A9042","https://nci-naaccr-zone-design.github.io/louisiana-2020/?address=A9042","Female","Ovary","05yrs","Jefferson","Woodmere, Grand Isle, Harvey, Barataria, Jean Lafitte, Lafitte, Estelle",12.058,11.455,12.661,76893,13.555,12.877,14.233,60029,"","","",63315,17.12,52.52,35.83,6.18
"A9042","https://nci-naaccr-zone-design.github.io/louisiana-2020/?address=A9042","Both","Esoph","05yrs","Jefferson","Woodmere, Grand Isle, Harvey, Barataria, Jean Lafitte, Lafitte, Estelle",3.356,3.188,3.523,150861,5.332,5.066,5.599,113417,5.678,5.395,5.962,63315,17.12,52.52,35.83,6.18
"A9042","https://nci-naaccr-zone-design.github.io/louisiana-2020/?address=A9042","Female","Esoph","05yrs","Jefferson","Woodmere, Grand Isle, Harvey, Barataria, Jean Lafitte, Lafitte, Estelle","","","",76893,"","","",60029,"","","",63315,17.12,52.52,35.83,6.18
"A9042","https://nci-naaccr-zone-design.github.io/louisiana-2020/?address=A9042","Male","Esoph","05yrs","Jefferson","Woodmere, Grand Isle, Harvey, Barataria, Jean Lafitte, Lafitte, Estelle",6.352,6.034,6.67,73969,10.348,9.83,10.865,53388,11.097,10.542,11.652,63315,17.12,52.52,35.83,6.18
"A9042","https://nci-naaccr-zone-design.github.io/louisiana-2020/?address=A9042","Both","AllSite","10yrs","Jefferson","Woodmere, Grand Isle, Harvey, Barataria, Jean Lafitte, Lafitte, Estelle",480.976,456.928,505.025,307183,476.171,452.362,499.98,226909,454.397,431.677,477.117,63315,17.12,52.52,35.83,6.18
"A9042","https://nci-naaccr-zone-design.github.io/louisiana-2020/?address=A9042","Female","AllSite","10yrs","Jefferson","Woodmere, Grand Isle, Harvey, Barataria, Jean Lafitte, Lafitte, Estelle",429.579,408.1,451.058,156260,401.845,381.753,421.937,120339,396.863,377.02,416.706,63315,17.12,52.52,35.83,6.18
"A9042","https://nci-naaccr-zone-design.github.io/louisiana-2020/?address=A9042","Male","AllSite","10yrs","Jefferson","Woodmere, Grand Isle, Harvey, Barataria, Jean Lafitte, Lafitte, Estelle",523.396,497.226,549.565,150923,559.252,531.289,587.215,106570,650.144,617.637,682.651,63315,17.12,52.52,35.83,6.18
"A9042","https://nci-naaccr-zone-design.github.io/louisiana-2020/?address=A9042","Male","Prostate","10yrs","Jefferson","Woodmere, Grand Isle, Harvey, Barataria, Jean Lafitte, Lafitte, Estelle",123.8,117.61,129.99,150923,137.951,131.053,144.848,106570,175.683,166.899,184.468,63315,17.12,52.52,35.83,6.18
"A9042","https://nci-naaccr-zone-design.github.io/louisiana-2020/?address=A9042","Both","Lung","10yrs","Jefferson","Woodmere, Grand Isle, Harvey, Barataria, Jean Lafitte, Lafitte, Estelle",79.792,75.803,83.782,307183,83.447,79.274,87.619,226909,65.274,62.01,68.538,63315,17.12,52.52,35.83,6.18
"A9042","https://nci-naaccr-zone-design.github.io/louisiana-2020/?address=A9042","Female","Lung","10yrs","Jefferson","Woodmere, Grand Isle, Harvey, Barataria, Jean Lafitte, Lafitte, Estelle",64.15,60.942,67.357,156260,61.883,58.789,64.978,120339,53.459,50.786,56.132,63315,17.12,52.52,35.83,6.18
"A9042","https://nci-naaccr-zone-design.github.io/louisiana-2020/?address=A9042","Male","Lung","10yrs","Jefferson","Woodmere, Grand Isle, Harvey, Barataria, Jean Lafitte, Lafitte, Estelle",113.401,107.731,119.071,150923,66.773,63.434,70.111,106570,108.594,103.164,114.024,63315,17.12,52.52,35.83,6.18
"A9042","https://nci-naaccr-zone-design.github.io/louisiana-2020/?address=A9042","Female","Breast","10yrs","Jefferson","Woodmere, Grand Isle, Harvey, Barataria, Jean Lafitte, Lafitte, Estelle",142.162,135.054,149.27,156260,120.077,114.073,126.081,120339,103.64,98.458,108.822,63315,17.12,52.52,35.83,6.18
"A9042","https://nci-naaccr-zone-design.github.io/louisiana-2020/?address=A9042","Both","CRC","10yrs","Jefferson","Woodmere, Grand Isle, Harvey, Barataria, Jean Lafitte, Lafitte, Estelle",47.931,45.535,50.328,307183,39.652,37.669,41.634,226909,43.539,41.362,45.716,63315,17.12,52.52,35.83,6.18
"A9042","https://nci-naaccr-zone-design.github.io/louisiana-2020/?address=A9042","Female","CRC","10yrs","Jefferson","Woodmere, Grand Isle, Harvey, Barataria, Jean Lafitte, Lafitte, Estelle",31.194,29.634,32.754,156260,38.422,36.501,40.343,120339,38.974,37.025,40.922,63315,17.12,52.52,35.83,6.18
"A9042","https://nci-naaccr-zone-design.github.io/louisiana-2020/?address=A9042","Male","CRC","10yrs","Jefferson","Woodmere, Grand Isle, Harvey, Barataria, Jean Lafitte, Lafitte, Estelle",57.427,54.556,60.299,150923,61.272,58.208,64.335,106570,66.927,63.581,70.273,63315,17.12,52.52,35.83,6.18
"A9042","https://nci-naaccr-zone-design.github.io/louisiana-2020/?address=A9042","Both","Kidney","10yrs","Jefferson","Woodmere, Grand Isle, Harvey, Barataria, Jean Lafitte, Lafitte, Estelle",17.505,16.63,18.38,307183,21.203,20.143,22.264,226909,22.105,21.0,23.21,63315,17.12,52.52,35.83,6.18
"A9042","https://nci-naaccr-zone-design.github.io/louisiana-2020/?address=A9042","Female","Kidney","10yrs","Jefferson","Woodmere, Grand Isle, Harvey, Barataria, Jean Lafitte, Lafitte, Estelle",13.066,12.412,13.719,156260,9.753,9.265,10.24,120339,13.899,13.204,14.593,63315,17.12,52.52,35.83,6.18
"A9042","https://nci-naaccr-zone-design.github.io/louisiana-2020/?address=A9042","Male","Kidney","10yrs","Jefferson","Woodmere, Grand Isle, Harvey, Barataria, Jean Lafitte, Lafitte, Estelle",36.001,34.201,37.801,150923,28.446,27.024,29.868,106570,30.338,28.822,31.855,63315,17.12,52.52,35.83,6.18
"A9042","https://nci-naaccr-zone-design.github.io/louisiana-2020/?address=A9042","Both","NHL","10yrs","Jefferson","Woodmere, Grand Isle, Harvey, Barataria, Jean Lafitte, Lafitte, Estelle",14.431,13.709,15.152,307183,15.42,14.649,16.191,226909,23.91,22.714,25.105,63315,17.12,52.52,35.83,6.18
"A9042","https://nci-naaccr-zone-design.github.io/louisiana-2020/?address=A9042","Female","NHL","10yrs","Jefferson","Woodmere, Grand Isle, Harvey, Barataria, Jean Lafitte, Lafitte, Estelle",9.967,9.469,10.465,156260,13.603,12.923,14.283,120339,15.137,14.38,15.894,63315,17.12,52.52,35.83,6.18
"A9042","https://nci-naaccr-zone-design.github.io/louisiana-2020/?address=A9042","Male","NHL","10yrs","Jefferson","Woodmere, Grand Isle, Harvey, Barataria, Jean Lafitte, Lafitte, Estelle",28.483,27.059,29.908,150923,30.784,29.245,32.324,106570,23.92,22.724,25.116,63315,17.12,52.52,35.83,6.18
"A9042","https://nci-naaccr-zone-design.github.io/louisiana-2020/?address=A9042","Both","Urinary","10yrs","Jefferson","Woodmere, Grand Isle, Harvey, Barataria, Jean Lafitte, Lafitte, Estelle",24.264,23.05,25.477,307183,14.428,13.706,15.149,226909,16.112,15.306,16.917,63315,17.12,52.52,35.83,6.18
"A9042","https://nci-naaccr-zone-design.github.io/louisiana-2020/?address=A9042","Female","Urinary","10yrs","Jefferson","Woodmere, Grand Isle, Harvey, Barataria, Jean Lafitte, Lafitte, Estelle",12.676,12.042,13.31,156260,13.537,12.86,14.214,120339,4.217,4.006,4.428,63315,17.12,52.52,35.83,6.18
"A9042","https://nci-naaccr-zone-design.github.io/louisiana-2020/?address=A9042","Male","Urinary","10yrs","Jefferson","Woodmere, Grand Isle, Harvey, Barataria, Jean Lafitte, Lafitte, Estelle",23.239,22.077,24.401,150923,26.669,25.335,28.002,106570,26.266,24.953,27.579,63315,17.12,52.52,35.83,6.18
"A9042","https://nci-naaccr-zone-design.github.io/louisiana-2020/?address=A9042","Both","Mela","10yrs","Jefferson","Woodmere, Grand Isle, Harvey, Barataria, Jean Lafitte, Lafitte, Estelle",24.704,23.469,25.939,307183,10.714,10.179,11.25,226909,8.893,8.449,9.338,63315,17.12,52.52,35.83,6.18
"A9042","https://nci-naaccr-zone-design.github.io/louisiana-2020/?address=A9042","Female","Mela","10yrs","Jefferson","Woodmere, Grand Isle, Harvey, Barataria, Jean Lafitte, Lafitte, Estelle",7.231,6.869,7.592,156260,13.173,12.514,13.831,120339,8.082,7.678,8.486,63315,17.12,52.52,35.83,6.18
"A9042","https://nci-naaccr-zone-design.github.io/louisiana-2020/?address=A9042","Male","Mela","10yrs","Jefferson","Woodmere, Grand Isle, Harvey, Barataria, Jean Lafitte, Lafitte, Estelle",31.449,29.877,33.021,150923,21.923,20.827,23.019,106570,15.768,14.98,16.557,63315,17.12,52.52,35.83,6.18
"A9042","https://nci-naaccr-zone-design.github.io/louisiana-2020/?address=A9042","Both","Pancreas","10yrs","Jefferson","Woodmere, Grand Isle, Harvey, Barataria, Jean Lafitte, Lafitte, Estelle",14.439,13.717,15.161,307183,13.876,13.182,14.57,226909,16.615,15.784,17.446,63315,17.12,52.52,35.83,6.18
"A9042","https://nci-naaccr-zone-design.github.io/louisiana-2020/?address=A9042","Female","Pancreas","10yrs","Jefferson","Woodmere, Grand Isle, Harvey, Barataria, Jean Lafitte, Lafitte, Estelle",10.406,9.885,10.926,156260,14.716,13.98,15.452,120339,12.067,11.464,12.671,63315,17.12,52.52,35.83,6.18
"A9042","https://nci-naaccr-zone-design.github.io/louisiana-2020/?address=A9042","Male","Pancreas","10yrs","Jefferson","Woodmere, Grand Isle, Harvey, Barataria, Jean Lafitte, Lafitte, Estelle",15.647,14.865,16.43,150923,11.307,10.742,11.873,106570,18.614,17.684,19.545,63315,17.12,52.52,35.83,6.18
"A9042","https://nci-naaccr-zone-design.github.io/louisiana-2020/?address=A9042","Both","Leuks","10yrs","Jefferson","Woodmere, Grand Isle, Harvey, Barataria, Jean Lafitte, Lafitte, Estelle",12.701,12.066,13.336,307183,14.836,14.094,15.577,226909,11.069,10.515,11.622,63315,17.12,52.52,35.83,6.18
"A9042","https://nci-naaccr-zone-design.github.io/louisiana-2020/?address=A9042","Female","Leuks","10yrs","Jefferson","Woodmere, Grand Isle, Harvey, Barataria, Jean Lafitte, Lafitte, Estelle",12.088,11.483,12.692,156260,9.584,9.105,10.063,120339,8.867,8.424,9.31,63315,17.12,52.52,35.83,6.18
"A9042","https://nci-naaccr-zone-design.github.io/louisiana-2020/?address=A9042","Male","Leuks","10yrs","Jefferson","Woodmere, Grand Isle, Harvey, Barataria, Jean Lafitte, Lafitte, Estelle",23.41,22.239,24.58,150923,12.095,11.49,12.7,106570,12.876,12.233,13.52,63315,17.12,52.52,35.83,6.18
"A9042","https://nci-naaccr-zone-design.github.io/louisiana-2020/?address=A9042","Both","Oral","10yrs","Jefferson","Woodmere, Grand Isle, Harvey, Barataria, Jean Lafitte, Lafitte, Estelle",16.277,15.463,17.091,307183,9.004,8.554,9.455,226909,15.057,14.304,15.809,63315,17.12,52.52,35.83,6.18
"A9042","https://nci-naaccr-zone-design.github.io/louisiana-2020/?address=A9042","Female","Oral","10yrs","Jefferson","Woodmere, Grand Isle, Harvey, Barataria, Jean Lafitte, Lafitte, Estelle",8.286,7.872,8.701,156260,5.451,5.178,5.723,120339,3.324,3.158,3.49,63315,17.12,52.52,35.83,6.18
"A9042","https://nci-naaccr-zone-design.github.io/louisiana-2020/?address=A9042","Male","Oral","10yrs","Jefferson","Woodmere, Grand Isle, Harvey, Barataria, Jean Lafitte, Lafitte, Estelle",15.011,14.26,15.761,150923,13.784,13.095,14.474,106570,20.007,19.007,21.008,63315,17.12,52.52,35.83,6.18
"A9042","https://nci-naaccr-zone-design.github.io/louisiana-2020/?address=A9042","Both","Thyroid","10yrs","Jefferson","Woodmere, Grand Isle, Harvey, Barataria, Jean Lafitte, Lafitte, Estelle",16.44,15.618,17.262,307183,15.626,14.845,16.407,226909,9.45,8.977,9.922,63315,17.12,52.52,35.83,6.18
"A9042","https://nci-naaccr-zone-design.github.io/louisiana-2020/?address=A9042","Female","Thyroid","10yrs","Jefferson","Woodmere, Grand Isle, Harvey, Barataria, Jean Lafitte, Lafitte, Estelle",20.547,19.52,21.574,156260,22.263,21.15,23.376,120339,10.538,10.011,11.065,63315,17.12,52.52,35.83,6.18
"A9042","https://nci-naaccr-zone-design.github.io/louisiana-2020/?address=A9042","Male","Thyroid","10yrs","Jefferson","Woodmere, Grand Isle, Harvey, Barataria, Jean Lafitte, Lafitte, Estelle",2.522,2.396,2.648,150923,7.098,6.743,7.453,106570,3.137,2.98,3.294,63315,17.12,52.52,35.83,6.18
"A9042","https://nci-naaccr-zone-design.github.io/louisiana-2020/?address=A9042","Female","Uterine","10yrs","Jefferson","Woodmere, Grand Isle, Harvey, Barataria, Jean Lafitte, Lafitte, Estelle",22.55,21.422,23.677,156260,14.162,13.454,14.871,120339,17.143,16.285,18.0,63315,17.12,52.52,35.83,6.18
"A9042","https://nci-naaccr-zone-design.github.io/louisiana-2020/?address=A9042","Both","Liver","10yrs","Jefferson","Woodmere, Grand Isle, Harvey, Barataria, Jean Lafitte, Lafitte, Estelle",13.443,12.771,14.115,307183,8.705,8.27,9.141,226909,10.919,10.373,11.465,63315,17.12,52.52,35.83,6.18
"A9042","https://nci-naaccr-zone-design.github.io/louisiana-2020/?address=A9042","Female","Liver","10yrs","Jefferson","Woodmere, Grand Isle, Harvey, Barataria, Jean Lafitte, Lafitte, Estelle",3.654,3.471,3.836,156260,5.001,4.751,5.251,120339,4.69,4.455,4.924,63315,17.12,52.52,35.83,6.18
"A9042","https://nci-naaccr-zone-design.github.io/louisiana-2020/?address=A9042","Male","Liver","10yrs","Jefferson","Woodmere, Grand Isle, Harvey, Barataria, Jean Lafitte, Lafitte, Estelle",10.86,10.317,11.403,150923,22.223,21.112,23.334,106570,17.95,17.052,18.847,63315,17.12,52.52,35.83,6.18
"A9042","https://nci-naaccr-zone-design.github.io/louisiana-2020/?address=A9042","Both","Stomach","10yrs","Jefferson","Woodmere, Grand Isle, Harvey, Barataria, Jean Lafitte, Lafitte, Estelle",7.467,7.094,7.841,307183,8.296,7.881,8.711,226909,4.943,4.696,5.19,63315,17.12,52.52,35.83,6.18
"A9042","https://nci-naaccr-zone-design.github.io/louisiana-2020/?address=A9042","Female","Stomach","10yrs","Jefferson","Woodmere, Grand Isle, Harvey, Barataria, Jean Lafitte, Lafitte, Estelle",3.078,2.924,3.231,156260,4.449,4.226,4.671,120339,4.042,3.84,4.244,63315,17.12,52.52,35.83,6.18
"A9042","https://nci-naaccr-zone-design.github.io/louisiana-2020/?address=A9042","Male","Stomach","10yrs","Jefferson","Woodmere, Grand Isle, Harvey, Barataria, Jean Lafitte, Lafitte, Estelle",7.88,7.486,8.274,150923,5.583,5.304,5.862,106570,4.818,4.577,5.059,63315,17.12,52.52,35.83,6.18
"A9042","https://nci-naaccr-zone-design.github.io/louisiana-2020/?address=A9042","Both","Myeloma","10yrs","Jefferson","Woodmere, Grand Isle, Harvey, Barataria, Jean Lafitte, Lafitte, Estelle",14.36,13.642,15.078,307183,8.65,8.217,9.082,226909,12.299,11.684,12.914,63315,17.12,52.52,35.83,6.18
"A9042","https://nci-naaccr-zone-design.github.io/louisiana-2020/?address=A9042","Female","Myeloma","10yrs","Jefferson","Woodmere, Grand Isle, Harvey, Barataria, Jean Lafitte, Lafitte, Estelle",2.864,2.721,3.007,156260,4.956,4.708,5.204,120339,6.96,6.612,7.308,63315,17.12,52.52,35.83,6.18
"A9042","https://nci-naaccr-zone-design.github.io/louisiana-2020/?address=A9042","Male","Myeloma","10yrs","Jefferson","Woodmere, Grand Isle, Harvey, Barataria, Jean Lafitte, Lafitte, Estelle",13.227,12.566,13.889,150923,7.311,6.946,7.677,106570,9.14,8.683,9.597,63315,17.12,52.52,35.83,6.18
"A9042","https://nci-naaccr-zone-design.github.io/louisiana-2020/?address=A9042","Both","Brain","10yrs","Jefferson","Woodmere, Grand Isle, Harvey, Barataria, Jean Lafitte, Lafitte, Estelle",8.268,7.854,8.681,307183,7.345,6.978,7.713,226909,5.576,5.297,5.855,63315,17.12,52.52,35.83,6.18
"A9042","https://nci-naaccr-zone-design.github.io/louisiana-2020/?address=A9042","Female","Brain","10yrs","Jefferson","Woodmere, Grand Isle, Harvey, Barataria, Jean Lafitte, Lafitte, Estelle",6.308,5.993,6.623,156260,5.635,5.353,5.917,120339,5.035,4.783,5.286,63315,17.12,52.52,35.83,6.18
"A9042","https://nci-naaccr-zone-design.github.io/louisiana-2020/?address=A9042","Male","Brain","10yrs","Jefferson","Woodmere, Grand Isle, Harvey, Barataria, Jean Lafitte, Lafitte, Estelle",7.778,7.389,8.167,150923,4.307,4.091,4.522,106570,5.863,5.569,6.156,63315,17.12,52.52,35.83,6.18
"A9042","https://nci-naaccr-zone-design.github.io/louisiana-2020/?address=A9042","Both","Larynx","10yrs","Jefferson","Woodmere, Grand Isle, Harvey, Barataria, Jean Lafitte, Lafitte, Estelle",8.698,8.263,9.132,307183,9.164,8.706,9.622,226909,8.509,8.084,8.935,63315,17.12,52.52,35.83,6.18
"A9042","https://nci-naaccr-zone-design.github.io/louisiana-2020/?address=A9042","Female","Larynx","10yrs","Jefferson","Woodmere, Grand Isle, Harvey, Barataria, Jean Lafitte, Lafitte, Estelle",0.491,0.466,0.515,156260,2.949,2.801,3.096,120339,2.69,2.556,2.825,63315,17.12,52.52,35.83,6.18
"A9042","https://nci-naaccr-zone-design.github.io/louisiana-2020/?address=A9042","Male","Larynx","10yrs","Jefferson","Woodmere, Grand Isle, Harvey, Barataria, Jean Lafitte, Lafitte, Estelle",9.276,8.812,9.74,150923,12.599,11.969,13.229,106570,11.058,10.505,11.61,63315,17.12,52.52,35.83,6.18
"A9042","https://nci-naaccr-zone-design.github.io/louisiana-2020/?address=A9042","Female","Ovary","10yrs","Jefferson","Woodmere, Grand Isle, Harvey, Barataria, Jean Lafitte, Lafitte, Estelle",9.685,9.201,10.169,156260,12.234,11.623,12.846,120339,12.131,11.525,12.738,63315,17.12,52.52,35.83,6.18
"A9042","https://nci-naaccr-zone-design.github.io/louisiana-2020/?address=A9042","Both","Esoph","10yrs","Jefferson","Woodmere, Grand Isle, Harvey, Barataria, Jean Lafitte, Lafitte, Estelle",3.592,3.412,3.771,307183,7.086,6.732,7.441,226909,2.994,2.844,3.143,63315,17.12,52.52,35.83,6.18
"A9042","https://nci-naaccr-zone-design.github.io/louisiana-2020/?address=A9042","Female","Esoph","10yrs","Jefferson","Woodmere, Grand Isle, Harvey, Barataria, Jean Lafitte, Lafitte, Estelle","","","",156260,2.869,2.725,3.012,120339,3.181,3.022,3.34,63315,17.12,52.52,35.83,6.18
"A9042","https://nci-naaccr-zone-design.github.io/louisiana-2020/?address=A9042","Male","Esoph","10yrs","Jefferson","Woodmere, Grand Isle, Harvey, Barataria, Jean Lafitte, Lafitte, Estelle",11.802,11.212,12.392,150923,9.932,9.436,10.429,106570,9.616,9.135,10.097,63315,17.12,52.52,35.83,6.18
