"Zone","URL","Sex","Cancer","Years","Counties","Places","AAIR","LCI","UCI","White_PopTot","White_AAIR","White_LCI","White_UCI","Black_PopTot","Black_AAIR","Black_LCI","Black_UCI","TotalPop","Pct100Pov","PctMinority","PctBlackNH","PctRural"
"A9044","https://nci-naaccr-zone-design.github.io/louisiana-2020/?address=A9044","Both","AllSite","05yrs","Ouachita","Monroe, West Monroe, Brownsville, Bawcomville",463.777,440.588,486.966,157683,513.395,487.725,539.065,213518,457.628,434.746,480.509,75726,34.37,59.62,55.86,17.22
"A9044","https://nci-naaccr-zone-design.github.io/louisiana-2020/?address=A9044","Female","AllSite","05yrs","Ouachita","Monroe, West Monroe, Brownsville, Bawcomville",378.584,359.654,397.513,79850,435.241,413.479,457.003,112260,442.053,419.95,464.156,75726,34.37,59.62,55.86,17.22
"A9044","https://nci-naaccr-zone-design.github.io/louisiana-2020/?address=A9044","Male","AllSite","05yrs","Ouachita","Monroe, West Monroe, Brownsville, Bawcomville",657.026,624.174,689.877,77833,661.436,628.364,694.508,101258,565.459,537.186,593.732,75726,34.37,59.62,55.86,17.22
"A9044","https://nci-naaccr-zone-design.github.io/louisiana-2020/?address=A9044","Male","Prostate","05yrs","Ouachita","Monroe, West Monroe, Brownsville, Bawcomville",213.454,202.782,224.127,77833,129.65,123.167,136.132,101258,139.016,132.065,145.967,75726,34.37,59.62,55.86,17.22
"A9044","https://nci-naaccr-zone-design.github.io/louisiana-2020/?address=A9044","Both","Lung","05yrs","Ouachita","Monroe, West Monroe, Brownsville, Bawcomville",72.629,68.997,76.26,157683,61.322,58.256,64.388,213518,86.096,81.792,90.401,75726,34.37,59.62,55.86,17.22
"A9044","https://nci-naaccr-zone-design.github.io/louisiana-2020/?address=A9044","Female","Lung","05yrs","Ouachita","Monroe, West Monroe, Brownsville, Bawcomville",50.048,47.545,52.55,79850,69.989,66.49,73.489,112260,64.698,61.463,67.932,75726,34.37,59.62,55.86,17.22
"A9044","https://nci-naaccr-zone-design.github.io/louisiana-2020/?address=A9044","Male","Lung","05yrs","Ouachita","Monroe, West Monroe, Brownsville, Bawcomville",80.635,76.603,84.667,77833,108.388,102.969,113.808,101258,117.463,111.59,123.336,75726,34.37,59.62,55.86,17.22
"A9044","https://nci-naaccr-zone-design.github.io/louisiana-2020/?address=A9044","Female","Breast","05yrs","Ouachita","Monroe, West Monroe, Brownsville, Bawcomville",127.107,120.751,133.462,79850,104.056,98.853,109.259,112260,108.92,103.474,114.366,75726,34.37,59.62,55.86,17.22
"A9044","https://nci-naaccr-zone-design.github.io/louisiana-2020/?address=A9044","Both","CRC","05yrs","Ouachita","Monroe, West Monroe, Brownsville, Bawcomville",38.398,36.478,40.318,157683,40.709,38.674,42.745,213518,38.599,36.669,40.528,75726,34.37,59.62,55.86,17.22
"A9044","https://nci-naaccr-zone-design.github.io/louisiana-2020/?address=A9044","Female","CRC","05yrs","Ouachita","Monroe, West Monroe, Brownsville, Bawcomville",48.885,46.441,51.33,79850,52.781,50.142,55.42,112260,38.39,36.47,40.309,75726,34.37,59.62,55.86,17.22
"A9044","https://nci-naaccr-zone-design.github.io/louisiana-2020/?address=A9044","Male","CRC","05yrs","Ouachita","Monroe, West Monroe, Brownsville, Bawcomville",54.325,51.609,57.041,77833,38.518,36.592,40.444,101258,73.068,69.415,76.722,75726,34.37,59.62,55.86,17.22
"A9044","https://nci-naaccr-zone-design.github.io/louisiana-2020/?address=A9044","Both","Kidney","05yrs","Ouachita","Monroe, West Monroe, Brownsville, Bawcomville",21.592,20.512,22.671,157683,19.75,18.762,20.737,213518,17.213,16.353,18.074,75726,34.37,59.62,55.86,17.22
"A9044","https://nci-naaccr-zone-design.github.io/louisiana-2020/?address=A9044","Female","Kidney","05yrs","Ouachita","Monroe, West Monroe, Brownsville, Bawcomville",14.723,13.987,15.459,79850,21.028,19.977,22.079,112260,13.915,13.219,14.611,75726,34.37,59.62,55.86,17.22
"A9044","https://nci-naaccr-zone-design.github.io/louisiana-2020/?address=A9044","Male","Kidney","05yrs","Ouachita","Monroe, West Monroe, Brownsville, Bawcomville",25.433,24.162,26.705,77833,19.411,18.44,20.381,101258,31.793,30.204,33.383,75726,34.37,59.62,55.86,17.22
"A9044","https://nci-naaccr-zone-design.github.io/louisiana-2020/?address=A9044","Both","NHL","05yrs","Ouachita","Monroe, West Monroe, Brownsville, Bawcomville",21.797,20.707,22.887,157683,15.935,15.138,16.732,213518,18.696,17.761,19.631,75726,34.37,59.62,55.86,17.22
"A9044","https://nci-naaccr-zone-design.github.io/louisiana-2020/?address=A9044","Female","NHL","05yrs","Ouachita","Monroe, West Monroe, Brownsville, Bawcomville",18.864,17.921,19.808,79850,12.596,11.966,13.226,112260,9.803,9.312,10.293,75726,34.37,59.62,55.86,17.22
"A9044","https://nci-naaccr-zone-design.github.io/louisiana-2020/?address=A9044","Male","NHL","05yrs","Ouachita","Monroe, West Monroe, Brownsville, Bawcomville",17.263,16.4,18.126,77833,19.572,18.593,20.55,101258,16.352,15.535,17.17,75726,34.37,59.62,55.86,17.22
"A9044","https://nci-naaccr-zone-design.github.io/louisiana-2020/?address=A9044","Both","Urinary","05yrs","Ouachita","Monroe, West Monroe, Brownsville, Bawcomville",20.836,19.795,21.878,157683,15.565,14.786,16.343,213518,15.561,14.783,16.34,75726,34.37,59.62,55.86,17.22
"A9044","https://nci-naaccr-zone-design.github.io/louisiana-2020/?address=A9044","Female","Urinary","05yrs","Ouachita","Monroe, West Monroe, Brownsville, Bawcomville",6.321,6.005,6.637,79850,6.87,6.526,7.213,112260,6.408,6.088,6.728,75726,34.37,59.62,55.86,17.22
"A9044","https://nci-naaccr-zone-design.github.io/louisiana-2020/?address=A9044","Male","Urinary","05yrs","Ouachita","Monroe, West Monroe, Brownsville, Bawcomville",42.094,39.989,44.199,77833,43.387,41.218,45.556,101258,21.06,20.007,22.113,75726,34.37,59.62,55.86,17.22
"A9044","https://nci-naaccr-zone-design.github.io/louisiana-2020/?address=A9044","Both","Mela","05yrs","Ouachita","Monroe, West Monroe, Brownsville, Bawcomville",5.71,5.425,5.996,157683,3.431,3.26,3.603,213518,4.515,4.289,4.741,75726,34.37,59.62,55.86,17.22
"A9044","https://nci-naaccr-zone-design.github.io/louisiana-2020/?address=A9044","Female","Mela","05yrs","Ouachita","Monroe, West Monroe, Brownsville, Bawcomville",18.702,17.767,19.637,79850,17.06,16.207,17.913,112260,13.57,12.892,14.249,75726,34.37,59.62,55.86,17.22
"A9044","https://nci-naaccr-zone-design.github.io/louisiana-2020/?address=A9044","Male","Mela","05yrs","Ouachita","Monroe, West Monroe, Brownsville, Bawcomville",13.135,12.478,13.791,77833,33.461,31.788,35.134,101258,15.375,14.606,16.144,75726,34.37,59.62,55.86,17.22
"A9044","https://nci-naaccr-zone-design.github.io/louisiana-2020/?address=A9044","Both","Pancreas","05yrs","Ouachita","Monroe, West Monroe, Brownsville, Bawcomville",11.961,11.363,12.559,157683,16.287,15.473,17.102,213518,15.391,14.621,16.16,75726,34.37,59.62,55.86,17.22
"A9044","https://nci-naaccr-zone-design.github.io/louisiana-2020/?address=A9044","Female","Pancreas","05yrs","Ouachita","Monroe, West Monroe, Brownsville, Bawcomville",16.257,15.444,17.069,79850,12.311,11.696,12.927,112260,10.744,10.207,11.281,75726,34.37,59.62,55.86,17.22
"A9044","https://nci-naaccr-zone-design.github.io/louisiana-2020/?address=A9044","Male","Pancreas","05yrs","Ouachita","Monroe, West Monroe, Brownsville, Bawcomville",10.186,9.677,10.695,77833,20.222,19.211,21.233,101258,13.373,12.705,14.042,75726,34.37,59.62,55.86,17.22
"A9044","https://nci-naaccr-zone-design.github.io/louisiana-2020/?address=A9044","Both","Leuks","05yrs","Ouachita","Monroe, West Monroe, Brownsville, Bawcomville",17.785,16.896,18.674,157683,15.516,14.741,16.292,213518,15.707,14.922,16.492,75726,34.37,59.62,55.86,17.22
"A9044","https://nci-naaccr-zone-design.github.io/louisiana-2020/?address=A9044","Female","Leuks","05yrs","Ouachita","Monroe, West Monroe, Brownsville, Bawcomville",7.719,7.333,8.105,79850,10.754,10.216,11.292,112260,9.239,8.777,9.701,75726,34.37,59.62,55.86,17.22
"A9044","https://nci-naaccr-zone-design.github.io/louisiana-2020/?address=A9044","Male","Leuks","05yrs","Ouachita","Monroe, West Monroe, Brownsville, Bawcomville",9.415,8.944,9.886,77833,22.202,21.092,23.313,101258,17.048,16.195,17.9,75726,34.37,59.62,55.86,17.22
"A9044","https://nci-naaccr-zone-design.github.io/louisiana-2020/?address=A9044","Both","Oral","05yrs","Ouachita","Monroe, West Monroe, Brownsville, Bawcomville",13.274,12.611,13.938,157683,12.888,12.243,13.532,213518,11.135,10.579,11.692,75726,34.37,59.62,55.86,17.22
"A9044","https://nci-naaccr-zone-design.github.io/louisiana-2020/?address=A9044","Female","Oral","05yrs","Ouachita","Monroe, West Monroe, Brownsville, Bawcomville",2.509,2.383,2.634,79850,"","","",112260,4.015,3.814,4.216,75726,34.37,59.62,55.86,17.22
"A9044","https://nci-naaccr-zone-design.github.io/louisiana-2020/?address=A9044","Male","Oral","05yrs","Ouachita","Monroe, West Monroe, Brownsville, Bawcomville",10.303,9.788,10.818,77833,26.759,25.421,28.097,101258,25.38,24.111,26.649,75726,34.37,59.62,55.86,17.22
"A9044","https://nci-naaccr-zone-design.github.io/louisiana-2020/?address=A9044","Both","Thyroid","05yrs","Ouachita","Monroe, West Monroe, Brownsville, Bawcomville",15.84,15.048,16.631,157683,13.581,12.902,14.261,213518,17.269,16.406,18.133,75726,34.37,59.62,55.86,17.22
"A9044","https://nci-naaccr-zone-design.github.io/louisiana-2020/?address=A9044","Female","Thyroid","05yrs","Ouachita","Monroe, West Monroe, Brownsville, Bawcomville",13.678,12.994,14.361,79850,20.493,19.469,21.518,112260,9.79,9.3,10.279,75726,34.37,59.62,55.86,17.22
"A9044","https://nci-naaccr-zone-design.github.io/louisiana-2020/?address=A9044","Male","Thyroid","05yrs","Ouachita","Monroe, West Monroe, Brownsville, Bawcomville",5.085,4.83,5.339,77833,6.663,6.33,6.996,101258,8.809,8.369,9.25,75726,34.37,59.62,55.86,17.22
"A9044","https://nci-naaccr-zone-design.github.io/louisiana-2020/?address=A9044","Female","Uterine","05yrs","Ouachita","Monroe, West Monroe, Brownsville, Bawcomville",24.233,23.022,25.445,79850,12.528,11.902,13.155,112260,13.58,12.901,14.259,75726,34.37,59.62,55.86,17.22
"A9044","https://nci-naaccr-zone-design.github.io/louisiana-2020/?address=A9044","Both","Liver","05yrs","Ouachita","Monroe, West Monroe, Brownsville, Bawcomville",7.561,7.183,7.939,157683,9.899,9.404,10.394,213518,11.519,10.943,12.095,75726,34.37,59.62,55.86,17.22
"A9044","https://nci-naaccr-zone-design.github.io/louisiana-2020/?address=A9044","Female","Liver","05yrs","Ouachita","Monroe, West Monroe, Brownsville, Bawcomville",6.05,5.748,6.353,79850,"","","",112260,"","","",75726,34.37,59.62,55.86,17.22
"A9044","https://nci-naaccr-zone-design.github.io/louisiana-2020/?address=A9044","Male","Liver","05yrs","Ouachita","Monroe, West Monroe, Brownsville, Bawcomville",8.103,7.698,8.508,77833,19.852,18.859,20.844,101258,23.772,22.583,24.961,75726,34.37,59.62,55.86,17.22
"A9044","https://nci-naaccr-zone-design.github.io/louisiana-2020/?address=A9044","Both","Stomach","05yrs","Ouachita","Monroe, West Monroe, Brownsville, Bawcomville",9.292,8.827,9.757,157683,4.626,4.395,4.858,213518,8.431,8.01,8.853,75726,34.37,59.62,55.86,17.22
"A9044","https://nci-naaccr-zone-design.github.io/louisiana-2020/?address=A9044","Female","Stomach","05yrs","Ouachita","Monroe, West Monroe, Brownsville, Bawcomville",9.586,9.106,10.065,79850,9.794,9.304,10.284,112260,6.538,6.211,6.865,75726,34.37,59.62,55.86,17.22
"A9044","https://nci-naaccr-zone-design.github.io/louisiana-2020/?address=A9044","Male","Stomach","05yrs","Ouachita","Monroe, West Monroe, Brownsville, Bawcomville",10.293,9.779,10.808,77833,5.586,5.307,5.865,101258,10.382,9.863,10.901,75726,34.37,59.62,55.86,17.22
"A9044","https://nci-naaccr-zone-design.github.io/louisiana-2020/?address=A9044","Both","Myeloma","05yrs","Ouachita","Monroe, West Monroe, Brownsville, Bawcomville",9.419,8.948,9.89,157683,5.325,5.059,5.591,213518,10.574,10.046,11.103,75726,34.37,59.62,55.86,17.22
"A9044","https://nci-naaccr-zone-design.github.io/louisiana-2020/?address=A9044","Female","Myeloma","05yrs","Ouachita","Monroe, West Monroe, Brownsville, Bawcomville",9.945,9.447,10.442,79850,7.345,6.978,7.713,112260,2.886,2.742,3.031,75726,34.37,59.62,55.86,17.22
"A9044","https://nci-naaccr-zone-design.github.io/louisiana-2020/?address=A9044","Male","Myeloma","05yrs","Ouachita","Monroe, West Monroe, Brownsville, Bawcomville",15.836,15.044,16.628,77833,9.943,9.446,10.44,101258,14.114,13.409,14.82,75726,34.37,59.62,55.86,17.22
"A9044","https://nci-naaccr-zone-design.github.io/louisiana-2020/?address=A9044","Both","Brain","05yrs","Ouachita","Monroe, West Monroe, Brownsville, Bawcomville",7.491,7.117,7.866,157683,5.97,5.672,6.269,213518,6.018,5.717,6.319,75726,34.37,59.62,55.86,17.22
"A9044","https://nci-naaccr-zone-design.github.io/louisiana-2020/?address=A9044","Female","Brain","05yrs","Ouachita","Monroe, West Monroe, Brownsville, Bawcomville",4.927,4.681,5.174,79850,"","","",112260,4.494,4.27,4.719,75726,34.37,59.62,55.86,17.22
"A9044","https://nci-naaccr-zone-design.github.io/louisiana-2020/?address=A9044","Male","Brain","05yrs","Ouachita","Monroe, West Monroe, Brownsville, Bawcomville",10.006,9.506,10.507,77833,10.093,9.588,10.597,101258,9.5,9.025,9.975,75726,34.37,59.62,55.86,17.22
"A9044","https://nci-naaccr-zone-design.github.io/louisiana-2020/?address=A9044","Both","Larynx","05yrs","Ouachita","Monroe, West Monroe, Brownsville, Bawcomville",3.425,3.254,3.596,157683,4.576,4.348,4.805,213518,7.307,6.942,7.673,75726,34.37,59.62,55.86,17.22
"A9044","https://nci-naaccr-zone-design.github.io/louisiana-2020/?address=A9044","Female","Larynx","05yrs","Ouachita","Monroe, West Monroe, Brownsville, Bawcomville","","","",79850,4.128,3.921,4.334,112260,3.715,3.53,3.901,75726,34.37,59.62,55.86,17.22
"A9044","https://nci-naaccr-zone-design.github.io/louisiana-2020/?address=A9044","Male","Larynx","05yrs","Ouachita","Monroe, West Monroe, Brownsville, Bawcomville",12.259,11.646,12.872,77833,11.465,10.891,12.038,101258,11.667,11.084,12.25,75726,34.37,59.62,55.86,17.22
"A9044","https://nci-naaccr-zone-design.github.io/louisiana-2020/?address=A9044","Female","Ovary","05yrs","Ouachita","Monroe, West Monroe, Brownsville, Bawcomville",14.131,13.424,14.837,79850,8.054,7.652,8.457,112260,6.188,5.879,6.498,75726,34.37,59.62,55.86,17.22
"A9044","https://nci-naaccr-zone-design.github.io/louisiana-2020/?address=A9044","Both","Esoph","05yrs","Ouachita","Monroe, West Monroe, Brownsville, Bawcomville",3.904,3.708,4.099,157683,7.642,7.26,8.024,213518,5.71,5.424,5.995,75726,34.37,59.62,55.86,17.22
"A9044","https://nci-naaccr-zone-design.github.io/louisiana-2020/?address=A9044","Female","Esoph","05yrs","Ouachita","Monroe, West Monroe, Brownsville, Bawcomville",2.254,2.141,2.366,79850,"","","",112260,"","","",75726,34.37,59.62,55.86,17.22
"A9044","https://nci-naaccr-zone-design.github.io/louisiana-2020/?address=A9044","Male","Esoph","05yrs","Ouachita","Monroe, West Monroe, Brownsville, Bawcomville",7.357,6.989,7.725,77833,6.136,5.829,6.443,101258,5.849,5.556,6.141,75726,34.37,59.62,55.86,17.22
"A9044","https://nci-naaccr-zone-design.github.io/louisiana-2020/?address=A9044","Both","AllSite","10yrs","Ouachita","Monroe, West Monroe, Brownsville, Bawcomville",461.978,438.879,485.077,316418,528.753,502.315,555.191,424307,522.75,496.613,548.888,75726,34.37,59.62,55.86,17.22
"A9044","https://nci-naaccr-zone-design.github.io/louisiana-2020/?address=A9044","Female","AllSite","10yrs","Ouachita","Monroe, West Monroe, Brownsville, Bawcomville",400.832,380.79,420.873,160960,449.838,427.346,472.329,223798,367.548,349.17,385.925,75726,34.37,59.62,55.86,17.22
"A9044","https://nci-naaccr-zone-design.github.io/louisiana-2020/?address=A9044","Male","AllSite","10yrs","Ouachita","Monroe, West Monroe, Brownsville, Bawcomville",621.733,590.646,652.82,155458,530.853,504.31,557.396,200509,589.409,559.938,618.879,75726,34.37,59.62,55.86,17.22
"A9044","https://nci-naaccr-zone-design.github.io/louisiana-2020/?address=A9044","Male","Prostate","10yrs","Ouachita","Monroe, West Monroe, Brownsville, Bawcomville",172.128,163.522,180.734,155458,181.244,172.182,190.307,200509,129.119,122.663,135.575,75726,34.37,59.62,55.86,17.22
"A9044","https://nci-naaccr-zone-design.github.io/louisiana-2020/?address=A9044","Both","Lung","10yrs","Ouachita","Monroe, West Monroe, Brownsville, Bawcomville",68.554,65.126,71.981,316418,77.247,73.384,81.109,424307,57.297,54.433,60.162,75726,34.37,59.62,55.86,17.22
"A9044","https://nci-naaccr-zone-design.github.io/louisiana-2020/?address=A9044","Female","Lung","10yrs","Ouachita","Monroe, West Monroe, Brownsville, Bawcomville",39.943,37.946,41.94,160960,51.201,48.641,53.761,223798,42.603,40.473,44.733,75726,34.37,59.62,55.86,17.22
"A9044","https://nci-naaccr-zone-design.github.io/louisiana-2020/?address=A9044","Male","Lung","10yrs","Ouachita","Monroe, West Monroe, Brownsville, Bawcomville",52.046,49.444,54.648,155458,81.488,77.414,85.563,200509,94.929,90.183,99.676,75726,34.37,59.62,55.86,17.22
"A9044","https://nci-naaccr-zone-design.github.io/louisiana-2020/?address=A9044","Female","Breast","10yrs","Ouachita","Monroe, West Monroe, Brownsville, Bawcomville",106.024,100.723,111.326,160960,141.494,134.419,148.569,223798,115.921,110.125,121.717,75726,34.37,59.62,55.86,17.22
"A9044","https://nci-naaccr-zone-design.github.io/louisiana-2020/?address=A9044","Both","CRC","10yrs","Ouachita","Monroe, West Monroe, Brownsville, Bawcomville",54.569,51.841,57.298,316418,45.161,42.903,47.419,424307,54.303,51.588,57.018,75726,34.37,59.62,55.86,17.22
"A9044","https://nci-naaccr-zone-design.github.io/louisiana-2020/?address=A9044","Female","CRC","10yrs","Ouachita","Monroe, West Monroe, Brownsville, Bawcomville",39.513,37.538,41.489,160960,33.475,31.801,35.148,223798,52.054,49.451,54.657,75726,34.37,59.62,55.86,17.22
"A9044","https://nci-naaccr-zone-design.github.io/louisiana-2020/?address=A9044","Male","CRC","10yrs","Ouachita","Monroe, West Monroe, Brownsville, Bawcomville",55.928,53.132,58.724,155458,37.32,35.454,39.186,200509,60.851,57.808,63.893,75726,34.37,59.62,55.86,17.22
"A9044","https://nci-naaccr-zone-design.github.io/louisiana-2020/?address=A9044","Both","Kidney","10yrs","Ouachita","Monroe, West Monroe, Brownsville, Bawcomville",16.554,15.726,17.381,316418,15.451,14.679,16.224,424307,26.192,24.883,27.502,75726,34.37,59.62,55.86,17.22
"A9044","https://nci-naaccr-zone-design.github.io/louisiana-2020/?address=A9044","Female","Kidney","10yrs","Ouachita","Monroe, West Monroe, Brownsville, Bawcomville",17.429,16.557,18.3,160960,16.991,16.142,17.841,223798,11.609,11.029,12.19,75726,34.37,59.62,55.86,17.22
"A9044","https://nci-naaccr-zone-design.github.io/louisiana-2020/?address=A9044","Male","Kidney","10yrs","Ouachita","Monroe, West Monroe, Brownsville, Bawcomville",22.731,21.595,23.868,155458,35.044,33.291,36.796,200509,26.973,25.624,28.322,75726,34.37,59.62,55.86,17.22
"A9044","https://nci-naaccr-zone-design.github.io/louisiana-2020/?address=A9044","Both","NHL","10yrs","Ouachita","Monroe, West Monroe, Brownsville, Bawcomville",22.692,21.557,23.826,316418,14.9,14.155,15.645,424307,21.422,20.351,22.493,75726,34.37,59.62,55.86,17.22
"A9044","https://nci-naaccr-zone-design.github.io/louisiana-2020/?address=A9044","Female","NHL","10yrs","Ouachita","Monroe, West Monroe, Brownsville, Bawcomville",9.99,9.491,10.49,160960,15.667,14.884,16.451,223798,19.475,18.501,20.449,75726,34.37,59.62,55.86,17.22
"A9044","https://nci-naaccr-zone-design.github.io/louisiana-2020/?address=A9044","Male","NHL","10yrs","Ouachita","Monroe, West Monroe, Brownsville, Bawcomville",27.027,25.676,28.379,155458,26.966,25.618,28.314,200509,22.188,21.079,23.298,75726,34.37,59.62,55.86,17.22
"A9044","https://nci-naaccr-zone-design.github.io/louisiana-2020/?address=A9044","Both","Urinary","10yrs","Ouachita","Monroe, West Monroe, Brownsville, Bawcomville",23.895,22.7,25.09,316418,24.448,23.226,25.671,424307,20.883,19.838,21.927,75726,34.37,59.62,55.86,17.22
"A9044","https://nci-naaccr-zone-design.github.io/louisiana-2020/?address=A9044","Female","Urinary","10yrs","Ouachita","Monroe, West Monroe, Brownsville, Bawcomville",8.783,8.344,9.223,160960,12.544,11.916,13.171,223798,6.009,5.708,6.309,75726,34.37,59.62,55.86,17.22
"A9044","https://nci-naaccr-zone-design.github.io/louisiana-2020/?address=A9044","Male","Urinary","10yrs","Ouachita","Monroe, West Monroe, Brownsville, Bawcomville",39.824,37.833,41.815,155458,25.484,24.21,26.758,200509,49.233,46.771,51.694,75726,34.37,59.62,55.86,17.22
"A9044","https://nci-naaccr-zone-design.github.io/louisiana-2020/?address=A9044","Both","Mela","10yrs","Ouachita","Monroe, West Monroe, Brownsville, Bawcomville",16.54,15.713,17.367,316418,3.916,3.72,4.112,424307,28.383,26.963,29.802,75726,34.37,59.62,55.86,17.22
"A9044","https://nci-naaccr-zone-design.github.io/louisiana-2020/?address=A9044","Female","Mela","10yrs","Ouachita","Monroe, West Monroe, Brownsville, Bawcomville",1.91,1.815,2.006,160960,13.37,12.701,14.038,223798,8.365,7.947,8.784,75726,34.37,59.62,55.86,17.22
"A9044","https://nci-naaccr-zone-design.github.io/louisiana-2020/?address=A9044","Male","Mela","10yrs","Ouachita","Monroe, West Monroe, Brownsville, Bawcomville",10.243,9.731,10.755,155458,28.099,26.694,29.504,200509,37.67,35.787,39.554,75726,34.37,59.62,55.86,17.22
"A9044","https://nci-naaccr-zone-design.github.io/louisiana-2020/?address=A9044","Both","Pancreas","10yrs","Ouachita","Monroe, West Monroe, Brownsville, Bawcomville",12.064,11.461,12.667,316418,15.555,14.777,16.333,424307,11.876,11.283,12.47,75726,34.37,59.62,55.86,17.22
"A9044","https://nci-naaccr-zone-design.github.io/louisiana-2020/?address=A9044","Female","Pancreas","10yrs","Ouachita","Monroe, West Monroe, Brownsville, Bawcomville",15.44,14.668,16.212,160960,14.036,13.334,14.738,223798,16.156,15.348,16.964,75726,34.37,59.62,55.86,17.22
"A9044","https://nci-naaccr-zone-design.github.io/louisiana-2020/?address=A9044","Male","Pancreas","10yrs","Ouachita","Monroe, West Monroe, Brownsville, Bawcomville",18.754,17.816,19.692,155458,21.133,20.077,22.19,200509,12.946,12.299,13.594,75726,34.37,59.62,55.86,17.22
"A9044","https://nci-naaccr-zone-design.github.io/louisiana-2020/?address=A9044","Both","Leuks","10yrs","Ouachita","Monroe, West Monroe, Brownsville, Bawcomville",16.636,15.804,17.468,316418,17.401,16.531,18.271,424307,14.641,13.909,15.373,75726,34.37,59.62,55.86,17.22
"A9044","https://nci-naaccr-zone-design.github.io/louisiana-2020/?address=A9044","Female","Leuks","10yrs","Ouachita","Monroe, West Monroe, Brownsville, Bawcomville",15.61,14.829,16.39,160960,15.216,14.455,15.976,223798,14.219,13.508,14.93,75726,34.37,59.62,55.86,17.22
"A9044","https://nci-naaccr-zone-design.github.io/louisiana-2020/?address=A9044","Male","Leuks","10yrs","Ouachita","Monroe, West Monroe, Brownsville, Bawcomville",17.342,16.475,18.21,155458,18.176,17.267,19.085,200509,11.136,10.579,11.693,75726,34.37,59.62,55.86,17.22
"A9044","https://nci-naaccr-zone-design.github.io/louisiana-2020/?address=A9044","Both","Oral","10yrs","Ouachita","Monroe, West Monroe, Brownsville, Bawcomville",6.404,6.083,6.724,316418,12.389,11.77,13.008,424307,11.759,11.171,12.347,75726,34.37,59.62,55.86,17.22
"A9044","https://nci-naaccr-zone-design.github.io/louisiana-2020/?address=A9044","Female","Oral","10yrs","Ouachita","Monroe, West Monroe, Brownsville, Bawcomville",7.822,7.431,8.213,160960,2.651,2.519,2.784,223798,6.45,6.127,6.772,75726,34.37,59.62,55.86,17.22
"A9044","https://nci-naaccr-zone-design.github.io/louisiana-2020/?address=A9044","Male","Oral","10yrs","Ouachita","Monroe, West Monroe, Brownsville, Bawcomville",22.26,21.147,23.373,155458,12.87,12.226,13.513,200509,22.029,20.927,23.13,75726,34.37,59.62,55.86,17.22
"A9044","https://nci-naaccr-zone-design.github.io/louisiana-2020/?address=A9044","Both","Thyroid","10yrs","Ouachita","Monroe, West Monroe, Brownsville, Bawcomville",13.703,13.018,14.388,316418,12.225,11.614,12.836,424307,11.309,10.744,11.874,75726,34.37,59.62,55.86,17.22
"A9044","https://nci-naaccr-zone-design.github.io/louisiana-2020/?address=A9044","Female","Thyroid","10yrs","Ouachita","Monroe, West Monroe, Brownsville, Bawcomville",22.579,21.45,23.708,160960,18.801,17.861,19.741,223798,20.38,19.361,21.399,75726,34.37,59.62,55.86,17.22
"A9044","https://nci-naaccr-zone-design.github.io/louisiana-2020/?address=A9044","Male","Thyroid","10yrs","Ouachita","Monroe, West Monroe, Brownsville, Bawcomville",3.204,3.044,3.364,155458,3.671,3.487,3.854,200509,7.65,7.267,8.032,75726,34.37,59.62,55.86,17.22
"A9044","https://nci-naaccr-zone-design.github.io/louisiana-2020/?address=A9044","Female","Uterine","10yrs","Ouachita","Monroe, West Monroe, Brownsville, Bawcomville",19.709,18.724,20.695,160960,25.369,24.1,26.637,223798,12.34,11.723,12.957,75726,34.37,59.62,55.86,17.22
"A9044","https://nci-naaccr-zone-design.github.io/louisiana-2020/?address=A9044","Both","Liver","10yrs","Ouachita","Monroe, West Monroe, Brownsville, Bawcomville",13.177,12.518,13.836,316418,7.231,6.87,7.593,424307,11.313,10.747,11.879,75726,34.37,59.62,55.86,17.22
"A9044","https://nci-naaccr-zone-design.github.io/louisiana-2020/?address=A9044","Female","Liver","10yrs","Ouachita","Monroe, West Monroe, Brownsville, Bawcomville",3.906,3.711,4.102,160960,3.63,3.448,3.811,223798,2.084,1.98,2.188,75726,34.37,59.62,55.86,17.22
"A9044","https://nci-naaccr-zone-design.github.io/louisiana-2020/?address=A9044","Male","Liver","10yrs","Ouachita","Monroe, West Monroe, Brownsville, Bawcomville",22.725,21.589,23.861,155458,15.641,14.859,16.423,200509,21.365,20.297,22.434,75726,34.37,59.62,55.86,17.22
"A9044","https://nci-naaccr-zone-design.github.io/louisiana-2020/?address=A9044","Both","Stomach","10yrs","Ouachita","Monroe, West Monroe, Brownsville, Bawcomville",4.155,3.947,4.363,316418,11.076,10.522,11.63,424307,5.341,5.074,5.608,75726,34.37,59.62,55.86,17.22
"A9044","https://nci-naaccr-zone-design.github.io/louisiana-2020/?address=A9044","Female","Stomach","10yrs","Ouachita","Monroe, West Monroe, Brownsville, Bawcomville",3.085,2.931,3.239,160960,6.347,6.03,6.664,223798,8.118,7.712,8.524,75726,34.37,59.62,55.86,17.22
"A9044","https://nci-naaccr-zone-design.github.io/louisiana-2020/?address=A9044","Male","Stomach","10yrs","Ouachita","Monroe, West Monroe, Brownsville, Bawcomville",6.299,5.984,6.614,155458,5.949,5.652,6.247,200509,8.823,8.382,9.264,75726,34.37,59.62,55.86,17.22
"A9044","https://nci-naaccr-zone-design.github.io/louisiana-2020/?address=A9044","Both","Myeloma","10yrs","Ouachita","Monroe, West Monroe, Brownsville, Bawcomville",9.506,9.031,9.982,316418,12.514,11.888,13.14,424307,9.973,9.474,10.471,75726,34.37,59.62,55.86,17.22
"A9044","https://nci-naaccr-zone-design.github.io/louisiana-2020/?address=A9044","Female","Myeloma","10yrs","Ouachita","Monroe, West Monroe, Brownsville, Bawcomville",7.796,7.406,8.186,160960,4.796,4.557,5.036,223798,5.1,4.845,5.355,75726,34.37,59.62,55.86,17.22
"A9044","https://nci-naaccr-zone-design.github.io/louisiana-2020/?address=A9044","Male","Myeloma","10yrs","Ouachita","Monroe, West Monroe, Brownsville, Bawcomville",9.631,9.149,10.112,155458,11.517,10.941,12.093,200509,9.791,9.302,10.281,75726,34.37,59.62,55.86,17.22
"A9044","https://nci-naaccr-zone-design.github.io/louisiana-2020/?address=A9044","Both","Brain","10yrs","Ouachita","Monroe, West Monroe, Brownsville, Bawcomville",6.365,6.046,6.683,316418,7.134,6.777,7.491,424307,5.248,4.985,5.51,75726,34.37,59.62,55.86,17.22
"A9044","https://nci-naaccr-zone-design.github.io/louisiana-2020/?address=A9044","Female","Brain","10yrs","Ouachita","Monroe, West Monroe, Brownsville, Bawcomville",5.431,5.159,5.702,160960,7.715,7.33,8.101,223798,7.43,7.059,7.802,75726,34.37,59.62,55.86,17.22
"A9044","https://nci-naaccr-zone-design.github.io/louisiana-2020/?address=A9044","Male","Brain","10yrs","Ouachita","Monroe, West Monroe, Brownsville, Bawcomville",5.737,5.45,6.024,155458,4.367,4.149,4.585,200509,5.411,5.14,5.681,75726,34.37,59.62,55.86,17.22
"A9044","https://nci-naaccr-zone-design.github.io/louisiana-2020/?address=A9044","Both","Larynx","10yrs","Ouachita","Monroe, West Monroe, Brownsville, Bawcomville",5.551,5.273,5.828,316418,6.919,6.573,7.265,424307,3.578,3.399,3.757,75726,34.37,59.62,55.86,17.22
"A9044","https://nci-naaccr-zone-design.github.io/louisiana-2020/?address=A9044","Female","Larynx","10yrs","Ouachita","Monroe, West Monroe, Brownsville, Bawcomville",2.956,2.808,3.104,160960,"","","",223798,2.79,2.651,2.93,75726,34.37,59.62,55.86,17.22
"A9044","https://nci-naaccr-zone-design.github.io/louisiana-2020/?address=A9044","Male","Larynx","10yrs","Ouachita","Monroe, West Monroe, Brownsville, Bawcomville",14.154,13.446,14.862,155458,7.297,6.932,7.662,200509,7.203,6.843,7.564,75726,34.37,59.62,55.86,17.22
"A9044","https://nci-naaccr-zone-design.github.io/louisiana-2020/?address=A9044","Female","Ovary","10yrs","Ouachita","Monroe, West Monroe, Brownsville, Bawcomville",10.544,10.017,11.071,160960,9.796,9.307,10.286,223798,8.866,8.423,9.31,75726,34.37,59.62,55.86,17.22
"A9044","https://nci-naaccr-zone-design.github.io/louisiana-2020/?address=A9044","Both","Esoph","10yrs","Ouachita","Monroe, West Monroe, Brownsville, Bawcomville",5.34,5.073,5.607,316418,4.319,4.103,4.535,424307,6.49,6.165,6.814,75726,34.37,59.62,55.86,17.22
"A9044","https://nci-naaccr-zone-design.github.io/louisiana-2020/?address=A9044","Female","Esoph","10yrs","Ouachita","Monroe, West Monroe, Brownsville, Bawcomville",3.108,2.952,3.263,160960,3.598,3.418,3.778,223798,2.228,2.117,2.339,75726,34.37,59.62,55.86,17.22
"A9044","https://nci-naaccr-zone-design.github.io/louisiana-2020/?address=A9044","Male","Esoph","10yrs","Ouachita","Monroe, West Monroe, Brownsville, Bawcomville",11.367,10.798,11.935,155458,8.362,7.944,8.78,200509,6.553,6.225,6.88,75726,34.37,59.62,55.86,17.22
