"Zone","URL","Sex","Cancer","Years","Counties","Places","AAIR","LCI","UCI","White_PopTot","White_AAIR","White_LCI","White_UCI","Black_PopTot","Black_AAIR","Black_LCI","Black_UCI","TotalPop","Pct100Pov","PctMinority","PctBlackNH","PctRural"
"A9029","https://nci-naaccr-zone-design.github.io/louisiana-2020/?address=A9029","Both","AllSite","05yrs","Livingston","Denham Springs, Walker",524.011,497.811,550.212,280645,505.243,479.981,530.505,17595,518.546,492.619,544.474,59992,12.47,9.59,4.46,13.0
"A9029","https://nci-naaccr-zone-design.github.io/louisiana-2020/?address=A9029","Female","AllSite","05yrs","Livingston","Denham Springs, Walker",437.447,415.575,459.32,143595,425.309,404.043,446.574,9428,371.146,352.588,389.703,59992,12.47,9.59,4.46,13.0
"A9029","https://nci-naaccr-zone-design.github.io/louisiana-2020/?address=A9029","Male","AllSite","05yrs","Livingston","Denham Springs, Walker",548.395,520.975,575.815,137050,664.453,631.23,697.675,8168,595.606,565.826,625.386,59992,12.47,9.59,4.46,13.0
"A9029","https://nci-naaccr-zone-design.github.io/louisiana-2020/?address=A9029","Male","Prostate","05yrs","Livingston","Denham Springs, Walker",149.951,142.454,157.449,137050,213.661,202.978,224.344,8168,208.614,198.184,219.045,59992,12.47,9.59,4.46,13.0
"A9029","https://nci-naaccr-zone-design.github.io/louisiana-2020/?address=A9029","Both","Lung","05yrs","Livingston","Denham Springs, Walker",67.136,63.779,70.493,280645,82.865,78.722,87.008,17595,63.721,60.535,66.907,59992,12.47,9.59,4.46,13.0
"A9029","https://nci-naaccr-zone-design.github.io/louisiana-2020/?address=A9029","Female","Lung","05yrs","Livingston","Denham Springs, Walker",63.793,60.603,66.982,143595,40.916,38.87,42.962,9428,51.27,48.707,53.834,59992,12.47,9.59,4.46,13.0
"A9029","https://nci-naaccr-zone-design.github.io/louisiana-2020/?address=A9029","Male","Lung","05yrs","Livingston","Denham Springs, Walker",103.524,98.348,108.7,137050,93.692,89.007,98.376,8168,83.761,79.573,87.949,59992,12.47,9.59,4.46,13.0
"A9029","https://nci-naaccr-zone-design.github.io/louisiana-2020/?address=A9029","Female","Breast","05yrs","Livingston","Denham Springs, Walker",111.041,105.489,116.593,143595,102.82,97.679,107.961,9428,110.437,104.915,115.959,59992,12.47,9.59,4.46,13.0
"A9029","https://nci-naaccr-zone-design.github.io/louisiana-2020/?address=A9029","Both","CRC","05yrs","Livingston","Denham Springs, Walker",47.331,44.964,49.698,280645,39.897,37.902,41.891,17595,46.203,43.893,48.513,59992,12.47,9.59,4.46,13.0
"A9029","https://nci-naaccr-zone-design.github.io/louisiana-2020/?address=A9029","Female","CRC","05yrs","Livingston","Denham Springs, Walker",35.665,33.882,37.448,143595,51.809,49.218,54.399,9428,46.351,44.033,48.668,59992,12.47,9.59,4.46,13.0
"A9029","https://nci-naaccr-zone-design.github.io/louisiana-2020/?address=A9029","Male","CRC","05yrs","Livingston","Denham Springs, Walker",37.507,35.632,39.382,137050,71.707,68.122,75.292,8168,55.651,52.869,58.434,59992,12.47,9.59,4.46,13.0
"A9029","https://nci-naaccr-zone-design.github.io/louisiana-2020/?address=A9029","Both","Kidney","05yrs","Livingston","Denham Springs, Walker",24.599,23.369,25.829,280645,23.584,22.405,24.764,17595,23.36,22.192,24.528,59992,12.47,9.59,4.46,13.0
"A9029","https://nci-naaccr-zone-design.github.io/louisiana-2020/?address=A9029","Female","Kidney","05yrs","Livingston","Denham Springs, Walker",15.589,14.809,16.368,143595,13.795,13.105,14.485,9428,"","","",59992,12.47,9.59,4.46,13.0
"A9029","https://nci-naaccr-zone-design.github.io/louisiana-2020/?address=A9029","Male","Kidney","05yrs","Livingston","Denham Springs, Walker",36.651,34.819,38.484,137050,31.974,30.376,33.573,8168,"","","",59992,12.47,9.59,4.46,13.0
"A9029","https://nci-naaccr-zone-design.github.io/louisiana-2020/?address=A9029","Both","NHL","05yrs","Livingston","Denham Springs, Walker",18.744,17.807,19.681,280645,19.974,18.975,20.973,17595,23.207,22.046,24.367,59992,12.47,9.59,4.46,13.0
"A9029","https://nci-naaccr-zone-design.github.io/louisiana-2020/?address=A9029","Female","NHL","05yrs","Livingston","Denham Springs, Walker",17.481,16.607,18.355,143595,13.248,12.585,13.91,9428,"","","",59992,12.47,9.59,4.46,13.0
"A9029","https://nci-naaccr-zone-design.github.io/louisiana-2020/?address=A9029","Male","NHL","05yrs","Livingston","Denham Springs, Walker",18.212,17.302,19.123,137050,25.141,23.884,26.398,8168,"","","",59992,12.47,9.59,4.46,13.0
"A9029","https://nci-naaccr-zone-design.github.io/louisiana-2020/?address=A9029","Both","Urinary","05yrs","Livingston","Denham Springs, Walker",21.577,20.498,22.655,280645,18.274,17.36,19.187,17595,21.056,20.003,22.109,59992,12.47,9.59,4.46,13.0
"A9029","https://nci-naaccr-zone-design.github.io/louisiana-2020/?address=A9029","Female","Urinary","05yrs","Livingston","Denham Springs, Walker",11.443,10.871,12.015,143595,6.565,6.237,6.893,9428,"","","",59992,12.47,9.59,4.46,13.0
"A9029","https://nci-naaccr-zone-design.github.io/louisiana-2020/?address=A9029","Male","Urinary","05yrs","Livingston","Denham Springs, Walker",25.928,24.631,27.224,137050,46.417,44.096,48.737,8168,42.689,40.554,44.823,59992,12.47,9.59,4.46,13.0
"A9029","https://nci-naaccr-zone-design.github.io/louisiana-2020/?address=A9029","Both","Mela","05yrs","Livingston","Denham Springs, Walker",26.491,25.166,27.815,280645,22.999,21.849,24.149,17595,"","","",59992,12.47,9.59,4.46,13.0
"A9029","https://nci-naaccr-zone-design.github.io/louisiana-2020/?address=A9029","Female","Mela","05yrs","Livingston","Denham Springs, Walker",11.19,10.63,11.749,143595,4.831,4.589,5.073,9428,"","","",59992,12.47,9.59,4.46,13.0
"A9029","https://nci-naaccr-zone-design.github.io/louisiana-2020/?address=A9029","Male","Mela","05yrs","Livingston","Denham Springs, Walker",14.613,13.883,15.344,137050,35.297,33.532,37.062,8168,"","","",59992,12.47,9.59,4.46,13.0
"A9029","https://nci-naaccr-zone-design.github.io/louisiana-2020/?address=A9029","Both","Pancreas","05yrs","Livingston","Denham Springs, Walker",15.043,14.291,15.795,280645,10.496,9.971,11.021,17595,"","","",59992,12.47,9.59,4.46,13.0
"A9029","https://nci-naaccr-zone-design.github.io/louisiana-2020/?address=A9029","Female","Pancreas","05yrs","Livingston","Denham Springs, Walker",11.48,10.906,12.054,143595,9.713,9.227,10.199,9428,"","","",59992,12.47,9.59,4.46,13.0
"A9029","https://nci-naaccr-zone-design.github.io/louisiana-2020/?address=A9029","Male","Pancreas","05yrs","Livingston","Denham Springs, Walker",12.72,12.084,13.356,137050,20.94,19.893,21.987,8168,"","","",59992,12.47,9.59,4.46,13.0
"A9029","https://nci-naaccr-zone-design.github.io/louisiana-2020/?address=A9029","Both","Leuks","05yrs","Livingston","Denham Springs, Walker",17.718,16.832,18.604,280645,13.551,12.874,14.229,17595,"","","",59992,12.47,9.59,4.46,13.0
"A9029","https://nci-naaccr-zone-design.github.io/louisiana-2020/?address=A9029","Female","Leuks","05yrs","Livingston","Denham Springs, Walker",7.068,6.715,7.421,143595,10.059,9.556,10.562,9428,"","","",59992,12.47,9.59,4.46,13.0
"A9029","https://nci-naaccr-zone-design.github.io/louisiana-2020/?address=A9029","Male","Leuks","05yrs","Livingston","Denham Springs, Walker",20.044,19.041,21.046,137050,11.295,10.73,11.86,8168,"","","",59992,12.47,9.59,4.46,13.0
"A9029","https://nci-naaccr-zone-design.github.io/louisiana-2020/?address=A9029","Both","Oral","05yrs","Livingston","Denham Springs, Walker",11.759,11.171,12.347,280645,7.28,6.916,7.644,17595,"","","",59992,12.47,9.59,4.46,13.0
"A9029","https://nci-naaccr-zone-design.github.io/louisiana-2020/?address=A9029","Female","Oral","05yrs","Livingston","Denham Springs, Walker",5.43,5.158,5.701,143595,4.041,3.839,4.243,9428,"","","",59992,12.47,9.59,4.46,13.0
"A9029","https://nci-naaccr-zone-design.github.io/louisiana-2020/?address=A9029","Male","Oral","05yrs","Livingston","Denham Springs, Walker",18.472,17.548,19.395,137050,25.734,24.447,27.02,8168,"","","",59992,12.47,9.59,4.46,13.0
"A9029","https://nci-naaccr-zone-design.github.io/louisiana-2020/?address=A9029","Both","Thyroid","05yrs","Livingston","Denham Springs, Walker",15.042,14.29,15.794,280645,11.811,11.22,12.401,17595,"","","",59992,12.47,9.59,4.46,13.0
"A9029","https://nci-naaccr-zone-design.github.io/louisiana-2020/?address=A9029","Female","Thyroid","05yrs","Livingston","Denham Springs, Walker",24.214,23.003,25.424,143595,17.127,16.27,17.983,9428,"","","",59992,12.47,9.59,4.46,13.0
"A9029","https://nci-naaccr-zone-design.github.io/louisiana-2020/?address=A9029","Male","Thyroid","05yrs","Livingston","Denham Springs, Walker",8.635,8.203,9.066,137050,4.748,4.51,4.985,8168,"","","",59992,12.47,9.59,4.46,13.0
"A9029","https://nci-naaccr-zone-design.github.io/louisiana-2020/?address=A9029","Female","Uterine","05yrs","Livingston","Denham Springs, Walker",25.153,23.896,26.411,143595,18.339,17.422,19.256,9428,"","","",59992,12.47,9.59,4.46,13.0
"A9029","https://nci-naaccr-zone-design.github.io/louisiana-2020/?address=A9029","Both","Liver","05yrs","Livingston","Denham Springs, Walker",14.716,13.98,15.452,280645,8.205,7.795,8.616,17595,"","","",59992,12.47,9.59,4.46,13.0
"A9029","https://nci-naaccr-zone-design.github.io/louisiana-2020/?address=A9029","Female","Liver","05yrs","Livingston","Denham Springs, Walker",4.637,4.406,4.869,143595,6.215,5.904,6.526,9428,"","","",59992,12.47,9.59,4.46,13.0
"A9029","https://nci-naaccr-zone-design.github.io/louisiana-2020/?address=A9029","Male","Liver","05yrs","Livingston","Denham Springs, Walker",14.557,13.83,15.285,137050,21.097,20.042,22.152,8168,"","","",59992,12.47,9.59,4.46,13.0
"A9029","https://nci-naaccr-zone-design.github.io/louisiana-2020/?address=A9029","Both","Stomach","05yrs","Livingston","Denham Springs, Walker",5.049,4.796,5.301,280645,5.881,5.587,6.175,17595,"","","",59992,12.47,9.59,4.46,13.0
"A9029","https://nci-naaccr-zone-design.github.io/louisiana-2020/?address=A9029","Female","Stomach","05yrs","Livingston","Denham Springs, Walker",9.044,8.592,9.497,143595,7.159,6.801,7.517,9428,"","","",59992,12.47,9.59,4.46,13.0
"A9029","https://nci-naaccr-zone-design.github.io/louisiana-2020/?address=A9029","Male","Stomach","05yrs","Livingston","Denham Springs, Walker",6.471,6.148,6.795,137050,10.844,10.301,11.386,8168,"","","",59992,12.47,9.59,4.46,13.0
"A9029","https://nci-naaccr-zone-design.github.io/louisiana-2020/?address=A9029","Both","Myeloma","05yrs","Livingston","Denham Springs, Walker",9.923,9.427,10.42,280645,5.199,4.939,5.459,17595,"","","",59992,12.47,9.59,4.46,13.0
"A9029","https://nci-naaccr-zone-design.github.io/louisiana-2020/?address=A9029","Female","Myeloma","05yrs","Livingston","Denham Springs, Walker",8.471,8.047,8.894,143595,9.731,9.244,10.217,9428,"","","",59992,12.47,9.59,4.46,13.0
"A9029","https://nci-naaccr-zone-design.github.io/louisiana-2020/?address=A9029","Male","Myeloma","05yrs","Livingston","Denham Springs, Walker",8.744,8.307,9.182,137050,11.933,11.336,12.53,8168,"","","",59992,12.47,9.59,4.46,13.0
"A9029","https://nci-naaccr-zone-design.github.io/louisiana-2020/?address=A9029","Both","Brain","05yrs","Livingston","Denham Springs, Walker",3.4,3.23,3.57,280645,4.129,3.922,4.335,17595,"","","",59992,12.47,9.59,4.46,13.0
"A9029","https://nci-naaccr-zone-design.github.io/louisiana-2020/?address=A9029","Female","Brain","05yrs","Livingston","Denham Springs, Walker",7.813,7.422,8.203,143595,2.673,2.539,2.806,9428,"","","",59992,12.47,9.59,4.46,13.0
"A9029","https://nci-naaccr-zone-design.github.io/louisiana-2020/?address=A9029","Male","Brain","05yrs","Livingston","Denham Springs, Walker",9.322,8.856,9.788,137050,3.641,3.459,3.823,8168,"","","",59992,12.47,9.59,4.46,13.0
"A9029","https://nci-naaccr-zone-design.github.io/louisiana-2020/?address=A9029","Both","Larynx","05yrs","Livingston","Denham Springs, Walker",5.8,5.51,6.09,280645,4.522,4.295,4.748,17595,"","","",59992,12.47,9.59,4.46,13.0
"A9029","https://nci-naaccr-zone-design.github.io/louisiana-2020/?address=A9029","Female","Larynx","05yrs","Livingston","Denham Springs, Walker",3.463,3.29,3.636,143595,"","","",9428,"","","",59992,12.47,9.59,4.46,13.0
"A9029","https://nci-naaccr-zone-design.github.io/louisiana-2020/?address=A9029","Male","Larynx","05yrs","Livingston","Denham Springs, Walker",12.072,11.469,12.676,137050,8.023,7.622,8.424,8168,"","","",59992,12.47,9.59,4.46,13.0
"A9029","https://nci-naaccr-zone-design.github.io/louisiana-2020/?address=A9029","Female","Ovary","05yrs","Livingston","Denham Springs, Walker",12.737,12.101,13.374,143595,15.416,14.645,16.186,9428,"","","",59992,12.47,9.59,4.46,13.0
"A9029","https://nci-naaccr-zone-design.github.io/louisiana-2020/?address=A9029","Both","Esoph","05yrs","Livingston","Denham Springs, Walker",3.678,3.494,3.861,280645,6.941,6.594,7.288,17595,"","","",59992,12.47,9.59,4.46,13.0
"A9029","https://nci-naaccr-zone-design.github.io/louisiana-2020/?address=A9029","Female","Esoph","05yrs","Livingston","Denham Springs, Walker",4.085,3.881,4.29,143595,4.116,3.91,4.322,9428,"","","",59992,12.47,9.59,4.46,13.0
"A9029","https://nci-naaccr-zone-design.github.io/louisiana-2020/?address=A9029","Male","Esoph","05yrs","Livingston","Denham Springs, Walker",10.518,9.992,11.044,137050,13.629,12.947,14.31,8168,"","","",59992,12.47,9.59,4.46,13.0
"A9029","https://nci-naaccr-zone-design.github.io/louisiana-2020/?address=A9029","Both","AllSite","10yrs","Livingston","Denham Springs, Walker",463.302,440.137,486.467,545325,480.396,456.377,504.416,31051,501.843,476.751,526.935,59992,12.47,9.59,4.46,13.0
"A9029","https://nci-naaccr-zone-design.github.io/louisiana-2020/?address=A9029","Female","AllSite","10yrs","Livingston","Denham Springs, Walker",374.632,355.901,393.364,278620,429.774,408.285,451.263,16643,356.129,338.323,373.936,59992,12.47,9.59,4.46,13.0
"A9029","https://nci-naaccr-zone-design.github.io/louisiana-2020/?address=A9029","Male","AllSite","10yrs","Livingston","Denham Springs, Walker",538.962,512.014,565.91,266705,668.997,635.548,702.447,14409,610.749,580.212,641.287,59992,12.47,9.59,4.46,13.0
"A9029","https://nci-naaccr-zone-design.github.io/louisiana-2020/?address=A9029","Male","Prostate","10yrs","Livingston","Denham Springs, Walker",132.351,125.733,138.968,266705,133.893,127.199,140.588,14409,154.731,146.995,162.468,59992,12.47,9.59,4.46,13.0
"A9029","https://nci-naaccr-zone-design.github.io/louisiana-2020/?address=A9029","Both","Lung","10yrs","Livingston","Denham Springs, Walker",68.086,64.681,71.49,545325,63.441,60.269,66.613,31051,78.164,74.256,82.072,59992,12.47,9.59,4.46,13.0
"A9029","https://nci-naaccr-zone-design.github.io/louisiana-2020/?address=A9029","Female","Lung","10yrs","Livingston","Denham Springs, Walker",69.524,66.048,73.0,278620,58.396,55.477,61.316,16643,44.539,42.312,46.766,59992,12.47,9.59,4.46,13.0
"A9029","https://nci-naaccr-zone-design.github.io/louisiana-2020/?address=A9029","Male","Lung","10yrs","Livingston","Denham Springs, Walker",98.7,93.765,103.635,266705,52.695,50.06,55.33,14409,109.223,103.761,114.684,59992,12.47,9.59,4.46,13.0
"A9029","https://nci-naaccr-zone-design.github.io/louisiana-2020/?address=A9029","Female","Breast","10yrs","Livingston","Denham Springs, Walker",121.914,115.818,128.01,278620,134.207,127.496,140.917,16643,115.658,109.875,121.441,59992,12.47,9.59,4.46,13.0
"A9029","https://nci-naaccr-zone-design.github.io/louisiana-2020/?address=A9029","Both","CRC","10yrs","Livingston","Denham Springs, Walker",39.233,37.272,41.195,545325,39.163,37.205,41.122,31051,42.762,40.623,44.9,59992,12.47,9.59,4.46,13.0
"A9029","https://nci-naaccr-zone-design.github.io/louisiana-2020/?address=A9029","Female","CRC","10yrs","Livingston","Denham Springs, Walker",53.21,50.549,55.87,278620,38.968,37.02,40.917,16643,33.928,32.232,35.625,59992,12.47,9.59,4.46,13.0
"A9029","https://nci-naaccr-zone-design.github.io/louisiana-2020/?address=A9029","Male","CRC","10yrs","Livingston","Denham Springs, Walker",39.895,37.9,41.889,266705,42.935,40.788,45.082,14409,51.905,49.31,54.5,59992,12.47,9.59,4.46,13.0
"A9029","https://nci-naaccr-zone-design.github.io/louisiana-2020/?address=A9029","Both","Kidney","10yrs","Livingston","Denham Springs, Walker",19.343,18.376,20.31,545325,24.581,23.352,25.81,31051,19.941,18.944,20.938,59992,12.47,9.59,4.46,13.0
"A9029","https://nci-naaccr-zone-design.github.io/louisiana-2020/?address=A9029","Female","Kidney","10yrs","Livingston","Denham Springs, Walker",21.153,20.096,22.211,278620,15.855,15.062,16.647,16643,21.018,19.967,22.068,59992,12.47,9.59,4.46,13.0
"A9029","https://nci-naaccr-zone-design.github.io/louisiana-2020/?address=A9029","Male","Kidney","10yrs","Livingston","Denham Springs, Walker",19.627,18.645,20.608,266705,18.953,18.006,19.901,14409,19.123,18.167,20.079,59992,12.47,9.59,4.46,13.0
"A9029","https://nci-naaccr-zone-design.github.io/louisiana-2020/?address=A9029","Both","NHL","10yrs","Livingston","Denham Springs, Walker",18.706,17.771,19.641,545325,15.409,14.638,16.179,31051,19.371,18.402,20.34,59992,12.47,9.59,4.46,13.0
"A9029","https://nci-naaccr-zone-design.github.io/louisiana-2020/?address=A9029","Female","NHL","10yrs","Livingston","Denham Springs, Walker",21.643,20.561,22.726,278620,15.794,15.004,16.584,16643,22.24,21.128,23.352,59992,12.47,9.59,4.46,13.0
"A9029","https://nci-naaccr-zone-design.github.io/louisiana-2020/?address=A9029","Male","NHL","10yrs","Livingston","Denham Springs, Walker",30.616,29.085,32.146,266705,32.51,30.884,34.135,14409,27.53,26.154,28.907,59992,12.47,9.59,4.46,13.0
"A9029","https://nci-naaccr-zone-design.github.io/louisiana-2020/?address=A9029","Both","Urinary","10yrs","Livingston","Denham Springs, Walker",13.461,12.788,14.134,545325,22.103,20.998,23.208,31051,26.712,25.376,28.048,59992,12.47,9.59,4.46,13.0
"A9029","https://nci-naaccr-zone-design.github.io/louisiana-2020/?address=A9029","Female","Urinary","10yrs","Livingston","Denham Springs, Walker",13.39,12.721,14.06,278620,3.71,3.525,3.896,16643,"","","",59992,12.47,9.59,4.46,13.0
"A9029","https://nci-naaccr-zone-design.github.io/louisiana-2020/?address=A9029","Male","Urinary","10yrs","Livingston","Denham Springs, Walker",35.192,33.433,36.952,266705,42.897,40.752,45.042,14409,40.263,38.25,42.276,59992,12.47,9.59,4.46,13.0
"A9029","https://nci-naaccr-zone-design.github.io/louisiana-2020/?address=A9029","Both","Mela","10yrs","Livingston","Denham Springs, Walker",23.357,22.189,24.525,545325,21.04,19.988,22.091,31051,17.798,16.909,18.688,59992,12.47,9.59,4.46,13.0
"A9029","https://nci-naaccr-zone-design.github.io/louisiana-2020/?address=A9029","Female","Mela","10yrs","Livingston","Denham Springs, Walker",21.644,20.562,22.726,278620,4.953,4.705,5.2,16643,20.27,19.257,21.284,59992,12.47,9.59,4.46,13.0
"A9029","https://nci-naaccr-zone-design.github.io/louisiana-2020/?address=A9029","Male","Mela","10yrs","Livingston","Denham Springs, Walker",6.279,5.965,6.593,266705,32.89,31.245,34.534,14409,"","","",59992,12.47,9.59,4.46,13.0
"A9029","https://nci-naaccr-zone-design.github.io/louisiana-2020/?address=A9029","Both","Pancreas","10yrs","Livingston","Denham Springs, Walker",10.984,10.434,11.533,545325,13.163,12.505,13.821,31051,13.824,13.133,14.515,59992,12.47,9.59,4.46,13.0
"A9029","https://nci-naaccr-zone-design.github.io/louisiana-2020/?address=A9029","Female","Pancreas","10yrs","Livingston","Denham Springs, Walker",17.463,16.59,18.337,278620,10.867,10.323,11.41,16643,15.012,14.261,15.763,59992,12.47,9.59,4.46,13.0
"A9029","https://nci-naaccr-zone-design.github.io/louisiana-2020/?address=A9029","Male","Pancreas","10yrs","Livingston","Denham Springs, Walker",18.962,18.014,19.91,266705,19.835,18.843,20.827,14409,19.542,18.565,20.519,59992,12.47,9.59,4.46,13.0
"A9029","https://nci-naaccr-zone-design.github.io/louisiana-2020/?address=A9029","Both","Leuks","10yrs","Livingston","Denham Springs, Walker",9.342,8.874,9.809,545325,16.224,15.413,17.035,31051,13.463,12.79,14.136,59992,12.47,9.59,4.46,13.0
"A9029","https://nci-naaccr-zone-design.github.io/louisiana-2020/?address=A9029","Female","Leuks","10yrs","Livingston","Denham Springs, Walker",8.396,7.976,8.816,278620,6.953,6.605,7.3,16643,9.846,9.354,10.339,59992,12.47,9.59,4.46,13.0
"A9029","https://nci-naaccr-zone-design.github.io/louisiana-2020/?address=A9029","Male","Leuks","10yrs","Livingston","Denham Springs, Walker",15.092,14.338,15.847,266705,12.489,11.865,13.114,14409,16.222,15.411,17.033,59992,12.47,9.59,4.46,13.0
"A9029","https://nci-naaccr-zone-design.github.io/louisiana-2020/?address=A9029","Both","Oral","10yrs","Livingston","Denham Springs, Walker",15.948,15.151,16.746,545325,6.404,6.084,6.724,31051,8.221,7.81,8.632,59992,12.47,9.59,4.46,13.0
"A9029","https://nci-naaccr-zone-design.github.io/louisiana-2020/?address=A9029","Female","Oral","10yrs","Livingston","Denham Springs, Walker",3.799,3.609,3.989,278620,5.963,5.665,6.261,16643,"","","",59992,12.47,9.59,4.46,13.0
"A9029","https://nci-naaccr-zone-design.github.io/louisiana-2020/?address=A9029","Male","Oral","10yrs","Livingston","Denham Springs, Walker",14.806,14.065,15.546,266705,27.5,26.125,28.875,14409,28.031,26.63,29.433,59992,12.47,9.59,4.46,13.0
"A9029","https://nci-naaccr-zone-design.github.io/louisiana-2020/?address=A9029","Both","Thyroid","10yrs","Livingston","Denham Springs, Walker",10.938,10.391,11.485,545325,11.615,11.034,12.196,31051,14.903,14.158,15.648,59992,12.47,9.59,4.46,13.0
"A9029","https://nci-naaccr-zone-design.github.io/louisiana-2020/?address=A9029","Female","Thyroid","10yrs","Livingston","Denham Springs, Walker",11.643,11.061,12.225,278620,15.06,14.307,15.813,16643,13.062,12.409,13.715,59992,12.47,9.59,4.46,13.0
"A9029","https://nci-naaccr-zone-design.github.io/louisiana-2020/?address=A9029","Male","Thyroid","10yrs","Livingston","Denham Springs, Walker",9.061,8.608,9.514,266705,8.1,7.695,8.505,14409,"","","",59992,12.47,9.59,4.46,13.0
"A9029","https://nci-naaccr-zone-design.github.io/louisiana-2020/?address=A9029","Female","Uterine","10yrs","Livingston","Denham Springs, Walker",13.287,12.623,13.951,278620,14.923,14.176,15.669,16643,20.096,19.091,21.101,59992,12.47,9.59,4.46,13.0
"A9029","https://nci-naaccr-zone-design.github.io/louisiana-2020/?address=A9029","Both","Liver","10yrs","Livingston","Denham Springs, Walker",6.68,6.346,7.014,545325,5.166,4.908,5.424,31051,9.385,8.916,9.854,59992,12.47,9.59,4.46,13.0
"A9029","https://nci-naaccr-zone-design.github.io/louisiana-2020/?address=A9029","Female","Liver","10yrs","Livingston","Denham Springs, Walker",5.443,5.171,5.715,278620,3.923,3.727,4.119,16643,"","","",59992,12.47,9.59,4.46,13.0
"A9029","https://nci-naaccr-zone-design.github.io/louisiana-2020/?address=A9029","Male","Liver","10yrs","Livingston","Denham Springs, Walker",12.656,12.023,13.289,266705,9.894,9.4,10.389,14409,11.615,11.035,12.196,59992,12.47,9.59,4.46,13.0
"A9029","https://nci-naaccr-zone-design.github.io/louisiana-2020/?address=A9029","Both","Stomach","10yrs","Livingston","Denham Springs, Walker",6.41,6.09,6.731,545325,8.034,7.632,8.436,31051,6.452,6.129,6.774,59992,12.47,9.59,4.46,13.0
"A9029","https://nci-naaccr-zone-design.github.io/louisiana-2020/?address=A9029","Female","Stomach","10yrs","Livingston","Denham Springs, Walker",7.981,7.582,8.38,278620,9.758,9.27,10.246,16643,"","","",59992,12.47,9.59,4.46,13.0
"A9029","https://nci-naaccr-zone-design.github.io/louisiana-2020/?address=A9029","Male","Stomach","10yrs","Livingston","Denham Springs, Walker",8.816,8.375,9.257,266705,4.611,4.38,4.841,14409,14.637,13.906,15.369,59992,12.47,9.59,4.46,13.0
"A9029","https://nci-naaccr-zone-design.github.io/louisiana-2020/?address=A9029","Both","Myeloma","10yrs","Livingston","Denham Springs, Walker",14.439,13.717,15.161,545325,11.33,10.764,11.897,31051,10.101,9.596,10.606,59992,12.47,9.59,4.46,13.0
"A9029","https://nci-naaccr-zone-design.github.io/louisiana-2020/?address=A9029","Female","Myeloma","10yrs","Livingston","Denham Springs, Walker",8.257,7.844,8.67,278620,9.674,9.19,10.158,16643,"","","",59992,12.47,9.59,4.46,13.0
"A9029","https://nci-naaccr-zone-design.github.io/louisiana-2020/?address=A9029","Male","Myeloma","10yrs","Livingston","Denham Springs, Walker",10.638,10.106,11.169,266705,6.087,5.783,6.391,14409,17.418,16.547,18.289,59992,12.47,9.59,4.46,13.0
"A9029","https://nci-naaccr-zone-design.github.io/louisiana-2020/?address=A9029","Both","Brain","10yrs","Livingston","Denham Springs, Walker",7.048,6.696,7.4,545325,5.429,5.157,5.7,31051,7.974,7.575,8.373,59992,12.47,9.59,4.46,13.0
"A9029","https://nci-naaccr-zone-design.github.io/louisiana-2020/?address=A9029","Female","Brain","10yrs","Livingston","Denham Springs, Walker",7.286,6.922,7.651,278620,5.481,5.207,5.755,16643,"","","",59992,12.47,9.59,4.46,13.0
"A9029","https://nci-naaccr-zone-design.github.io/louisiana-2020/?address=A9029","Male","Brain","10yrs","Livingston","Denham Springs, Walker",6.365,6.047,6.684,266705,10.278,9.764,10.792,14409,"","","",59992,12.47,9.59,4.46,13.0
"A9029","https://nci-naaccr-zone-design.github.io/louisiana-2020/?address=A9029","Both","Larynx","10yrs","Livingston","Denham Springs, Walker",8.449,8.027,8.872,545325,9.106,8.651,9.562,31051,"","","",59992,12.47,9.59,4.46,13.0
"A9029","https://nci-naaccr-zone-design.github.io/louisiana-2020/?address=A9029","Female","Larynx","10yrs","Livingston","Denham Springs, Walker",2.992,2.843,3.142,278620,0.881,0.837,0.926,16643,"","","",59992,12.47,9.59,4.46,13.0
"A9029","https://nci-naaccr-zone-design.github.io/louisiana-2020/?address=A9029","Male","Larynx","10yrs","Livingston","Denham Springs, Walker",14.812,14.072,15.553,266705,9.761,9.273,10.249,14409,14.171,13.463,14.88,59992,12.47,9.59,4.46,13.0
"A9029","https://nci-naaccr-zone-design.github.io/louisiana-2020/?address=A9029","Female","Ovary","10yrs","Livingston","Denham Springs, Walker",13.597,12.918,14.277,278620,7.187,6.828,7.547,16643,14.058,13.355,14.761,59992,12.47,9.59,4.46,13.0
"A9029","https://nci-naaccr-zone-design.github.io/louisiana-2020/?address=A9029","Both","Esoph","10yrs","Livingston","Denham Springs, Walker",7.307,6.942,7.672,545325,7.865,7.472,8.258,31051,"","","",59992,12.47,9.59,4.46,13.0
"A9029","https://nci-naaccr-zone-design.github.io/louisiana-2020/?address=A9029","Female","Esoph","10yrs","Livingston","Denham Springs, Walker",0.559,0.531,0.587,278620,3.992,3.792,4.191,16643,"","","",59992,12.47,9.59,4.46,13.0
"A9029","https://nci-naaccr-zone-design.github.io/louisiana-2020/?address=A9029","Male","Esoph","10yrs","Livingston","Denham Springs, Walker",9.104,8.649,9.559,266705,11.852,11.26,12.445,14409,"","","",59992,12.47,9.59,4.46,13.0
