"Zone","URL","Sex","Cancer","Years","Counties","Places","AAIR","LCI","UCI","White_PopTot","White_AAIR","White_LCI","White_UCI","Black_PopTot","Black_AAIR","Black_LCI","Black_UCI","TotalPop","Pct100Pov","PctMinority","PctBlackNH","PctRural"
"B0058","https://nci-naaccr-zone-design.github.io/louisiana-2020/?address=B0058","Both","AllSite","05yrs","Lafourche","Choctaw, Kraemer, Thibodaux, Lafourche Crossing, Chackbay, Mathews, Cut Off, Galliano, Raceland, Bayou Blue, Larose, Des Allemands",519.514,493.538,545.49,380235,458.596,435.666,481.525,67603,514.266,488.553,539.979,96318,15.32,22.05,13.16,24.22
"B0058","https://nci-naaccr-zone-design.github.io/louisiana-2020/?address=B0058","Female","AllSite","05yrs","Lafourche","Choctaw, Kraemer, Thibodaux, Lafourche Crossing, Chackbay, Mathews, Cut Off, Galliano, Raceland, Bayou Blue, Larose, Des Allemands",385.748,366.46,405.035,194098,419.153,398.195,440.11,35693,419.352,398.384,440.32,96318,15.32,22.05,13.16,24.22
"B0058","https://nci-naaccr-zone-design.github.io/louisiana-2020/?address=B0058","Male","AllSite","05yrs","Lafourche","Choctaw, Kraemer, Thibodaux, Lafourche Crossing, Chackbay, Mathews, Cut Off, Galliano, Raceland, Bayou Blue, Larose, Des Allemands",650.796,618.256,683.336,186137,531.321,504.755,557.887,31910,638.591,606.662,670.521,96318,15.32,22.05,13.16,24.22
"B0058","https://nci-naaccr-zone-design.github.io/louisiana-2020/?address=B0058","Male","Prostate","05yrs","Lafourche","Choctaw, Kraemer, Thibodaux, Lafourche Crossing, Chackbay, Mathews, Cut Off, Galliano, Raceland, Bayou Blue, Larose, Des Allemands",158.877,150.933,166.821,186137,144.82,137.579,152.061,31910,124.636,118.404,130.868,96318,15.32,22.05,13.16,24.22
"B0058","https://nci-naaccr-zone-design.github.io/louisiana-2020/?address=B0058","Both","Lung","05yrs","Lafourche","Choctaw, Kraemer, Thibodaux, Lafourche Crossing, Chackbay, Mathews, Cut Off, Galliano, Raceland, Bayou Blue, Larose, Des Allemands",57.919,55.023,60.815,380235,70.819,67.278,74.36,67603,86.3,81.985,90.615,96318,15.32,22.05,13.16,24.22
"B0058","https://nci-naaccr-zone-design.github.io/louisiana-2020/?address=B0058","Female","Lung","05yrs","Lafourche","Choctaw, Kraemer, Thibodaux, Lafourche Crossing, Chackbay, Mathews, Cut Off, Galliano, Raceland, Bayou Blue, Larose, Des Allemands",70.208,66.698,73.719,194098,57.626,54.744,60.507,35693,41.005,38.955,43.055,96318,15.32,22.05,13.16,24.22
"B0058","https://nci-naaccr-zone-design.github.io/louisiana-2020/?address=B0058","Male","Lung","05yrs","Lafourche","Choctaw, Kraemer, Thibodaux, Lafourche Crossing, Chackbay, Mathews, Cut Off, Galliano, Raceland, Bayou Blue, Larose, Des Allemands",108.508,103.083,113.934,186137,71.572,67.993,75.151,31910,84.24,80.028,88.452,96318,15.32,22.05,13.16,24.22
"B0058","https://nci-naaccr-zone-design.github.io/louisiana-2020/?address=B0058","Female","Breast","05yrs","Lafourche","Choctaw, Kraemer, Thibodaux, Lafourche Crossing, Chackbay, Mathews, Cut Off, Galliano, Raceland, Bayou Blue, Larose, Des Allemands",128.42,121.999,134.841,194098,120.157,114.149,126.164,35693,114.841,109.099,120.583,96318,15.32,22.05,13.16,24.22
"B0058","https://nci-naaccr-zone-design.github.io/louisiana-2020/?address=B0058","Both","CRC","05yrs","Lafourche","Choctaw, Kraemer, Thibodaux, Lafourche Crossing, Chackbay, Mathews, Cut Off, Galliano, Raceland, Bayou Blue, Larose, Des Allemands",49.841,47.349,52.333,380235,46.018,43.717,48.319,67603,38.558,36.63,40.486,96318,15.32,22.05,13.16,24.22
"B0058","https://nci-naaccr-zone-design.github.io/louisiana-2020/?address=B0058","Female","CRC","05yrs","Lafourche","Choctaw, Kraemer, Thibodaux, Lafourche Crossing, Chackbay, Mathews, Cut Off, Galliano, Raceland, Bayou Blue, Larose, Des Allemands",45.398,43.128,47.668,194098,32.971,31.322,34.619,35693,36.861,35.018,38.704,96318,15.32,22.05,13.16,24.22
"B0058","https://nci-naaccr-zone-design.github.io/louisiana-2020/?address=B0058","Male","CRC","05yrs","Lafourche","Choctaw, Kraemer, Thibodaux, Lafourche Crossing, Chackbay, Mathews, Cut Off, Galliano, Raceland, Bayou Blue, Larose, Des Allemands",56.344,53.527,59.162,186137,63.906,60.711,67.102,31910,60.708,57.672,63.743,96318,15.32,22.05,13.16,24.22
"B0058","https://nci-naaccr-zone-design.github.io/louisiana-2020/?address=B0058","Both","Kidney","05yrs","Lafourche","Choctaw, Kraemer, Thibodaux, Lafourche Crossing, Chackbay, Mathews, Cut Off, Galliano, Raceland, Bayou Blue, Larose, Des Allemands",24.974,23.726,26.223,380235,16.234,15.423,17.046,67603,20.707,19.672,21.743,96318,15.32,22.05,13.16,24.22
"B0058","https://nci-naaccr-zone-design.github.io/louisiana-2020/?address=B0058","Female","Kidney","05yrs","Lafourche","Choctaw, Kraemer, Thibodaux, Lafourche Crossing, Chackbay, Mathews, Cut Off, Galliano, Raceland, Bayou Blue, Larose, Des Allemands",9.375,8.907,9.844,194098,13.513,12.837,14.189,35693,15.2,14.44,15.96,96318,15.32,22.05,13.16,24.22
"B0058","https://nci-naaccr-zone-design.github.io/louisiana-2020/?address=B0058","Male","Kidney","05yrs","Lafourche","Choctaw, Kraemer, Thibodaux, Lafourche Crossing, Chackbay, Mathews, Cut Off, Galliano, Raceland, Bayou Blue, Larose, Des Allemands",32.691,31.057,34.326,186137,35.797,34.007,37.587,31910,31.116,29.56,32.672,96318,15.32,22.05,13.16,24.22
"B0058","https://nci-naaccr-zone-design.github.io/louisiana-2020/?address=B0058","Both","NHL","05yrs","Lafourche","Choctaw, Kraemer, Thibodaux, Lafourche Crossing, Chackbay, Mathews, Cut Off, Galliano, Raceland, Bayou Blue, Larose, Des Allemands",16.724,15.888,17.561,380235,23.873,22.68,25.067,67603,24.754,23.516,25.992,96318,15.32,22.05,13.16,24.22
"B0058","https://nci-naaccr-zone-design.github.io/louisiana-2020/?address=B0058","Female","NHL","05yrs","Lafourche","Choctaw, Kraemer, Thibodaux, Lafourche Crossing, Chackbay, Mathews, Cut Off, Galliano, Raceland, Bayou Blue, Larose, Des Allemands",20.855,19.812,21.897,194098,15.832,15.04,16.624,35693,11.961,11.363,12.559,96318,15.32,22.05,13.16,24.22
"B0058","https://nci-naaccr-zone-design.github.io/louisiana-2020/?address=B0058","Male","NHL","05yrs","Lafourche","Choctaw, Kraemer, Thibodaux, Lafourche Crossing, Chackbay, Mathews, Cut Off, Galliano, Raceland, Bayou Blue, Larose, Des Allemands",33.2,31.54,34.86,186137,29.289,27.825,30.754,31910,30.365,28.846,31.883,96318,15.32,22.05,13.16,24.22
"B0058","https://nci-naaccr-zone-design.github.io/louisiana-2020/?address=B0058","Both","Urinary","05yrs","Lafourche","Choctaw, Kraemer, Thibodaux, Lafourche Crossing, Chackbay, Mathews, Cut Off, Galliano, Raceland, Bayou Blue, Larose, Des Allemands",16.452,15.629,17.275,380235,15.306,14.541,16.072,67603,12.599,11.969,13.229,96318,15.32,22.05,13.16,24.22
"B0058","https://nci-naaccr-zone-design.github.io/louisiana-2020/?address=B0058","Female","Urinary","05yrs","Lafourche","Choctaw, Kraemer, Thibodaux, Lafourche Crossing, Chackbay, Mathews, Cut Off, Galliano, Raceland, Bayou Blue, Larose, Des Allemands",12.703,12.068,13.338,194098,12.621,11.99,13.252,35693,"","","",96318,15.32,22.05,13.16,24.22
"B0058","https://nci-naaccr-zone-design.github.io/louisiana-2020/?address=B0058","Male","Urinary","05yrs","Lafourche","Choctaw, Kraemer, Thibodaux, Lafourche Crossing, Chackbay, Mathews, Cut Off, Galliano, Raceland, Bayou Blue, Larose, Des Allemands",31.013,29.463,32.564,186137,20.4,19.38,21.42,31910,39.544,37.567,41.522,96318,15.32,22.05,13.16,24.22
"B0058","https://nci-naaccr-zone-design.github.io/louisiana-2020/?address=B0058","Both","Mela","05yrs","Lafourche","Choctaw, Kraemer, Thibodaux, Lafourche Crossing, Chackbay, Mathews, Cut Off, Galliano, Raceland, Bayou Blue, Larose, Des Allemands",12.428,11.807,13.05,380235,27.75,26.362,29.137,67603,15.743,14.956,16.53,96318,15.32,22.05,13.16,24.22
"B0058","https://nci-naaccr-zone-design.github.io/louisiana-2020/?address=B0058","Female","Mela","05yrs","Lafourche","Choctaw, Kraemer, Thibodaux, Lafourche Crossing, Chackbay, Mathews, Cut Off, Galliano, Raceland, Bayou Blue, Larose, Des Allemands",16.3,15.485,17.115,194098,5.819,5.528,6.11,35693,17.951,17.053,18.848,96318,15.32,22.05,13.16,24.22
"B0058","https://nci-naaccr-zone-design.github.io/louisiana-2020/?address=B0058","Male","Mela","05yrs","Lafourche","Choctaw, Kraemer, Thibodaux, Lafourche Crossing, Chackbay, Mathews, Cut Off, Galliano, Raceland, Bayou Blue, Larose, Des Allemands",21.429,20.357,22.5,186137,18.055,17.152,18.958,31910,"","","",96318,15.32,22.05,13.16,24.22
"B0058","https://nci-naaccr-zone-design.github.io/louisiana-2020/?address=B0058","Both","Pancreas","05yrs","Lafourche","Choctaw, Kraemer, Thibodaux, Lafourche Crossing, Chackbay, Mathews, Cut Off, Galliano, Raceland, Bayou Blue, Larose, Des Allemands",11.054,10.502,11.607,380235,18.124,17.217,19.03,67603,16.124,15.318,16.93,96318,15.32,22.05,13.16,24.22
"B0058","https://nci-naaccr-zone-design.github.io/louisiana-2020/?address=B0058","Female","Pancreas","05yrs","Lafourche","Choctaw, Kraemer, Thibodaux, Lafourche Crossing, Chackbay, Mathews, Cut Off, Galliano, Raceland, Bayou Blue, Larose, Des Allemands",12.68,12.046,13.314,194098,11.239,10.677,11.801,35693,13.783,13.094,14.473,96318,15.32,22.05,13.16,24.22
"B0058","https://nci-naaccr-zone-design.github.io/louisiana-2020/?address=B0058","Male","Pancreas","05yrs","Lafourche","Choctaw, Kraemer, Thibodaux, Lafourche Crossing, Chackbay, Mathews, Cut Off, Galliano, Raceland, Bayou Blue, Larose, Des Allemands",16.837,15.995,17.678,186137,18.286,17.372,19.2,31910,17.736,16.849,18.623,96318,15.32,22.05,13.16,24.22
"B0058","https://nci-naaccr-zone-design.github.io/louisiana-2020/?address=B0058","Both","Leuks","05yrs","Lafourche","Choctaw, Kraemer, Thibodaux, Lafourche Crossing, Chackbay, Mathews, Cut Off, Galliano, Raceland, Bayou Blue, Larose, Des Allemands",16.103,15.298,16.908,380235,12.968,12.32,13.617,67603,14.457,13.734,15.179,96318,15.32,22.05,13.16,24.22
"B0058","https://nci-naaccr-zone-design.github.io/louisiana-2020/?address=B0058","Female","Leuks","05yrs","Lafourche","Choctaw, Kraemer, Thibodaux, Lafourche Crossing, Chackbay, Mathews, Cut Off, Galliano, Raceland, Bayou Blue, Larose, Des Allemands",14.124,13.418,14.83,194098,14.497,13.773,15.222,35693,10.343,9.826,10.86,96318,15.32,22.05,13.16,24.22
"B0058","https://nci-naaccr-zone-design.github.io/louisiana-2020/?address=B0058","Male","Leuks","05yrs","Lafourche","Choctaw, Kraemer, Thibodaux, Lafourche Crossing, Chackbay, Mathews, Cut Off, Galliano, Raceland, Bayou Blue, Larose, Des Allemands",17.451,16.578,18.323,186137,17.334,16.467,18.2,31910,25.015,23.764,26.265,96318,15.32,22.05,13.16,24.22
"B0058","https://nci-naaccr-zone-design.github.io/louisiana-2020/?address=B0058","Both","Oral","05yrs","Lafourche","Choctaw, Kraemer, Thibodaux, Lafourche Crossing, Chackbay, Mathews, Cut Off, Galliano, Raceland, Bayou Blue, Larose, Des Allemands",9.237,8.775,9.699,380235,11.505,10.93,12.081,67603,8.332,7.915,8.748,96318,15.32,22.05,13.16,24.22
"B0058","https://nci-naaccr-zone-design.github.io/louisiana-2020/?address=B0058","Female","Oral","05yrs","Lafourche","Choctaw, Kraemer, Thibodaux, Lafourche Crossing, Chackbay, Mathews, Cut Off, Galliano, Raceland, Bayou Blue, Larose, Des Allemands",2.389,2.27,2.509,194098,8.221,7.81,8.632,35693,"","","",96318,15.32,22.05,13.16,24.22
"B0058","https://nci-naaccr-zone-design.github.io/louisiana-2020/?address=B0058","Male","Oral","05yrs","Lafourche","Choctaw, Kraemer, Thibodaux, Lafourche Crossing, Chackbay, Mathews, Cut Off, Galliano, Raceland, Bayou Blue, Larose, Des Allemands",23.215,22.055,24.376,186137,27.427,26.056,28.799,31910,23.783,22.594,24.972,96318,15.32,22.05,13.16,24.22
"B0058","https://nci-naaccr-zone-design.github.io/louisiana-2020/?address=B0058","Both","Thyroid","05yrs","Lafourche","Choctaw, Kraemer, Thibodaux, Lafourche Crossing, Chackbay, Mathews, Cut Off, Galliano, Raceland, Bayou Blue, Larose, Des Allemands",14.958,14.21,15.706,380235,12.263,11.65,12.876,67603,10.587,10.058,11.117,96318,15.32,22.05,13.16,24.22
"B0058","https://nci-naaccr-zone-design.github.io/louisiana-2020/?address=B0058","Female","Thyroid","05yrs","Lafourche","Choctaw, Kraemer, Thibodaux, Lafourche Crossing, Chackbay, Mathews, Cut Off, Galliano, Raceland, Bayou Blue, Larose, Des Allemands",23.963,22.765,25.161,194098,25.47,24.196,26.743,35693,16.644,15.812,17.477,96318,15.32,22.05,13.16,24.22
"B0058","https://nci-naaccr-zone-design.github.io/louisiana-2020/?address=B0058","Male","Thyroid","05yrs","Lafourche","Choctaw, Kraemer, Thibodaux, Lafourche Crossing, Chackbay, Mathews, Cut Off, Galliano, Raceland, Bayou Blue, Larose, Des Allemands",3.523,3.347,3.699,186137,4.067,3.864,4.271,31910,"","","",96318,15.32,22.05,13.16,24.22
"B0058","https://nci-naaccr-zone-design.github.io/louisiana-2020/?address=B0058","Female","Uterine","05yrs","Lafourche","Choctaw, Kraemer, Thibodaux, Lafourche Crossing, Chackbay, Mathews, Cut Off, Galliano, Raceland, Bayou Blue, Larose, Des Allemands",26.208,24.897,27.518,194098,16.252,15.439,17.064,35693,21.86,20.767,22.953,96318,15.32,22.05,13.16,24.22
"B0058","https://nci-naaccr-zone-design.github.io/louisiana-2020/?address=B0058","Both","Liver","05yrs","Lafourche","Choctaw, Kraemer, Thibodaux, Lafourche Crossing, Chackbay, Mathews, Cut Off, Galliano, Raceland, Bayou Blue, Larose, Des Allemands",8.632,8.201,9.064,380235,6.308,5.993,6.624,67603,12.882,12.238,13.527,96318,15.32,22.05,13.16,24.22
"B0058","https://nci-naaccr-zone-design.github.io/louisiana-2020/?address=B0058","Female","Liver","05yrs","Lafourche","Choctaw, Kraemer, Thibodaux, Lafourche Crossing, Chackbay, Mathews, Cut Off, Galliano, Raceland, Bayou Blue, Larose, Des Allemands",5.789,5.5,6.078,194098,2.302,2.187,2.417,35693,"","","",96318,15.32,22.05,13.16,24.22
"B0058","https://nci-naaccr-zone-design.github.io/louisiana-2020/?address=B0058","Male","Liver","05yrs","Lafourche","Choctaw, Kraemer, Thibodaux, Lafourche Crossing, Chackbay, Mathews, Cut Off, Galliano, Raceland, Bayou Blue, Larose, Des Allemands",22.705,21.57,23.841,186137,16.81,15.97,17.651,31910,"","","",96318,15.32,22.05,13.16,24.22
"B0058","https://nci-naaccr-zone-design.github.io/louisiana-2020/?address=B0058","Both","Stomach","05yrs","Lafourche","Choctaw, Kraemer, Thibodaux, Lafourche Crossing, Chackbay, Mathews, Cut Off, Galliano, Raceland, Bayou Blue, Larose, Des Allemands",6.777,6.438,7.116,380235,5.499,5.224,5.774,67603,7.697,7.313,8.082,96318,15.32,22.05,13.16,24.22
"B0058","https://nci-naaccr-zone-design.github.io/louisiana-2020/?address=B0058","Female","Stomach","05yrs","Lafourche","Choctaw, Kraemer, Thibodaux, Lafourche Crossing, Chackbay, Mathews, Cut Off, Galliano, Raceland, Bayou Blue, Larose, Des Allemands",6.043,5.741,6.345,194098,7.65,7.268,8.033,35693,"","","",96318,15.32,22.05,13.16,24.22
"B0058","https://nci-naaccr-zone-design.github.io/louisiana-2020/?address=B0058","Male","Stomach","05yrs","Lafourche","Choctaw, Kraemer, Thibodaux, Lafourche Crossing, Chackbay, Mathews, Cut Off, Galliano, Raceland, Bayou Blue, Larose, Des Allemands",10.277,9.763,10.791,186137,14.14,13.433,14.847,31910,10.826,10.284,11.367,96318,15.32,22.05,13.16,24.22
"B0058","https://nci-naaccr-zone-design.github.io/louisiana-2020/?address=B0058","Both","Myeloma","05yrs","Lafourche","Choctaw, Kraemer, Thibodaux, Lafourche Crossing, Chackbay, Mathews, Cut Off, Galliano, Raceland, Bayou Blue, Larose, Des Allemands",12.186,11.577,12.795,380235,14.544,13.817,15.271,67603,14.174,13.465,14.883,96318,15.32,22.05,13.16,24.22
"B0058","https://nci-naaccr-zone-design.github.io/louisiana-2020/?address=B0058","Female","Myeloma","05yrs","Lafourche","Choctaw, Kraemer, Thibodaux, Lafourche Crossing, Chackbay, Mathews, Cut Off, Galliano, Raceland, Bayou Blue, Larose, Des Allemands",11.109,10.554,11.665,194098,12.788,12.149,13.427,35693,11.557,10.979,12.135,96318,15.32,22.05,13.16,24.22
"B0058","https://nci-naaccr-zone-design.github.io/louisiana-2020/?address=B0058","Male","Myeloma","05yrs","Lafourche","Choctaw, Kraemer, Thibodaux, Lafourche Crossing, Chackbay, Mathews, Cut Off, Galliano, Raceland, Bayou Blue, Larose, Des Allemands",8.932,8.485,9.378,186137,12.524,11.898,13.15,31910,11.186,10.626,11.745,96318,15.32,22.05,13.16,24.22
"B0058","https://nci-naaccr-zone-design.github.io/louisiana-2020/?address=B0058","Both","Brain","05yrs","Lafourche","Choctaw, Kraemer, Thibodaux, Lafourche Crossing, Chackbay, Mathews, Cut Off, Galliano, Raceland, Bayou Blue, Larose, Des Allemands",7.353,6.986,7.721,380235,5.383,5.114,5.653,67603,"","","",96318,15.32,22.05,13.16,24.22
"B0058","https://nci-naaccr-zone-design.github.io/louisiana-2020/?address=B0058","Female","Brain","05yrs","Lafourche","Choctaw, Kraemer, Thibodaux, Lafourche Crossing, Chackbay, Mathews, Cut Off, Galliano, Raceland, Bayou Blue, Larose, Des Allemands",5.238,4.977,5.5,194098,6.578,6.249,6.906,35693,"","","",96318,15.32,22.05,13.16,24.22
"B0058","https://nci-naaccr-zone-design.github.io/louisiana-2020/?address=B0058","Male","Brain","05yrs","Lafourche","Choctaw, Kraemer, Thibodaux, Lafourche Crossing, Chackbay, Mathews, Cut Off, Galliano, Raceland, Bayou Blue, Larose, Des Allemands",4.966,4.718,5.215,186137,10.682,10.148,11.216,31910,"","","",96318,15.32,22.05,13.16,24.22
"B0058","https://nci-naaccr-zone-design.github.io/louisiana-2020/?address=B0058","Both","Larynx","05yrs","Lafourche","Choctaw, Kraemer, Thibodaux, Lafourche Crossing, Chackbay, Mathews, Cut Off, Galliano, Raceland, Bayou Blue, Larose, Des Allemands",5.432,5.161,5.704,380235,8.848,8.406,9.291,67603,5.42,5.149,5.691,96318,15.32,22.05,13.16,24.22
"B0058","https://nci-naaccr-zone-design.github.io/louisiana-2020/?address=B0058","Female","Larynx","05yrs","Lafourche","Choctaw, Kraemer, Thibodaux, Lafourche Crossing, Chackbay, Mathews, Cut Off, Galliano, Raceland, Bayou Blue, Larose, Des Allemands",1.948,1.851,2.046,194098,"","","",35693,"","","",96318,15.32,22.05,13.16,24.22
"B0058","https://nci-naaccr-zone-design.github.io/louisiana-2020/?address=B0058","Male","Larynx","05yrs","Lafourche","Choctaw, Kraemer, Thibodaux, Lafourche Crossing, Chackbay, Mathews, Cut Off, Galliano, Raceland, Bayou Blue, Larose, Des Allemands",14.762,14.024,15.5,186137,7.144,6.787,7.502,31910,15.2,14.44,15.96,96318,15.32,22.05,13.16,24.22
"B0058","https://nci-naaccr-zone-design.github.io/louisiana-2020/?address=B0058","Female","Ovary","05yrs","Lafourche","Choctaw, Kraemer, Thibodaux, Lafourche Crossing, Chackbay, Mathews, Cut Off, Galliano, Raceland, Bayou Blue, Larose, Des Allemands",11.362,10.793,11.93,194098,13.231,12.569,13.892,35693,"","","",96318,15.32,22.05,13.16,24.22
"B0058","https://nci-naaccr-zone-design.github.io/louisiana-2020/?address=B0058","Both","Esoph","05yrs","Lafourche","Choctaw, Kraemer, Thibodaux, Lafourche Crossing, Chackbay, Mathews, Cut Off, Galliano, Raceland, Bayou Blue, Larose, Des Allemands",3.912,3.717,4.108,380235,3.165,3.007,3.323,67603,6.697,6.362,7.032,96318,15.32,22.05,13.16,24.22
"B0058","https://nci-naaccr-zone-design.github.io/louisiana-2020/?address=B0058","Female","Esoph","05yrs","Lafourche","Choctaw, Kraemer, Thibodaux, Lafourche Crossing, Chackbay, Mathews, Cut Off, Galliano, Raceland, Bayou Blue, Larose, Des Allemands",3.893,3.699,4.088,194098,1.821,1.73,1.912,35693,"","","",96318,15.32,22.05,13.16,24.22
"B0058","https://nci-naaccr-zone-design.github.io/louisiana-2020/?address=B0058","Male","Esoph","05yrs","Lafourche","Choctaw, Kraemer, Thibodaux, Lafourche Crossing, Chackbay, Mathews, Cut Off, Galliano, Raceland, Bayou Blue, Larose, Des Allemands",7.264,6.901,7.627,186137,6.992,6.643,7.342,31910,"","","",96318,15.32,22.05,13.16,24.22
"B0058","https://nci-naaccr-zone-design.github.io/louisiana-2020/?address=B0058","Both","AllSite","10yrs","Lafourche","Choctaw, Kraemer, Thibodaux, Lafourche Crossing, Chackbay, Mathews, Cut Off, Galliano, Raceland, Bayou Blue, Larose, Des Allemands",474.942,451.195,498.689,760550,506.8,481.46,532.14,131896,455.559,432.781,478.337,96318,15.32,22.05,13.16,24.22
"B0058","https://nci-naaccr-zone-design.github.io/louisiana-2020/?address=B0058","Female","AllSite","10yrs","Lafourche","Choctaw, Kraemer, Thibodaux, Lafourche Crossing, Chackbay, Mathews, Cut Off, Galliano, Raceland, Bayou Blue, Larose, Des Allemands",420.535,399.508,441.562,387835,381.628,362.547,400.71,69893,432.011,410.41,453.611,96318,15.32,22.05,13.16,24.22
"B0058","https://nci-naaccr-zone-design.github.io/louisiana-2020/?address=B0058","Male","AllSite","10yrs","Lafourche","Choctaw, Kraemer, Thibodaux, Lafourche Crossing, Chackbay, Mathews, Cut Off, Galliano, Raceland, Bayou Blue, Larose, Des Allemands",612.854,582.212,643.497,372715,565.657,537.374,593.94,62003,556.835,528.994,584.677,96318,15.32,22.05,13.16,24.22
"B0058","https://nci-naaccr-zone-design.github.io/louisiana-2020/?address=B0058","Male","Prostate","10yrs","Lafourche","Choctaw, Kraemer, Thibodaux, Lafourche Crossing, Chackbay, Mathews, Cut Off, Galliano, Raceland, Bayou Blue, Larose, Des Allemands",153.761,146.072,161.449,372715,202.766,192.628,212.904,62003,183.214,174.053,192.375,96318,15.32,22.05,13.16,24.22
"B0058","https://nci-naaccr-zone-design.github.io/louisiana-2020/?address=B0058","Both","Lung","10yrs","Lafourche","Choctaw, Kraemer, Thibodaux, Lafourche Crossing, Chackbay, Mathews, Cut Off, Galliano, Raceland, Bayou Blue, Larose, Des Allemands",49.068,46.614,51.521,760550,49.577,47.099,52.056,131896,57.806,54.916,60.697,96318,15.32,22.05,13.16,24.22
"B0058","https://nci-naaccr-zone-design.github.io/louisiana-2020/?address=B0058","Female","Lung","10yrs","Lafourche","Choctaw, Kraemer, Thibodaux, Lafourche Crossing, Chackbay, Mathews, Cut Off, Galliano, Raceland, Bayou Blue, Larose, Des Allemands",40.374,38.356,42.393,387835,72.325,68.708,75.941,69893,65.804,62.514,69.094,96318,15.32,22.05,13.16,24.22
"B0058","https://nci-naaccr-zone-design.github.io/louisiana-2020/?address=B0058","Male","Lung","10yrs","Lafourche","Choctaw, Kraemer, Thibodaux, Lafourche Crossing, Chackbay, Mathews, Cut Off, Galliano, Raceland, Bayou Blue, Larose, Des Allemands",118.408,112.487,124.328,372715,84.72,80.484,88.956,62003,117.831,111.939,123.722,96318,15.32,22.05,13.16,24.22
"B0058","https://nci-naaccr-zone-design.github.io/louisiana-2020/?address=B0058","Female","Breast","10yrs","Lafourche","Choctaw, Kraemer, Thibodaux, Lafourche Crossing, Chackbay, Mathews, Cut Off, Galliano, Raceland, Bayou Blue, Larose, Des Allemands",131.277,124.713,137.841,387835,101.563,96.484,106.641,69893,98.571,93.642,103.499,96318,15.32,22.05,13.16,24.22
"B0058","https://nci-naaccr-zone-design.github.io/louisiana-2020/?address=B0058","Both","CRC","10yrs","Lafourche","Choctaw, Kraemer, Thibodaux, Lafourche Crossing, Chackbay, Mathews, Cut Off, Galliano, Raceland, Bayou Blue, Larose, Des Allemands",53.847,51.154,56.539,760550,45.105,42.85,47.36,131896,38.644,36.712,40.577,96318,15.32,22.05,13.16,24.22
"B0058","https://nci-naaccr-zone-design.github.io/louisiana-2020/?address=B0058","Female","CRC","10yrs","Lafourche","Choctaw, Kraemer, Thibodaux, Lafourche Crossing, Chackbay, Mathews, Cut Off, Galliano, Raceland, Bayou Blue, Larose, Des Allemands",51.695,49.11,54.28,387835,41.591,39.511,43.67,69893,38.806,36.866,40.746,96318,15.32,22.05,13.16,24.22
"B0058","https://nci-naaccr-zone-design.github.io/louisiana-2020/?address=B0058","Male","CRC","10yrs","Lafourche","Choctaw, Kraemer, Thibodaux, Lafourche Crossing, Chackbay, Mathews, Cut Off, Galliano, Raceland, Bayou Blue, Larose, Des Allemands",46.599,44.269,48.928,372715,51.796,49.206,54.385,62003,52.985,50.336,55.634,96318,15.32,22.05,13.16,24.22
"B0058","https://nci-naaccr-zone-design.github.io/louisiana-2020/?address=B0058","Both","Kidney","10yrs","Lafourche","Choctaw, Kraemer, Thibodaux, Lafourche Crossing, Chackbay, Mathews, Cut Off, Galliano, Raceland, Bayou Blue, Larose, Des Allemands",17.493,16.618,18.368,760550,17.204,16.344,18.065,131896,22.613,21.482,23.744,96318,15.32,22.05,13.16,24.22
"B0058","https://nci-naaccr-zone-design.github.io/louisiana-2020/?address=B0058","Female","Kidney","10yrs","Lafourche","Choctaw, Kraemer, Thibodaux, Lafourche Crossing, Chackbay, Mathews, Cut Off, Galliano, Raceland, Bayou Blue, Larose, Des Allemands",19.34,18.373,20.307,387835,17.026,16.175,17.877,69893,15.522,14.746,16.298,96318,15.32,22.05,13.16,24.22
"B0058","https://nci-naaccr-zone-design.github.io/louisiana-2020/?address=B0058","Male","Kidney","10yrs","Lafourche","Choctaw, Kraemer, Thibodaux, Lafourche Crossing, Chackbay, Mathews, Cut Off, Galliano, Raceland, Bayou Blue, Larose, Des Allemands",36.39,34.571,38.21,372715,19.254,18.291,20.217,62003,24.087,22.883,25.292,96318,15.32,22.05,13.16,24.22
"B0058","https://nci-naaccr-zone-design.github.io/louisiana-2020/?address=B0058","Both","NHL","10yrs","Lafourche","Choctaw, Kraemer, Thibodaux, Lafourche Crossing, Chackbay, Mathews, Cut Off, Galliano, Raceland, Bayou Blue, Larose, Des Allemands",20.913,19.867,21.958,760550,18.475,17.551,19.398,131896,17.93,17.033,18.826,96318,15.32,22.05,13.16,24.22
"B0058","https://nci-naaccr-zone-design.github.io/louisiana-2020/?address=B0058","Female","NHL","10yrs","Lafourche","Choctaw, Kraemer, Thibodaux, Lafourche Crossing, Chackbay, Mathews, Cut Off, Galliano, Raceland, Bayou Blue, Larose, Des Allemands",12.679,12.045,13.313,387835,11.922,11.326,12.518,69893,9.519,9.043,9.995,96318,15.32,22.05,13.16,24.22
"B0058","https://nci-naaccr-zone-design.github.io/louisiana-2020/?address=B0058","Male","NHL","10yrs","Lafourche","Choctaw, Kraemer, Thibodaux, Lafourche Crossing, Chackbay, Mathews, Cut Off, Galliano, Raceland, Bayou Blue, Larose, Des Allemands",31.236,29.675,32.798,372715,26.762,25.424,28.1,62003,24.783,23.544,26.023,96318,15.32,22.05,13.16,24.22
"B0058","https://nci-naaccr-zone-design.github.io/louisiana-2020/?address=B0058","Both","Urinary","10yrs","Lafourche","Choctaw, Kraemer, Thibodaux, Lafourche Crossing, Chackbay, Mathews, Cut Off, Galliano, Raceland, Bayou Blue, Larose, Des Allemands",17.664,16.781,18.547,760550,19.673,18.689,20.656,131896,16.078,15.274,16.882,96318,15.32,22.05,13.16,24.22
"B0058","https://nci-naaccr-zone-design.github.io/louisiana-2020/?address=B0058","Female","Urinary","10yrs","Lafourche","Choctaw, Kraemer, Thibodaux, Lafourche Crossing, Chackbay, Mathews, Cut Off, Galliano, Raceland, Bayou Blue, Larose, Des Allemands",7.716,7.33,8.102,387835,4.673,4.44,4.907,69893,5.773,5.484,6.062,96318,15.32,22.05,13.16,24.22
"B0058","https://nci-naaccr-zone-design.github.io/louisiana-2020/?address=B0058","Male","Urinary","10yrs","Lafourche","Choctaw, Kraemer, Thibodaux, Lafourche Crossing, Chackbay, Mathews, Cut Off, Galliano, Raceland, Bayou Blue, Larose, Des Allemands",36.949,35.102,38.797,372715,48.283,45.869,50.698,62003,21.311,20.246,22.377,96318,15.32,22.05,13.16,24.22
"B0058","https://nci-naaccr-zone-design.github.io/louisiana-2020/?address=B0058","Both","Mela","10yrs","Lafourche","Choctaw, Kraemer, Thibodaux, Lafourche Crossing, Chackbay, Mathews, Cut Off, Galliano, Raceland, Bayou Blue, Larose, Des Allemands",25.967,24.669,27.265,760550,29.149,27.692,30.607,131896,21.835,20.743,22.926,96318,15.32,22.05,13.16,24.22
"B0058","https://nci-naaccr-zone-design.github.io/louisiana-2020/?address=B0058","Female","Mela","10yrs","Lafourche","Choctaw, Kraemer, Thibodaux, Lafourche Crossing, Chackbay, Mathews, Cut Off, Galliano, Raceland, Bayou Blue, Larose, Des Allemands",4.867,4.624,5.11,387835,10.287,9.773,10.802,69893,17.006,16.156,17.856,96318,15.32,22.05,13.16,24.22
"B0058","https://nci-naaccr-zone-design.github.io/louisiana-2020/?address=B0058","Male","Mela","10yrs","Lafourche","Choctaw, Kraemer, Thibodaux, Lafourche Crossing, Chackbay, Mathews, Cut Off, Galliano, Raceland, Bayou Blue, Larose, Des Allemands",31.071,29.518,32.625,372715,13.144,12.487,13.802,62003,29.693,28.208,31.177,96318,15.32,22.05,13.16,24.22
"B0058","https://nci-naaccr-zone-design.github.io/louisiana-2020/?address=B0058","Both","Pancreas","10yrs","Lafourche","Choctaw, Kraemer, Thibodaux, Lafourche Crossing, Chackbay, Mathews, Cut Off, Galliano, Raceland, Bayou Blue, Larose, Des Allemands",17.1,16.245,17.955,760550,13.55,12.872,14.227,131896,12.686,12.052,13.321,96318,15.32,22.05,13.16,24.22
"B0058","https://nci-naaccr-zone-design.github.io/louisiana-2020/?address=B0058","Female","Pancreas","10yrs","Lafourche","Choctaw, Kraemer, Thibodaux, Lafourche Crossing, Chackbay, Mathews, Cut Off, Galliano, Raceland, Bayou Blue, Larose, Des Allemands",9.12,8.664,9.576,387835,15.4,14.63,16.17,69893,11.691,11.106,12.275,96318,15.32,22.05,13.16,24.22
"B0058","https://nci-naaccr-zone-design.github.io/louisiana-2020/?address=B0058","Male","Pancreas","10yrs","Lafourche","Choctaw, Kraemer, Thibodaux, Lafourche Crossing, Chackbay, Mathews, Cut Off, Galliano, Raceland, Bayou Blue, Larose, Des Allemands",17.231,16.369,18.092,372715,12.753,12.116,13.391,62003,19.293,18.328,20.257,96318,15.32,22.05,13.16,24.22
"B0058","https://nci-naaccr-zone-design.github.io/louisiana-2020/?address=B0058","Both","Leuks","10yrs","Lafourche","Choctaw, Kraemer, Thibodaux, Lafourche Crossing, Chackbay, Mathews, Cut Off, Galliano, Raceland, Bayou Blue, Larose, Des Allemands",14.794,14.054,15.534,760550,13.351,12.683,14.018,131896,10.866,10.322,11.409,96318,15.32,22.05,13.16,24.22
"B0058","https://nci-naaccr-zone-design.github.io/louisiana-2020/?address=B0058","Female","Leuks","10yrs","Lafourche","Choctaw, Kraemer, Thibodaux, Lafourche Crossing, Chackbay, Mathews, Cut Off, Galliano, Raceland, Bayou Blue, Larose, Des Allemands",11.426,10.855,11.998,387835,13.614,12.933,14.295,69893,9.113,8.657,9.568,96318,15.32,22.05,13.16,24.22
"B0058","https://nci-naaccr-zone-design.github.io/louisiana-2020/?address=B0058","Male","Leuks","10yrs","Lafourche","Choctaw, Kraemer, Thibodaux, Lafourche Crossing, Chackbay, Mathews, Cut Off, Galliano, Raceland, Bayou Blue, Larose, Des Allemands",11.976,11.377,12.574,372715,16.865,16.022,17.708,62003,18.029,17.127,18.93,96318,15.32,22.05,13.16,24.22
"B0058","https://nci-naaccr-zone-design.github.io/louisiana-2020/?address=B0058","Both","Oral","10yrs","Lafourche","Choctaw, Kraemer, Thibodaux, Lafourche Crossing, Chackbay, Mathews, Cut Off, Galliano, Raceland, Bayou Blue, Larose, Des Allemands",7.996,7.596,8.396,760550,10.957,10.409,11.504,131896,13.968,13.269,14.666,96318,15.32,22.05,13.16,24.22
"B0058","https://nci-naaccr-zone-design.github.io/louisiana-2020/?address=B0058","Female","Oral","10yrs","Lafourche","Choctaw, Kraemer, Thibodaux, Lafourche Crossing, Chackbay, Mathews, Cut Off, Galliano, Raceland, Bayou Blue, Larose, Des Allemands",2.898,2.753,3.043,387835,7.621,7.24,8.002,69893,7.64,7.258,8.022,96318,15.32,22.05,13.16,24.22
"B0058","https://nci-naaccr-zone-design.github.io/louisiana-2020/?address=B0058","Male","Oral","10yrs","Lafourche","Choctaw, Kraemer, Thibodaux, Lafourche Crossing, Chackbay, Mathews, Cut Off, Galliano, Raceland, Bayou Blue, Larose, Des Allemands",20.04,19.038,21.042,372715,13.937,13.241,14.634,62003,24.729,23.493,25.966,96318,15.32,22.05,13.16,24.22
"B0058","https://nci-naaccr-zone-design.github.io/louisiana-2020/?address=B0058","Both","Thyroid","10yrs","Lafourche","Choctaw, Kraemer, Thibodaux, Lafourche Crossing, Chackbay, Mathews, Cut Off, Galliano, Raceland, Bayou Blue, Larose, Des Allemands",17.56,16.682,18.438,760550,12.858,12.215,13.5,131896,9.805,9.315,10.295,96318,15.32,22.05,13.16,24.22
"B0058","https://nci-naaccr-zone-design.github.io/louisiana-2020/?address=B0058","Female","Thyroid","10yrs","Lafourche","Choctaw, Kraemer, Thibodaux, Lafourche Crossing, Chackbay, Mathews, Cut Off, Galliano, Raceland, Bayou Blue, Larose, Des Allemands",15.702,14.917,16.487,387835,16.865,16.021,17.708,69893,23.474,22.3,24.648,96318,15.32,22.05,13.16,24.22
"B0058","https://nci-naaccr-zone-design.github.io/louisiana-2020/?address=B0058","Male","Thyroid","10yrs","Lafourche","Choctaw, Kraemer, Thibodaux, Lafourche Crossing, Chackbay, Mathews, Cut Off, Galliano, Raceland, Bayou Blue, Larose, Des Allemands",7.069,6.715,7.422,372715,9.31,8.844,9.775,62003,3.04,2.888,3.192,96318,15.32,22.05,13.16,24.22
"B0058","https://nci-naaccr-zone-design.github.io/louisiana-2020/?address=B0058","Female","Uterine","10yrs","Lafourche","Choctaw, Kraemer, Thibodaux, Lafourche Crossing, Chackbay, Mathews, Cut Off, Galliano, Raceland, Bayou Blue, Larose, Des Allemands",17.815,16.925,18.706,387835,13.202,12.542,13.862,69893,24.219,23.008,25.43,96318,15.32,22.05,13.16,24.22
"B0058","https://nci-naaccr-zone-design.github.io/louisiana-2020/?address=B0058","Both","Liver","10yrs","Lafourche","Choctaw, Kraemer, Thibodaux, Lafourche Crossing, Chackbay, Mathews, Cut Off, Galliano, Raceland, Bayou Blue, Larose, Des Allemands",10.428,9.906,10.949,760550,8.66,8.227,9.093,131896,4.839,4.597,5.08,96318,15.32,22.05,13.16,24.22
"B0058","https://nci-naaccr-zone-design.github.io/louisiana-2020/?address=B0058","Female","Liver","10yrs","Lafourche","Choctaw, Kraemer, Thibodaux, Lafourche Crossing, Chackbay, Mathews, Cut Off, Galliano, Raceland, Bayou Blue, Larose, Des Allemands",6.016,5.715,6.317,387835,7.272,6.909,7.636,69893,6.006,5.705,6.306,96318,15.32,22.05,13.16,24.22
"B0058","https://nci-naaccr-zone-design.github.io/louisiana-2020/?address=B0058","Male","Liver","10yrs","Lafourche","Choctaw, Kraemer, Thibodaux, Lafourche Crossing, Chackbay, Mathews, Cut Off, Galliano, Raceland, Bayou Blue, Larose, Des Allemands",23.547,22.369,24.724,372715,21.107,20.052,22.163,62003,9.121,8.665,9.577,96318,15.32,22.05,13.16,24.22
"B0058","https://nci-naaccr-zone-design.github.io/louisiana-2020/?address=B0058","Both","Stomach","10yrs","Lafourche","Choctaw, Kraemer, Thibodaux, Lafourche Crossing, Chackbay, Mathews, Cut Off, Galliano, Raceland, Bayou Blue, Larose, Des Allemands",9.809,9.318,10.299,760550,11.331,10.765,11.898,131896,4.58,4.351,4.809,96318,15.32,22.05,13.16,24.22
"B0058","https://nci-naaccr-zone-design.github.io/louisiana-2020/?address=B0058","Female","Stomach","10yrs","Lafourche","Choctaw, Kraemer, Thibodaux, Lafourche Crossing, Chackbay, Mathews, Cut Off, Galliano, Raceland, Bayou Blue, Larose, Des Allemands",2.713,2.577,2.849,387835,3.404,3.234,3.574,69893,8.055,7.652,8.457,96318,15.32,22.05,13.16,24.22
"B0058","https://nci-naaccr-zone-design.github.io/louisiana-2020/?address=B0058","Male","Stomach","10yrs","Lafourche","Choctaw, Kraemer, Thibodaux, Lafourche Crossing, Chackbay, Mathews, Cut Off, Galliano, Raceland, Bayou Blue, Larose, Des Allemands",10.962,10.414,11.51,372715,13.867,13.174,14.56,62003,12.16,11.552,12.768,96318,15.32,22.05,13.16,24.22
"B0058","https://nci-naaccr-zone-design.github.io/louisiana-2020/?address=B0058","Both","Myeloma","10yrs","Lafourche","Choctaw, Kraemer, Thibodaux, Lafourche Crossing, Chackbay, Mathews, Cut Off, Galliano, Raceland, Bayou Blue, Larose, Des Allemands",8.412,7.992,8.833,760550,10.397,9.877,10.917,131896,12.959,12.311,13.607,96318,15.32,22.05,13.16,24.22
"B0058","https://nci-naaccr-zone-design.github.io/louisiana-2020/?address=B0058","Female","Myeloma","10yrs","Lafourche","Choctaw, Kraemer, Thibodaux, Lafourche Crossing, Chackbay, Mathews, Cut Off, Galliano, Raceland, Bayou Blue, Larose, Des Allemands",8.163,7.755,8.571,387835,13.03,12.379,13.682,69893,9.517,9.042,9.993,96318,15.32,22.05,13.16,24.22
"B0058","https://nci-naaccr-zone-design.github.io/louisiana-2020/?address=B0058","Male","Myeloma","10yrs","Lafourche","Choctaw, Kraemer, Thibodaux, Lafourche Crossing, Chackbay, Mathews, Cut Off, Galliano, Raceland, Bayou Blue, Larose, Des Allemands",11.37,10.802,11.939,372715,14.226,13.515,14.937,62003,13.732,13.045,14.419,96318,15.32,22.05,13.16,24.22
"B0058","https://nci-naaccr-zone-design.github.io/louisiana-2020/?address=B0058","Both","Brain","10yrs","Lafourche","Choctaw, Kraemer, Thibodaux, Lafourche Crossing, Chackbay, Mathews, Cut Off, Galliano, Raceland, Bayou Blue, Larose, Des Allemands",3.594,3.414,3.773,760550,4.835,4.593,5.076,131896,6.281,5.967,6.595,96318,15.32,22.05,13.16,24.22
"B0058","https://nci-naaccr-zone-design.github.io/louisiana-2020/?address=B0058","Female","Brain","10yrs","Lafourche","Choctaw, Kraemer, Thibodaux, Lafourche Crossing, Chackbay, Mathews, Cut Off, Galliano, Raceland, Bayou Blue, Larose, Des Allemands",5.571,5.293,5.85,387835,6.321,6.005,6.638,69893,3.244,3.082,3.406,96318,15.32,22.05,13.16,24.22
"B0058","https://nci-naaccr-zone-design.github.io/louisiana-2020/?address=B0058","Male","Brain","10yrs","Lafourche","Choctaw, Kraemer, Thibodaux, Lafourche Crossing, Chackbay, Mathews, Cut Off, Galliano, Raceland, Bayou Blue, Larose, Des Allemands",10.236,9.724,10.747,372715,7.454,7.082,7.827,62003,8.3,7.885,8.715,96318,15.32,22.05,13.16,24.22
"B0058","https://nci-naaccr-zone-design.github.io/louisiana-2020/?address=B0058","Both","Larynx","10yrs","Lafourche","Choctaw, Kraemer, Thibodaux, Lafourche Crossing, Chackbay, Mathews, Cut Off, Galliano, Raceland, Bayou Blue, Larose, Des Allemands",4.726,4.489,4.962,760550,7.158,6.8,7.516,131896,4.594,4.364,4.824,96318,15.32,22.05,13.16,24.22
"B0058","https://nci-naaccr-zone-design.github.io/louisiana-2020/?address=B0058","Female","Larynx","10yrs","Lafourche","Choctaw, Kraemer, Thibodaux, Lafourche Crossing, Chackbay, Mathews, Cut Off, Galliano, Raceland, Bayou Blue, Larose, Des Allemands",2.865,2.721,3.008,387835,3.19,3.031,3.35,69893,"","","",96318,15.32,22.05,13.16,24.22
"B0058","https://nci-naaccr-zone-design.github.io/louisiana-2020/?address=B0058","Male","Larynx","10yrs","Lafourche","Choctaw, Kraemer, Thibodaux, Lafourche Crossing, Chackbay, Mathews, Cut Off, Galliano, Raceland, Bayou Blue, Larose, Des Allemands",14.73,13.993,15.466,372715,13.963,13.265,14.661,62003,14.989,14.24,15.739,96318,15.32,22.05,13.16,24.22
"B0058","https://nci-naaccr-zone-design.github.io/louisiana-2020/?address=B0058","Female","Ovary","10yrs","Lafourche","Choctaw, Kraemer, Thibodaux, Lafourche Crossing, Chackbay, Mathews, Cut Off, Galliano, Raceland, Bayou Blue, Larose, Des Allemands",12.425,11.804,13.046,387835,4.444,4.222,4.666,69893,14.788,14.048,15.527,96318,15.32,22.05,13.16,24.22
"B0058","https://nci-naaccr-zone-design.github.io/louisiana-2020/?address=B0058","Both","Esoph","10yrs","Lafourche","Choctaw, Kraemer, Thibodaux, Lafourche Crossing, Chackbay, Mathews, Cut Off, Galliano, Raceland, Bayou Blue, Larose, Des Allemands",3.508,3.333,3.684,760550,8.08,7.676,8.484,131896,6.604,6.273,6.934,96318,15.32,22.05,13.16,24.22
"B0058","https://nci-naaccr-zone-design.github.io/louisiana-2020/?address=B0058","Female","Esoph","10yrs","Lafourche","Choctaw, Kraemer, Thibodaux, Lafourche Crossing, Chackbay, Mathews, Cut Off, Galliano, Raceland, Bayou Blue, Larose, Des Allemands",3.487,3.313,3.661,387835,3.67,3.487,3.854,69893,"","","",96318,15.32,22.05,13.16,24.22
"B0058","https://nci-naaccr-zone-design.github.io/louisiana-2020/?address=B0058","Male","Esoph","10yrs","Lafourche","Choctaw, Kraemer, Thibodaux, Lafourche Crossing, Chackbay, Mathews, Cut Off, Galliano, Raceland, Bayou Blue, Larose, Des Allemands",9.944,9.447,10.441,372715,5.871,5.577,6.164,62003,9.13,8.674,9.587,96318,15.32,22.05,13.16,24.22
