"Zone","URL","Sex","Cancer","Years","Counties","Places","AAIR","LCI","UCI","White_PopTot","White_AAIR","White_LCI","White_UCI","Black_PopTot","Black_AAIR","Black_LCI","Black_UCI","TotalPop","Pct100Pov","PctMinority","PctBlackNH","PctRural"
"A9046","https://nci-naaccr-zone-design.github.io/louisiana-2020/?address=A9046","Both","AllSite","05yrs","East Baton Rouge","Baton Rouge, Merrydale",469.25,445.788,492.713,31567,492.615,467.985,517.246,268319,461.683,438.599,484.767,62111,26.75,90.42,86.11,0.01
"A9046","https://nci-naaccr-zone-design.github.io/louisiana-2020/?address=A9046","Female","AllSite","05yrs","East Baton Rouge","Baton Rouge, Merrydale",412.874,392.231,433.518,16475,401.095,381.04,421.15,145884,447.395,425.025,469.765,62111,26.75,90.42,86.11,0.01
"A9046","https://nci-naaccr-zone-design.github.io/louisiana-2020/?address=A9046","Male","AllSite","05yrs","East Baton Rouge","Baton Rouge, Merrydale",676.926,643.08,710.773,15092,557.688,529.804,585.573,122435,631.76,600.172,663.348,62111,26.75,90.42,86.11,0.01
"A9046","https://nci-naaccr-zone-design.github.io/louisiana-2020/?address=A9046","Male","Prostate","05yrs","East Baton Rouge","Baton Rouge, Merrydale",138.648,131.716,145.581,15092,149.284,141.82,156.748,122435,188.253,178.84,197.666,62111,26.75,90.42,86.11,0.01
"A9046","https://nci-naaccr-zone-design.github.io/louisiana-2020/?address=A9046","Both","Lung","05yrs","East Baton Rouge","Baton Rouge, Merrydale",54.437,51.716,57.159,31567,64.062,60.859,67.265,268319,89.361,84.892,93.829,62111,26.75,90.42,86.11,0.01
"A9046","https://nci-naaccr-zone-design.github.io/louisiana-2020/?address=A9046","Female","Lung","05yrs","East Baton Rouge","Baton Rouge, Merrydale",50.087,47.583,52.591,16475,48.951,46.504,51.399,145884,45.34,43.073,47.607,62111,26.75,90.42,86.11,0.01
"A9046","https://nci-naaccr-zone-design.github.io/louisiana-2020/?address=A9046","Male","Lung","05yrs","East Baton Rouge","Baton Rouge, Merrydale",73.761,70.073,77.449,15092,112.429,106.807,118.05,122435,58.661,55.728,61.594,62111,26.75,90.42,86.11,0.01
"A9046","https://nci-naaccr-zone-design.github.io/louisiana-2020/?address=A9046","Female","Breast","05yrs","East Baton Rouge","Baton Rouge, Merrydale",118.761,112.823,124.7,16475,135.19,128.431,141.95,145884,106.63,101.299,111.962,62111,26.75,90.42,86.11,0.01
"A9046","https://nci-naaccr-zone-design.github.io/louisiana-2020/?address=A9046","Both","CRC","05yrs","East Baton Rouge","Baton Rouge, Merrydale",60.529,57.502,63.555,31567,39.489,37.514,41.463,268319,50.237,47.725,52.748,62111,26.75,90.42,86.11,0.01
"A9046","https://nci-naaccr-zone-design.github.io/louisiana-2020/?address=A9046","Female","CRC","05yrs","East Baton Rouge","Baton Rouge, Merrydale",35.528,33.752,37.304,16475,38.663,36.73,40.597,145884,40.715,38.679,42.75,62111,26.75,90.42,86.11,0.01
"A9046","https://nci-naaccr-zone-design.github.io/louisiana-2020/?address=A9046","Male","CRC","05yrs","East Baton Rouge","Baton Rouge, Merrydale",74.203,70.493,77.913,15092,72.814,69.173,76.455,122435,65.696,62.412,68.981,62111,26.75,90.42,86.11,0.01
"A9046","https://nci-naaccr-zone-design.github.io/louisiana-2020/?address=A9046","Both","Kidney","05yrs","East Baton Rouge","Baton Rouge, Merrydale",21.054,20.002,22.107,31567,18.736,17.799,19.673,268319,16.321,15.505,17.137,62111,26.75,90.42,86.11,0.01
"A9046","https://nci-naaccr-zone-design.github.io/louisiana-2020/?address=A9046","Female","Kidney","05yrs","East Baton Rouge","Baton Rouge, Merrydale",13.606,12.926,14.286,16475,"","","",145884,14.071,13.367,14.775,62111,26.75,90.42,86.11,0.01
"A9046","https://nci-naaccr-zone-design.github.io/louisiana-2020/?address=A9046","Male","Kidney","05yrs","East Baton Rouge","Baton Rouge, Merrydale",32.73,31.094,34.367,15092,35.147,33.389,36.904,122435,31.599,30.019,33.179,62111,26.75,90.42,86.11,0.01
"A9046","https://nci-naaccr-zone-design.github.io/louisiana-2020/?address=A9046","Both","NHL","05yrs","East Baton Rouge","Baton Rouge, Merrydale",19.903,18.908,20.898,31567,19.047,18.095,20.0,268319,17.248,16.386,18.111,62111,26.75,90.42,86.11,0.01
"A9046","https://nci-naaccr-zone-design.github.io/louisiana-2020/?address=A9046","Female","NHL","05yrs","East Baton Rouge","Baton Rouge, Merrydale",9.233,8.772,9.695,16475,"","","",145884,23.337,22.17,24.504,62111,26.75,90.42,86.11,0.01
"A9046","https://nci-naaccr-zone-design.github.io/louisiana-2020/?address=A9046","Male","NHL","05yrs","East Baton Rouge","Baton Rouge, Merrydale",16.179,15.37,16.988,15092,26.381,25.062,27.7,122435,25.78,24.491,27.069,62111,26.75,90.42,86.11,0.01
"A9046","https://nci-naaccr-zone-design.github.io/louisiana-2020/?address=A9046","Both","Urinary","05yrs","East Baton Rouge","Baton Rouge, Merrydale",24.87,23.627,26.114,31567,16.662,15.828,17.495,268319,17.55,16.673,18.428,62111,26.75,90.42,86.11,0.01
"A9046","https://nci-naaccr-zone-design.github.io/louisiana-2020/?address=A9046","Female","Urinary","05yrs","East Baton Rouge","Baton Rouge, Merrydale",6.398,6.078,6.718,16475,"","","",145884,9.393,8.923,9.862,62111,26.75,90.42,86.11,0.01
"A9046","https://nci-naaccr-zone-design.github.io/louisiana-2020/?address=A9046","Male","Urinary","05yrs","East Baton Rouge","Baton Rouge, Merrydale",32.055,30.452,33.657,15092,22.362,21.244,23.48,122435,43.147,40.99,45.305,62111,26.75,90.42,86.11,0.01
"A9046","https://nci-naaccr-zone-design.github.io/louisiana-2020/?address=A9046","Both","Mela","05yrs","East Baton Rouge","Baton Rouge, Merrydale",6.193,5.883,6.502,31567,11.709,11.124,12.295,268319,9.026,8.574,9.477,62111,26.75,90.42,86.11,0.01
"A9046","https://nci-naaccr-zone-design.github.io/louisiana-2020/?address=A9046","Female","Mela","05yrs","East Baton Rouge","Baton Rouge, Merrydale",12.416,11.795,13.037,16475,"","","",145884,8.916,8.47,9.362,62111,26.75,90.42,86.11,0.01
"A9046","https://nci-naaccr-zone-design.github.io/louisiana-2020/?address=A9046","Male","Mela","05yrs","East Baton Rouge","Baton Rouge, Merrydale",39.789,37.799,41.778,15092,24.672,23.439,25.906,122435,33.708,32.023,35.394,62111,26.75,90.42,86.11,0.01
"A9046","https://nci-naaccr-zone-design.github.io/louisiana-2020/?address=A9046","Both","Pancreas","05yrs","East Baton Rouge","Baton Rouge, Merrydale",15.936,15.14,16.733,31567,13.012,12.361,13.662,268319,16.371,15.553,17.19,62111,26.75,90.42,86.11,0.01
"A9046","https://nci-naaccr-zone-design.github.io/louisiana-2020/?address=A9046","Female","Pancreas","05yrs","East Baton Rouge","Baton Rouge, Merrydale",15.906,15.111,16.701,16475,"","","",145884,15.775,14.986,16.564,62111,26.75,90.42,86.11,0.01
"A9046","https://nci-naaccr-zone-design.github.io/louisiana-2020/?address=A9046","Male","Pancreas","05yrs","East Baton Rouge","Baton Rouge, Merrydale",17.314,16.448,18.179,15092,"","","",122435,12.73,12.093,13.366,62111,26.75,90.42,86.11,0.01
"A9046","https://nci-naaccr-zone-design.github.io/louisiana-2020/?address=A9046","Both","Leuks","05yrs","East Baton Rouge","Baton Rouge, Merrydale",12.786,12.146,13.425,31567,14.818,14.077,15.559,268319,13.257,12.594,13.919,62111,26.75,90.42,86.11,0.01
"A9046","https://nci-naaccr-zone-design.github.io/louisiana-2020/?address=A9046","Female","Leuks","05yrs","East Baton Rouge","Baton Rouge, Merrydale",13.274,12.61,13.938,16475,"","","",145884,11.229,10.667,11.79,62111,26.75,90.42,86.11,0.01
"A9046","https://nci-naaccr-zone-design.github.io/louisiana-2020/?address=A9046","Male","Leuks","05yrs","East Baton Rouge","Baton Rouge, Merrydale",10.854,10.312,11.397,15092,"","","",122435,14.228,13.516,14.939,62111,26.75,90.42,86.11,0.01
"A9046","https://nci-naaccr-zone-design.github.io/louisiana-2020/?address=A9046","Both","Oral","05yrs","East Baton Rouge","Baton Rouge, Merrydale",16.003,15.202,16.803,31567,10.384,9.864,10.903,268319,9.798,9.308,10.288,62111,26.75,90.42,86.11,0.01
"A9046","https://nci-naaccr-zone-design.github.io/louisiana-2020/?address=A9046","Female","Oral","05yrs","East Baton Rouge","Baton Rouge, Merrydale",2.699,2.565,2.834,16475,"","","",145884,4.099,3.894,4.304,62111,26.75,90.42,86.11,0.01
"A9046","https://nci-naaccr-zone-design.github.io/louisiana-2020/?address=A9046","Male","Oral","05yrs","East Baton Rouge","Baton Rouge, Merrydale",28.243,26.831,29.656,15092,22.973,21.825,24.122,122435,14.135,13.429,14.842,62111,26.75,90.42,86.11,0.01
"A9046","https://nci-naaccr-zone-design.github.io/louisiana-2020/?address=A9046","Both","Thyroid","05yrs","East Baton Rouge","Baton Rouge, Merrydale",8.788,8.349,9.227,31567,13.013,12.362,13.663,268319,12.098,11.493,12.703,62111,26.75,90.42,86.11,0.01
"A9046","https://nci-naaccr-zone-design.github.io/louisiana-2020/?address=A9046","Female","Thyroid","05yrs","East Baton Rouge","Baton Rouge, Merrydale",16.989,16.14,17.839,16475,24.279,23.066,25.493,145884,25.198,23.938,26.457,62111,26.75,90.42,86.11,0.01
"A9046","https://nci-naaccr-zone-design.github.io/louisiana-2020/?address=A9046","Male","Thyroid","05yrs","East Baton Rouge","Baton Rouge, Merrydale",3.426,3.254,3.597,15092,"","","",122435,2.542,2.415,2.669,62111,26.75,90.42,86.11,0.01
"A9046","https://nci-naaccr-zone-design.github.io/louisiana-2020/?address=A9046","Female","Uterine","05yrs","East Baton Rouge","Baton Rouge, Merrydale",20.609,19.579,21.64,16475,19.375,18.407,20.344,145884,23.654,22.472,24.837,62111,26.75,90.42,86.11,0.01
"A9046","https://nci-naaccr-zone-design.github.io/louisiana-2020/?address=A9046","Both","Liver","05yrs","East Baton Rouge","Baton Rouge, Merrydale",12.585,11.955,13.214,31567,12.942,12.295,13.589,268319,5.744,5.456,6.031,62111,26.75,90.42,86.11,0.01
"A9046","https://nci-naaccr-zone-design.github.io/louisiana-2020/?address=A9046","Female","Liver","05yrs","East Baton Rouge","Baton Rouge, Merrydale",6.664,6.33,6.997,16475,"","","",145884,3.094,2.939,3.248,62111,26.75,90.42,86.11,0.01
"A9046","https://nci-naaccr-zone-design.github.io/louisiana-2020/?address=A9046","Male","Liver","05yrs","East Baton Rouge","Baton Rouge, Merrydale",12.18,11.571,12.789,15092,"","","",122435,14.919,14.173,15.664,62111,26.75,90.42,86.11,0.01
"A9046","https://nci-naaccr-zone-design.github.io/louisiana-2020/?address=A9046","Both","Stomach","05yrs","East Baton Rouge","Baton Rouge, Merrydale",4.541,4.314,4.768,31567,"","","",268319,8.438,8.016,8.86,62111,26.75,90.42,86.11,0.01
"A9046","https://nci-naaccr-zone-design.github.io/louisiana-2020/?address=A9046","Female","Stomach","05yrs","East Baton Rouge","Baton Rouge, Merrydale",3.965,3.767,4.164,16475,"","","",145884,5.414,5.143,5.685,62111,26.75,90.42,86.11,0.01
"A9046","https://nci-naaccr-zone-design.github.io/louisiana-2020/?address=A9046","Male","Stomach","05yrs","East Baton Rouge","Baton Rouge, Merrydale",12.214,11.603,12.824,15092,"","","",122435,14.183,13.474,14.892,62111,26.75,90.42,86.11,0.01
"A9046","https://nci-naaccr-zone-design.github.io/louisiana-2020/?address=A9046","Both","Myeloma","05yrs","East Baton Rouge","Baton Rouge, Merrydale",11.974,11.375,12.572,31567,"","","",268319,11.379,10.81,11.948,62111,26.75,90.42,86.11,0.01
"A9046","https://nci-naaccr-zone-design.github.io/louisiana-2020/?address=A9046","Female","Myeloma","05yrs","East Baton Rouge","Baton Rouge, Merrydale",10.882,10.338,11.426,16475,"","","",145884,4.885,4.64,5.129,62111,26.75,90.42,86.11,0.01
"A9046","https://nci-naaccr-zone-design.github.io/louisiana-2020/?address=A9046","Male","Myeloma","05yrs","East Baton Rouge","Baton Rouge, Merrydale",17.057,16.204,17.909,15092,"","","",122435,7.801,7.41,8.191,62111,26.75,90.42,86.11,0.01
"A9046","https://nci-naaccr-zone-design.github.io/louisiana-2020/?address=A9046","Both","Brain","05yrs","East Baton Rouge","Baton Rouge, Merrydale",3.462,3.289,3.635,31567,"","","",268319,7.252,6.889,7.614,62111,26.75,90.42,86.11,0.01
"A9046","https://nci-naaccr-zone-design.github.io/louisiana-2020/?address=A9046","Female","Brain","05yrs","East Baton Rouge","Baton Rouge, Merrydale",6.822,6.481,7.163,16475,"","","",145884,3.517,3.341,3.693,62111,26.75,90.42,86.11,0.01
"A9046","https://nci-naaccr-zone-design.github.io/louisiana-2020/?address=A9046","Male","Brain","05yrs","East Baton Rouge","Baton Rouge, Merrydale",9.285,8.821,9.749,15092,"","","",122435,4.189,3.979,4.398,62111,26.75,90.42,86.11,0.01
"A9046","https://nci-naaccr-zone-design.github.io/louisiana-2020/?address=A9046","Both","Larynx","05yrs","East Baton Rouge","Baton Rouge, Merrydale",6.456,6.133,6.779,31567,"","","",268319,4.764,4.526,5.002,62111,26.75,90.42,86.11,0.01
"A9046","https://nci-naaccr-zone-design.github.io/louisiana-2020/?address=A9046","Female","Larynx","05yrs","East Baton Rouge","Baton Rouge, Merrydale","","","",16475,"","","",145884,"","","",62111,26.75,90.42,86.11,0.01
"A9046","https://nci-naaccr-zone-design.github.io/louisiana-2020/?address=A9046","Male","Larynx","05yrs","East Baton Rouge","Baton Rouge, Merrydale",7.415,7.045,7.786,15092,"","","",122435,13.716,13.03,14.402,62111,26.75,90.42,86.11,0.01
"A9046","https://nci-naaccr-zone-design.github.io/louisiana-2020/?address=A9046","Female","Ovary","05yrs","East Baton Rouge","Baton Rouge, Merrydale",8.542,8.115,8.969,16475,"","","",145884,7.19,6.831,7.55,62111,26.75,90.42,86.11,0.01
"A9046","https://nci-naaccr-zone-design.github.io/louisiana-2020/?address=A9046","Both","Esoph","05yrs","East Baton Rouge","Baton Rouge, Merrydale",7.059,6.706,7.412,31567,"","","",268319,7.227,6.866,7.588,62111,26.75,90.42,86.11,0.01
"A9046","https://nci-naaccr-zone-design.github.io/louisiana-2020/?address=A9046","Female","Esoph","05yrs","East Baton Rouge","Baton Rouge, Merrydale",3.982,3.783,4.181,16475,"","","",145884,2.172,2.064,2.281,62111,26.75,90.42,86.11,0.01
"A9046","https://nci-naaccr-zone-design.github.io/louisiana-2020/?address=A9046","Male","Esoph","05yrs","East Baton Rouge","Baton Rouge, Merrydale",7.438,7.066,7.81,15092,"","","",122435,5.633,5.351,5.914,62111,26.75,90.42,86.11,0.01
"A9046","https://nci-naaccr-zone-design.github.io/louisiana-2020/?address=A9046","Both","AllSite","10yrs","East Baton Rouge","Baton Rouge, Merrydale",512.193,486.583,537.802,70274,483.751,459.563,507.938,531569,469.574,446.095,493.053,62111,26.75,90.42,86.11,0.01
"A9046","https://nci-naaccr-zone-design.github.io/louisiana-2020/?address=A9046","Female","AllSite","10yrs","East Baton Rouge","Baton Rouge, Merrydale",435.374,413.605,457.143,36797,386.982,367.633,406.331,288929,381.826,362.735,400.918,62111,26.75,90.42,86.11,0.01
"A9046","https://nci-naaccr-zone-design.github.io/louisiana-2020/?address=A9046","Male","AllSite","10yrs","East Baton Rouge","Baton Rouge, Merrydale",548.346,520.929,575.764,33477,605.12,574.864,635.376,242640,605.703,575.418,635.988,62111,26.75,90.42,86.11,0.01
"A9046","https://nci-naaccr-zone-design.github.io/louisiana-2020/?address=A9046","Male","Prostate","10yrs","East Baton Rouge","Baton Rouge, Merrydale",139.457,132.484,146.43,33477,154.167,146.459,161.876,242640,126.302,119.987,132.617,62111,26.75,90.42,86.11,0.01
"A9046","https://nci-naaccr-zone-design.github.io/louisiana-2020/?address=A9046","Both","Lung","10yrs","East Baton Rouge","Baton Rouge, Merrydale",46.187,43.877,48.496,70274,46.741,44.404,49.079,531569,59.123,56.167,62.08,62111,26.75,90.42,86.11,0.01
"A9046","https://nci-naaccr-zone-design.github.io/louisiana-2020/?address=A9046","Female","Lung","10yrs","East Baton Rouge","Baton Rouge, Merrydale",55.153,52.396,57.911,36797,42.333,40.217,44.45,288929,39.899,37.904,41.894,62111,26.75,90.42,86.11,0.01
"A9046","https://nci-naaccr-zone-design.github.io/louisiana-2020/?address=A9046","Male","Lung","10yrs","East Baton Rouge","Baton Rouge, Merrydale",105.615,100.334,110.896,33477,57.201,54.341,60.061,242640,66.981,63.632,70.33,62111,26.75,90.42,86.11,0.01
"A9046","https://nci-naaccr-zone-design.github.io/louisiana-2020/?address=A9046","Female","Breast","10yrs","East Baton Rouge","Baton Rouge, Merrydale",115.138,109.381,120.894,36797,127.829,121.438,134.221,288929,98.773,93.835,103.712,62111,26.75,90.42,86.11,0.01
"A9046","https://nci-naaccr-zone-design.github.io/louisiana-2020/?address=A9046","Both","CRC","10yrs","East Baton Rouge","Baton Rouge, Merrydale",39.925,37.929,41.921,70274,47.581,45.202,49.96,531569,36.707,34.872,38.543,62111,26.75,90.42,86.11,0.01
"A9046","https://nci-naaccr-zone-design.github.io/louisiana-2020/?address=A9046","Female","CRC","10yrs","East Baton Rouge","Baton Rouge, Merrydale",44.13,41.923,46.336,36797,47.601,45.221,49.982,288929,51.034,48.482,53.585,62111,26.75,90.42,86.11,0.01
"A9046","https://nci-naaccr-zone-design.github.io/louisiana-2020/?address=A9046","Male","CRC","10yrs","East Baton Rouge","Baton Rouge, Merrydale",59.038,56.086,61.99,33477,58.875,55.931,61.818,242640,46.509,44.184,48.835,62111,26.75,90.42,86.11,0.01
"A9046","https://nci-naaccr-zone-design.github.io/louisiana-2020/?address=A9046","Both","Kidney","10yrs","East Baton Rouge","Baton Rouge, Merrydale",20.5,19.475,21.525,70274,15.453,14.68,16.226,531569,18.816,17.875,19.757,62111,26.75,90.42,86.11,0.01
"A9046","https://nci-naaccr-zone-design.github.io/louisiana-2020/?address=A9046","Female","Kidney","10yrs","East Baton Rouge","Baton Rouge, Merrydale",10.962,10.414,11.51,36797,15.717,14.931,16.503,288929,22.039,20.937,23.141,62111,26.75,90.42,86.11,0.01
"A9046","https://nci-naaccr-zone-design.github.io/louisiana-2020/?address=A9046","Male","Kidney","10yrs","East Baton Rouge","Baton Rouge, Merrydale",22.68,21.546,23.814,33477,17.177,16.318,18.036,242640,24.11,22.905,25.316,62111,26.75,90.42,86.11,0.01
"A9046","https://nci-naaccr-zone-design.github.io/louisiana-2020/?address=A9046","Both","NHL","10yrs","East Baton Rouge","Baton Rouge, Merrydale",15.563,14.785,16.341,70274,14.019,13.318,14.72,531569,23.864,22.671,25.057,62111,26.75,90.42,86.11,0.01
"A9046","https://nci-naaccr-zone-design.github.io/louisiana-2020/?address=A9046","Female","NHL","10yrs","East Baton Rouge","Baton Rouge, Merrydale",23.382,22.213,24.551,36797,20.46,19.437,21.483,288929,23.048,21.895,24.2,62111,26.75,90.42,86.11,0.01
"A9046","https://nci-naaccr-zone-design.github.io/louisiana-2020/?address=A9046","Male","NHL","10yrs","East Baton Rouge","Baton Rouge, Merrydale",23.845,22.652,25.037,33477,19.617,18.636,20.598,242640,20.404,19.384,21.424,62111,26.75,90.42,86.11,0.01
"A9046","https://nci-naaccr-zone-design.github.io/louisiana-2020/?address=A9046","Both","Urinary","10yrs","East Baton Rouge","Baton Rouge, Merrydale",18.853,17.911,19.796,70274,17.669,16.786,18.553,531569,13.631,12.95,14.313,62111,26.75,90.42,86.11,0.01
"A9046","https://nci-naaccr-zone-design.github.io/louisiana-2020/?address=A9046","Female","Urinary","10yrs","East Baton Rouge","Baton Rouge, Merrydale",4.62,4.389,4.851,36797,12.953,12.306,13.601,288929,9.505,9.03,9.981,62111,26.75,90.42,86.11,0.01
"A9046","https://nci-naaccr-zone-design.github.io/louisiana-2020/?address=A9046","Male","Urinary","10yrs","East Baton Rouge","Baton Rouge, Merrydale",37.512,35.636,39.388,33477,19.23,18.268,20.191,242640,37.13,35.273,38.986,62111,26.75,90.42,86.11,0.01
"A9046","https://nci-naaccr-zone-design.github.io/louisiana-2020/?address=A9046","Both","Mela","10yrs","East Baton Rouge","Baton Rouge, Merrydale",6.826,6.485,7.167,70274,27.865,26.472,29.259,531569,27.993,26.593,29.392,62111,26.75,90.42,86.11,0.01
"A9046","https://nci-naaccr-zone-design.github.io/louisiana-2020/?address=A9046","Female","Mela","10yrs","East Baton Rouge","Baton Rouge, Merrydale",9.088,8.634,9.543,36797,11.706,11.121,12.291,288929,11.434,10.862,12.006,62111,26.75,90.42,86.11,0.01
"A9046","https://nci-naaccr-zone-design.github.io/louisiana-2020/?address=A9046","Male","Mela","10yrs","East Baton Rouge","Baton Rouge, Merrydale",30.628,29.097,32.16,33477,37.839,35.947,39.731,242640,6.948,6.601,7.296,62111,26.75,90.42,86.11,0.01
"A9046","https://nci-naaccr-zone-design.github.io/louisiana-2020/?address=A9046","Both","Pancreas","10yrs","East Baton Rouge","Baton Rouge, Merrydale",11.98,11.381,12.579,70274,16.788,15.949,17.628,531569,14.963,14.215,15.711,62111,26.75,90.42,86.11,0.01
"A9046","https://nci-naaccr-zone-design.github.io/louisiana-2020/?address=A9046","Female","Pancreas","10yrs","East Baton Rouge","Baton Rouge, Merrydale",9.76,9.272,10.248,36797,12.509,11.884,13.134,288929,13.162,12.504,13.82,62111,26.75,90.42,86.11,0.01
"A9046","https://nci-naaccr-zone-design.github.io/louisiana-2020/?address=A9046","Male","Pancreas","10yrs","East Baton Rouge","Baton Rouge, Merrydale",14.368,13.65,15.087,33477,19.741,18.754,20.728,242640,20.059,19.056,21.062,62111,26.75,90.42,86.11,0.01
"A9046","https://nci-naaccr-zone-design.github.io/louisiana-2020/?address=A9046","Both","Leuks","10yrs","East Baton Rouge","Baton Rouge, Merrydale",11.673,11.089,12.257,70274,9.279,8.815,9.743,531569,11.822,11.231,12.413,62111,26.75,90.42,86.11,0.01
"A9046","https://nci-naaccr-zone-design.github.io/louisiana-2020/?address=A9046","Female","Leuks","10yrs","East Baton Rouge","Baton Rouge, Merrydale",13.538,12.861,14.215,36797,12.643,12.01,13.275,288929,8.115,7.709,8.52,62111,26.75,90.42,86.11,0.01
"A9046","https://nci-naaccr-zone-design.github.io/louisiana-2020/?address=A9046","Male","Leuks","10yrs","East Baton Rouge","Baton Rouge, Merrydale",14.533,13.806,15.259,33477,22.157,21.049,23.264,242640,16.055,15.252,16.858,62111,26.75,90.42,86.11,0.01
"A9046","https://nci-naaccr-zone-design.github.io/louisiana-2020/?address=A9046","Both","Oral","10yrs","East Baton Rouge","Baton Rouge, Merrydale",9.83,9.339,10.322,70274,10.534,10.007,11.061,531569,7.274,6.91,7.637,62111,26.75,90.42,86.11,0.01
"A9046","https://nci-naaccr-zone-design.github.io/louisiana-2020/?address=A9046","Female","Oral","10yrs","East Baton Rouge","Baton Rouge, Merrydale",4.481,4.257,4.705,36797,4.297,4.082,4.512,288929,3.178,3.019,3.337,62111,26.75,90.42,86.11,0.01
"A9046","https://nci-naaccr-zone-design.github.io/louisiana-2020/?address=A9046","Male","Oral","10yrs","East Baton Rouge","Baton Rouge, Merrydale",25.155,23.897,26.413,33477,10.166,9.657,10.674,242640,11.58,11.001,12.159,62111,26.75,90.42,86.11,0.01
"A9046","https://nci-naaccr-zone-design.github.io/louisiana-2020/?address=A9046","Both","Thyroid","10yrs","East Baton Rouge","Baton Rouge, Merrydale",15.076,14.322,15.829,70274,7.749,7.361,8.136,531569,17.698,16.813,18.583,62111,26.75,90.42,86.11,0.01
"A9046","https://nci-naaccr-zone-design.github.io/louisiana-2020/?address=A9046","Female","Thyroid","10yrs","East Baton Rouge","Baton Rouge, Merrydale",22.197,21.087,23.307,36797,19.036,18.084,19.988,288929,14.803,14.063,15.543,62111,26.75,90.42,86.11,0.01
"A9046","https://nci-naaccr-zone-design.github.io/louisiana-2020/?address=A9046","Male","Thyroid","10yrs","East Baton Rouge","Baton Rouge, Merrydale",3.079,2.925,3.233,33477,"","","",242640,9.779,9.29,10.268,62111,26.75,90.42,86.11,0.01
"A9046","https://nci-naaccr-zone-design.github.io/louisiana-2020/?address=A9046","Female","Uterine","10yrs","East Baton Rouge","Baton Rouge, Merrydale",16.079,15.275,16.883,36797,13.21,12.55,13.871,288929,25.772,24.483,27.06,62111,26.75,90.42,86.11,0.01
"A9046","https://nci-naaccr-zone-design.github.io/louisiana-2020/?address=A9046","Both","Liver","10yrs","East Baton Rouge","Baton Rouge, Merrydale",14.879,14.135,15.623,70274,4.866,4.622,5.109,531569,5.764,5.476,6.052,62111,26.75,90.42,86.11,0.01
"A9046","https://nci-naaccr-zone-design.github.io/louisiana-2020/?address=A9046","Female","Liver","10yrs","East Baton Rouge","Baton Rouge, Merrydale",6.68,6.346,7.014,36797,7.327,6.96,7.693,288929,3.015,2.864,3.165,62111,26.75,90.42,86.11,0.01
"A9046","https://nci-naaccr-zone-design.github.io/louisiana-2020/?address=A9046","Male","Liver","10yrs","East Baton Rouge","Baton Rouge, Merrydale",22.665,21.532,23.799,33477,13.231,12.57,13.893,242640,7.635,7.254,8.017,62111,26.75,90.42,86.11,0.01
"A9046","https://nci-naaccr-zone-design.github.io/louisiana-2020/?address=A9046","Both","Stomach","10yrs","East Baton Rouge","Baton Rouge, Merrydale",4.524,4.298,4.75,70274,6.201,5.891,6.512,531569,6.39,6.071,6.71,62111,26.75,90.42,86.11,0.01
"A9046","https://nci-naaccr-zone-design.github.io/louisiana-2020/?address=A9046","Female","Stomach","10yrs","East Baton Rouge","Baton Rouge, Merrydale",7.417,7.046,7.787,36797,"","","",288929,5.648,5.365,5.93,62111,26.75,90.42,86.11,0.01
"A9046","https://nci-naaccr-zone-design.github.io/louisiana-2020/?address=A9046","Male","Stomach","10yrs","East Baton Rouge","Baton Rouge, Merrydale",13.528,12.851,14.204,33477,10.038,9.536,10.54,242640,13.168,12.509,13.826,62111,26.75,90.42,86.11,0.01
"A9046","https://nci-naaccr-zone-design.github.io/louisiana-2020/?address=A9046","Both","Myeloma","10yrs","East Baton Rouge","Baton Rouge, Merrydale",10.832,10.29,11.373,70274,6.186,5.877,6.495,531569,13.927,13.231,14.624,62111,26.75,90.42,86.11,0.01
"A9046","https://nci-naaccr-zone-design.github.io/louisiana-2020/?address=A9046","Female","Myeloma","10yrs","East Baton Rouge","Baton Rouge, Merrydale",6.304,5.988,6.619,36797,"","","",288929,6.111,5.805,6.416,62111,26.75,90.42,86.11,0.01
"A9046","https://nci-naaccr-zone-design.github.io/louisiana-2020/?address=A9046","Male","Myeloma","10yrs","East Baton Rouge","Baton Rouge, Merrydale",11.684,11.1,12.268,33477,16.52,15.694,17.346,242640,14.993,14.243,15.743,62111,26.75,90.42,86.11,0.01
"A9046","https://nci-naaccr-zone-design.github.io/louisiana-2020/?address=A9046","Both","Brain","10yrs","East Baton Rouge","Baton Rouge, Merrydale",5.956,5.658,6.254,70274,8.456,8.034,8.879,531569,3.826,3.635,4.018,62111,26.75,90.42,86.11,0.01
"A9046","https://nci-naaccr-zone-design.github.io/louisiana-2020/?address=A9046","Female","Brain","10yrs","East Baton Rouge","Baton Rouge, Merrydale",4.718,4.482,4.953,36797,8.026,7.625,8.428,288929,7.633,7.252,8.015,62111,26.75,90.42,86.11,0.01
"A9046","https://nci-naaccr-zone-design.github.io/louisiana-2020/?address=A9046","Male","Brain","10yrs","East Baton Rouge","Baton Rouge, Merrydale",5.821,5.53,6.112,33477,6.817,6.476,7.158,242640,8.049,7.647,8.452,62111,26.75,90.42,86.11,0.01
"A9046","https://nci-naaccr-zone-design.github.io/louisiana-2020/?address=A9046","Both","Larynx","10yrs","East Baton Rouge","Baton Rouge, Merrydale",8.846,8.404,9.288,70274,6.108,5.803,6.414,531569,8.684,8.25,9.118,62111,26.75,90.42,86.11,0.01
"A9046","https://nci-naaccr-zone-design.github.io/louisiana-2020/?address=A9046","Female","Larynx","10yrs","East Baton Rouge","Baton Rouge, Merrydale",1.492,1.418,1.567,36797,"","","",288929,4.029,3.828,4.231,62111,26.75,90.42,86.11,0.01
"A9046","https://nci-naaccr-zone-design.github.io/louisiana-2020/?address=A9046","Male","Larynx","10yrs","East Baton Rouge","Baton Rouge, Merrydale",13.629,12.948,14.311,33477,10.155,9.647,10.663,242640,7.073,6.719,7.426,62111,26.75,90.42,86.11,0.01
"A9046","https://nci-naaccr-zone-design.github.io/louisiana-2020/?address=A9046","Female","Ovary","10yrs","East Baton Rouge","Baton Rouge, Merrydale",9.917,9.421,10.412,36797,13.306,12.64,13.971,288929,9.888,9.394,10.383,62111,26.75,90.42,86.11,0.01
"A9046","https://nci-naaccr-zone-design.github.io/louisiana-2020/?address=A9046","Both","Esoph","10yrs","East Baton Rouge","Baton Rouge, Merrydale",5.767,5.479,6.055,70274,5.949,5.652,6.247,531569,5.285,5.021,5.549,62111,26.75,90.42,86.11,0.01
"A9046","https://nci-naaccr-zone-design.github.io/louisiana-2020/?address=A9046","Female","Esoph","10yrs","East Baton Rouge","Baton Rouge, Merrydale",0.971,0.922,1.02,36797,"","","",288929,1.025,0.973,1.076,62111,26.75,90.42,86.11,0.01
"A9046","https://nci-naaccr-zone-design.github.io/louisiana-2020/?address=A9046","Male","Esoph","10yrs","East Baton Rouge","Baton Rouge, Merrydale",12.366,11.748,12.984,33477,10.305,9.79,10.82,242640,10.466,9.943,10.989,62111,26.75,90.42,86.11,0.01
