"Zone","URL","Sex","Cancer","Years","Counties","Places","AAIR","LCI","UCI","White_PopTot","White_AAIR","White_LCI","White_UCI","Black_PopTot","Black_AAIR","Black_LCI","Black_UCI","TotalPop","Pct100Pov","PctMinority","PctBlackNH","PctRural"
"A9017","https://nci-naaccr-zone-design.github.io/louisiana-2020/?address=A9017","Both","AllSite","05yrs","Caddo","Shreveport, Vivian, Blanchard",459.895,436.9,482.89,138925,441.116,419.06,463.172,166179,485.708,461.422,509.993,63020,28.11,56.95,53.34,30.69
"A9017","https://nci-naaccr-zone-design.github.io/louisiana-2020/?address=A9017","Female","AllSite","05yrs","Caddo","Shreveport, Vivian, Blanchard",378.038,359.136,396.94,69394,365.461,347.188,383.734,87644,418.984,398.034,439.933,63020,28.11,56.95,53.34,30.69
"A9017","https://nci-naaccr-zone-design.github.io/louisiana-2020/?address=A9017","Male","AllSite","05yrs","Caddo","Shreveport, Vivian, Blanchard",597.824,567.932,627.715,69531,646.208,613.897,678.518,78534,573.911,545.215,602.606,63020,28.11,56.95,53.34,30.69
"A9017","https://nci-naaccr-zone-design.github.io/louisiana-2020/?address=A9017","Male","Prostate","05yrs","Caddo","Shreveport, Vivian, Blanchard",197.517,187.641,207.393,69531,162.811,154.671,170.952,78534,186.771,177.432,196.109,63020,28.11,56.95,53.34,30.69
"A9017","https://nci-naaccr-zone-design.github.io/louisiana-2020/?address=A9017","Both","Lung","05yrs","Caddo","Shreveport, Vivian, Blanchard",53.616,50.935,56.297,138925,67.814,64.424,71.205,166179,80.817,76.776,84.858,63020,28.11,56.95,53.34,30.69
"A9017","https://nci-naaccr-zone-design.github.io/louisiana-2020/?address=A9017","Female","Lung","05yrs","Caddo","Shreveport, Vivian, Blanchard",57.451,54.578,60.323,69394,72.144,68.537,75.751,87644,54.347,51.63,57.064,63020,28.11,56.95,53.34,30.69
"A9017","https://nci-naaccr-zone-design.github.io/louisiana-2020/?address=A9017","Male","Lung","05yrs","Caddo","Shreveport, Vivian, Blanchard",103.049,97.896,108.201,69531,80.753,76.715,84.79,78534,68.055,64.652,71.457,63020,28.11,56.95,53.34,30.69
"A9017","https://nci-naaccr-zone-design.github.io/louisiana-2020/?address=A9017","Female","Breast","05yrs","Caddo","Shreveport, Vivian, Blanchard",126.022,119.721,132.323,69394,101.514,96.438,106.589,87644,109.55,104.073,115.028,63020,28.11,56.95,53.34,30.69
"A9017","https://nci-naaccr-zone-design.github.io/louisiana-2020/?address=A9017","Both","CRC","05yrs","Caddo","Shreveport, Vivian, Blanchard",57.832,54.94,60.724,138925,38.375,36.456,40.294,166179,54.653,51.921,57.386,63020,28.11,56.95,53.34,30.69
"A9017","https://nci-naaccr-zone-design.github.io/louisiana-2020/?address=A9017","Female","CRC","05yrs","Caddo","Shreveport, Vivian, Blanchard",36.646,34.814,38.479,69394,52.912,50.266,55.558,87644,31.52,29.944,33.096,63020,28.11,56.95,53.34,30.69
"A9017","https://nci-naaccr-zone-design.github.io/louisiana-2020/?address=A9017","Male","CRC","05yrs","Caddo","Shreveport, Vivian, Blanchard",38.85,36.907,40.792,69531,49.718,47.232,52.203,78534,61.874,58.78,64.967,63020,28.11,56.95,53.34,30.69
"A9017","https://nci-naaccr-zone-design.github.io/louisiana-2020/?address=A9017","Both","Kidney","05yrs","Caddo","Shreveport, Vivian, Blanchard",22.367,21.249,23.485,138925,19.232,18.27,20.193,166179,23.103,21.948,24.259,63020,28.11,56.95,53.34,30.69
"A9017","https://nci-naaccr-zone-design.github.io/louisiana-2020/?address=A9017","Female","Kidney","05yrs","Caddo","Shreveport, Vivian, Blanchard",11.061,10.508,11.614,69394,12.625,11.993,13.256,87644,15.876,15.082,16.67,63020,28.11,56.95,53.34,30.69
"A9017","https://nci-naaccr-zone-design.github.io/louisiana-2020/?address=A9017","Male","Kidney","05yrs","Caddo","Shreveport, Vivian, Blanchard",18.152,17.245,19.06,69531,36.609,34.779,38.44,78534,36.605,34.775,38.436,63020,28.11,56.95,53.34,30.69
"A9017","https://nci-naaccr-zone-design.github.io/louisiana-2020/?address=A9017","Both","NHL","05yrs","Caddo","Shreveport, Vivian, Blanchard",23.646,22.464,24.828,138925,14.42,13.699,15.141,166179,15.573,14.794,16.351,63020,28.11,56.95,53.34,30.69
"A9017","https://nci-naaccr-zone-design.github.io/louisiana-2020/?address=A9017","Female","NHL","05yrs","Caddo","Shreveport, Vivian, Blanchard",10.865,10.322,11.409,69394,22.903,21.758,24.049,87644,10.338,9.821,10.855,63020,28.11,56.95,53.34,30.69
"A9017","https://nci-naaccr-zone-design.github.io/louisiana-2020/?address=A9017","Male","NHL","05yrs","Caddo","Shreveport, Vivian, Blanchard",21.016,19.966,22.067,69531,17.212,16.351,18.073,78534,25.359,24.091,26.627,63020,28.11,56.95,53.34,30.69
"A9017","https://nci-naaccr-zone-design.github.io/louisiana-2020/?address=A9017","Both","Urinary","05yrs","Caddo","Shreveport, Vivian, Blanchard",20.11,19.105,21.116,138925,19.536,18.56,20.513,166179,12.717,12.082,13.353,63020,28.11,56.95,53.34,30.69
"A9017","https://nci-naaccr-zone-design.github.io/louisiana-2020/?address=A9017","Female","Urinary","05yrs","Caddo","Shreveport, Vivian, Blanchard",6.687,6.353,7.021,69394,12.795,12.155,13.434,87644,9.548,9.071,10.026,63020,28.11,56.95,53.34,30.69
"A9017","https://nci-naaccr-zone-design.github.io/louisiana-2020/?address=A9017","Male","Urinary","05yrs","Caddo","Shreveport, Vivian, Blanchard",31.856,30.263,33.449,69531,34.78,33.041,36.519,78534,31.14,29.583,32.697,63020,28.11,56.95,53.34,30.69
"A9017","https://nci-naaccr-zone-design.github.io/louisiana-2020/?address=A9017","Both","Mela","05yrs","Caddo","Shreveport, Vivian, Blanchard",16.803,15.963,17.643,138925,19.03,18.079,19.982,166179,6.364,6.045,6.682,63020,28.11,56.95,53.34,30.69
"A9017","https://nci-naaccr-zone-design.github.io/louisiana-2020/?address=A9017","Female","Mela","05yrs","Caddo","Shreveport, Vivian, Blanchard",15.05,14.297,15.802,69394,11.644,11.061,12.226,87644,11.868,11.274,12.461,63020,28.11,56.95,53.34,30.69
"A9017","https://nci-naaccr-zone-design.github.io/louisiana-2020/?address=A9017","Male","Mela","05yrs","Caddo","Shreveport, Vivian, Blanchard",20.141,19.134,21.148,69531,29.748,28.261,31.236,78534,39.175,37.216,41.134,63020,28.11,56.95,53.34,30.69
"A9017","https://nci-naaccr-zone-design.github.io/louisiana-2020/?address=A9017","Both","Pancreas","05yrs","Caddo","Shreveport, Vivian, Blanchard",16.342,15.525,17.159,138925,16.47,15.647,17.294,166179,18.212,17.301,19.123,63020,28.11,56.95,53.34,30.69
"A9017","https://nci-naaccr-zone-design.github.io/louisiana-2020/?address=A9017","Female","Pancreas","05yrs","Caddo","Shreveport, Vivian, Blanchard",14.379,13.66,15.098,69394,12.662,12.029,13.296,87644,14.328,13.612,15.044,63020,28.11,56.95,53.34,30.69
"A9017","https://nci-naaccr-zone-design.github.io/louisiana-2020/?address=A9017","Male","Pancreas","05yrs","Caddo","Shreveport, Vivian, Blanchard",15.361,14.593,16.129,69531,9.61,9.129,10.09,78534,18.999,18.049,19.949,63020,28.11,56.95,53.34,30.69
"A9017","https://nci-naaccr-zone-design.github.io/louisiana-2020/?address=A9017","Both","Leuks","05yrs","Caddo","Shreveport, Vivian, Blanchard",10.215,9.704,10.725,138925,10.18,9.671,10.689,166179,13.522,12.846,14.198,63020,28.11,56.95,53.34,30.69
"A9017","https://nci-naaccr-zone-design.github.io/louisiana-2020/?address=A9017","Female","Leuks","05yrs","Caddo","Shreveport, Vivian, Blanchard",12.698,12.063,13.333,69394,12.854,12.211,13.496,87644,7.812,7.421,8.202,63020,28.11,56.95,53.34,30.69
"A9017","https://nci-naaccr-zone-design.github.io/louisiana-2020/?address=A9017","Male","Leuks","05yrs","Caddo","Shreveport, Vivian, Blanchard",10.765,10.227,11.303,69531,25.854,24.562,27.147,78534,24.562,23.334,25.791,63020,28.11,56.95,53.34,30.69
"A9017","https://nci-naaccr-zone-design.github.io/louisiana-2020/?address=A9017","Both","Oral","05yrs","Caddo","Shreveport, Vivian, Blanchard",11.453,10.881,12.026,138925,14.604,13.874,15.335,166179,14.638,13.906,15.37,63020,28.11,56.95,53.34,30.69
"A9017","https://nci-naaccr-zone-design.github.io/louisiana-2020/?address=A9017","Female","Oral","05yrs","Caddo","Shreveport, Vivian, Blanchard",8.388,7.968,8.807,69394,7.509,7.133,7.884,87644,"","","",63020,28.11,56.95,53.34,30.69
"A9017","https://nci-naaccr-zone-design.github.io/louisiana-2020/?address=A9017","Male","Oral","05yrs","Caddo","Shreveport, Vivian, Blanchard",23.824,22.633,25.015,69531,20.498,19.473,21.523,78534,16.937,16.09,17.784,63020,28.11,56.95,53.34,30.69
"A9017","https://nci-naaccr-zone-design.github.io/louisiana-2020/?address=A9017","Both","Thyroid","05yrs","Caddo","Shreveport, Vivian, Blanchard",11.892,11.297,12.486,138925,10.355,9.837,10.873,166179,15.131,14.374,15.887,63020,28.11,56.95,53.34,30.69
"A9017","https://nci-naaccr-zone-design.github.io/louisiana-2020/?address=A9017","Female","Thyroid","05yrs","Caddo","Shreveport, Vivian, Blanchard",14.018,13.317,14.719,69394,20.001,19.001,21.001,87644,17.199,16.339,18.059,63020,28.11,56.95,53.34,30.69
"A9017","https://nci-naaccr-zone-design.github.io/louisiana-2020/?address=A9017","Male","Thyroid","05yrs","Caddo","Shreveport, Vivian, Blanchard",9.102,8.646,9.557,69531,8.3,7.885,8.715,78534,7.778,7.389,8.167,63020,28.11,56.95,53.34,30.69
"A9017","https://nci-naaccr-zone-design.github.io/louisiana-2020/?address=A9017","Female","Uterine","05yrs","Caddo","Shreveport, Vivian, Blanchard",19.943,18.946,20.941,69394,16.834,15.993,17.676,87644,18.06,17.157,18.963,63020,28.11,56.95,53.34,30.69
"A9017","https://nci-naaccr-zone-design.github.io/louisiana-2020/?address=A9017","Both","Liver","05yrs","Caddo","Shreveport, Vivian, Blanchard",8.327,7.911,8.744,138925,9.127,8.671,9.584,166179,5.569,5.29,5.847,63020,28.11,56.95,53.34,30.69
"A9017","https://nci-naaccr-zone-design.github.io/louisiana-2020/?address=A9017","Female","Liver","05yrs","Caddo","Shreveport, Vivian, Blanchard",6.598,6.268,6.928,69394,"","","",87644,4.47,4.246,4.693,63020,28.11,56.95,53.34,30.69
"A9017","https://nci-naaccr-zone-design.github.io/louisiana-2020/?address=A9017","Male","Liver","05yrs","Caddo","Shreveport, Vivian, Blanchard",22.271,21.157,23.384,69531,19.474,18.5,20.448,78534,13.172,12.514,13.831,63020,28.11,56.95,53.34,30.69
"A9017","https://nci-naaccr-zone-design.github.io/louisiana-2020/?address=A9017","Both","Stomach","05yrs","Caddo","Shreveport, Vivian, Blanchard",6.974,6.625,7.323,138925,6.009,5.708,6.309,166179,6.992,6.642,7.341,63020,28.11,56.95,53.34,30.69
"A9017","https://nci-naaccr-zone-design.github.io/louisiana-2020/?address=A9017","Female","Stomach","05yrs","Caddo","Shreveport, Vivian, Blanchard",8.028,7.627,8.43,69394,9.825,9.334,10.316,87644,5.639,5.357,5.921,63020,28.11,56.95,53.34,30.69
"A9017","https://nci-naaccr-zone-design.github.io/louisiana-2020/?address=A9017","Male","Stomach","05yrs","Caddo","Shreveport, Vivian, Blanchard",7.098,6.743,7.453,69531,10.052,9.549,10.555,78534,6.317,6.001,6.633,63020,28.11,56.95,53.34,30.69
"A9017","https://nci-naaccr-zone-design.github.io/louisiana-2020/?address=A9017","Both","Myeloma","05yrs","Caddo","Shreveport, Vivian, Blanchard",7.818,7.427,8.209,138925,8.922,8.476,9.368,166179,12.695,12.06,13.33,63020,28.11,56.95,53.34,30.69
"A9017","https://nci-naaccr-zone-design.github.io/louisiana-2020/?address=A9017","Female","Myeloma","05yrs","Caddo","Shreveport, Vivian, Blanchard",7.037,6.686,7.389,69394,10.784,10.245,11.323,87644,7.59,7.211,7.97,63020,28.11,56.95,53.34,30.69
"A9017","https://nci-naaccr-zone-design.github.io/louisiana-2020/?address=A9017","Male","Myeloma","05yrs","Caddo","Shreveport, Vivian, Blanchard",4.943,4.695,5.19,69531,5.117,4.861,5.373,78534,6.499,6.174,6.823,63020,28.11,56.95,53.34,30.69
"A9017","https://nci-naaccr-zone-design.github.io/louisiana-2020/?address=A9017","Both","Brain","05yrs","Caddo","Shreveport, Vivian, Blanchard",4.86,4.617,5.103,138925,6.605,6.275,6.936,166179,5.024,4.773,5.275,63020,28.11,56.95,53.34,30.69
"A9017","https://nci-naaccr-zone-design.github.io/louisiana-2020/?address=A9017","Female","Brain","05yrs","Caddo","Shreveport, Vivian, Blanchard",5.504,5.229,5.78,69394,6.006,5.706,6.307,87644,5.786,5.497,6.075,63020,28.11,56.95,53.34,30.69
"A9017","https://nci-naaccr-zone-design.github.io/louisiana-2020/?address=A9017","Male","Brain","05yrs","Caddo","Shreveport, Vivian, Blanchard",7.176,6.817,7.534,69531,9.03,8.578,9.481,78534,10.57,10.042,11.099,63020,28.11,56.95,53.34,30.69
"A9017","https://nci-naaccr-zone-design.github.io/louisiana-2020/?address=A9017","Both","Larynx","05yrs","Caddo","Shreveport, Vivian, Blanchard",8.163,7.755,8.571,138925,4.709,4.474,4.945,166179,4.597,4.367,4.827,63020,28.11,56.95,53.34,30.69
"A9017","https://nci-naaccr-zone-design.github.io/louisiana-2020/?address=A9017","Female","Larynx","05yrs","Caddo","Shreveport, Vivian, Blanchard",2.522,2.396,2.649,69394,"","","",87644,"","","",63020,28.11,56.95,53.34,30.69
"A9017","https://nci-naaccr-zone-design.github.io/louisiana-2020/?address=A9017","Male","Larynx","05yrs","Caddo","Shreveport, Vivian, Blanchard",14.628,13.897,15.36,69531,15.267,14.503,16.03,78534,13.712,13.026,14.397,63020,28.11,56.95,53.34,30.69
"A9017","https://nci-naaccr-zone-design.github.io/louisiana-2020/?address=A9017","Female","Ovary","05yrs","Caddo","Shreveport, Vivian, Blanchard",7.692,7.307,8.076,69394,15.251,14.488,16.013,87644,10.944,10.397,11.491,63020,28.11,56.95,53.34,30.69
"A9017","https://nci-naaccr-zone-design.github.io/louisiana-2020/?address=A9017","Both","Esoph","05yrs","Caddo","Shreveport, Vivian, Blanchard",7.998,7.598,8.398,138925,6.137,5.83,6.444,166179,5.212,4.951,5.472,63020,28.11,56.95,53.34,30.69
"A9017","https://nci-naaccr-zone-design.github.io/louisiana-2020/?address=A9017","Female","Esoph","05yrs","Caddo","Shreveport, Vivian, Blanchard",3.112,2.957,3.268,69394,"","","",87644,"","","",63020,28.11,56.95,53.34,30.69
"A9017","https://nci-naaccr-zone-design.github.io/louisiana-2020/?address=A9017","Male","Esoph","05yrs","Caddo","Shreveport, Vivian, Blanchard",7.702,7.316,8.087,69531,12.105,11.5,12.711,78534,11.832,11.241,12.424,63020,28.11,56.95,53.34,30.69
"A9017","https://nci-naaccr-zone-design.github.io/louisiana-2020/?address=A9017","Both","AllSite","10yrs","Caddo","Shreveport, Vivian, Blanchard",537.109,510.253,563.964,275072,445.018,422.767,467.269,337339,525.082,498.828,551.337,63020,28.11,56.95,53.34,30.69
"A9017","https://nci-naaccr-zone-design.github.io/louisiana-2020/?address=A9017","Female","AllSite","10yrs","Caddo","Shreveport, Vivian, Blanchard",357.282,339.418,375.146,137444,444.435,422.213,466.657,178143,437.785,415.896,459.674,63020,28.11,56.95,53.34,30.69
"A9017","https://nci-naaccr-zone-design.github.io/louisiana-2020/?address=A9017","Male","AllSite","10yrs","Caddo","Shreveport, Vivian, Blanchard",628.015,596.614,659.416,137628,590.403,560.883,619.923,159196,634.582,602.853,666.312,63020,28.11,56.95,53.34,30.69
"A9017","https://nci-naaccr-zone-design.github.io/louisiana-2020/?address=A9017","Male","Prostate","10yrs","Caddo","Shreveport, Vivian, Blanchard",198.065,188.162,207.968,137628,126.157,119.849,132.465,159196,210.239,199.727,220.751,63020,28.11,56.95,53.34,30.69
"A9017","https://nci-naaccr-zone-design.github.io/louisiana-2020/?address=A9017","Both","Lung","10yrs","Caddo","Shreveport, Vivian, Blanchard",86.451,82.128,90.773,275072,87.57,83.192,91.949,337339,55.263,52.5,58.027,63020,28.11,56.95,53.34,30.69
"A9017","https://nci-naaccr-zone-design.github.io/louisiana-2020/?address=A9017","Female","Lung","10yrs","Caddo","Shreveport, Vivian, Blanchard",67.307,63.942,70.672,137444,51.161,48.603,53.72,178143,46.451,44.128,48.773,63020,28.11,56.95,53.34,30.69
"A9017","https://nci-naaccr-zone-design.github.io/louisiana-2020/?address=A9017","Male","Lung","10yrs","Caddo","Shreveport, Vivian, Blanchard",101.291,96.226,106.355,137628,110.724,105.188,116.26,159196,116.949,111.101,122.796,63020,28.11,56.95,53.34,30.69
"A9017","https://nci-naaccr-zone-design.github.io/louisiana-2020/?address=A9017","Female","Breast","10yrs","Caddo","Shreveport, Vivian, Blanchard",137.215,130.355,144.076,137444,120.888,114.844,126.933,178143,130.037,123.535,136.539,63020,28.11,56.95,53.34,30.69
"A9017","https://nci-naaccr-zone-design.github.io/louisiana-2020/?address=A9017","Both","CRC","10yrs","Caddo","Shreveport, Vivian, Blanchard",39.951,37.954,41.949,275072,40.552,38.524,42.58,337339,50.385,47.865,52.904,63020,28.11,56.95,53.34,30.69
"A9017","https://nci-naaccr-zone-design.github.io/louisiana-2020/?address=A9017","Female","CRC","10yrs","Caddo","Shreveport, Vivian, Blanchard",39.984,37.984,41.983,137444,34.77,33.032,36.509,178143,52.593,49.963,55.223,63020,28.11,56.95,53.34,30.69
"A9017","https://nci-naaccr-zone-design.github.io/louisiana-2020/?address=A9017","Male","CRC","10yrs","Caddo","Shreveport, Vivian, Blanchard",68.733,65.296,72.169,137628,45.102,42.847,47.357,159196,62.829,59.687,65.97,63020,28.11,56.95,53.34,30.69
"A9017","https://nci-naaccr-zone-design.github.io/louisiana-2020/?address=A9017","Both","Kidney","10yrs","Caddo","Shreveport, Vivian, Blanchard",19.277,18.313,20.241,275072,22.426,21.305,23.548,337339,19.43,18.458,20.401,63020,28.11,56.95,53.34,30.69
"A9017","https://nci-naaccr-zone-design.github.io/louisiana-2020/?address=A9017","Female","Kidney","10yrs","Caddo","Shreveport, Vivian, Blanchard",12.207,11.597,12.818,137444,18.161,17.253,19.069,178143,20.253,19.24,21.266,63020,28.11,56.95,53.34,30.69
"A9017","https://nci-naaccr-zone-design.github.io/louisiana-2020/?address=A9017","Male","Kidney","10yrs","Caddo","Shreveport, Vivian, Blanchard",23.026,21.875,24.177,137628,17.571,16.692,18.449,159196,33.896,32.201,35.591,63020,28.11,56.95,53.34,30.69
"A9017","https://nci-naaccr-zone-design.github.io/louisiana-2020/?address=A9017","Both","NHL","10yrs","Caddo","Shreveport, Vivian, Blanchard",16.375,15.556,17.193,275072,20.381,19.362,21.4,337339,22.028,20.927,23.129,63020,28.11,56.95,53.34,30.69
"A9017","https://nci-naaccr-zone-design.github.io/louisiana-2020/?address=A9017","Female","NHL","10yrs","Caddo","Shreveport, Vivian, Blanchard",18.733,17.796,19.669,137444,16.804,15.964,17.644,178143,10.384,9.865,10.903,63020,28.11,56.95,53.34,30.69
"A9017","https://nci-naaccr-zone-design.github.io/louisiana-2020/?address=A9017","Male","NHL","10yrs","Caddo","Shreveport, Vivian, Blanchard",28.57,27.141,29.998,137628,28.226,26.815,29.637,159196,24.754,23.517,25.992,63020,28.11,56.95,53.34,30.69
"A9017","https://nci-naaccr-zone-design.github.io/louisiana-2020/?address=A9017","Both","Urinary","10yrs","Caddo","Shreveport, Vivian, Blanchard",16.188,15.379,16.997,275072,25.453,24.18,26.726,337339,25.679,24.395,26.963,63020,28.11,56.95,53.34,30.69
"A9017","https://nci-naaccr-zone-design.github.io/louisiana-2020/?address=A9017","Female","Urinary","10yrs","Caddo","Shreveport, Vivian, Blanchard",6.32,6.004,6.636,137444,8.825,8.384,9.266,178143,12.457,11.834,13.08,63020,28.11,56.95,53.34,30.69
"A9017","https://nci-naaccr-zone-design.github.io/louisiana-2020/?address=A9017","Male","Urinary","10yrs","Caddo","Shreveport, Vivian, Blanchard",27.385,26.016,28.755,137628,28.423,27.002,29.844,159196,31.527,29.951,33.104,63020,28.11,56.95,53.34,30.69
"A9017","https://nci-naaccr-zone-design.github.io/louisiana-2020/?address=A9017","Both","Mela","10yrs","Caddo","Shreveport, Vivian, Blanchard",6.048,5.746,6.351,275072,5.327,5.061,5.593,337339,5.2,4.94,5.46,63020,28.11,56.95,53.34,30.69
"A9017","https://nci-naaccr-zone-design.github.io/louisiana-2020/?address=A9017","Female","Mela","10yrs","Caddo","Shreveport, Vivian, Blanchard",9.403,8.933,9.873,137444,20.57,19.541,21.598,178143,20.554,19.526,21.582,63020,28.11,56.95,53.34,30.69
"A9017","https://nci-naaccr-zone-design.github.io/louisiana-2020/?address=A9017","Male","Mela","10yrs","Caddo","Shreveport, Vivian, Blanchard",24.636,23.404,25.867,137628,26.152,24.844,27.459,159196,17.697,16.812,18.582,63020,28.11,56.95,53.34,30.69
"A9017","https://nci-naaccr-zone-design.github.io/louisiana-2020/?address=A9017","Both","Pancreas","10yrs","Caddo","Shreveport, Vivian, Blanchard",15.283,14.519,16.048,275072,10.288,9.773,10.802,337339,13.222,12.561,13.883,63020,28.11,56.95,53.34,30.69
"A9017","https://nci-naaccr-zone-design.github.io/louisiana-2020/?address=A9017","Female","Pancreas","10yrs","Caddo","Shreveport, Vivian, Blanchard",10.469,9.945,10.992,137444,13.571,12.892,14.249,178143,17.226,16.365,18.087,63020,28.11,56.95,53.34,30.69
"A9017","https://nci-naaccr-zone-design.github.io/louisiana-2020/?address=A9017","Male","Pancreas","10yrs","Caddo","Shreveport, Vivian, Blanchard",14.504,13.779,15.23,137628,17.762,16.874,18.65,159196,17.923,17.027,18.819,63020,28.11,56.95,53.34,30.69
"A9017","https://nci-naaccr-zone-design.github.io/louisiana-2020/?address=A9017","Both","Leuks","10yrs","Caddo","Shreveport, Vivian, Blanchard",12.178,11.569,12.787,275072,9.944,9.447,10.442,337339,16.887,16.043,17.732,63020,28.11,56.95,53.34,30.69
"A9017","https://nci-naaccr-zone-design.github.io/louisiana-2020/?address=A9017","Female","Leuks","10yrs","Caddo","Shreveport, Vivian, Blanchard",11.905,11.309,12.5,137444,14.74,14.003,15.476,178143,7.704,7.319,8.089,63020,28.11,56.95,53.34,30.69
"A9017","https://nci-naaccr-zone-design.github.io/louisiana-2020/?address=A9017","Male","Leuks","10yrs","Caddo","Shreveport, Vivian, Blanchard",24.577,23.348,25.806,137628,21.569,20.491,22.647,159196,14.456,13.733,15.179,63020,28.11,56.95,53.34,30.69
"A9017","https://nci-naaccr-zone-design.github.io/louisiana-2020/?address=A9017","Both","Oral","10yrs","Caddo","Shreveport, Vivian, Blanchard",11.348,10.781,11.915,275072,10.623,10.092,11.154,337339,12.457,11.834,13.079,63020,28.11,56.95,53.34,30.69
"A9017","https://nci-naaccr-zone-design.github.io/louisiana-2020/?address=A9017","Female","Oral","10yrs","Caddo","Shreveport, Vivian, Blanchard",2.349,2.232,2.467,137444,7.65,7.267,8.032,178143,8.562,8.134,8.99,63020,28.11,56.95,53.34,30.69
"A9017","https://nci-naaccr-zone-design.github.io/louisiana-2020/?address=A9017","Male","Oral","10yrs","Caddo","Shreveport, Vivian, Blanchard",27.954,26.556,29.352,137628,19.054,18.102,20.007,159196,22.594,21.465,23.724,63020,28.11,56.95,53.34,30.69
"A9017","https://nci-naaccr-zone-design.github.io/louisiana-2020/?address=A9017","Both","Thyroid","10yrs","Caddo","Shreveport, Vivian, Blanchard",17.001,16.151,17.851,275072,12.622,11.991,13.253,337339,12.796,12.156,13.436,63020,28.11,56.95,53.34,30.69
"A9017","https://nci-naaccr-zone-design.github.io/louisiana-2020/?address=A9017","Female","Thyroid","10yrs","Caddo","Shreveport, Vivian, Blanchard",12.171,11.562,12.78,137444,26.209,24.898,27.519,178143,19.54,18.563,20.517,63020,28.11,56.95,53.34,30.69
"A9017","https://nci-naaccr-zone-design.github.io/louisiana-2020/?address=A9017","Male","Thyroid","10yrs","Caddo","Shreveport, Vivian, Blanchard",7.619,7.238,8.0,137628,6.336,6.019,6.653,159196,5.12,4.864,5.376,63020,28.11,56.95,53.34,30.69
"A9017","https://nci-naaccr-zone-design.github.io/louisiana-2020/?address=A9017","Female","Uterine","10yrs","Caddo","Shreveport, Vivian, Blanchard",19.171,18.213,20.13,137444,12.783,12.144,13.422,178143,17.734,16.847,18.621,63020,28.11,56.95,53.34,30.69
"A9017","https://nci-naaccr-zone-design.github.io/louisiana-2020/?address=A9017","Both","Liver","10yrs","Caddo","Shreveport, Vivian, Blanchard",5.11,4.854,5.365,275072,5.863,5.57,6.156,337339,10.432,9.91,10.954,63020,28.11,56.95,53.34,30.69
"A9017","https://nci-naaccr-zone-design.github.io/louisiana-2020/?address=A9017","Female","Liver","10yrs","Caddo","Shreveport, Vivian, Blanchard",5.787,5.498,6.077,137444,3.176,3.017,3.335,178143,5.753,5.465,6.041,63020,28.11,56.95,53.34,30.69
"A9017","https://nci-naaccr-zone-design.github.io/louisiana-2020/?address=A9017","Male","Liver","10yrs","Caddo","Shreveport, Vivian, Blanchard",13.272,12.608,13.936,137628,18.496,17.571,19.421,159196,23.732,22.546,24.919,63020,28.11,56.95,53.34,30.69
"A9017","https://nci-naaccr-zone-design.github.io/louisiana-2020/?address=A9017","Both","Stomach","10yrs","Caddo","Shreveport, Vivian, Blanchard",6.171,5.863,6.48,275072,7.846,7.454,8.238,337339,9.234,8.773,9.696,63020,28.11,56.95,53.34,30.69
"A9017","https://nci-naaccr-zone-design.github.io/louisiana-2020/?address=A9017","Female","Stomach","10yrs","Caddo","Shreveport, Vivian, Blanchard",6.577,6.248,6.906,137444,4.088,3.884,4.293,178143,4.509,4.284,4.735,63020,28.11,56.95,53.34,30.69
"A9017","https://nci-naaccr-zone-design.github.io/louisiana-2020/?address=A9017","Male","Stomach","10yrs","Caddo","Shreveport, Vivian, Blanchard",5.073,4.82,5.327,137628,10.244,9.732,10.756,159196,9.717,9.231,10.202,63020,28.11,56.95,53.34,30.69
"A9017","https://nci-naaccr-zone-design.github.io/louisiana-2020/?address=A9017","Both","Myeloma","10yrs","Caddo","Shreveport, Vivian, Blanchard",7.918,7.522,8.314,275072,14.72,13.984,15.456,337339,8.997,8.548,9.447,63020,28.11,56.95,53.34,30.69
"A9017","https://nci-naaccr-zone-design.github.io/louisiana-2020/?address=A9017","Female","Myeloma","10yrs","Caddo","Shreveport, Vivian, Blanchard",7.006,6.656,7.357,137444,8.654,8.221,9.086,178143,10.096,9.591,10.601,63020,28.11,56.95,53.34,30.69
"A9017","https://nci-naaccr-zone-design.github.io/louisiana-2020/?address=A9017","Male","Myeloma","10yrs","Caddo","Shreveport, Vivian, Blanchard",16.157,15.35,16.965,137628,12.539,11.912,13.165,159196,5.161,4.903,5.419,63020,28.11,56.95,53.34,30.69
"A9017","https://nci-naaccr-zone-design.github.io/louisiana-2020/?address=A9017","Both","Brain","10yrs","Caddo","Shreveport, Vivian, Blanchard",5.129,4.873,5.386,275072,4.167,3.959,4.375,337339,6.629,6.298,6.961,63020,28.11,56.95,53.34,30.69
"A9017","https://nci-naaccr-zone-design.github.io/louisiana-2020/?address=A9017","Female","Brain","10yrs","Caddo","Shreveport, Vivian, Blanchard",7.487,7.113,7.862,137444,3.422,3.251,3.593,178143,2.965,2.817,3.113,63020,28.11,56.95,53.34,30.69
"A9017","https://nci-naaccr-zone-design.github.io/louisiana-2020/?address=A9017","Male","Brain","10yrs","Caddo","Shreveport, Vivian, Blanchard",7.198,6.838,7.557,137628,6.823,6.482,7.164,159196,6.744,6.407,7.081,63020,28.11,56.95,53.34,30.69
"A9017","https://nci-naaccr-zone-design.github.io/louisiana-2020/?address=A9017","Both","Larynx","10yrs","Caddo","Shreveport, Vivian, Blanchard",2.95,2.802,3.097,275072,5.743,5.456,6.03,337339,6.028,5.727,6.329,63020,28.11,56.95,53.34,30.69
"A9017","https://nci-naaccr-zone-design.github.io/louisiana-2020/?address=A9017","Female","Larynx","10yrs","Caddo","Shreveport, Vivian, Blanchard",1.651,1.569,1.734,137444,2.762,2.624,2.901,178143,3.151,2.993,3.309,63020,28.11,56.95,53.34,30.69
"A9017","https://nci-naaccr-zone-design.github.io/louisiana-2020/?address=A9017","Male","Larynx","10yrs","Caddo","Shreveport, Vivian, Blanchard",14.013,13.312,14.713,137628,10.514,9.988,11.04,159196,12.247,11.634,12.859,63020,28.11,56.95,53.34,30.69
"A9017","https://nci-naaccr-zone-design.github.io/louisiana-2020/?address=A9017","Female","Ovary","10yrs","Caddo","Shreveport, Vivian, Blanchard",11.722,11.136,12.308,137444,7.029,6.678,7.381,178143,8.465,8.041,8.888,63020,28.11,56.95,53.34,30.69
"A9017","https://nci-naaccr-zone-design.github.io/louisiana-2020/?address=A9017","Both","Esoph","10yrs","Caddo","Shreveport, Vivian, Blanchard",3.114,2.958,3.27,275072,5.089,4.835,5.344,337339,7.94,7.543,8.337,63020,28.11,56.95,53.34,30.69
"A9017","https://nci-naaccr-zone-design.github.io/louisiana-2020/?address=A9017","Female","Esoph","10yrs","Caddo","Shreveport, Vivian, Blanchard",0.68,0.646,0.714,137444,4.087,3.883,4.292,178143,2.147,2.04,2.255,63020,28.11,56.95,53.34,30.69
"A9017","https://nci-naaccr-zone-design.github.io/louisiana-2020/?address=A9017","Male","Esoph","10yrs","Caddo","Shreveport, Vivian, Blanchard",12.262,11.649,12.875,137628,8.307,7.892,8.723,159196,13.76,13.072,14.448,63020,28.11,56.95,53.34,30.69
