"Zone","URL","Sex","Cancer","Years","Counties","Places","AAIR","LCI","UCI","White_PopTot","White_AAIR","White_LCI","White_UCI","Black_PopTot","Black_AAIR","Black_LCI","Black_UCI","TotalPop","Pct100Pov","PctMinority","PctBlackNH","PctRural"
"A9001","https://nci-naaccr-zone-design.github.io/louisiana-2020/?address=A9001","Both","AllSite","05yrs","Lafayette","Lafayette, Broussard",437.906,416.01,459.801,229973,492.685,468.051,517.319,32542,488.772,464.334,513.211,53134,9.45,17.15,10.43,2.7
"A9001","https://nci-naaccr-zone-design.github.io/louisiana-2020/?address=A9001","Female","AllSite","05yrs","Lafayette","Lafayette, Broussard",372.714,354.078,391.35,117508,401.403,381.333,421.474,17122,432.198,410.589,453.808,53134,9.45,17.15,10.43,2.7
"A9001","https://nci-naaccr-zone-design.github.io/louisiana-2020/?address=A9001","Male","AllSite","05yrs","Lafayette","Lafayette, Broussard",627.237,595.875,658.598,112465,622.797,591.657,653.937,15420,603.147,572.99,633.304,53134,9.45,17.15,10.43,2.7
"A9001","https://nci-naaccr-zone-design.github.io/louisiana-2020/?address=A9001","Male","Prostate","05yrs","Lafayette","Lafayette, Broussard",139.948,132.95,146.945,112465,191.25,181.687,200.812,15420,186.425,177.104,195.747,53134,9.45,17.15,10.43,2.7
"A9001","https://nci-naaccr-zone-design.github.io/louisiana-2020/?address=A9001","Both","Lung","05yrs","Lafayette","Lafayette, Broussard",79.369,75.401,83.338,229973,52.415,49.794,55.036,32542,56.244,53.432,59.056,53134,9.45,17.15,10.43,2.7
"A9001","https://nci-naaccr-zone-design.github.io/louisiana-2020/?address=A9001","Female","Lung","05yrs","Lafayette","Lafayette, Broussard",60.821,57.78,63.862,117508,44.908,42.662,47.153,17122,70.06,66.557,73.562,53134,9.45,17.15,10.43,2.7
"A9001","https://nci-naaccr-zone-design.github.io/louisiana-2020/?address=A9001","Male","Lung","05yrs","Lafayette","Lafayette, Broussard",92.432,87.81,97.053,112465,116.024,110.223,121.825,15420,86.49,82.165,90.814,53134,9.45,17.15,10.43,2.7
"A9001","https://nci-naaccr-zone-design.github.io/louisiana-2020/?address=A9001","Female","Breast","05yrs","Lafayette","Lafayette, Broussard",130.645,124.113,137.178,117508,120.589,114.559,126.618,17122,122.779,116.64,128.918,53134,9.45,17.15,10.43,2.7
"A9001","https://nci-naaccr-zone-design.github.io/louisiana-2020/?address=A9001","Both","CRC","05yrs","Lafayette","Lafayette, Broussard",57.357,54.489,60.225,229973,39.907,37.912,41.902,32542,40.995,38.945,43.045,53134,9.45,17.15,10.43,2.7
"A9001","https://nci-naaccr-zone-design.github.io/louisiana-2020/?address=A9001","Female","CRC","05yrs","Lafayette","Lafayette, Broussard",43.761,41.573,45.949,117508,45.866,43.573,48.159,17122,40.916,38.87,42.962,53134,9.45,17.15,10.43,2.7
"A9001","https://nci-naaccr-zone-design.github.io/louisiana-2020/?address=A9001","Male","CRC","05yrs","Lafayette","Lafayette, Broussard",74.765,71.027,78.503,112465,38.765,36.826,40.703,15420,48.274,45.86,50.688,53134,9.45,17.15,10.43,2.7
"A9001","https://nci-naaccr-zone-design.github.io/louisiana-2020/?address=A9001","Both","Kidney","05yrs","Lafayette","Lafayette, Broussard",17.639,16.757,18.521,229973,24.043,22.841,25.245,32542,25.508,24.233,26.783,53134,9.45,17.15,10.43,2.7
"A9001","https://nci-naaccr-zone-design.github.io/louisiana-2020/?address=A9001","Female","Kidney","05yrs","Lafayette","Lafayette, Broussard",11.217,10.656,11.778,117508,12.774,12.135,13.413,17122,19.869,18.876,20.863,53134,9.45,17.15,10.43,2.7
"A9001","https://nci-naaccr-zone-design.github.io/louisiana-2020/?address=A9001","Male","Kidney","05yrs","Lafayette","Lafayette, Broussard",24.435,23.213,25.657,112465,26.919,25.573,28.265,15420,34.823,33.082,36.564,53134,9.45,17.15,10.43,2.7
"A9001","https://nci-naaccr-zone-design.github.io/louisiana-2020/?address=A9001","Both","NHL","05yrs","Lafayette","Lafayette, Broussard",13.932,13.236,14.629,229973,13.986,13.287,14.686,32542,19.276,18.312,20.24,53134,9.45,17.15,10.43,2.7
"A9001","https://nci-naaccr-zone-design.github.io/louisiana-2020/?address=A9001","Female","NHL","05yrs","Lafayette","Lafayette, Broussard",10.967,10.419,11.515,117508,11.81,11.219,12.4,17122,22.023,20.922,23.125,53134,9.45,17.15,10.43,2.7
"A9001","https://nci-naaccr-zone-design.github.io/louisiana-2020/?address=A9001","Male","NHL","05yrs","Lafayette","Lafayette, Broussard",24.439,23.217,25.661,112465,18.127,17.22,19.033,15420,26.75,25.413,28.088,53134,9.45,17.15,10.43,2.7
"A9001","https://nci-naaccr-zone-design.github.io/louisiana-2020/?address=A9001","Both","Urinary","05yrs","Lafayette","Lafayette, Broussard",17.539,16.662,18.416,229973,26.337,25.02,27.653,32542,25.659,24.376,26.942,53134,9.45,17.15,10.43,2.7
"A9001","https://nci-naaccr-zone-design.github.io/louisiana-2020/?address=A9001","Female","Urinary","05yrs","Lafayette","Lafayette, Broussard",13.395,12.725,14.065,117508,12.563,11.935,13.191,17122,"","","",53134,9.45,17.15,10.43,2.7
"A9001","https://nci-naaccr-zone-design.github.io/louisiana-2020/?address=A9001","Male","Urinary","05yrs","Lafayette","Lafayette, Broussard",39.667,37.683,41.65,112465,23.127,21.97,24.283,15420,32.708,31.073,34.343,53134,9.45,17.15,10.43,2.7
"A9001","https://nci-naaccr-zone-design.github.io/louisiana-2020/?address=A9001","Both","Mela","05yrs","Lafayette","Lafayette, Broussard",26.235,24.923,27.546,229973,11.598,11.018,12.178,32542,20.916,19.87,21.962,53134,9.45,17.15,10.43,2.7
"A9001","https://nci-naaccr-zone-design.github.io/louisiana-2020/?address=A9001","Female","Mela","05yrs","Lafayette","Lafayette, Broussard",21.057,20.004,22.109,117508,22.542,21.415,23.669,17122,"","","",53134,9.45,17.15,10.43,2.7
"A9001","https://nci-naaccr-zone-design.github.io/louisiana-2020/?address=A9001","Male","Mela","05yrs","Lafayette","Lafayette, Broussard",39.277,37.313,41.241,112465,27.411,26.04,28.781,15420,27.303,25.938,28.668,53134,9.45,17.15,10.43,2.7
"A9001","https://nci-naaccr-zone-design.github.io/louisiana-2020/?address=A9001","Both","Pancreas","05yrs","Lafayette","Lafayette, Broussard",9.931,9.434,10.427,229973,13.777,13.088,14.466,32542,16.428,15.607,17.25,53134,9.45,17.15,10.43,2.7
"A9001","https://nci-naaccr-zone-design.github.io/louisiana-2020/?address=A9001","Female","Pancreas","05yrs","Lafayette","Lafayette, Broussard",11.349,10.782,11.917,117508,13.949,13.252,14.647,17122,"","","",53134,9.45,17.15,10.43,2.7
"A9001","https://nci-naaccr-zone-design.github.io/louisiana-2020/?address=A9001","Male","Pancreas","05yrs","Lafayette","Lafayette, Broussard",19.621,18.64,20.602,112465,10.308,9.793,10.824,15420,"","","",53134,9.45,17.15,10.43,2.7
"A9001","https://nci-naaccr-zone-design.github.io/louisiana-2020/?address=A9001","Both","Leuks","05yrs","Lafayette","Lafayette, Broussard",14.48,13.756,15.204,229973,17.142,16.284,17.999,32542,10.14,9.633,10.647,53134,9.45,17.15,10.43,2.7
"A9001","https://nci-naaccr-zone-design.github.io/louisiana-2020/?address=A9001","Female","Leuks","05yrs","Lafayette","Lafayette, Broussard",15.389,14.619,16.158,117508,15.045,14.293,15.797,17122,"","","",53134,9.45,17.15,10.43,2.7
"A9001","https://nci-naaccr-zone-design.github.io/louisiana-2020/?address=A9001","Male","Leuks","05yrs","Lafayette","Lafayette, Broussard",17.947,17.05,18.845,112465,19.149,18.192,20.107,15420,"","","",53134,9.45,17.15,10.43,2.7
"A9001","https://nci-naaccr-zone-design.github.io/louisiana-2020/?address=A9001","Both","Oral","05yrs","Lafayette","Lafayette, Broussard",6.528,6.202,6.855,229973,12.483,11.858,13.107,32542,15.249,14.487,16.012,53134,9.45,17.15,10.43,2.7
"A9001","https://nci-naaccr-zone-design.github.io/louisiana-2020/?address=A9001","Female","Oral","05yrs","Lafayette","Lafayette, Broussard",5.208,4.948,5.468,117508,8.812,8.371,9.252,17122,"","","",53134,9.45,17.15,10.43,2.7
"A9001","https://nci-naaccr-zone-design.github.io/louisiana-2020/?address=A9001","Male","Oral","05yrs","Lafayette","Lafayette, Broussard",20.619,19.588,21.65,112465,19.082,18.128,20.037,15420,27.658,26.275,29.041,53134,9.45,17.15,10.43,2.7
"A9001","https://nci-naaccr-zone-design.github.io/louisiana-2020/?address=A9001","Both","Thyroid","05yrs","Lafayette","Lafayette, Broussard",9.567,9.089,10.045,229973,10.377,9.858,10.896,32542,13.222,12.561,13.883,53134,9.45,17.15,10.43,2.7
"A9001","https://nci-naaccr-zone-design.github.io/louisiana-2020/?address=A9001","Female","Thyroid","05yrs","Lafayette","Lafayette, Broussard",11.874,11.28,12.467,117508,18.453,17.53,19.375,17122,20.138,19.132,21.145,53134,9.45,17.15,10.43,2.7
"A9001","https://nci-naaccr-zone-design.github.io/louisiana-2020/?address=A9001","Male","Thyroid","05yrs","Lafayette","Lafayette, Broussard",4.527,4.301,4.753,112465,9.701,9.216,10.186,15420,"","","",53134,9.45,17.15,10.43,2.7
"A9001","https://nci-naaccr-zone-design.github.io/louisiana-2020/?address=A9001","Female","Uterine","05yrs","Lafayette","Lafayette, Broussard",26.088,24.784,27.393,117508,19.727,18.74,20.713,17122,"","","",53134,9.45,17.15,10.43,2.7
"A9001","https://nci-naaccr-zone-design.github.io/louisiana-2020/?address=A9001","Both","Liver","05yrs","Lafayette","Lafayette, Broussard",5.271,5.008,5.535,229973,13.603,12.923,14.283,32542,"","","",53134,9.45,17.15,10.43,2.7
"A9001","https://nci-naaccr-zone-design.github.io/louisiana-2020/?address=A9001","Female","Liver","05yrs","Lafayette","Lafayette, Broussard","","","",117508,3.681,3.497,3.865,17122,"","","",53134,9.45,17.15,10.43,2.7
"A9001","https://nci-naaccr-zone-design.github.io/louisiana-2020/?address=A9001","Male","Liver","05yrs","Lafayette","Lafayette, Broussard",18.824,17.883,19.765,112465,15.72,14.934,16.506,15420,"","","",53134,9.45,17.15,10.43,2.7
"A9001","https://nci-naaccr-zone-design.github.io/louisiana-2020/?address=A9001","Both","Stomach","05yrs","Lafayette","Lafayette, Broussard",10.891,10.347,11.436,229973,8.317,7.901,8.733,32542,"","","",53134,9.45,17.15,10.43,2.7
"A9001","https://nci-naaccr-zone-design.github.io/louisiana-2020/?address=A9001","Female","Stomach","05yrs","Lafayette","Lafayette, Broussard",3.085,2.931,3.239,117508,9.59,9.111,10.07,17122,"","","",53134,9.45,17.15,10.43,2.7
"A9001","https://nci-naaccr-zone-design.github.io/louisiana-2020/?address=A9001","Male","Stomach","05yrs","Lafayette","Lafayette, Broussard",14.818,14.077,15.559,112465,9.702,9.217,10.187,15420,"","","",53134,9.45,17.15,10.43,2.7
"A9001","https://nci-naaccr-zone-design.github.io/louisiana-2020/?address=A9001","Both","Myeloma","05yrs","Lafayette","Lafayette, Broussard",10.611,10.08,11.141,229973,12.147,11.539,12.754,32542,"","","",53134,9.45,17.15,10.43,2.7
"A9001","https://nci-naaccr-zone-design.github.io/louisiana-2020/?address=A9001","Female","Myeloma","05yrs","Lafayette","Lafayette, Broussard",9.539,9.063,10.016,117508,6.632,6.3,6.964,17122,"","","",53134,9.45,17.15,10.43,2.7
"A9001","https://nci-naaccr-zone-design.github.io/louisiana-2020/?address=A9001","Male","Myeloma","05yrs","Lafayette","Lafayette, Broussard",8.505,8.079,8.93,112465,7.323,6.957,7.689,15420,"","","",53134,9.45,17.15,10.43,2.7
"A9001","https://nci-naaccr-zone-design.github.io/louisiana-2020/?address=A9001","Both","Brain","05yrs","Lafayette","Lafayette, Broussard",6.35,6.033,6.668,229973,5.468,5.194,5.741,32542,"","","",53134,9.45,17.15,10.43,2.7
"A9001","https://nci-naaccr-zone-design.github.io/louisiana-2020/?address=A9001","Female","Brain","05yrs","Lafayette","Lafayette, Broussard",3.692,3.508,3.877,117508,6.788,6.449,7.127,17122,"","","",53134,9.45,17.15,10.43,2.7
"A9001","https://nci-naaccr-zone-design.github.io/louisiana-2020/?address=A9001","Male","Brain","05yrs","Lafayette","Lafayette, Broussard",9.424,8.952,9.895,112465,5.302,5.037,5.567,15420,"","","",53134,9.45,17.15,10.43,2.7
"A9001","https://nci-naaccr-zone-design.github.io/louisiana-2020/?address=A9001","Both","Larynx","05yrs","Lafayette","Lafayette, Broussard",6.097,5.792,6.401,229973,4.226,4.014,4.437,32542,"","","",53134,9.45,17.15,10.43,2.7
"A9001","https://nci-naaccr-zone-design.github.io/louisiana-2020/?address=A9001","Female","Larynx","05yrs","Lafayette","Lafayette, Broussard",2.556,2.428,2.684,117508,"","","",17122,"","","",53134,9.45,17.15,10.43,2.7
"A9001","https://nci-naaccr-zone-design.github.io/louisiana-2020/?address=A9001","Male","Larynx","05yrs","Lafayette","Lafayette, Broussard",4.328,4.111,4.544,112465,13.404,12.734,14.074,15420,"","","",53134,9.45,17.15,10.43,2.7
"A9001","https://nci-naaccr-zone-design.github.io/louisiana-2020/?address=A9001","Female","Ovary","05yrs","Lafayette","Lafayette, Broussard",8.965,8.517,9.413,117508,4.61,4.379,4.84,17122,"","","",53134,9.45,17.15,10.43,2.7
"A9001","https://nci-naaccr-zone-design.github.io/louisiana-2020/?address=A9001","Both","Esoph","05yrs","Lafayette","Lafayette, Broussard",4.639,4.407,4.871,229973,6.034,5.732,6.336,32542,"","","",53134,9.45,17.15,10.43,2.7
"A9001","https://nci-naaccr-zone-design.github.io/louisiana-2020/?address=A9001","Female","Esoph","05yrs","Lafayette","Lafayette, Broussard","","","",117508,"","","",17122,"","","",53134,9.45,17.15,10.43,2.7
"A9001","https://nci-naaccr-zone-design.github.io/louisiana-2020/?address=A9001","Male","Esoph","05yrs","Lafayette","Lafayette, Broussard",5.939,5.642,6.236,112465,6.066,5.763,6.369,15420,"","","",53134,9.45,17.15,10.43,2.7
"A9001","https://nci-naaccr-zone-design.github.io/louisiana-2020/?address=A9001","Both","AllSite","10yrs","Lafayette","Lafayette, Broussard",512.286,486.672,537.9,446720,492.557,467.929,517.185,60616,485.909,461.614,510.204,53134,9.45,17.15,10.43,2.7
"A9001","https://nci-naaccr-zone-design.github.io/louisiana-2020/?address=A9001","Female","AllSite","10yrs","Lafayette","Lafayette, Broussard",356.629,338.798,374.461,228752,358.609,340.678,376.539,32016,450.666,428.133,473.199,53134,9.45,17.15,10.43,2.7
"A9001","https://nci-naaccr-zone-design.github.io/louisiana-2020/?address=A9001","Male","AllSite","10yrs","Lafayette","Lafayette, Broussard",572.527,543.901,601.154,217969,648.622,616.191,681.053,28600,675.674,641.891,709.458,53134,9.45,17.15,10.43,2.7
"A9001","https://nci-naaccr-zone-design.github.io/louisiana-2020/?address=A9001","Male","Prostate","10yrs","Lafayette","Lafayette, Broussard",148.488,141.063,155.912,217969,196.51,186.685,206.336,28600,202.667,192.534,212.8,53134,9.45,17.15,10.43,2.7
"A9001","https://nci-naaccr-zone-design.github.io/louisiana-2020/?address=A9001","Both","Lung","10yrs","Lafayette","Lafayette, Broussard",76.395,72.575,80.214,446720,82.406,78.285,86.526,60616,48.414,45.993,50.834,53134,9.45,17.15,10.43,2.7
"A9001","https://nci-naaccr-zone-design.github.io/louisiana-2020/?address=A9001","Female","Lung","10yrs","Lafayette","Lafayette, Broussard",68.317,64.901,71.733,228752,45.952,43.655,48.25,32016,66.585,63.256,69.914,53134,9.45,17.15,10.43,2.7
"A9001","https://nci-naaccr-zone-design.github.io/louisiana-2020/?address=A9001","Male","Lung","10yrs","Lafayette","Lafayette, Broussard",114.674,108.94,120.408,217969,73.413,69.742,77.083,28600,89.404,84.934,93.874,53134,9.45,17.15,10.43,2.7
"A9001","https://nci-naaccr-zone-design.github.io/louisiana-2020/?address=A9001","Female","Breast","10yrs","Lafayette","Lafayette, Broussard",128.625,122.193,135.056,228752,137.969,131.07,144.867,32016,141.533,134.456,148.609,53134,9.45,17.15,10.43,2.7
"A9001","https://nci-naaccr-zone-design.github.io/louisiana-2020/?address=A9001","Both","CRC","10yrs","Lafayette","Lafayette, Broussard",45.465,43.192,47.738,446720,46.178,43.869,48.487,60616,53.042,50.39,55.694,53134,9.45,17.15,10.43,2.7
"A9001","https://nci-naaccr-zone-design.github.io/louisiana-2020/?address=A9001","Female","CRC","10yrs","Lafayette","Lafayette, Broussard",46.275,43.961,48.589,228752,49.497,47.022,51.972,32016,49.78,47.291,52.269,53134,9.45,17.15,10.43,2.7
"A9001","https://nci-naaccr-zone-design.github.io/louisiana-2020/?address=A9001","Male","CRC","10yrs","Lafayette","Lafayette, Broussard",40.785,38.746,42.824,217969,69.617,66.136,73.098,28600,53.666,50.983,56.349,53134,9.45,17.15,10.43,2.7
"A9001","https://nci-naaccr-zone-design.github.io/louisiana-2020/?address=A9001","Both","Kidney","10yrs","Lafayette","Lafayette, Broussard",21.76,20.672,22.848,446720,16.233,15.421,17.045,60616,21.518,20.442,22.593,53134,9.45,17.15,10.43,2.7
"A9001","https://nci-naaccr-zone-design.github.io/louisiana-2020/?address=A9001","Female","Kidney","10yrs","Lafayette","Lafayette, Broussard",18.493,17.568,19.417,228752,18.236,17.324,19.148,32016,20.484,19.46,21.508,53134,9.45,17.15,10.43,2.7
"A9001","https://nci-naaccr-zone-design.github.io/louisiana-2020/?address=A9001","Male","Kidney","10yrs","Lafayette","Lafayette, Broussard",17.27,16.407,18.134,217969,19.512,18.537,20.488,28600,20.485,19.461,21.509,53134,9.45,17.15,10.43,2.7
"A9001","https://nci-naaccr-zone-design.github.io/louisiana-2020/?address=A9001","Both","NHL","10yrs","Lafayette","Lafayette, Broussard",18.838,17.897,19.78,446720,15.143,14.385,15.9,60616,16.321,15.505,17.137,53134,9.45,17.15,10.43,2.7
"A9001","https://nci-naaccr-zone-design.github.io/louisiana-2020/?address=A9001","Female","NHL","10yrs","Lafayette","Lafayette, Broussard",9.717,9.231,10.202,228752,14.341,13.624,15.058,32016,19.753,18.765,20.741,53134,9.45,17.15,10.43,2.7
"A9001","https://nci-naaccr-zone-design.github.io/louisiana-2020/?address=A9001","Male","NHL","10yrs","Lafayette","Lafayette, Broussard",17.384,16.515,18.253,217969,17.098,16.243,17.953,28600,25.707,24.421,26.992,53134,9.45,17.15,10.43,2.7
"A9001","https://nci-naaccr-zone-design.github.io/louisiana-2020/?address=A9001","Both","Urinary","10yrs","Lafayette","Lafayette, Broussard",18.015,17.114,18.915,446720,14.492,13.767,15.216,60616,25.613,24.333,26.894,53134,9.45,17.15,10.43,2.7
"A9001","https://nci-naaccr-zone-design.github.io/louisiana-2020/?address=A9001","Female","Urinary","10yrs","Lafayette","Lafayette, Broussard",8.187,7.778,8.596,228752,13.747,13.059,14.434,32016,9.121,8.665,9.577,53134,9.45,17.15,10.43,2.7
"A9001","https://nci-naaccr-zone-design.github.io/louisiana-2020/?address=A9001","Male","Urinary","10yrs","Lafayette","Lafayette, Broussard",22.45,21.328,23.573,217969,43.192,41.032,45.352,28600,33.275,31.611,34.938,53134,9.45,17.15,10.43,2.7
"A9001","https://nci-naaccr-zone-design.github.io/louisiana-2020/?address=A9001","Both","Mela","10yrs","Lafayette","Lafayette, Broussard",10.695,10.16,11.23,446720,20.696,19.661,21.731,60616,3.925,3.728,4.121,53134,9.45,17.15,10.43,2.7
"A9001","https://nci-naaccr-zone-design.github.io/louisiana-2020/?address=A9001","Female","Mela","10yrs","Lafayette","Lafayette, Broussard",14.01,13.309,14.71,228752,12.776,12.137,13.415,32016,21.632,20.551,22.714,53134,9.45,17.15,10.43,2.7
"A9001","https://nci-naaccr-zone-design.github.io/louisiana-2020/?address=A9001","Male","Mela","10yrs","Lafayette","Lafayette, Broussard",38.231,36.32,40.143,217969,39.1,37.145,41.055,28600,25.58,24.301,26.859,53134,9.45,17.15,10.43,2.7
"A9001","https://nci-naaccr-zone-design.github.io/louisiana-2020/?address=A9001","Both","Pancreas","10yrs","Lafayette","Lafayette, Broussard",12.516,11.89,13.141,446720,17.457,16.584,18.33,60616,18.231,17.319,19.143,53134,9.45,17.15,10.43,2.7
"A9001","https://nci-naaccr-zone-design.github.io/louisiana-2020/?address=A9001","Female","Pancreas","10yrs","Lafayette","Lafayette, Broussard",9.348,8.88,9.815,228752,14.629,13.898,15.361,32016,13.799,13.109,14.488,53134,9.45,17.15,10.43,2.7
"A9001","https://nci-naaccr-zone-design.github.io/louisiana-2020/?address=A9001","Male","Pancreas","10yrs","Lafayette","Lafayette, Broussard",14.738,14.001,15.475,217969,14.032,13.33,14.733,28600,9.89,9.396,10.385,53134,9.45,17.15,10.43,2.7
"A9001","https://nci-naaccr-zone-design.github.io/louisiana-2020/?address=A9001","Both","Leuks","10yrs","Lafayette","Lafayette, Broussard",12.766,12.128,13.405,446720,17.444,16.571,18.316,60616,10.667,10.134,11.201,53134,9.45,17.15,10.43,2.7
"A9001","https://nci-naaccr-zone-design.github.io/louisiana-2020/?address=A9001","Female","Leuks","10yrs","Lafayette","Lafayette, Broussard",14.137,13.43,14.844,228752,15.265,14.502,16.028,32016,15.538,14.761,16.315,53134,9.45,17.15,10.43,2.7
"A9001","https://nci-naaccr-zone-design.github.io/louisiana-2020/?address=A9001","Male","Leuks","10yrs","Lafayette","Lafayette, Broussard",14.352,13.634,15.07,217969,25.639,24.357,26.921,28600,12.529,11.903,13.156,53134,9.45,17.15,10.43,2.7
"A9001","https://nci-naaccr-zone-design.github.io/louisiana-2020/?address=A9001","Both","Oral","10yrs","Lafayette","Lafayette, Broussard",11.429,10.858,12.001,446720,16.252,15.439,17.065,60616,12.843,12.201,13.485,53134,9.45,17.15,10.43,2.7
"A9001","https://nci-naaccr-zone-design.github.io/louisiana-2020/?address=A9001","Female","Oral","10yrs","Lafayette","Lafayette, Broussard",8.08,7.676,8.484,228752,2.338,2.221,2.455,32016,6.803,6.463,7.143,53134,9.45,17.15,10.43,2.7
"A9001","https://nci-naaccr-zone-design.github.io/louisiana-2020/?address=A9001","Male","Oral","10yrs","Lafayette","Lafayette, Broussard",13.165,12.507,13.824,217969,19.094,18.14,20.049,28600,18.309,17.393,19.224,53134,9.45,17.15,10.43,2.7
"A9001","https://nci-naaccr-zone-design.github.io/louisiana-2020/?address=A9001","Both","Thyroid","10yrs","Lafayette","Lafayette, Broussard",9.79,9.3,10.279,446720,16.487,15.663,17.311,60616,17.114,16.259,17.97,53134,9.45,17.15,10.43,2.7
"A9001","https://nci-naaccr-zone-design.github.io/louisiana-2020/?address=A9001","Female","Thyroid","10yrs","Lafayette","Lafayette, Broussard",16.819,15.978,17.66,228752,22.288,21.174,23.403,32016,26.178,24.869,27.487,53134,9.45,17.15,10.43,2.7
"A9001","https://nci-naaccr-zone-design.github.io/louisiana-2020/?address=A9001","Male","Thyroid","10yrs","Lafayette","Lafayette, Broussard",8.567,8.139,8.995,217969,9.356,8.888,9.824,28600,8.991,8.541,9.44,53134,9.45,17.15,10.43,2.7
"A9001","https://nci-naaccr-zone-design.github.io/louisiana-2020/?address=A9001","Female","Uterine","10yrs","Lafayette","Lafayette, Broussard",13.855,13.162,14.547,228752,18.744,17.806,19.681,32016,21.29,20.225,22.354,53134,9.45,17.15,10.43,2.7
"A9001","https://nci-naaccr-zone-design.github.io/louisiana-2020/?address=A9001","Both","Liver","10yrs","Lafayette","Lafayette, Broussard",4.986,4.737,5.236,446720,12.046,11.444,12.649,60616,6.392,6.073,6.712,53134,9.45,17.15,10.43,2.7
"A9001","https://nci-naaccr-zone-design.github.io/louisiana-2020/?address=A9001","Female","Liver","10yrs","Lafayette","Lafayette, Broussard",2.629,2.497,2.76,228752,2.195,2.086,2.305,32016,6.093,5.788,6.397,53134,9.45,17.15,10.43,2.7
"A9001","https://nci-naaccr-zone-design.github.io/louisiana-2020/?address=A9001","Male","Liver","10yrs","Lafayette","Lafayette, Broussard",9.7,9.215,10.185,217969,9.635,9.153,10.116,28600,15.439,14.667,16.211,53134,9.45,17.15,10.43,2.7
"A9001","https://nci-naaccr-zone-design.github.io/louisiana-2020/?address=A9001","Both","Stomach","10yrs","Lafayette","Lafayette, Broussard",8.892,8.448,9.337,446720,6.352,6.034,6.67,60616,7.307,6.942,7.673,53134,9.45,17.15,10.43,2.7
"A9001","https://nci-naaccr-zone-design.github.io/louisiana-2020/?address=A9001","Female","Stomach","10yrs","Lafayette","Lafayette, Broussard",6.568,6.24,6.897,228752,6.403,6.083,6.723,32016,8.982,8.533,9.431,53134,9.45,17.15,10.43,2.7
"A9001","https://nci-naaccr-zone-design.github.io/louisiana-2020/?address=A9001","Male","Stomach","10yrs","Lafayette","Lafayette, Broussard",10.496,9.971,11.021,217969,11.666,11.083,12.249,28600,11.804,11.213,12.394,53134,9.45,17.15,10.43,2.7
"A9001","https://nci-naaccr-zone-design.github.io/louisiana-2020/?address=A9001","Both","Myeloma","10yrs","Lafayette","Lafayette, Broussard",6.867,6.524,7.211,446720,6.491,6.167,6.816,60616,12.592,11.963,13.222,53134,9.45,17.15,10.43,2.7
"A9001","https://nci-naaccr-zone-design.github.io/louisiana-2020/?address=A9001","Female","Myeloma","10yrs","Lafayette","Lafayette, Broussard",10.392,9.872,10.911,228752,3.543,3.366,3.72,32016,"","","",53134,9.45,17.15,10.43,2.7
"A9001","https://nci-naaccr-zone-design.github.io/louisiana-2020/?address=A9001","Male","Myeloma","10yrs","Lafayette","Lafayette, Broussard",5.836,5.544,6.128,217969,7.212,6.851,7.572,28600,13.213,12.553,13.874,53134,9.45,17.15,10.43,2.7
"A9001","https://nci-naaccr-zone-design.github.io/louisiana-2020/?address=A9001","Both","Brain","10yrs","Lafayette","Lafayette, Broussard",8.156,7.749,8.564,446720,5.182,4.923,5.441,60616,5.995,5.695,6.294,53134,9.45,17.15,10.43,2.7
"A9001","https://nci-naaccr-zone-design.github.io/louisiana-2020/?address=A9001","Female","Brain","10yrs","Lafayette","Lafayette, Broussard",4.573,4.344,4.801,228752,6.35,6.033,6.668,32016,7.58,7.201,7.959,53134,9.45,17.15,10.43,2.7
"A9001","https://nci-naaccr-zone-design.github.io/louisiana-2020/?address=A9001","Male","Brain","10yrs","Lafayette","Lafayette, Broussard",6.115,5.809,6.42,217969,6.562,6.234,6.89,28600,10.735,10.198,11.271,53134,9.45,17.15,10.43,2.7
"A9001","https://nci-naaccr-zone-design.github.io/louisiana-2020/?address=A9001","Both","Larynx","10yrs","Lafayette","Lafayette, Broussard",9.194,8.734,9.653,446720,8.649,8.217,9.082,60616,7.995,7.596,8.395,53134,9.45,17.15,10.43,2.7
"A9001","https://nci-naaccr-zone-design.github.io/louisiana-2020/?address=A9001","Female","Larynx","10yrs","Lafayette","Lafayette, Broussard",1.458,1.385,1.53,228752,0.93,0.884,0.977,32016,"","","",53134,9.45,17.15,10.43,2.7
"A9001","https://nci-naaccr-zone-design.github.io/louisiana-2020/?address=A9001","Male","Larynx","10yrs","Lafayette","Lafayette, Broussard",10.712,10.176,11.247,217969,14.656,13.923,15.388,28600,12.226,11.614,12.837,53134,9.45,17.15,10.43,2.7
"A9001","https://nci-naaccr-zone-design.github.io/louisiana-2020/?address=A9001","Female","Ovary","10yrs","Lafayette","Lafayette, Broussard",6.321,6.005,6.637,228752,9.216,8.755,9.676,32016,5.172,4.914,5.431,53134,9.45,17.15,10.43,2.7
"A9001","https://nci-naaccr-zone-design.github.io/louisiana-2020/?address=A9001","Both","Esoph","10yrs","Lafayette","Lafayette, Broussard",6.186,5.877,6.495,446720,6.041,5.739,6.343,60616,6.285,5.971,6.6,53134,9.45,17.15,10.43,2.7
"A9001","https://nci-naaccr-zone-design.github.io/louisiana-2020/?address=A9001","Female","Esoph","10yrs","Lafayette","Lafayette, Broussard",4.036,3.835,4.238,228752,3.907,3.712,4.103,32016,"","","",53134,9.45,17.15,10.43,2.7
"A9001","https://nci-naaccr-zone-design.github.io/louisiana-2020/?address=A9001","Male","Esoph","10yrs","Lafayette","Lafayette, Broussard",4.941,4.694,5.188,217969,5.345,5.077,5.612,28600,7.953,7.555,8.35,53134,9.45,17.15,10.43,2.7
