"Zone","URL","Sex","Cancer","Years","Counties","Places","AAIR","LCI","UCI","White_PopTot","White_AAIR","White_LCI","White_UCI","Black_PopTot","Black_AAIR","Black_LCI","Black_UCI","TotalPop","Pct100Pov","PctMinority","PctBlackNH","PctRural"
"A9005","https://nci-naaccr-zone-design.github.io/louisiana-2020/?address=A9005","Both","AllSite","05yrs","Orleans","New Orleans",494.929,470.183,519.676,24606,475.942,452.145,499.74,247361,475.496,451.721,499.27,56687,30.69,96.21,82.89,2.37
"A9005","https://nci-naaccr-zone-design.github.io/louisiana-2020/?address=A9005","Female","AllSite","05yrs","Orleans","New Orleans",417.058,396.205,437.911,12957,402.421,382.3,422.542,135789,384.577,365.348,403.806,56687,30.69,96.21,82.89,2.37
"A9005","https://nci-naaccr-zone-design.github.io/louisiana-2020/?address=A9005","Male","AllSite","05yrs","Orleans","New Orleans",536.67,509.836,563.503,11649,650.737,618.2,683.274,111572,656.919,624.073,689.765,56687,30.69,96.21,82.89,2.37
"A9005","https://nci-naaccr-zone-design.github.io/louisiana-2020/?address=A9005","Male","Prostate","05yrs","Orleans","New Orleans",201.675,191.591,211.759,11649,178.091,169.186,186.995,111572,203.295,193.13,213.459,56687,30.69,96.21,82.89,2.37
"A9005","https://nci-naaccr-zone-design.github.io/louisiana-2020/?address=A9005","Both","Lung","05yrs","Orleans","New Orleans",53.397,50.727,56.067,24606,55.822,53.031,58.613,247361,69.973,66.474,73.471,56687,30.69,96.21,82.89,2.37
"A9005","https://nci-naaccr-zone-design.github.io/louisiana-2020/?address=A9005","Female","Lung","05yrs","Orleans","New Orleans",49.699,47.215,52.184,12957,73.036,69.384,76.688,135789,41.843,39.751,43.935,56687,30.69,96.21,82.89,2.37
"A9005","https://nci-naaccr-zone-design.github.io/louisiana-2020/?address=A9005","Male","Lung","05yrs","Orleans","New Orleans",117.016,111.165,122.867,11649,105.798,100.508,111.088,111572,117.812,111.921,123.702,56687,30.69,96.21,82.89,2.37
"A9005","https://nci-naaccr-zone-design.github.io/louisiana-2020/?address=A9005","Female","Breast","05yrs","Orleans","New Orleans",115.928,110.131,121.724,12957,97.103,92.248,101.958,135789,120.488,114.464,126.513,56687,30.69,96.21,82.89,2.37
"A9005","https://nci-naaccr-zone-design.github.io/louisiana-2020/?address=A9005","Both","CRC","05yrs","Orleans","New Orleans",41.787,39.698,43.876,24606,56.644,53.812,59.476,247361,38.651,36.719,40.584,56687,30.69,96.21,82.89,2.37
"A9005","https://nci-naaccr-zone-design.github.io/louisiana-2020/?address=A9005","Female","CRC","05yrs","Orleans","New Orleans",39.485,37.51,41.459,12957,35.845,34.053,37.637,135789,37.573,35.694,39.452,56687,30.69,96.21,82.89,2.37
"A9005","https://nci-naaccr-zone-design.github.io/louisiana-2020/?address=A9005","Male","CRC","05yrs","Orleans","New Orleans",41.266,39.203,43.33,11649,45.176,42.917,47.435,111572,41.332,39.265,43.398,56687,30.69,96.21,82.89,2.37
"A9005","https://nci-naaccr-zone-design.github.io/louisiana-2020/?address=A9005","Both","Kidney","05yrs","Orleans","New Orleans",23.567,22.388,24.745,24606,21.866,20.773,22.96,247361,17.193,16.333,18.052,56687,30.69,96.21,82.89,2.37
"A9005","https://nci-naaccr-zone-design.github.io/louisiana-2020/?address=A9005","Female","Kidney","05yrs","Orleans","New Orleans",15.024,14.273,15.775,12957,"","","",135789,11.646,11.063,12.228,56687,30.69,96.21,82.89,2.37
"A9005","https://nci-naaccr-zone-design.github.io/louisiana-2020/?address=A9005","Male","Kidney","05yrs","Orleans","New Orleans",19.549,18.572,20.527,11649,"","","",111572,31.681,30.097,33.265,56687,30.69,96.21,82.89,2.37
"A9005","https://nci-naaccr-zone-design.github.io/louisiana-2020/?address=A9005","Both","NHL","05yrs","Orleans","New Orleans",15.396,14.626,16.166,24606,22.302,21.187,23.417,247361,13.933,13.236,14.629,56687,30.69,96.21,82.89,2.37
"A9005","https://nci-naaccr-zone-design.github.io/louisiana-2020/?address=A9005","Female","NHL","05yrs","Orleans","New Orleans",23.33,22.163,24.496,12957,"","","",135789,22.416,21.296,23.537,56687,30.69,96.21,82.89,2.37
"A9005","https://nci-naaccr-zone-design.github.io/louisiana-2020/?address=A9005","Male","NHL","05yrs","Orleans","New Orleans",24.655,23.422,25.888,11649,"","","",111572,33.236,31.574,34.897,56687,30.69,96.21,82.89,2.37
"A9005","https://nci-naaccr-zone-design.github.io/louisiana-2020/?address=A9005","Both","Urinary","05yrs","Orleans","New Orleans",18.547,17.619,19.474,24606,14.866,14.122,15.609,247361,16.863,16.019,17.706,56687,30.69,96.21,82.89,2.37
"A9005","https://nci-naaccr-zone-design.github.io/louisiana-2020/?address=A9005","Female","Urinary","05yrs","Orleans","New Orleans",5.785,5.495,6.074,12957,"","","",135789,13.543,12.866,14.22,56687,30.69,96.21,82.89,2.37
"A9005","https://nci-naaccr-zone-design.github.io/louisiana-2020/?address=A9005","Male","Urinary","05yrs","Orleans","New Orleans",21.197,20.138,22.257,11649,29.274,27.81,30.737,111572,39.021,37.07,40.972,56687,30.69,96.21,82.89,2.37
"A9005","https://nci-naaccr-zone-design.github.io/louisiana-2020/?address=A9005","Both","Mela","05yrs","Orleans","New Orleans",10.383,9.864,10.902,24606,14.759,14.021,15.497,247361,15.999,15.199,16.799,56687,30.69,96.21,82.89,2.37
"A9005","https://nci-naaccr-zone-design.github.io/louisiana-2020/?address=A9005","Female","Mela","05yrs","Orleans","New Orleans",16.761,15.923,17.599,12957,"","","",135789,8.274,7.86,8.688,56687,30.69,96.21,82.89,2.37
"A9005","https://nci-naaccr-zone-design.github.io/louisiana-2020/?address=A9005","Male","Mela","05yrs","Orleans","New Orleans",13.739,13.052,14.426,11649,"","","",111572,39.873,37.879,41.867,56687,30.69,96.21,82.89,2.37
"A9005","https://nci-naaccr-zone-design.github.io/louisiana-2020/?address=A9005","Both","Pancreas","05yrs","Orleans","New Orleans",12.411,11.79,13.031,24606,17.893,16.999,18.788,247361,10.598,10.068,11.128,56687,30.69,96.21,82.89,2.37
"A9005","https://nci-naaccr-zone-design.github.io/louisiana-2020/?address=A9005","Female","Pancreas","05yrs","Orleans","New Orleans",9.487,9.013,9.962,12957,"","","",135789,10.81,10.27,11.351,56687,30.69,96.21,82.89,2.37
"A9005","https://nci-naaccr-zone-design.github.io/louisiana-2020/?address=A9005","Male","Pancreas","05yrs","Orleans","New Orleans",15.645,14.862,16.427,11649,"","","",111572,11.239,10.677,11.801,56687,30.69,96.21,82.89,2.37
"A9005","https://nci-naaccr-zone-design.github.io/louisiana-2020/?address=A9005","Both","Leuks","05yrs","Orleans","New Orleans",14.901,14.156,15.646,24606,16.174,15.365,16.983,247361,11.161,10.603,11.719,56687,30.69,96.21,82.89,2.37
"A9005","https://nci-naaccr-zone-design.github.io/louisiana-2020/?address=A9005","Female","Leuks","05yrs","Orleans","New Orleans",6.796,6.456,7.136,12957,"","","",135789,9.095,8.641,9.55,56687,30.69,96.21,82.89,2.37
"A9005","https://nci-naaccr-zone-design.github.io/louisiana-2020/?address=A9005","Male","Leuks","05yrs","Orleans","New Orleans",9.564,9.086,10.042,11649,"","","",111572,12.67,12.036,13.303,56687,30.69,96.21,82.89,2.37
"A9005","https://nci-naaccr-zone-design.github.io/louisiana-2020/?address=A9005","Both","Oral","05yrs","Orleans","New Orleans",11.391,10.822,11.961,24606,"","","",247361,9.746,9.258,10.233,56687,30.69,96.21,82.89,2.37
"A9005","https://nci-naaccr-zone-design.github.io/louisiana-2020/?address=A9005","Female","Oral","05yrs","Orleans","New Orleans",6.252,5.939,6.564,12957,"","","",135789,3.421,3.25,3.592,56687,30.69,96.21,82.89,2.37
"A9005","https://nci-naaccr-zone-design.github.io/louisiana-2020/?address=A9005","Male","Oral","05yrs","Orleans","New Orleans",26.106,24.8,27.411,11649,"","","",111572,23.014,21.863,24.165,56687,30.69,96.21,82.89,2.37
"A9005","https://nci-naaccr-zone-design.github.io/louisiana-2020/?address=A9005","Both","Thyroid","05yrs","Orleans","New Orleans",15.542,14.765,16.319,24606,"","","",247361,16.482,15.658,17.306,56687,30.69,96.21,82.89,2.37
"A9005","https://nci-naaccr-zone-design.github.io/louisiana-2020/?address=A9005","Female","Thyroid","05yrs","Orleans","New Orleans",14.342,13.625,15.059,12957,"","","",135789,18.343,17.426,19.26,56687,30.69,96.21,82.89,2.37
"A9005","https://nci-naaccr-zone-design.github.io/louisiana-2020/?address=A9005","Male","Thyroid","05yrs","Orleans","New Orleans",7.864,7.471,8.257,11649,"","","",111572,5.922,5.626,6.218,56687,30.69,96.21,82.89,2.37
"A9005","https://nci-naaccr-zone-design.github.io/louisiana-2020/?address=A9005","Female","Uterine","05yrs","Orleans","New Orleans",20.989,19.939,22.038,12957,"","","",135789,16.989,16.14,17.839,56687,30.69,96.21,82.89,2.37
"A9005","https://nci-naaccr-zone-design.github.io/louisiana-2020/?address=A9005","Both","Liver","05yrs","Orleans","New Orleans",7.185,6.825,7.544,24606,"","","",247361,5.606,5.325,5.886,56687,30.69,96.21,82.89,2.37
"A9005","https://nci-naaccr-zone-design.github.io/louisiana-2020/?address=A9005","Female","Liver","05yrs","Orleans","New Orleans",3.6,3.42,3.78,12957,"","","",135789,3.07,2.916,3.223,56687,30.69,96.21,82.89,2.37
"A9005","https://nci-naaccr-zone-design.github.io/louisiana-2020/?address=A9005","Male","Liver","05yrs","Orleans","New Orleans",17.185,16.326,18.044,11649,"","","",111572,14.371,13.652,15.089,56687,30.69,96.21,82.89,2.37
"A9005","https://nci-naaccr-zone-design.github.io/louisiana-2020/?address=A9005","Both","Stomach","05yrs","Orleans","New Orleans",7.987,7.588,8.387,24606,"","","",247361,5.061,4.808,5.314,56687,30.69,96.21,82.89,2.37
"A9005","https://nci-naaccr-zone-design.github.io/louisiana-2020/?address=A9005","Female","Stomach","05yrs","Orleans","New Orleans",3.158,3.0,3.316,12957,"","","",135789,4.241,4.029,4.454,56687,30.69,96.21,82.89,2.37
"A9005","https://nci-naaccr-zone-design.github.io/louisiana-2020/?address=A9005","Male","Stomach","05yrs","Orleans","New Orleans",7.531,7.155,7.908,11649,"","","",111572,13.367,12.698,14.035,56687,30.69,96.21,82.89,2.37
"A9005","https://nci-naaccr-zone-design.github.io/louisiana-2020/?address=A9005","Both","Myeloma","05yrs","Orleans","New Orleans",12.244,11.632,12.856,24606,"","","",247361,9.277,8.813,9.74,56687,30.69,96.21,82.89,2.37
"A9005","https://nci-naaccr-zone-design.github.io/louisiana-2020/?address=A9005","Female","Myeloma","05yrs","Orleans","New Orleans",11.159,10.601,11.717,12957,"","","",135789,2.812,2.671,2.953,56687,30.69,96.21,82.89,2.37
"A9005","https://nci-naaccr-zone-design.github.io/louisiana-2020/?address=A9005","Male","Myeloma","05yrs","Orleans","New Orleans",8.851,8.409,9.294,11649,"","","",111572,5.347,5.08,5.615,56687,30.69,96.21,82.89,2.37
"A9005","https://nci-naaccr-zone-design.github.io/louisiana-2020/?address=A9005","Both","Brain","05yrs","Orleans","New Orleans",5.678,5.394,5.962,24606,"","","",247361,5.847,5.554,6.139,56687,30.69,96.21,82.89,2.37
"A9005","https://nci-naaccr-zone-design.github.io/louisiana-2020/?address=A9005","Female","Brain","05yrs","Orleans","New Orleans",3.041,2.889,3.193,12957,"","","",135789,5.207,4.946,5.467,56687,30.69,96.21,82.89,2.37
"A9005","https://nci-naaccr-zone-design.github.io/louisiana-2020/?address=A9005","Male","Brain","05yrs","Orleans","New Orleans",5.946,5.649,6.244,11649,"","","",111572,11.03,10.478,11.581,56687,30.69,96.21,82.89,2.37
"A9005","https://nci-naaccr-zone-design.github.io/louisiana-2020/?address=A9005","Both","Larynx","05yrs","Orleans","New Orleans",6.052,5.749,6.354,24606,"","","",247361,6.157,5.849,6.464,56687,30.69,96.21,82.89,2.37
"A9005","https://nci-naaccr-zone-design.github.io/louisiana-2020/?address=A9005","Female","Larynx","05yrs","Orleans","New Orleans",2.771,2.632,2.909,12957,"","","",135789,"","","",56687,30.69,96.21,82.89,2.37
"A9005","https://nci-naaccr-zone-design.github.io/louisiana-2020/?address=A9005","Male","Larynx","05yrs","Orleans","New Orleans",11.855,11.262,12.448,11649,"","","",111572,6.032,5.731,6.334,56687,30.69,96.21,82.89,2.37
"A9005","https://nci-naaccr-zone-design.github.io/louisiana-2020/?address=A9005","Female","Ovary","05yrs","Orleans","New Orleans",15.265,14.502,16.028,12957,"","","",135789,10.476,9.952,10.999,56687,30.69,96.21,82.89,2.37
"A9005","https://nci-naaccr-zone-design.github.io/louisiana-2020/?address=A9005","Both","Esoph","05yrs","Orleans","New Orleans",7.026,6.674,7.377,24606,"","","",247361,6.593,6.263,6.922,56687,30.69,96.21,82.89,2.37
"A9005","https://nci-naaccr-zone-design.github.io/louisiana-2020/?address=A9005","Female","Esoph","05yrs","Orleans","New Orleans",2.001,1.901,2.101,12957,"","","",135789,3.247,3.085,3.41,56687,30.69,96.21,82.89,2.37
"A9005","https://nci-naaccr-zone-design.github.io/louisiana-2020/?address=A9005","Male","Esoph","05yrs","Orleans","New Orleans",5.537,5.26,5.814,11649,"","","",111572,5.099,4.844,5.354,56687,30.69,96.21,82.89,2.37
"A9005","https://nci-naaccr-zone-design.github.io/louisiana-2020/?address=A9005","Both","AllSite","10yrs","Orleans","New Orleans",470.738,447.201,494.275,41621,458.446,435.524,481.368,447071,461.671,438.587,484.754,56687,30.69,96.21,82.89,2.37
"A9005","https://nci-naaccr-zone-design.github.io/louisiana-2020/?address=A9005","Female","AllSite","10yrs","Orleans","New Orleans",421.072,400.019,442.126,21648,457.195,434.336,480.055,243844,450.654,428.121,473.186,56687,30.69,96.21,82.89,2.37
"A9005","https://nci-naaccr-zone-design.github.io/louisiana-2020/?address=A9005","Male","AllSite","10yrs","Orleans","New Orleans",525.962,499.664,552.26,19973,670.115,636.609,703.621,203227,555.215,527.455,582.976,56687,30.69,96.21,82.89,2.37
"A9005","https://nci-naaccr-zone-design.github.io/louisiana-2020/?address=A9005","Male","Prostate","10yrs","Orleans","New Orleans",181.097,172.042,190.152,19973,193.721,184.034,203.407,203227,191.36,181.792,200.928,56687,30.69,96.21,82.89,2.37
"A9005","https://nci-naaccr-zone-design.github.io/louisiana-2020/?address=A9005","Both","Lung","10yrs","Orleans","New Orleans",79.093,75.139,83.048,41621,71.847,68.255,75.44,447071,61.734,58.647,64.82,56687,30.69,96.21,82.89,2.37
"A9005","https://nci-naaccr-zone-design.github.io/louisiana-2020/?address=A9005","Female","Lung","10yrs","Orleans","New Orleans",49.537,47.06,52.014,21648,58.32,55.404,61.236,243844,66.953,63.606,70.301,56687,30.69,96.21,82.89,2.37
"A9005","https://nci-naaccr-zone-design.github.io/louisiana-2020/?address=A9005","Male","Lung","10yrs","Orleans","New Orleans",77.693,73.808,81.577,19973,109.411,103.941,114.882,203227,79.148,75.191,83.106,56687,30.69,96.21,82.89,2.37
"A9005","https://nci-naaccr-zone-design.github.io/louisiana-2020/?address=A9005","Female","Breast","10yrs","Orleans","New Orleans",120.609,114.579,126.64,21648,119.141,113.184,125.098,243844,129.813,123.322,136.303,56687,30.69,96.21,82.89,2.37
"A9005","https://nci-naaccr-zone-design.github.io/louisiana-2020/?address=A9005","Both","CRC","10yrs","Orleans","New Orleans",56.456,53.633,59.279,41621,54.709,51.974,57.445,447071,39.035,37.084,40.987,56687,30.69,96.21,82.89,2.37
"A9005","https://nci-naaccr-zone-design.github.io/louisiana-2020/?address=A9005","Female","CRC","10yrs","Orleans","New Orleans",34.445,32.723,36.167,21648,34.688,32.954,36.422,243844,50.941,48.394,53.488,56687,30.69,96.21,82.89,2.37
"A9005","https://nci-naaccr-zone-design.github.io/louisiana-2020/?address=A9005","Male","CRC","10yrs","Orleans","New Orleans",73.022,69.371,76.673,19973,72.423,68.802,76.044,203227,43.996,41.796,46.196,56687,30.69,96.21,82.89,2.37
"A9005","https://nci-naaccr-zone-design.github.io/louisiana-2020/?address=A9005","Both","Kidney","10yrs","Orleans","New Orleans",15.335,14.568,16.102,41621,25.083,23.828,26.337,447071,24.05,22.848,25.253,56687,30.69,96.21,82.89,2.37
"A9005","https://nci-naaccr-zone-design.github.io/louisiana-2020/?address=A9005","Female","Kidney","10yrs","Orleans","New Orleans",19.78,18.791,20.769,21648,17.247,16.384,18.109,243844,16.129,15.322,16.935,56687,30.69,96.21,82.89,2.37
"A9005","https://nci-naaccr-zone-design.github.io/louisiana-2020/?address=A9005","Male","Kidney","10yrs","Orleans","New Orleans",22.338,21.221,23.455,19973,23.423,22.251,24.594,203227,20.815,19.774,21.856,56687,30.69,96.21,82.89,2.37
"A9005","https://nci-naaccr-zone-design.github.io/louisiana-2020/?address=A9005","Both","NHL","10yrs","Orleans","New Orleans",19.93,18.934,20.927,41621,20.032,19.03,21.033,447071,22.659,21.526,23.792,56687,30.69,96.21,82.89,2.37
"A9005","https://nci-naaccr-zone-design.github.io/louisiana-2020/?address=A9005","Female","NHL","10yrs","Orleans","New Orleans",9.163,8.705,9.622,21648,12.802,12.162,13.442,243844,14.016,13.315,14.717,56687,30.69,96.21,82.89,2.37
"A9005","https://nci-naaccr-zone-design.github.io/louisiana-2020/?address=A9005","Male","NHL","10yrs","Orleans","New Orleans",32.796,31.156,34.436,19973,32.311,30.696,33.927,203227,21.634,20.552,22.715,56687,30.69,96.21,82.89,2.37
"A9005","https://nci-naaccr-zone-design.github.io/louisiana-2020/?address=A9005","Both","Urinary","10yrs","Orleans","New Orleans",18.861,17.918,19.804,41621,18.074,17.17,18.978,447071,23.157,22.0,24.315,56687,30.69,96.21,82.89,2.37
"A9005","https://nci-naaccr-zone-design.github.io/louisiana-2020/?address=A9005","Female","Urinary","10yrs","Orleans","New Orleans",9.677,9.194,10.161,21648,8.833,8.392,9.275,243844,6.94,6.593,7.287,56687,30.69,96.21,82.89,2.37
"A9005","https://nci-naaccr-zone-design.github.io/louisiana-2020/?address=A9005","Male","Urinary","10yrs","Orleans","New Orleans",31.784,30.195,33.373,19973,40.622,38.591,42.653,203227,43.119,40.963,45.275,56687,30.69,96.21,82.89,2.37
"A9005","https://nci-naaccr-zone-design.github.io/louisiana-2020/?address=A9005","Both","Mela","10yrs","Orleans","New Orleans",5.459,5.186,5.732,41621,7.65,7.268,8.033,447071,23.947,22.749,25.144,56687,30.69,96.21,82.89,2.37
"A9005","https://nci-naaccr-zone-design.github.io/louisiana-2020/?address=A9005","Female","Mela","10yrs","Orleans","New Orleans",20.524,19.498,21.551,21648,"","","",243844,21.734,20.648,22.821,56687,30.69,96.21,82.89,2.37
"A9005","https://nci-naaccr-zone-design.github.io/louisiana-2020/?address=A9005","Male","Mela","10yrs","Orleans","New Orleans",7.429,7.057,7.8,19973,22.092,20.988,23.197,203227,31.737,30.15,33.324,56687,30.69,96.21,82.89,2.37
"A9005","https://nci-naaccr-zone-design.github.io/louisiana-2020/?address=A9005","Both","Pancreas","10yrs","Orleans","New Orleans",17.52,16.644,18.396,41621,16.038,15.236,16.84,447071,13.657,12.974,14.34,56687,30.69,96.21,82.89,2.37
"A9005","https://nci-naaccr-zone-design.github.io/louisiana-2020/?address=A9005","Female","Pancreas","10yrs","Orleans","New Orleans",9.72,9.234,10.206,21648,12.783,12.143,13.422,243844,15.701,14.916,16.486,56687,30.69,96.21,82.89,2.37
"A9005","https://nci-naaccr-zone-design.github.io/louisiana-2020/?address=A9005","Male","Pancreas","10yrs","Orleans","New Orleans",18.999,18.049,19.948,19973,18.521,17.595,19.447,203227,14.007,13.307,14.708,56687,30.69,96.21,82.89,2.37
"A9005","https://nci-naaccr-zone-design.github.io/louisiana-2020/?address=A9005","Both","Leuks","10yrs","Orleans","New Orleans",12.317,11.701,12.933,41621,9.79,9.301,10.28,447071,15.549,14.771,16.326,56687,30.69,96.21,82.89,2.37
"A9005","https://nci-naaccr-zone-design.github.io/louisiana-2020/?address=A9005","Female","Leuks","10yrs","Orleans","New Orleans",10.214,9.703,10.724,21648,14.907,14.161,15.652,243844,9.876,9.382,10.37,56687,30.69,96.21,82.89,2.37
"A9005","https://nci-naaccr-zone-design.github.io/louisiana-2020/?address=A9005","Male","Leuks","10yrs","Orleans","New Orleans",21.369,20.301,22.437,19973,16.005,15.205,16.805,203227,25.077,23.823,26.331,56687,30.69,96.21,82.89,2.37
"A9005","https://nci-naaccr-zone-design.github.io/louisiana-2020/?address=A9005","Both","Oral","10yrs","Orleans","New Orleans",11.744,11.157,12.332,41621,8.153,7.745,8.56,447071,11.755,11.167,12.343,56687,30.69,96.21,82.89,2.37
"A9005","https://nci-naaccr-zone-design.github.io/louisiana-2020/?address=A9005","Female","Oral","10yrs","Orleans","New Orleans",5.274,5.01,5.537,21648,"","","",243844,7.031,6.679,7.382,56687,30.69,96.21,82.89,2.37
"A9005","https://nci-naaccr-zone-design.github.io/louisiana-2020/?address=A9005","Male","Oral","10yrs","Orleans","New Orleans",14.467,13.744,15.19,19973,13.184,12.525,13.844,203227,15.863,15.07,16.656,56687,30.69,96.21,82.89,2.37
"A9005","https://nci-naaccr-zone-design.github.io/louisiana-2020/?address=A9005","Both","Thyroid","10yrs","Orleans","New Orleans",17.087,16.233,17.941,41621,16.247,15.435,17.06,447071,16.738,15.901,17.575,56687,30.69,96.21,82.89,2.37
"A9005","https://nci-naaccr-zone-design.github.io/louisiana-2020/?address=A9005","Female","Thyroid","10yrs","Orleans","New Orleans",25.323,24.056,26.589,21648,9.829,9.337,10.32,243844,19.237,18.275,20.199,56687,30.69,96.21,82.89,2.37
"A9005","https://nci-naaccr-zone-design.github.io/louisiana-2020/?address=A9005","Male","Thyroid","10yrs","Orleans","New Orleans",6.833,6.492,7.175,19973,7.793,7.403,8.182,203227,6.973,6.625,7.322,56687,30.69,96.21,82.89,2.37
"A9005","https://nci-naaccr-zone-design.github.io/louisiana-2020/?address=A9005","Female","Uterine","10yrs","Orleans","New Orleans",25.142,23.885,26.399,21648,12.206,11.596,12.817,243844,22.266,21.153,23.38,56687,30.69,96.21,82.89,2.37
"A9005","https://nci-naaccr-zone-design.github.io/louisiana-2020/?address=A9005","Both","Liver","10yrs","Orleans","New Orleans",15.097,14.343,15.852,41621,13.093,12.438,13.747,447071,10.589,10.06,11.119,56687,30.69,96.21,82.89,2.37
"A9005","https://nci-naaccr-zone-design.github.io/louisiana-2020/?address=A9005","Female","Liver","10yrs","Orleans","New Orleans",5.113,4.857,5.369,21648,"","","",243844,7.336,6.969,7.703,56687,30.69,96.21,82.89,2.37
"A9005","https://nci-naaccr-zone-design.github.io/louisiana-2020/?address=A9005","Male","Liver","10yrs","Orleans","New Orleans",18.204,17.294,19.114,19973,23.758,22.57,24.946,203227,14.037,13.335,14.739,56687,30.69,96.21,82.89,2.37
"A9005","https://nci-naaccr-zone-design.github.io/louisiana-2020/?address=A9005","Both","Stomach","10yrs","Orleans","New Orleans",11.12,10.564,11.676,41621,10.459,9.936,10.982,447071,10.672,10.138,11.206,56687,30.69,96.21,82.89,2.37
"A9005","https://nci-naaccr-zone-design.github.io/louisiana-2020/?address=A9005","Female","Stomach","10yrs","Orleans","New Orleans",5.591,5.311,5.87,21648,"","","",243844,4.337,4.12,4.554,56687,30.69,96.21,82.89,2.37
"A9005","https://nci-naaccr-zone-design.github.io/louisiana-2020/?address=A9005","Male","Stomach","10yrs","Orleans","New Orleans",8.532,8.105,8.959,19973,11.219,10.658,11.78,203227,7.525,7.149,7.901,56687,30.69,96.21,82.89,2.37
"A9005","https://nci-naaccr-zone-design.github.io/louisiana-2020/?address=A9005","Both","Myeloma","10yrs","Orleans","New Orleans",11.526,10.95,12.103,41621,4.138,3.931,4.344,447071,8.602,8.172,9.032,56687,30.69,96.21,82.89,2.37
"A9005","https://nci-naaccr-zone-design.github.io/louisiana-2020/?address=A9005","Female","Myeloma","10yrs","Orleans","New Orleans",12.146,11.539,12.754,21648,11.279,10.715,11.843,243844,7.53,7.153,7.906,56687,30.69,96.21,82.89,2.37
"A9005","https://nci-naaccr-zone-design.github.io/louisiana-2020/?address=A9005","Male","Myeloma","10yrs","Orleans","New Orleans",16.361,15.543,17.179,19973,14.233,13.521,14.944,203227,13.284,12.62,13.948,56687,30.69,96.21,82.89,2.37
"A9005","https://nci-naaccr-zone-design.github.io/louisiana-2020/?address=A9005","Both","Brain","10yrs","Orleans","New Orleans",8.315,7.9,8.731,41621,4.753,4.515,4.99,447071,3.636,3.454,3.818,56687,30.69,96.21,82.89,2.37
"A9005","https://nci-naaccr-zone-design.github.io/louisiana-2020/?address=A9005","Female","Brain","10yrs","Orleans","New Orleans",3.425,3.254,3.596,21648,"","","",243844,4.064,3.861,4.267,56687,30.69,96.21,82.89,2.37
"A9005","https://nci-naaccr-zone-design.github.io/louisiana-2020/?address=A9005","Male","Brain","10yrs","Orleans","New Orleans",6.387,6.068,6.707,19973,"","","",203227,10.379,9.86,10.898,56687,30.69,96.21,82.89,2.37
"A9005","https://nci-naaccr-zone-design.github.io/louisiana-2020/?address=A9005","Both","Larynx","10yrs","Orleans","New Orleans",6.262,5.949,6.575,41621,"","","",447071,7.841,7.449,8.233,56687,30.69,96.21,82.89,2.37
"A9005","https://nci-naaccr-zone-design.github.io/louisiana-2020/?address=A9005","Female","Larynx","10yrs","Orleans","New Orleans",3.542,3.365,3.719,21648,"","","",243844,1.29,1.225,1.354,56687,30.69,96.21,82.89,2.37
"A9005","https://nci-naaccr-zone-design.github.io/louisiana-2020/?address=A9005","Male","Larynx","10yrs","Orleans","New Orleans",7.833,7.441,8.225,19973,10.314,9.798,10.83,203227,4.105,3.9,4.31,56687,30.69,96.21,82.89,2.37
"A9005","https://nci-naaccr-zone-design.github.io/louisiana-2020/?address=A9005","Female","Ovary","10yrs","Orleans","New Orleans",7.183,6.824,7.543,21648,13.588,12.909,14.268,243844,4.443,4.221,4.665,56687,30.69,96.21,82.89,2.37
"A9005","https://nci-naaccr-zone-design.github.io/louisiana-2020/?address=A9005","Both","Esoph","10yrs","Orleans","New Orleans",7.412,7.041,7.782,41621,5.046,4.794,5.299,447071,6.43,6.108,6.751,56687,30.69,96.21,82.89,2.37
"A9005","https://nci-naaccr-zone-design.github.io/louisiana-2020/?address=A9005","Female","Esoph","10yrs","Orleans","New Orleans",3.944,3.747,4.141,21648,"","","",243844,"","","",56687,30.69,96.21,82.89,2.37
"A9005","https://nci-naaccr-zone-design.github.io/louisiana-2020/?address=A9005","Male","Esoph","10yrs","Orleans","New Orleans",7.068,6.715,7.421,19973,11.488,10.913,12.062,203227,8.521,8.095,8.947,56687,30.69,96.21,82.89,2.37
